accepted,coverage,risk
1,0.0001392757660167131,0.0
2,0.0002785515320334262,0.0
3,0.00041782729805013927,0.0
4,0.0005571030640668524,0.0
5,0.0006963788300835655,0.0
6,0.0008356545961002785,0.0
7,0.0009749303621169916,0.0
8,0.0011142061281337048,0.0
9,0.0012534818941504179,0.0
10,0.001392757660167131,0.0
11,0.001532033426183844,0.0
12,0.001671309192200557,0.0
13,0.0018105849582172701,0.0
14,0.0019498607242339832,0.0
15,0.0020891364902506965,0.0
16,0.0022284122562674096,0.0
17,0.0023676880222841226,0.0
18,0.0025069637883008357,0.0
19,0.0026462395543175488,0.0
20,0.002785515320334262,0.0
21,0.002924791086350975,0.0
22,0.003064066852367688,0.0
23,0.003203342618384401,0.0
24,0.003342618384401114,0.0
25,0.003481894150417827,0.0
26,0.0036211699164345403,0.0
27,0.0037604456824512533,0.0
28,0.0038997214484679664,0.0
29,0.00403899721448468,0.0
30,0.004178272980501393,0.0
31,0.004317548746518106,0.0
32,0.004456824512534819,0.0
33,0.004596100278551532,0.0
34,0.004735376044568245,0.0
35,0.004874651810584958,0.0
36,0.005013927576601671,0.0
37,0.0051532033426183845,0.0
38,0.0052924791086350976,0.0
39,0.005431754874651811,0.0
40,0.005571030640668524,0.0
41,0.005710306406685237,0.0
42,0.00584958217270195,0.0
43,0.005988857938718663,0.0
44,0.006128133704735376,0.0
45,0.006267409470752089,0.0
46,0.006406685236768802,0.0
47,0.006545961002785515,0.0
48,0.006685236768802228,0.0
49,0.006824512534818941,0.0
50,0.006963788300835654,0.0
51,0.0071030640668523675,0.0
52,0.0072423398328690805,0.0
53,0.007381615598885794,0.0
54,0.007520891364902507,0.0
55,0.00766016713091922,0.0
56,0.007799442896935933,0.0
57,0.007938718662952647,0.0
58,0.00807799442896936,0.0
59,0.008217270194986073,0.0
60,0.008356545961002786,0.0
61,0.008495821727019499,0.0
62,0.008635097493036212,0.0
63,0.008774373259052925,0.0
64,0.008913649025069638,0.0
65,0.009052924791086351,0.0
66,0.009192200557103064,0.0
67,0.009331476323119777,0.0
68,0.00947075208913649,0.0
69,0.009610027855153204,0.0
70,0.009749303621169917,0.0
71,0.00988857938718663,0.0
72,0.010027855153203343,0.0
73,0.010167130919220056,0.0
74,0.010306406685236769,0.0
75,0.010445682451253482,0.0
76,0.010584958217270195,0.0
77,0.010724233983286908,0.0
78,0.010863509749303621,0.0
79,0.011002785515320334,0.0
80,0.011142061281337047,0.0
81,0.01128133704735376,0.0
82,0.011420612813370474,0.0
83,0.011559888579387187,0.0
84,0.0116991643454039,0.0
85,0.011838440111420613,0.0
86,0.011977715877437326,0.0
87,0.012116991643454039,0.0
88,0.012256267409470752,0.0
89,0.012395543175487465,0.0
90,0.012534818941504178,0.0
91,0.012674094707520891,0.0
92,0.012813370473537604,0.0
93,0.012952646239554317,0.0
94,0.01309192200557103,0.0
95,0.013231197771587743,0.0
96,0.013370473537604457,0.0
97,0.01350974930362117,0.0
98,0.013649025069637883,0.0
99,0.013788300835654596,0.0
100,0.013927576601671309,0.0
101,0.014066852367688022,0.0
102,0.014206128133704735,0.0
103,0.014345403899721448,0.0
104,0.014484679665738161,0.0
105,0.014623955431754874,0.0
106,0.014763231197771587,0.0
107,0.0149025069637883,0.0
108,0.015041782729805013,0.0
109,0.015181058495821726,0.0
110,0.01532033426183844,0.0
111,0.015459610027855153,0.0
112,0.015598885793871866,0.0
113,0.01573816155988858,0.0
114,0.015877437325905294,0.0
115,0.016016713091922007,0.0
116,0.01615598885793872,0.0
117,0.016295264623955433,0.0
118,0.016434540389972146,0.0
119,0.01657381615598886,0.0
120,0.016713091922005572,0.0
121,0.016852367688022285,0.0
122,0.016991643454038998,0.0
123,0.01713091922005571,0.0
124,0.017270194986072424,0.0
125,0.017409470752089137,0.0
126,0.01754874651810585,0.0
127,0.017688022284122563,0.0
128,0.017827298050139277,0.0
129,0.01796657381615599,0.0
130,0.018105849582172703,0.0
131,0.018245125348189416,0.0
132,0.01838440111420613,0.0
133,0.018523676880222842,0.0
134,0.018662952646239555,0.0
135,0.018802228412256268,0.0
136,0.01894150417827298,0.0
137,0.019080779944289694,0.0
138,0.019220055710306407,0.0
139,0.01935933147632312,0.0
140,0.019498607242339833,0.0
141,0.019637883008356546,0.0
142,0.01977715877437326,0.0
143,0.019916434540389973,0.0
144,0.020055710306406686,0.0
145,0.0201949860724234,0.0
146,0.020334261838440112,0.0
147,0.020473537604456825,0.0
148,0.020612813370473538,0.0
149,0.02075208913649025,0.0
150,0.020891364902506964,0.0
151,0.021030640668523677,0.0
152,0.02116991643454039,0.0
153,0.021309192200557103,0.0
154,0.021448467966573816,0.0
155,0.02158774373259053,0.0
156,0.021727019498607242,0.0
157,0.021866295264623956,0.0
158,0.02200557103064067,0.0
159,0.02214484679665738,0.0
160,0.022284122562674095,0.0
161,0.022423398328690808,0.0
162,0.02256267409470752,0.0
163,0.022701949860724234,0.0
164,0.022841225626740947,0.0
165,0.02298050139275766,0.0
166,0.023119777158774373,0.0
167,0.023259052924791086,0.0
168,0.0233983286908078,0.0
169,0.023537604456824512,0.0
170,0.023676880222841225,0.0
171,0.02381615598885794,0.0
172,0.02395543175487465,0.0
173,0.024094707520891365,0.0
174,0.024233983286908078,0.0
175,0.02437325905292479,0.0
176,0.024512534818941504,0.0
177,0.024651810584958217,0.0
178,0.02479108635097493,0.0
179,0.024930362116991643,0.0
180,0.025069637883008356,0.0
181,0.02520891364902507,0.0
182,0.025348189415041782,0.0
183,0.025487465181058495,0.0
184,0.02562674094707521,0.0
185,0.02576601671309192,0.0
186,0.025905292479108635,0.0
187,0.026044568245125348,0.0
188,0.02618384401114206,0.0
189,0.026323119777158774,0.0
190,0.026462395543175487,0.0
191,0.0266016713091922,0.0
192,0.026740947075208913,0.0
193,0.026880222841225626,0.0
194,0.02701949860724234,0.0
195,0.027158774373259052,0.0
196,0.027298050139275765,0.0
197,0.02743732590529248,0.0
198,0.02757660167130919,0.0
199,0.027715877437325905,0.0
200,0.027855153203342618,0.0
201,0.02799442896935933,0.0
202,0.028133704735376044,0.0
203,0.028272980501392757,0.0
204,0.02841225626740947,0.0
205,0.028551532033426183,0.0
206,0.028690807799442896,0.0
207,0.02883008356545961,0.0
208,0.028969359331476322,0.0
209,0.029108635097493035,0.0
210,0.02924791086350975,0.0
211,0.02938718662952646,0.0
212,0.029526462395543174,0.0
213,0.029665738161559888,0.0
214,0.0298050139275766,0.0
215,0.029944289693593314,0.0
216,0.030083565459610027,0.0
217,0.03022284122562674,0.0
218,0.030362116991643453,0.0
219,0.030501392757660166,0.0
220,0.03064066852367688,0.0
221,0.030779944289693592,0.0
222,0.030919220055710305,0.0
223,0.031058495821727018,0.0
224,0.03119777158774373,0.0
225,0.031337047353760444,0.0
226,0.03147632311977716,0.0
227,0.03161559888579387,0.0
228,0.03175487465181059,0.0
229,0.0318941504178273,0.0
230,0.03203342618384401,0.0
231,0.03217270194986072,0.0
232,0.03231197771587744,0.0
233,0.03245125348189415,0.0
234,0.032590529247910865,0.0
235,0.032729805013927575,0.0
236,0.03286908077994429,0.0
237,0.033008356545961,0.0
238,0.03314763231197772,0.0
239,0.03328690807799443,0.0
240,0.033426183844011144,0.0
241,0.033565459610027853,0.0
242,0.03370473537604457,0.0
243,0.03384401114206128,0.0
244,0.033983286908077996,0.0
245,0.034122562674094706,0.0
246,0.03426183844011142,0.0
247,0.03440111420612813,0.0
248,0.03454038997214485,0.0
249,0.03467966573816156,0.0
250,0.034818941504178275,0.0
251,0.034958217270194984,0.0
252,0.0350974930362117,0.0
253,0.03523676880222841,0.0
254,0.03537604456824513,0.0
255,0.035515320334261836,0.0
256,0.03565459610027855,0.0
257,0.03579387186629526,0.0
258,0.03593314763231198,0.0
259,0.03607242339832869,0.0
260,0.036211699164345405,0.0
261,0.036350974930362115,0.0
262,0.03649025069637883,0.0
263,0.03662952646239554,0.0
264,0.03676880222841226,0.0
265,0.03690807799442897,0.0
266,0.037047353760445684,0.0
267,0.03718662952646239,0.0
268,0.03732590529247911,0.0
269,0.03746518105849582,0.0
270,0.037604456824512536,0.0
271,0.037743732590529246,0.0
272,0.03788300835654596,0.0
273,0.03802228412256267,0.0
274,0.03816155988857939,0.0
275,0.0383008356545961,0.0
276,0.038440111420612814,0.0
277,0.038579387186629524,0.0
278,0.03871866295264624,0.0
279,0.03885793871866295,0.0
280,0.03899721448467967,0.0
281,0.039136490250696376,0.0
282,0.03927576601671309,0.0
283,0.0394150417827298,0.0
284,0.03955431754874652,0.0
285,0.03969359331476323,0.0
286,0.039832869080779945,0.0
287,0.039972144846796655,0.0
288,0.04011142061281337,0.0
289,0.04025069637883008,0.0
290,0.0403899721448468,0.0
291,0.04052924791086351,0.0
292,0.040668523676880224,0.0
293,0.04080779944289693,0.0
294,0.04094707520891365,0.0
295,0.04108635097493036,0.0
296,0.041225626740947076,0.0
297,0.041364902506963785,0.0
298,0.0415041782729805,0.0
299,0.04164345403899721,0.0
300,0.04178272980501393,0.0
301,0.04192200557103064,0.0
302,0.042061281337047354,0.0
303,0.042200557103064064,0.0
304,0.04233983286908078,0.0
305,0.04247910863509749,0.0
306,0.04261838440111421,0.0
307,0.042757660167130916,0.0
308,0.04289693593314763,0.0
309,0.04303621169916434,0.0
310,0.04317548746518106,0.0
311,0.04331476323119777,0.0
312,0.043454038997214485,0.0
313,0.043593314763231195,0.0
314,0.04373259052924791,0.0
315,0.04387186629526462,0.0
316,0.04401114206128134,0.0
317,0.04415041782729805,0.0
318,0.04428969359331476,0.0
319,0.04442896935933147,0.0
320,0.04456824512534819,0.0
321,0.0447075208913649,0.0
322,0.044846796657381616,0.0
323,0.044986072423398325,0.0
324,0.04512534818941504,0.0
325,0.04526462395543175,0.0
326,0.04540389972144847,0.0
327,0.045543175487465185,0.0
328,0.045682451253481894,0.0
329,0.04582172701949861,0.0
330,0.04596100278551532,0.0
331,0.04610027855153204,0.0
332,0.046239554317548746,0.0
333,0.04637883008356546,0.0
334,0.04651810584958217,0.0
335,0.04665738161559889,0.0
336,0.0467966573816156,0.0
337,0.046935933147632315,0.0
338,0.047075208913649025,0.0
339,0.04721448467966574,0.0
340,0.04735376044568245,0.0
341,0.04749303621169917,0.0
342,0.04763231197771588,0.0
343,0.047771587743732594,0.0
344,0.0479108635097493,0.0
345,0.04805013927576602,0.0
346,0.04818941504178273,0.0
347,0.048328690807799446,0.0
348,0.048467966573816156,0.0
349,0.04860724233983287,0.0
350,0.04874651810584958,0.0
351,0.0488857938718663,0.0
352,0.04902506963788301,0.0
353,0.049164345403899724,0.0
354,0.049303621169916434,0.0
355,0.04944289693593315,0.0
356,0.04958217270194986,0.0
357,0.04972144846796658,0.0
358,0.049860724233983286,0.0
359,0.05,0.0
360,0.05013927576601671,0.0
361,0.05027855153203343,0.0
362,0.05041782729805014,0.0
363,0.050557103064066855,0.0
364,0.050696378830083565,0.0
365,0.05083565459610028,0.0
366,0.05097493036211699,0.0
367,0.05111420612813371,0.0
368,0.05125348189415042,0.0
369,0.051392757660167133,0.0
370,0.05153203342618384,0.002702702702702703
371,0.05167130919220056,0.005390835579514825
372,0.05181058495821727,0.005376344086021506
373,0.051949860724233986,0.005361930294906166
374,0.052089136490250695,0.0053475935828877
375,0.05222841225626741,0.005333333333333333
376,0.05236768802228412,0.005319148936170213
377,0.05250696378830084,0.005305039787798408
378,0.05264623955431755,0.005291005291005291
379,0.052785515320334264,0.005277044854881266
380,0.052924791086350974,0.005263157894736842
381,0.05306406685236769,0.005249343832020997
382,0.0532033426183844,0.005235602094240838
383,0.053342618384401116,0.005221932114882507
384,0.053481894150417826,0.005208333333333333
385,0.05362116991643454,0.005194805194805195
386,0.05376044568245125,0.0051813471502590676
387,0.05389972144846797,0.00516795865633075
388,0.05403899721448468,0.005154639175257732
389,0.054178272980501395,0.005141388174807198
390,0.054317548746518104,0.005128205128205128
391,0.05445682451253482,0.0076726342710997444
392,0.05459610027855153,0.01020408163265306
393,0.05473537604456825,0.010178117048346057
394,0.05487465181058496,0.01015228426395939
395,0.05501392757660167,0.010126582278481013
396,0.05515320334261838,0.010101010101010102
397,0.0552924791086351,0.010075566750629723
398,0.05543175487465181,0.010050251256281407
399,0.055571030640668526,0.010025062656641603
400,0.055710306406685235,0.01
401,0.05584958217270195,0.00997506234413965
402,0.05598885793871866,0.009950248756218905
403,0.05612813370473538,0.009925558312655087
404,0.05626740947075209,0.009900990099009901
405,0.056406685236768804,0.009876543209876543
406,0.056545961002785514,0.009852216748768473
407,0.05668523676880223,0.009828009828009828
408,0.05682451253481894,0.00980392156862745
409,0.056963788300835656,0.009779951100244499
410,0.057103064066852366,0.00975609756097561
411,0.05724233983286908,0.009732360097323601
412,0.05738161559888579,0.009708737864077669
413,0.05752089136490251,0.009685230024213076
414,0.05766016713091922,0.00966183574879227
415,0.057799442896935935,0.00963855421686747
416,0.057938718662952644,0.009615384615384616
417,0.05807799442896936,0.009592326139088728
418,0.05821727019498607,0.009569377990430622
419,0.05835654596100279,0.00954653937947494
420,0.0584958217270195,0.009523809523809525
421,0.05863509749303621,0.009501187648456057
422,0.05877437325905292,0.009478672985781991
423,0.05891364902506964,0.009456264775413711
424,0.05905292479108635,0.009433962264150943
425,0.059192200557103065,0.009411764705882352
426,0.059331476323119775,0.009389671361502348
427,0.05947075208913649,0.00936768149882904
428,0.0596100278551532,0.009345794392523364
429,0.05974930362116992,0.009324009324009324
430,0.05988857938718663,0.009302325581395349
431,0.060027855153203344,0.009280742459396751
432,0.06016713091922005,0.009259259259259259
433,0.06030640668523677,0.009237875288683603
434,0.06044568245125348,0.009216589861751152
435,0.060584958217270196,0.009195402298850575
436,0.060724233983286906,0.009174311926605505
437,0.06086350974930362,0.009153318077803204
438,0.06100278551532033,0.0091324200913242
439,0.06114206128133705,0.009111617312072893
440,0.06128133704735376,0.00909090909090909
441,0.061420612813370475,0.009070294784580499
442,0.061559888579387184,0.00904977375565611
443,0.0616991643454039,0.009029345372460496
444,0.06183844011142061,0.009009009009009009
445,0.06197771587743733,0.008988764044943821
446,0.062116991643454036,0.008968609865470852
447,0.06225626740947075,0.008948545861297539
448,0.06239554317548746,0.008928571428571428
449,0.06253481894150417,0.008908685968819599
450,0.06267409470752089,0.008888888888888889
451,0.0628133704735376,0.008869179600886918
452,0.06295264623955432,0.008849557522123894
453,0.06309192200557102,0.008830022075055188
454,0.06323119777158774,0.00881057268722467
455,0.06337047353760446,0.008791208791208791
456,0.06350974930362117,0.008771929824561403
457,0.06364902506963788,0.0087527352297593
458,0.0637883008356546,0.008733624454148471
459,0.06392757660167131,0.008714596949891068
460,0.06406685236768803,0.008695652173913044
461,0.06420612813370473,0.008676789587852495
462,0.06434540389972145,0.008658008658008658
463,0.06448467966573816,0.008639308855291577
464,0.06462395543175488,0.008620689655172414
465,0.06476323119777158,0.008602150537634409
466,0.0649025069637883,0.008583690987124463
467,0.06504178272980501,0.008565310492505354
468,0.06518105849582173,0.008547008547008548
469,0.06532033426183843,0.008528784648187633
470,0.06545961002785515,0.010638297872340425
471,0.06559888579387187,0.010615711252653927
472,0.06573816155988858,0.01059322033898305
473,0.06587743732590529,0.010570824524312896
474,0.066016713091922,0.010548523206751054
475,0.06615598885793872,0.010526315789473684
476,0.06629526462395544,0.01050420168067227
477,0.06643454038997214,0.010482180293501049
478,0.06657381615598885,0.010460251046025104
479,0.06671309192200557,0.010438413361169102
480,0.06685236768802229,0.0125
481,0.06699164345403899,0.012474012474012475
482,0.06713091922005571,0.012448132780082987
483,0.06727019498607242,0.014492753623188406
484,0.06740947075208914,0.014462809917355372
485,0.06754874651810584,0.01443298969072165
486,0.06768802228412256,0.01440329218106996
487,0.06782729805013928,0.014373716632443531
488,0.06796657381615599,0.014344262295081968
489,0.0681058495821727,0.014314928425357873
490,0.06824512534818941,0.014285714285714285
491,0.06838440111420613,0.014256619144602852
492,0.06852367688022284,0.014227642276422764
493,0.06866295264623956,0.014198782961460446
494,0.06880222841225626,0.01417004048582996
495,0.06894150417827298,0.014141414141414142
496,0.0690807799442897,0.014112903225806451
497,0.06922005571030641,0.014084507042253521
498,0.06935933147632312,0.014056224899598393
499,0.06949860724233983,0.014028056112224449
500,0.06963788300835655,0.014
501,0.06977715877437327,0.013972055888223553
502,0.06991643454038997,0.013944223107569721
503,0.07005571030640668,0.013916500994035786
504,0.0701949860724234,0.013888888888888888
505,0.07033426183844012,0.013861386138613862
506,0.07047353760445682,0.01383399209486166
507,0.07061281337047354,0.013806706114398421
508,0.07075208913649025,0.013779527559055118
509,0.07089136490250697,0.0137524557956778
510,0.07103064066852367,0.013725490196078431
511,0.07116991643454039,0.0136986301369863
512,0.0713091922005571,0.013671875
513,0.07144846796657382,0.01364522417153996
514,0.07158774373259053,0.013618677042801557
515,0.07172701949860724,0.013592233009708738
516,0.07186629526462396,0.013565891472868217
517,0.07200557103064067,0.013539651837524178
518,0.07214484679665738,0.013513513513513514
519,0.0722841225626741,0.01348747591522158
520,0.07242339832869081,0.013461538461538462
521,0.07256267409470753,0.013435700575815739
522,0.07270194986072423,0.013409961685823755
523,0.07284122562674095,0.01338432122370937
524,0.07298050139275766,0.013358778625954198
525,0.07311977715877438,0.013333333333333334
526,0.07325905292479108,0.013307984790874524
527,0.0733983286908078,0.013282732447817837
528,0.07353760445682452,0.013257575757575758
529,0.07367688022284123,0.013232514177693762
530,0.07381615598885793,0.013207547169811321
531,0.07395543175487465,0.013182674199623353
532,0.07409470752089137,0.013157894736842105
533,0.07423398328690808,0.013133208255159476
534,0.07437325905292479,0.013108614232209739
535,0.0745125348189415,0.013084112149532711
536,0.07465181058495822,0.013059701492537313
537,0.07479108635097494,0.01303538175046555
538,0.07493036211699164,0.013011152416356878
539,0.07506963788300836,0.012987012987012988
540,0.07520891364902507,0.012962962962962963
541,0.07534818941504179,0.012939001848428836
542,0.07548746518105849,0.014760147601476014
543,0.07562674094707521,0.014732965009208104
544,0.07576601671309192,0.014705882352941176
545,0.07590529247910864,0.014678899082568808
546,0.07604456824512534,0.014652014652014652
547,0.07618384401114206,0.014625228519195612
548,0.07632311977715878,0.014598540145985401
549,0.0764623955431755,0.014571948998178506
550,0.0766016713091922,0.014545454545454545
551,0.07674094707520891,0.014519056261343012
552,0.07688022284122563,0.014492753623188406
553,0.07701949860724235,0.014466546112115732
554,0.07715877437325905,0.01444043321299639
555,0.07729805013927576,0.014414414414414415
556,0.07743732590529248,0.014388489208633094
557,0.0775766016713092,0.01436265709156194
558,0.0777158774373259,0.014336917562724014
559,0.07785515320334262,0.014311270125223614
560,0.07799442896935933,0.014285714285714285
561,0.07813370473537605,0.0142602495543672
562,0.07827298050139275,0.014234875444839857
563,0.07841225626740947,0.014209591474245116
564,0.07855153203342619,0.014184397163120567
565,0.0786908077994429,0.01415929203539823
566,0.0788300835654596,0.014134275618374558
567,0.07896935933147632,0.014109347442680775
568,0.07910863509749304,0.014084507042253521
569,0.07924791086350975,0.014059753954305799
570,0.07938718662952646,0.014035087719298246
571,0.07952646239554317,0.014010507880910683
572,0.07966573816155989,0.013986013986013986
573,0.0798050139275766,0.013961605584642234
574,0.07994428969359331,0.013937282229965157
575,0.08008356545961003,0.01391304347826087
576,0.08022284122562674,0.013888888888888888
577,0.08036211699164346,0.01386481802426343
578,0.08050139275766016,0.01384083044982699
579,0.08064066852367688,0.013816925734024179
580,0.0807799442896936,0.013793103448275862
581,0.08091922005571031,0.013769363166953529
582,0.08105849582172701,0.013745704467353952
583,0.08119777158774373,0.0137221269296741
584,0.08133704735376045,0.0136986301369863
585,0.08147632311977716,0.013675213675213675
586,0.08161559888579387,0.013651877133105802
587,0.08175487465181058,0.013628620102214651
588,0.0818941504178273,0.013605442176870748
589,0.08203342618384402,0.013582342954159592
590,0.08217270194986072,0.013559322033898305
591,0.08231197771587744,0.01353637901861252
592,0.08245125348189415,0.013513513513513514
593,0.08259052924791087,0.013490725126475547
594,0.08272980501392757,0.013468013468013467
595,0.08286908077994429,0.013445378151260505
596,0.083008356545961,0.013422818791946308
597,0.08314763231197772,0.01340033500837521
598,0.08328690807799442,0.013377926421404682
599,0.08342618384401114,0.01335559265442404
600,0.08356545961002786,0.013333333333333334
601,0.08370473537604457,0.013311148086522463
602,0.08384401114206128,0.013289036544850499
603,0.08398328690807799,0.013266998341625208
604,0.08412256267409471,0.013245033112582781
605,0.08426183844011143,0.013223140495867768
606,0.08440111420612813,0.013201320132013201
607,0.08454038997214484,0.013179571663920923
608,0.08467966573816156,0.013157894736842105
609,0.08481894150417828,0.013136288998357963
610,0.08495821727019498,0.013114754098360656
611,0.0850974930362117,0.01309328968903437
612,0.08523676880222841,0.013071895424836602
613,0.08537604456824513,0.013050570962479609
614,0.08551532033426183,0.013029315960912053
615,0.08565459610027855,0.013008130081300813
616,0.08579387186629527,0.012987012987012988
617,0.08593314763231198,0.012965964343598054
618,0.08607242339832868,0.012944983818770227
619,0.0862116991643454,0.012924071082390954
620,0.08635097493036212,0.012903225806451613
621,0.08649025069637883,0.01288244766505636
622,0.08662952646239554,0.012861736334405145
623,0.08676880222841225,0.012841091492776886
624,0.08690807799442897,0.01282051282051282
625,0.08704735376044569,0.0128
626,0.08718662952646239,0.012779552715654952
627,0.0873259052924791,0.012759170653907496
628,0.08746518105849582,0.012738853503184714
629,0.08760445682451254,0.012718600953895072
630,0.08774373259052924,0.012698412698412698
631,0.08788300835654596,0.012678288431061807
632,0.08802228412256267,0.012658227848101266
633,0.08816155988857939,0.01263823064770932
634,0.0883008356545961,0.012618296529968454
635,0.08844011142061281,0.012598425196850394
636,0.08857938718662953,0.012578616352201259
637,0.08871866295264624,0.012558869701726845
638,0.08885793871866295,0.012539184952978056
639,0.08899721448467966,0.012519561815336464
640,0.08913649025069638,0.0125
641,0.0892757660167131,0.0124804992199688
642,0.0894150417827298,0.012461059190031152
643,0.08955431754874651,0.012441679626749611
644,0.08969359331476323,0.012422360248447204
645,0.08983286908077995,0.012403100775193798
646,0.08997214484679665,0.01238390092879257
647,0.09011142061281337,0.012364760432766615
648,0.09025069637883008,0.012345679012345678
649,0.0903899721448468,0.012326656394453005
650,0.0905292479108635,0.012307692307692308
651,0.09066852367688022,0.01228878648233487
652,0.09080779944289694,0.012269938650306749
653,0.09094707520891365,0.01225114854517611
654,0.09108635097493037,0.012232415902140673
655,0.09122562674094707,0.012213740458015267
656,0.09136490250696379,0.012195121951219513
657,0.0915041782729805,0.0121765601217656
658,0.09164345403899722,0.0121580547112462
659,0.09178272980501392,0.012139605462822459
660,0.09192200557103064,0.012121212121212121
661,0.09206128133704736,0.012102874432677761
662,0.09220055710306407,0.012084592145015106
663,0.09233983286908078,0.012066365007541479
664,0.09247910863509749,0.012048192771084338
665,0.09261838440111421,0.012030075187969926
666,0.09275766016713093,0.012012012012012012
667,0.09289693593314763,0.01199400299850075
668,0.09303621169916435,0.011976047904191617
669,0.09317548746518106,0.01195814648729447
670,0.09331476323119778,0.011940298507462687
671,0.09345403899721448,0.011922503725782414
672,0.0935933147632312,0.011904761904761904
673,0.09373259052924791,0.01188707280832095
674,0.09387186629526463,0.011869436201780416
675,0.09401114206128133,0.011851851851851851
676,0.09415041782729805,0.011834319526627219
677,0.09428969359331477,0.011816838995568686
678,0.09442896935933148,0.011799410029498525
679,0.09456824512534819,0.011782032400589101
680,0.0947075208913649,0.011764705882352941
681,0.09484679665738162,0.011747430249632892
682,0.09498607242339834,0.011730205278592375
683,0.09512534818941504,0.01171303074670571
684,0.09526462395543175,0.011695906432748537
685,0.09540389972144847,0.01167883211678832
686,0.09554317548746519,0.011661807580174927
687,0.09568245125348189,0.011644832605531296
688,0.0958217270194986,0.011627906976744186
689,0.09596100278551532,0.011611030478955007
690,0.09610027855153204,0.011594202898550725
691,0.09623955431754874,0.011577424023154847
692,0.09637883008356546,0.011560693641618497
693,0.09651810584958218,0.011544011544011544
694,0.09665738161559889,0.011527377521613832
695,0.0967966573816156,0.011510791366906475
696,0.09693593314763231,0.011494252873563218
697,0.09707520891364903,0.011477761836441894
698,0.09721448467966574,0.011461318051575931
699,0.09735376044568245,0.011444921316165951
700,0.09749303621169916,0.011428571428571429
701,0.09763231197771588,0.011412268188302425
702,0.0977715877437326,0.011396011396011397
703,0.0979108635097493,0.011379800853485065
704,0.09805013927576602,0.011363636363636364
705,0.09818941504178273,0.011347517730496455
706,0.09832869080779945,0.0113314447592068
707,0.09846796657381615,0.01272984441301273
708,0.09860724233983287,0.012711864406779662
709,0.09874651810584958,0.012693935119887164
710,0.0988857938718663,0.01267605633802817
711,0.099025069637883,0.012658227848101266
712,0.09916434540389972,0.012640449438202247
713,0.09930362116991644,0.012622720897615708
714,0.09944289693593315,0.012605042016806723
715,0.09958217270194986,0.012587412587412588
716,0.09972144846796657,0.012569832402234637
717,0.09986072423398329,0.012552301255230125
718,0.1,0.012534818941504178
719,0.10013927576601671,0.012517385257301807
720,0.10027855153203342,0.0125
721,0.10041782729805014,0.012482662968099861
722,0.10055710306406686,0.012465373961218837
723,0.10069637883008356,0.012448132780082987
724,0.10083565459610028,0.012430939226519336
725,0.100974930362117,0.012413793103448275
726,0.10111420612813371,0.012396694214876033
727,0.10125348189415041,0.012379642365887207
728,0.10139275766016713,0.012362637362637362
729,0.10153203342618385,0.012345679012345678
730,0.10167130919220056,0.012328767123287671
731,0.10181058495821727,0.012311901504787962
732,0.10194986072423398,0.012295081967213115
733,0.1020891364902507,0.01227830832196453
734,0.10222841225626741,0.01226158038147139
735,0.10236768802228412,0.012244897959183673
736,0.10250696378830083,0.012228260869565218
737,0.10264623955431755,0.012211668928086838
738,0.10278551532033427,0.012195121951219513
739,0.10292479108635097,0.012178619756427604
740,0.10306406685236769,0.012162162162162163
741,0.1032033426183844,0.012145748987854251
742,0.10334261838440112,0.012129380053908356
743,0.10348189415041782,0.012113055181695828
744,0.10362116991643454,0.012096774193548387
745,0.10376044568245125,0.012080536912751677
746,0.10389972144846797,0.012064343163538873
747,0.10403899721448467,0.012048192771084338
748,0.10417827298050139,0.012032085561497326
749,0.10431754874651811,0.012016021361815754
750,0.10445682451253482,0.012
751,0.10459610027855153,0.011984021304926764
752,0.10473537604456824,0.011968085106382979
753,0.10487465181058496,0.01195219123505976
754,0.10501392757660168,0.011936339522546418
755,0.10515320334261838,0.011920529801324504
756,0.1052924791086351,0.011904761904761904
757,0.10543175487465181,0.011889035667107
758,0.10557103064066853,0.011873350923482849
759,0.10571030640668523,0.011857707509881422
760,0.10584958217270195,0.011842105263157895
761,0.10598885793871866,0.011826544021024968
762,0.10612813370473538,0.011811023622047244
763,0.10626740947075208,0.011795543905635648
764,0.1064066852367688,0.011780104712041885
765,0.10654596100278552,0.011764705882352941
766,0.10668523676880223,0.01174934725848564
767,0.10682451253481894,0.011734028683181226
768,0.10696378830083565,0.01171875
769,0.10710306406685237,0.011703511053315995
770,0.10724233983286909,0.011688311688311689
771,0.10738161559888579,0.011673151750972763
772,0.1075208913649025,0.011658031088082901
773,0.10766016713091922,0.01164294954721863
774,0.10779944289693594,0.011627906976744186
775,0.10793871866295264,0.011612903225806452
776,0.10807799442896936,0.011597938144329897
777,0.10821727019498607,0.011583011583011582
778,0.10835654596100279,0.011568123393316195
779,0.10849582172701949,0.011553273427471117
780,0.10863509749303621,0.011538461538461539
781,0.10877437325905293,0.011523687580025609
782,0.10891364902506964,0.011508951406649617
783,0.10905292479108634,0.011494252873563218
784,0.10919220055710306,0.011479591836734694
785,0.10933147632311978,0.011464968152866241
786,0.1094707520891365,0.011450381679389313
787,0.1096100278551532,0.011435832274459974
788,0.10974930362116991,0.011421319796954314
789,0.10988857938718663,0.011406844106463879
790,0.11002785515320335,0.01139240506329114
791,0.11016713091922005,0.011378002528445006
792,0.11030640668523677,0.011363636363636364
793,0.11044568245125348,0.011349306431273645
794,0.1105849582172702,0.011335012594458438
795,0.1107242339832869,0.011320754716981131
796,0.11086350974930362,0.011306532663316583
797,0.11100278551532033,0.011292346298619825
798,0.11114206128133705,0.011278195488721804
799,0.11128133704735375,0.011264080100125156
800,0.11142061281337047,0.01125
801,0.11155988857938719,0.011235955056179775
802,0.1116991643454039,0.011221945137157107
803,0.1118384401114206,0.0112079701120797
804,0.11197771587743732,0.011194029850746268
805,0.11211699164345404,0.011180124223602485
806,0.11225626740947076,0.011166253101736972
807,0.11239554317548746,0.011152416356877323
808,0.11253481894150417,0.011138613861386138
809,0.11267409470752089,0.011124845488257108
810,0.11281337047353761,0.011111111111111112
811,0.11295264623955431,0.011097410604192354
812,0.11309192200557103,0.011083743842364532
813,0.11323119777158774,0.01107011070110701
814,0.11337047353760446,0.011056511056511056
815,0.11350974930362116,0.012269938650306749
816,0.11364902506963788,0.012254901960784314
817,0.1137883008356546,0.012239902080783354
818,0.11392757660167131,0.012224938875305624
819,0.11406685236768803,0.01221001221001221
820,0.11420612813370473,0.012195121951219513
821,0.11434540389972145,0.012180267965895249
822,0.11448467966573816,0.012165450121654502
823,0.11462395543175488,0.012150668286755772
824,0.11476323119777158,0.012135922330097087
825,0.1149025069637883,0.012121212121212121
826,0.11504178272980502,0.012106537530266344
827,0.11518105849582173,0.012091898428053204
828,0.11532033426183844,0.012077294685990338
829,0.11545961002785515,0.012062726176115802
830,0.11559888579387187,0.012048192771084338
831,0.11573816155988859,0.012033694344163659
832,0.11587743732590529,0.01201923076923077
833,0.116016713091922,0.012004801920768308
834,0.11615598885793872,0.011990407673860911
835,0.11629526462395544,0.011976047904191617
836,0.11643454038997214,0.011961722488038277
837,0.11657381615598886,0.011947431302270013
838,0.11671309192200557,0.011933174224343675
839,0.11685236768802229,0.011918951132300357
840,0.116991643454039,0.011904761904761904
841,0.11713091922005571,0.011890606420927468
842,0.11727019498607243,0.011876484560570071
843,0.11740947075208914,0.011862396204033215
844,0.11754874651810585,0.011848341232227487
845,0.11768802228412256,0.011834319526627219
846,0.11782729805013928,0.01182033096926714
847,0.117966573816156,0.011806375442739079
848,0.1181058495821727,0.01179245283018868
849,0.11824512534818941,0.011778563015312132
850,0.11838440111420613,0.011764705882352941
851,0.11852367688022285,0.011750881316098707
852,0.11866295264623955,0.011737089201877934
853,0.11880222841225627,0.011723329425556858
854,0.11894150417827298,0.0117096018735363
855,0.1190807799442897,0.011695906432748537
856,0.1192200557103064,0.011682242990654205
857,0.11935933147632312,0.011668611435239206
858,0.11949860724233984,0.011655011655011656
859,0.11963788300835655,0.011641443538998836
860,0.11977715877437325,0.011627906976744186
861,0.11991643454038997,0.011614401858304297
862,0.12005571030640669,0.01160092807424594
863,0.1201949860724234,0.011587485515643106
864,0.1203342618384401,0.011574074074074073
865,0.12047353760445682,0.011560693641618497
866,0.12061281337047354,0.011547344110854504
867,0.12075208913649026,0.011534025374855825
868,0.12089136490250696,0.01152073732718894
869,0.12103064066852368,0.011507479861910242
870,0.12116991643454039,0.011494252873563218
871,0.12130919220055711,0.011481056257175661
872,0.12144846796657381,0.011467889908256881
873,0.12158774373259053,0.011454753722794959
874,0.12172701949860724,0.011441647597254004
875,0.12186629526462396,0.011428571428571429
876,0.12200557103064066,0.01141552511415525
877,0.12214484679665738,0.011402508551881414
878,0.1222841225626741,0.011389521640091117
879,0.12242339832869081,0.011376564277588168
880,0.12256267409470752,0.011363636363636364
881,0.12270194986072423,0.011350737797956867
882,0.12284122562674095,0.011337868480725623
883,0.12298050139275767,0.011325028312570781
884,0.12311977715877437,0.011312217194570135
885,0.12325905292479108,0.011299435028248588
886,0.1233983286908078,0.011286681715575621
887,0.12353760445682452,0.011273957158962795
888,0.12367688022284122,0.01126126126126126
889,0.12381615598885794,0.01124859392575928
890,0.12395543175487465,0.011235955056179775
891,0.12409470752089137,0.01122334455667789
892,0.12423398328690807,0.011210762331838564
893,0.12437325905292479,0.011198208286674132
894,0.1245125348189415,0.011185682326621925
895,0.12465181058495822,0.012290502793296089
896,0.12479108635097493,0.012276785714285714
897,0.12493036211699164,0.012263099219620958
898,0.12506963788300834,0.012249443207126948
899,0.12520891364902506,0.013348164627363738
900,0.12534818941504178,0.013333333333333334
901,0.1254874651810585,0.013318534961154272
902,0.1256267409470752,0.013303769401330377
903,0.12576601671309193,0.013289036544850499
904,0.12590529247910864,0.01327433628318584
905,0.12604456824512536,0.013259668508287293
906,0.12618384401114205,0.013245033112582781
907,0.12632311977715877,0.013230429988974642
908,0.12646239554317548,0.013215859030837005
909,0.1266016713091922,0.013201320132013201
910,0.12674094707520892,0.013186813186813187
911,0.12688022284122563,0.013172338090010977
912,0.12701949860724235,0.013157894736842105
913,0.12715877437325906,0.013143483023001095
914,0.12729805013927575,0.01312910284463895
915,0.12743732590529247,0.013114754098360656
916,0.1275766016713092,0.013100436681222707
917,0.1277158774373259,0.013086150490730643
918,0.12785515320334262,0.013071895424836602
919,0.12799442896935934,0.013057671381936888
920,0.12813370473537605,0.013043478260869565
921,0.12827298050139277,0.013029315960912053
922,0.12841225626740946,0.013015184381778741
923,0.12855153203342617,0.013001083423618635
924,0.1286908077994429,0.012987012987012988
925,0.1288300835654596,0.012972972972972972
926,0.12896935933147632,0.012958963282937365
927,0.12910863509749304,0.012944983818770227
928,0.12924791086350976,0.01293103448275862
929,0.12938718662952647,0.012917115177610334
930,0.12952646239554316,0.012903225806451613
931,0.12966573816155988,0.01288936627282492
932,0.1298050139275766,0.012875536480686695
933,0.1299442896935933,0.012861736334405145
934,0.13008356545961003,0.01284796573875803
935,0.13022284122562675,0.012834224598930482
936,0.13036211699164346,0.01282051282051282
937,0.13050139275766018,0.012806830309498399
938,0.13064066852367687,0.01279317697228145
939,0.13077994428969358,0.012779552715654952
940,0.1309192200557103,0.01276595744680851
941,0.13105849582172702,0.012752391073326248
942,0.13119777158774373,0.012738853503184714
943,0.13133704735376045,0.012725344644750796
944,0.13147632311977717,0.012711864406779662
945,0.13161559888579388,0.012698412698412698
946,0.13175487465181057,0.012684989429175475
947,0.1318941504178273,0.012671594508975714
948,0.132033426183844,0.012658227848101266
949,0.13217270194986072,0.012644889357218124
950,0.13231197771587744,0.01263157894736842
951,0.13245125348189415,0.012618296529968454
952,0.13259052924791087,0.012605042016806723
953,0.1327298050139276,0.013641133263378805
954,0.13286908077994428,0.013626834381551363
955,0.133008356545961,0.013612565445026177
956,0.1331476323119777,0.013598326359832637
957,0.13328690807799443,0.013584117032392894
958,0.13342618384401114,0.013569937369519834
959,0.13356545961002786,0.013555787278415016
960,0.13370473537604458,0.013541666666666667
961,0.1338440111420613,0.013527575442247659
962,0.13398328690807798,0.013513513513513514
963,0.1341225626740947,0.013499480789200415
964,0.13426183844011141,0.013485477178423237
965,0.13440111420612813,0.013471502590673576
966,0.13454038997214485,0.013457556935817806
967,0.13467966573816156,0.01344364012409514
968,0.13481894150417828,0.013429752066115703
969,0.134958217270195,0.013415892672858616
970,0.13509749303621169,0.01443298969072165
971,0.1352367688022284,0.015447991761071062
972,0.13537604456824512,0.015432098765432098
973,0.13551532033426184,0.015416238437821172
974,0.13565459610027855,0.015400410677618069
975,0.13579387186629527,0.015384615384615385
976,0.13593314763231198,0.015368852459016393
977,0.1360724233983287,0.015353121801432957
978,0.1362116991643454,0.015337423312883436
979,0.1363509749303621,0.015321756894790603
980,0.13649025069637882,0.015306122448979591
981,0.13662952646239554,0.01529051987767584
982,0.13676880222841226,0.015274949083503055
983,0.13690807799442897,0.015259409969481181
984,0.1370473537604457,0.01524390243902439
985,0.1371866295264624,0.015228426395939087
986,0.13732590529247912,0.015212981744421906
987,0.1374651810584958,0.015197568389057751
988,0.13760445682451253,0.016194331983805668
989,0.13774373259052924,0.016177957532861477
990,0.13788300835654596,0.01616161616161616
991,0.13802228412256268,0.017154389505549948
992,0.1381615598885794,0.018145161290322582
993,0.1383008356545961,0.01812688821752266
994,0.13844011142061283,0.018108651911468814
995,0.13857938718662952,0.018090452261306532
996,0.13871866295264623,0.018072289156626505
997,0.13885793871866295,0.01805416248746239
998,0.13899721448467967,0.018036072144288578
999,0.13913649025069638,0.018018018018018018
1000,0.1392757660167131,0.018
1001,0.13941504178272981,0.017982017982017984
1002,0.13955431754874653,0.018962075848303395
1003,0.13969359331476322,0.019940179461615155
1004,0.13983286908077994,0.0199203187250996
1005,0.13997214484679665,0.01990049751243781
1006,0.14011142061281337,0.019880715705765408
1007,0.1402506963788301,0.019860973187686197
1008,0.1403899721448468,0.01984126984126984
1009,0.14052924791086352,0.019821605550049554
1010,0.14066852367688024,0.019801980198019802
1011,0.14080779944289692,0.019782393669634024
1012,0.14094707520891364,0.019762845849802372
1013,0.14108635097493036,0.019743336623889437
1014,0.14122562674094707,0.01972386587771203
1015,0.1413649025069638,0.019704433497536946
1016,0.1415041782729805,0.01968503937007874
1017,0.14164345403899722,0.01966568338249754
1018,0.14178272980501394,0.0206286836935167
1019,0.14192200557103063,0.020608439646712464
1020,0.14206128133704735,0.020588235294117647
1021,0.14220055710306406,0.02056807051909892
1022,0.14233983286908078,0.02054794520547945
1023,0.1424791086350975,0.020527859237536656
1024,0.1426183844011142,0.0205078125
1025,0.14275766016713093,0.02048780487804878
1026,0.14289693593314765,0.021442495126705652
1027,0.14303621169916433,0.021421616358325218
1028,0.14317548746518105,0.021400778210116732
1029,0.14331476323119777,0.022351797862001945
1030,0.14345403899721448,0.02330097087378641
1031,0.1435933147632312,0.023278370514064017
1032,0.14373259052924792,0.023255813953488372
1033,0.14387186629526463,0.02420135527589545
1034,0.14401114206128135,0.024177949709864602
1035,0.14415041782729804,0.024154589371980676
1036,0.14428969359331476,0.02413127413127413
1037,0.14442896935933147,0.024108003857280617
1038,0.1445682451253482,0.025048169556840076
1039,0.1447075208913649,0.02598652550529355
1040,0.14484679665738162,0.025961538461538463
1041,0.14498607242339834,0.025936599423631124
1042,0.14512534818941505,0.026871401151631478
1043,0.14526462395543174,0.026845637583892617
1044,0.14540389972144846,0.02681992337164751
1045,0.14554317548746518,0.026794258373205742
1046,0.1456824512534819,0.02676864244741874
1047,0.1458217270194986,0.026743075453677174
1048,0.14596100278551533,0.026717557251908396
1049,0.14610027855153204,0.02669208770257388
1050,0.14623955431754876,0.02666666666666667
1051,0.14637883008356545,0.02759276879162702
1052,0.14651810584958216,0.027566539923954372
1053,0.14665738161559888,0.027540360873694207
1054,0.1467966573816156,0.027514231499051234
1055,0.1469359331476323,0.027488151658767772
1056,0.14707520891364903,0.027462121212121212
1057,0.14721448467966575,0.027436140018921477
1058,0.14735376044568246,0.027410207939508508
1059,0.14749303621169915,0.027384324834749764
1060,0.14763231197771587,0.027358490566037737
1061,0.14777158774373259,0.02827521206409048
1062,0.1479108635097493,0.02919020715630885
1063,0.14805013927576602,0.02916274694261524
1064,0.14818941504178273,0.02913533834586466
1065,0.14832869080779945,0.02910798122065728
1066,0.14846796657381617,0.029080675422138838
1067,0.14860724233983286,0.029053420805998126
1068,0.14874651810584957,0.02902621722846442
1069,0.1488857938718663,0.029934518241347054
1070,0.149025069637883,0.029906542056074768
1071,0.14916434540389972,0.029878618113912233
1072,0.14930362116991644,0.029850746268656716
1073,0.14944289693593316,0.02982292637465051
1074,0.14958217270194987,0.0297951582867784
1075,0.14972144846796656,0.029767441860465118
1076,0.14986072423398328,0.02973977695167286
1077,0.15,0.03064066852367688
1078,0.1501392757660167,0.03153988868274583
1079,0.15027855153203343,0.03151065801668211
1080,0.15041782729805014,0.03148148148148148
1081,0.15055710306406686,0.03145235892691952
1082,0.15069637883008358,0.031423290203327174
1083,0.15083565459610027,0.03139427516158818
1084,0.15097493036211698,0.03136531365313653
1085,0.1511142061281337,0.03133640552995392
1086,0.15125348189415042,0.03130755064456722
1087,0.15139275766016713,0.031278748850046
1088,0.15153203342618385,0.03125
1089,0.15167130919220057,0.031221303948576674
1090,0.15181058495821728,0.031192660550458717
1091,0.15194986072423397,0.031164069660861594
1092,0.1520891364902507,0.031135531135531136
1093,0.1522284122562674,0.03110704483074108
1094,0.15236768802228412,0.031078610603290677
1095,0.15250696378830084,0.031050228310502283
1096,0.15264623955431755,0.03102189781021898
1097,0.15278551532033427,0.03099361896080219
1098,0.152924791086351,0.031876138433515486
1099,0.15306406685236768,0.03275705186533212
1100,0.1532033426183844,0.03272727272727273
1101,0.1533426183844011,0.0326975476839237
1102,0.15348189415041782,0.032667876588021776
1103,0.15362116991643454,0.033544877606527655
1104,0.15376044568245126,0.03351449275362319
1105,0.15389972144846797,0.0334841628959276
1106,0.1540389972144847,0.03345388788426763
1107,0.15417827298050138,0.03342366757000903
1108,0.1543175487465181,0.033393501805054154
1109,0.1544568245125348,0.033363390441839495
1110,0.15459610027855153,0.03423423423423423
1111,0.15473537604456825,0.034203420342034205
1112,0.15487465181058496,0.0341726618705036
1113,0.15501392757660168,0.034141958670260555
1114,0.1551532033426184,0.03411131059245961
1115,0.15529247910863508,0.034080717488789235
1116,0.1554317548746518,0.034050179211469536
1117,0.15557103064066852,0.03491495076096687
1118,0.15571030640668523,0.03488372093023256
1119,0.15584958217270195,0.03485254691689008
1120,0.15598885793871867,0.03482142857142857
1121,0.15612813370473538,0.03568242640499554
1122,0.1562674094707521,0.036541889483065956
1123,0.1564066852367688,0.037399821905609976
1124,0.1565459610027855,0.037366548042704624
1125,0.15668523676880222,0.037333333333333336
1126,0.15682451253481894,0.037300177619893425
1127,0.15696378830083565,0.037267080745341616
1128,0.15710306406685237,0.03723404255319149
1129,0.1572423398328691,0.03720106288751107
1130,0.1573816155988858,0.03716814159292035
1131,0.1575208913649025,0.03801945181255526
1132,0.1576601671309192,0.037985865724381625
1133,0.15779944289693593,0.03795233892321271
1134,0.15793871866295264,0.03880070546737213
1135,0.15807799442896936,0.038766519823788544
1136,0.15821727019498608,0.03873239436619718
1137,0.1583565459610028,0.0395778364116095
1138,0.1584958217270195,0.040421792618629174
1139,0.1586350974930362,0.041264266900790166
1140,0.15877437325905291,0.0412280701754386
1141,0.15891364902506963,0.04119193689745837
1142,0.15905292479108635,0.04115586690017513
1143,0.15919220055710306,0.04111986001749781
1144,0.15933147632311978,0.04108391608391608
1145,0.1594707520891365,0.04104803493449782
1146,0.1596100278551532,0.041884816753926704
1147,0.15974930362116993,0.041848299912816043
1148,0.15988857938718662,0.041811846689895474
1149,0.16002785515320334,0.04177545691906005
1150,0.16016713091922005,0.04173913043478261
1151,0.16030640668523677,0.04170286707211121
1152,0.16044568245125349,0.041666666666666664
1153,0.1605849582172702,0.04163052905464007
1154,0.16072423398328692,0.0415944540727903
1155,0.16086350974930363,0.04242424242424243
1156,0.16100278551532032,0.04238754325259515
1157,0.16114206128133704,0.04235090751944685
1158,0.16128133704735376,0.04231433506044905
1159,0.16142061281337047,0.04227782571182054
1160,0.1615598885793872,0.04310344827586207
1161,0.1616991643454039,0.04306632213608958
1162,0.16183844011142062,0.043029259896729774
1163,0.16197771587743734,0.04299226139294927
1164,0.16211699164345403,0.0429553264604811
1165,0.16225626740947074,0.04291845493562232
1166,0.16239554317548746,0.04288164665523156
1167,0.16253481894150418,0.04284490145672665
1168,0.1626740947075209,0.04280821917808219
1169,0.1628133704735376,0.0427715996578272
1170,0.16295264623955433,0.042735042735042736
1171,0.16309192200557104,0.04355251921434671
1172,0.16323119777158773,0.043515358361774746
1173,0.16337047353760445,0.043478260869565216
1174,0.16350974930362117,0.044293015332197615
1175,0.16364902506963788,0.04425531914893617
1176,0.1637883008356546,0.04421768707482993
1177,0.16392757660167132,0.044180118946474084
1178,0.16406685236768803,0.04499151103565365
1179,0.16420612813370475,0.04495335029686175
1180,0.16434540389972144,0.044915254237288135
1181,0.16448467966573815,0.04487722269263336
1182,0.16462395543175487,0.04483925549915398
1183,0.1647632311977716,0.044801352493660185
1184,0.1649025069637883,0.044763513513513514
1185,0.16504178272980502,0.04472573839662447
1186,0.16518105849582174,0.04468802698145025
1187,0.16532033426183845,0.04465037910699242
1188,0.16545961002785514,0.04461279461279461
1189,0.16559888579387186,0.044575273338940284
1190,0.16573816155988857,0.04453781512605042
1191,0.1658774373259053,0.04450041981528128
1192,0.166016713091922,0.044463087248322146
1193,0.16615598885793872,0.04442581726739313
1194,0.16629526462395544,0.04438860971524288
1195,0.16643454038997216,0.04435146443514645
1196,0.16657381615598885,0.0451505016722408
1197,0.16671309192200556,0.045112781954887216
1198,0.16685236768802228,0.045909849749582635
1199,0.166991643454039,0.045871559633027525
1200,0.1671309192200557,0.04583333333333333
1201,0.16727019498607243,0.04579517069109076
1202,0.16740947075208915,0.045757071547420966
1203,0.16754874651810586,0.0457190357439734
1204,0.16768802228412255,0.04568106312292359
1205,0.16782729805013927,0.04564315352697095
1206,0.16796657381615598,0.04560530679933665
1207,0.1681058495821727,0.045567522783761395
1208,0.16824512534818942,0.04552980132450331
1209,0.16838440111420613,0.045492142266335814
1210,0.16852367688022285,0.045454545454545456
1211,0.16866295264623957,0.046242774566473986
1212,0.16880222841225626,0.0462046204620462
1213,0.16894150417827297,0.046166529266281946
1214,0.1690807799442897,0.04695222405271829
1215,0.1692200557103064,0.04691358024691358
1216,0.16935933147632312,0.046875
1217,0.16949860724233984,0.04683648315529992
1218,0.16963788300835655,0.046798029556650245
1219,0.16977715877437327,0.04675963904840033
1220,0.16991643454038996,0.04672131147540984
1221,0.17005571030640668,0.04668304668304668
1222,0.1701949860724234,0.04746317512274959
1223,0.1703342618384401,0.047424366312346686
1224,0.17047353760445683,0.04738562091503268
1225,0.17061281337047354,0.0473469387755102
1226,0.17075208913649026,0.04730831973898858
1227,0.17089136490250698,0.04726976365118175
1228,0.17103064066852366,0.04723127035830619
1229,0.17116991643454038,0.047192839707078924
1230,0.1713091922005571,0.04715447154471545
1231,0.17144846796657381,0.0479285134037368
1232,0.17158774373259053,0.04788961038961039
1233,0.17172701949860725,0.047850770478507706
1234,0.17186629526462396,0.04781199351701783
1235,0.17200557103064068,0.04777327935222672
1236,0.17214484679665737,0.04773462783171521
1237,0.17228412256267409,0.047696038803556995
1238,0.1724233983286908,0.04765751211631664
1239,0.17256267409470752,0.047619047619047616
1240,0.17270194986072424,0.04838709677419355
1241,0.17284122562674095,0.048348106365834004
1242,0.17298050139275767,0.04830917874396135
1243,0.17311977715877438,0.04827031375703942
1244,0.17325905292479107,0.04823151125401929
1245,0.1733983286908078,0.04819277108433735
1246,0.1735376044568245,0.048154093097913325
1247,0.17367688022284122,0.04891740176423416
1248,0.17381615598885794,0.04887820512820513
1249,0.17395543175487466,0.0488390712570056
1250,0.17409470752089137,0.0488
1251,0.1742339832869081,0.04876099120703437
1252,0.17437325905292478,0.048722044728434506
1253,0.1745125348189415,0.04868316041500399
1254,0.1746518105849582,0.04864433811802233
1255,0.17479108635097493,0.04860557768924303
1256,0.17493036211699164,0.04856687898089172
1257,0.17506963788300836,0.04852824184566428
1258,0.17520891364902508,0.04848966613672496
1259,0.1753481894150418,0.048451151707704525
1260,0.17548746518105848,0.048412698412698414
1261,0.1756267409470752,0.04837430610626487
1262,0.17576601671309192,0.04833597464342314
1263,0.17590529247910863,0.04829770387965162
1264,0.17604456824512535,0.048259493670886076
1265,0.17618384401114207,0.048221343873517786
1266,0.17632311977715878,0.04818325434439179
1267,0.1764623955431755,0.04814522494080505
1268,0.1766016713091922,0.04810725552050473
1269,0.1767409470752089,0.04806934594168637
1270,0.17688022284122562,0.048031496062992125
1271,0.17701949860724234,0.04799370574350905
1272,0.17715877437325905,0.0479559748427673
1273,0.17729805013927577,0.047918303220738416
1274,0.1774373259052925,0.04866562009419152
1275,0.1775766016713092,0.04862745098039216
1276,0.1777158774373259,0.048589341692789965
1277,0.1778551532033426,0.0485512920908379
1278,0.17799442896935933,0.048513302034428794
1279,0.17813370473537604,0.04847537138389367
1280,0.17827298050139276,0.0484375
1281,0.17841225626740947,0.04839968774395004
1282,0.1785515320334262,0.04914196567862714
1283,0.1786908077994429,0.049103663289166016
1284,0.1788300835654596,0.04906542056074766
1285,0.1789693593314763,0.0490272373540856
1286,0.17910863509749303,0.048989113530326596
1287,0.17924791086350975,0.04895104895104895
1288,0.17938718662952646,0.04891304347826087
1289,0.17952646239554318,0.04965089216446858
1290,0.1796657381615599,0.04961240310077519
1291,0.1798050139275766,0.05034856700232378
1292,0.1799442896935933,0.05030959752321981
1293,0.18008356545961002,0.050270688321732405
1294,0.18022284122562673,0.05023183925811438
1295,0.18036211699164345,0.05019305019305019
1296,0.18050139275766017,0.05015432098765432
1297,0.18064066852367688,0.05011565150346955
1298,0.1807799442896936,0.05007704160246533
1299,0.18091922005571032,0.05003849114703618
1300,0.181058495821727,0.05
1301,0.18119777158774372,0.05073020753266718
1302,0.18133704735376044,0.05145929339477726
1303,0.18147632311977716,0.051419800460475826
1304,0.18161559888579387,0.05138036809815951
1305,0.1817548746518106,0.05134099616858238
1306,0.1818941504178273,0.05130168453292496
1307,0.18203342618384402,0.051262433052792655
1308,0.18217270194986074,0.05122324159021407
1309,0.18231197771587743,0.05194805194805195
1310,0.18245125348189414,0.051908396946564885
1311,0.18259052924791086,0.05186880244088482
1312,0.18272980501392758,0.052591463414634144
1313,0.1828690807799443,0.05255140898705255
1314,0.183008356545961,0.05251141552511415
1315,0.18314763231197773,0.05247148288973384
1316,0.18328690807799444,0.05319148936170213
1317,0.18342618384401113,0.05315110098709187
1318,0.18356545961002785,0.05311077389984825
1319,0.18370473537604456,0.05307050796057619
1320,0.18384401114206128,0.05378787878787879
1321,0.183983286908078,0.053747161241483724
1322,0.18412256267409471,0.05370650529500756
1323,0.18426183844011143,0.05366591080876795
1324,0.18440111420612815,0.05362537764350453
1325,0.18454038997214484,0.05358490566037736
1326,0.18467966573816155,0.053544494720965306
1327,0.18481894150417827,0.05425772418990203
1328,0.18495821727019499,0.05421686746987952
1329,0.1850974930362117,0.05417607223476298
1330,0.18523676880222842,0.05413533834586466
1331,0.18537604456824514,0.054094665664913597
1332,0.18551532033426185,0.05405405405405406
1333,0.18565459610027854,0.05401350337584396
1334,0.18579387186629526,0.053973013493253376
1335,0.18593314763231197,0.05393258426966292
1336,0.1860724233983287,0.05389221556886228
1337,0.1862116991643454,0.05385190725504862
1338,0.18635097493036212,0.053811659192825115
1339,0.18649025069637884,0.0537714712471994
1340,0.18662952646239556,0.05373134328358209
1341,0.18676880222841225,0.053691275167785234
1342,0.18690807799442896,0.05365126676602087
1343,0.18704735376044568,0.054355919583023084
1344,0.1871866295264624,0.05431547619047619
1345,0.1873259052924791,0.05427509293680297
1346,0.18746518105849583,0.05423476968796434
1347,0.18760445682451254,0.054194506310319225
1348,0.18774373259052926,0.05415430267062315
1349,0.18788300835654595,0.054114158636026685
1350,0.18802228412256267,0.05407407407407407
1351,0.18816155988857938,0.0540340488527017
1352,0.1883008356545961,0.053994082840236685
1353,0.18844011142061282,0.05395417590539542
1354,0.18857938718662953,0.05391432791728213
1355,0.18871866295264625,0.05387453874538745
1356,0.18885793871866297,0.05383480825958702
1357,0.18899721448467965,0.05379513633014001
1358,0.18913649025069637,0.05375552282768778
1359,0.1892757660167131,0.054451802796173655
1360,0.1894150417827298,0.054411764705882354
1361,0.18955431754874652,0.05437178545187362
1362,0.18969359331476324,0.05433186490455213
1363,0.18983286908077995,0.05429200293470286
1364,0.18997214484679667,0.054252199413489736
1365,0.19011142061281336,0.054945054945054944
1366,0.19025069637883008,0.05490483162518302
1367,0.1903899721448468,0.0548646671543526
1368,0.1905292479108635,0.05482456140350877
1369,0.19066852367688022,0.0547845142439737
1370,0.19080779944289694,0.05474452554744526
1371,0.19094707520891366,0.05470459518599562
1372,0.19108635097493037,0.05466472303206997
1373,0.19122562674094706,0.05462490895848507
1374,0.19136490250696378,0.05458515283842795
1375,0.1915041782729805,0.05454545454545454
1376,0.1916434540389972,0.05450581395348837
1377,0.19178272980501393,0.054466230936819175
1378,0.19192200557103065,0.054426705370101594
1379,0.19206128133704736,0.05438723712835388
1380,0.19220055710306408,0.05434782608695652
1381,0.19233983286908077,0.05430847212165098
1382,0.19247910863509748,0.05426917510853835
1383,0.1926183844011142,0.05422993492407809
1384,0.19275766016713092,0.054190751445086706
1385,0.19289693593314763,0.05415162454873646
1386,0.19303621169916435,0.05411255411255411
1387,0.19317548746518107,0.05407354001441961
1388,0.19331476323119778,0.05403458213256484
1389,0.19345403899721447,0.054715622750179986
1390,0.1935933147632312,0.05467625899280575
1391,0.1937325905292479,0.055355859094176854
1392,0.19387186629526462,0.05531609195402299
1393,0.19401114206128134,0.05527638190954774
1394,0.19415041782729806,0.055236728837876614
1395,0.19428969359331477,0.055197132616487454
1396,0.1944289693593315,0.05515759312320917
1397,0.19456824512534818,0.05511811023622047
1398,0.1947075208913649,0.05507868383404864
1399,0.1948467966573816,0.055039313795568263
1400,0.19498607242339833,0.055
1401,0.19512534818941504,0.054960742326909354
1402,0.19526462395543176,0.05563480741797432
1403,0.19540389972144848,0.05559515324305061
1404,0.1955431754874652,0.05626780626780627
1405,0.19568245125348188,0.056227758007117434
1406,0.1958217270194986,0.05689900426742532
1407,0.19596100278551531,0.05685856432125089
1408,0.19610027855153203,0.056818181818181816
1409,0.19623955431754875,0.05677785663591199
1410,0.19637883008356546,0.05673758865248227
1411,0.19651810584958218,0.05669737774627923
1412,0.1966573816155989,0.056657223796033995
1413,0.1967966573816156,0.056617126680820945
1414,0.1969359331476323,0.056577086280056574
1415,0.19707520891364902,0.05653710247349823
1416,0.19721448467966574,0.05649717514124294
1417,0.19735376044568245,0.056457304163726185
1418,0.19749303621169917,0.056417489421720736
1419,0.19763231197771589,0.05637773079633545
1420,0.1977715877437326,0.056338028169014086
1421,0.1979108635097493,0.05629838142153413
1422,0.198050139275766,0.05625879043600562
1423,0.19818941504178272,0.05621925509486999
1424,0.19832869080779944,0.056179775280898875
1425,0.19846796657381616,0.056842105263157895
1426,0.19860724233983287,0.056802244039270686
1427,0.1987465181058496,0.056762438682550806
1428,0.1988857938718663,0.05672268907563025
1429,0.199025069637883,0.05668299510146956
1430,0.1991643454038997,0.056643356643356645
1431,0.19930362116991643,0.05660377358490566
1432,0.19944289693593314,0.05726256983240224
1433,0.19958217270194986,0.05722260990928123
1434,0.19972144846796658,0.05718270571827057
1435,0.1998607242339833,0.0578397212543554
1436,0.2,0.057799442896935935
1437,0.2001392757660167,0.05775922059846903
1438,0.20027855153203342,0.057719054242002785
1439,0.20041782729805013,0.057678943710910355
1440,0.20055710306406685,0.05763888888888889
1441,0.20069637883008357,0.05759888965995836
1442,0.20083565459610028,0.05825242718446602
1443,0.200974930362117,0.058212058212058215
1444,0.20111420612813372,0.05817174515235457
1445,0.2012534818941504,0.05813148788927336
1446,0.20139275766016712,0.058091286307053944
1447,0.20153203342618384,0.0580511402902557
1448,0.20167130919220055,0.058011049723756904
1449,0.20181058495821727,0.057971014492753624
1450,0.201949860724234,0.05862068965517241
1451,0.2020891364902507,0.0585802894555479
1452,0.20222841225626742,0.05853994490358127
1453,0.2023676880222841,0.05849965588437715
1454,0.20250696378830083,0.05845942228335626
1455,0.20264623955431754,0.058419243986254296
1456,0.20278551532033426,0.05837912087912088
1457,0.20292479108635098,0.05833905284831846
1458,0.2030640668523677,0.05829903978052126
1459,0.2032033426183844,0.058259081562714185
1460,0.20334261838440112,0.05821917808219178
1461,0.2034818941504178,0.05817932922655715
1462,0.20362116991643453,0.05813953488372093
1463,0.20376044568245125,0.05809979494190021
1464,0.20389972144846796,0.05806010928961749
1465,0.20403899721448468,0.05802047781569966
1466,0.2041782729805014,0.05798090040927694
1467,0.2043175487465181,0.05794137695978187
1468,0.20445682451253483,0.05790190735694823
1469,0.20459610027855155,0.057862491490810075
1470,0.20473537604456823,0.05782312925170068
1471,0.20487465181058495,0.05778382053025153
1472,0.20501392757660167,0.058423913043478264
1473,0.20515320334261838,0.058384249830278345
1474,0.2052924791086351,0.05834464043419267
1475,0.20543175487465182,0.05830508474576271
1476,0.20557103064066853,0.058265582655826556
1477,0.20571030640668525,0.05822613405551794
1478,0.20584958217270194,0.058186738836265225
1479,0.20598885793871866,0.0581473968897904
1480,0.20612813370473537,0.05810810810810811
1481,0.2062674094707521,0.05806887238352464
1482,0.2064066852367688,0.058704453441295545
1483,0.20654596100278552,0.05866486850977748
1484,0.20668523676880224,0.05862533692722372
1485,0.20682451253481896,0.05858585858585859
1486,0.20696378830083564,0.058546433378196504
1487,0.20710306406685236,0.05850706119704102
1488,0.20724233983286908,0.05846774193548387
1489,0.2073816155988858,0.05842847548690396
1490,0.2075208913649025,0.05838926174496644
1491,0.20766016713091923,0.05835010060362173
1492,0.20779944289693594,0.058310991957104555
1493,0.20793871866295266,0.05827193569993302
1494,0.20807799442896935,0.05823293172690763
1495,0.20821727019498606,0.05819397993311037
1496,0.20835654596100278,0.05815508021390375
1497,0.2084958217270195,0.058784235136940546
1498,0.20863509749303621,0.05874499332443257
1499,0.20877437325905293,0.05870580386924616
1500,0.20891364902506965,0.058666666666666666
1501,0.20905292479108636,0.05862758161225849
1502,0.20919220055710305,0.05858854860186418
1503,0.20933147632311977,0.05854956753160346
1504,0.20947075208913649,0.05851063829787234
1505,0.2096100278551532,0.05847176079734219
1506,0.20974930362116992,0.05843293492695883
1507,0.20988857938718664,0.058394160583941604
1508,0.21002785515320335,0.058355437665782495
1509,0.21016713091922007,0.0583167660702452
1510,0.21030640668523676,0.05827814569536424
1511,0.21044568245125347,0.05823957643944408
1512,0.2105849582172702,0.05886243386243386
1513,0.2107242339832869,0.058823529411764705
1514,0.21086350974930362,0.058784676354029064
1515,0.21100278551532034,0.058745874587458745
1516,0.21114206128133706,0.05870712401055409
1517,0.21128133704735377,0.05932762030323006
1518,0.21142061281337046,0.05928853754940711
1519,0.21155988857938718,0.05924950625411455
1520,0.2116991643454039,0.05921052631578947
1521,0.2118384401114206,0.05917159763313609
1522,0.21197771587743733,0.05913272010512484
1523,0.21211699164345404,0.05909389363099146
1524,0.21225626740947076,0.05905511811023622
1525,0.21239554317548748,0.05901639344262295
1526,0.21253481894150417,0.05897771952817824
1527,0.21267409470752088,0.05893909626719057
1528,0.2128133704735376,0.058900523560209424
1529,0.21295264623955432,0.059516023544800525
1530,0.21309192200557103,0.05947712418300653
1531,0.21323119777158775,0.05943827563683867
1532,0.21337047353760447,0.06005221932114883
1533,0.21350974930362118,0.060013046314416174
1534,0.21364902506963787,0.05997392438070404
1535,0.2137883008356546,0.05993485342019544
1536,0.2139275766016713,0.059895833333333336
1537,0.21406685236768802,0.05985686402081978
1538,0.21420612813370474,0.05981794538361508
1539,0.21434540389972145,0.05977907732293697
1540,0.21448467966573817,0.06038961038961039
1541,0.2146239554317549,0.06035042180402336
1542,0.21476323119777158,0.06031128404669261
1543,0.2149025069637883,0.060272197018794556
1544,0.215041782729805,0.06023316062176166
1545,0.21518105849582173,0.06019417475728155
1546,0.21532033426183844,0.06015523932729625
1547,0.21545961002785516,0.060116354234001294
1548,0.21559888579387188,0.060077519379844964
1549,0.2157381615598886,0.06003873466752744
1550,0.21587743732590528,0.06
1551,0.216016713091922,0.06060606060606061
1552,0.2161559888579387,0.06056701030927835
1553,0.21629526462395543,0.06052801030264005
1554,0.21643454038997215,0.06048906048906049
1555,0.21657381615598886,0.06045016077170418
1556,0.21671309192200558,0.060411311053984576
1557,0.2168523676880223,0.06037251123956326
1558,0.21699164345403898,0.06097560975609756
1559,0.2171309192200557,0.06093649775497113
1560,0.21727019498607242,0.060897435897435896
1561,0.21740947075208913,0.060858424087123636
1562,0.21754874651810585,0.06081946222791293
1563,0.21768802228412257,0.060780550223928344
1564,0.21782729805013928,0.06074168797953964
1565,0.217966573816156,0.06070287539936102
1566,0.2181058495821727,0.06066411238825032
1567,0.2182451253481894,0.06062539885130823
1568,0.21838440111420612,0.06058673469387755
1569,0.21852367688022284,0.06054811982154239
1570,0.21866295264623956,0.06050955414012739
1571,0.21880222841225627,0.06047103755569701
1572,0.218941504178273,0.060432569974554706
1573,0.2190807799442897,0.06102987921169739
1574,0.2192200557103064,0.060991105463786534
1575,0.2193593314763231,0.06095238095238095
1576,0.21949860724233983,0.06091370558375635
1577,0.21963788300835654,0.060875079264426125
1578,0.21977715877437326,0.060836501901140684
1579,0.21991643454038998,0.060797973400886635
1580,0.2200557103064067,0.060759493670886074
1581,0.2201949860724234,0.06072106261859583
1582,0.2203342618384401,0.0606826801517067
1583,0.22047353760445682,0.060644346178142766
1584,0.22061281337047353,0.06060606060606061
1585,0.22075208913649025,0.06056782334384858
1586,0.22089136490250696,0.0605296343001261
1587,0.22103064066852368,0.06049149338374291
1588,0.2211699164345404,0.060453400503778336
1589,0.22130919220055711,0.06041535556954059
1590,0.2214484679665738,0.06037735849056604
1591,0.22158774373259052,0.06033940917661848
1592,0.22172701949860724,0.06030150753768844
1593,0.22186629526462395,0.060263653483992465
1594,0.22200557103064067,0.060225846925972396
1595,0.22214484679665739,0.06018808777429467
1596,0.2222841225626741,0.06015037593984962
1597,0.22242339832869082,0.06011271133375078
1598,0.2225626740947075,0.060075093867334166
1599,0.22270194986072422,0.0600375234521576
1600,0.22284122562674094,0.06
1601,0.22298050139275766,0.059962523422860715
1602,0.22311977715877437,0.0599250936329588
1603,0.2232590529247911,0.05988771054273238
1604,0.2233983286908078,0.059850374064837904
1605,0.22353760445682452,0.059813084112149535
1606,0.2236768802228412,0.05977584059775841
1607,0.22381615598885793,0.059738643434972
1608,0.22395543175487465,0.05970149253731343
1609,0.22409470752089136,0.05966438781852082
1610,0.22423398328690808,0.05962732919254658
1611,0.2243732590529248,0.0595903165735568
1612,0.2245125348189415,0.05955334987593052
1613,0.22465181058495823,0.059516429014259145
1614,0.22479108635097492,0.05947955390334572
1615,0.22493036211699163,0.05944272445820433
1616,0.22506963788300835,0.0594059405940594
1617,0.22520891364902507,0.05998763141620284
1618,0.22534818941504178,0.06056860321384425
1619,0.2254874651810585,0.06053119209388511
1620,0.22562674094707522,0.06049382716049383
1621,0.22576601671309193,0.06045650832819247
1622,0.22590529247910862,0.06041923551171394
1623,0.22604456824512534,0.06038200862600123
1624,0.22618384401114205,0.0603448275862069
1625,0.22632311977715877,0.060307692307692305
1626,0.2264623955431755,0.06027060270602706
1627,0.2266016713091922,0.06023355869698832
1628,0.22674094707520892,0.060196560196560195
1629,0.22688022284122564,0.06077348066298342
1630,0.22701949860724233,0.06073619631901841
1631,0.22715877437325904,0.06069895769466585
1632,0.22729805013927576,0.06066176470588235
1633,0.22743732590529248,0.06062461726883037
1634,0.2275766016713092,0.0605875152998776
1635,0.2277158774373259,0.060550458715596334
1636,0.22785515320334263,0.06051344743276284
1637,0.22799442896935934,0.06108735491753207
1638,0.22813370473537606,0.06105006105006105
1639,0.22827298050139275,0.06101281269066504
1640,0.22841225626740946,0.06097560975609756
1641,0.22855153203342618,0.06093845216331505
1642,0.2286908077994429,0.061510353227771014
1643,0.2288300835654596,0.06147291539866099
1644,0.22896935933147633,0.06204379562043796
1645,0.22910863509749305,0.06200607902735562
1646,0.22924791086350976,0.061968408262454436
1647,0.22938718662952645,0.061930783242258654
1648,0.22952646239554317,0.061893203883495146
1649,0.22966573816155988,0.061855670103092786
1650,0.2298050139275766,0.06181818181818182
1651,0.22994428969359332,0.061780738946093275
1652,0.23008356545961003,0.06174334140435835
1653,0.23022284122562675,0.06170598911070781
1654,0.23036211699164347,0.06166868198307134
1655,0.23050139275766016,0.06163141993957704
1656,0.23064066852367687,0.06159420289855073
1657,0.2307799442896936,0.06155703077851539
1658,0.2309192200557103,0.061519903498190594
1659,0.23105849582172702,0.06148282097649186
1660,0.23119777158774374,0.06204819277108434
1661,0.23133704735376046,0.062010836845273934
1662,0.23147632311977717,0.06197352587244284
1663,0.23161559888579386,0.0619362597714973
1664,0.23175487465181058,0.061899038461538464
1665,0.2318941504178273,0.061861861861861864
1666,0.232033426183844,0.06182472989195678
1667,0.23217270194986073,0.0617876424715057
1668,0.23231197771587744,0.06175059952038369
1669,0.23245125348189416,0.061713600958657876
1670,0.23259052924791088,0.061676646706586825
1671,0.23272980501392757,0.061639736684619986
1672,0.23286908077994428,0.06160287081339713
1673,0.233008356545961,0.06156604901374776
1674,0.23314763231197771,0.061529271206690564
1675,0.23328690807799443,0.06208955223880597
1676,0.23342618384401115,0.06205250596658711
1677,0.23356545961002786,0.06201550387596899
1678,0.23370473537604458,0.06197854588796186
1679,0.23384401114206127,0.061941631923764146
1680,0.233983286908078,0.06190476190476191
1681,0.2341225626740947,0.061867935752528254
1682,0.23426183844011142,0.06183115338882283
1683,0.23440111420612814,0.061794414735591205
1684,0.23454038997214485,0.06175771971496437
1685,0.23467966573816157,0.06172106824925816
1686,0.23481894150417829,0.06168446026097272
1687,0.23495821727019497,0.06164789567279194
1688,0.2350974930362117,0.061611374407582936
1689,0.2352367688022284,0.0615748963883955
1690,0.23537604456824512,0.06153846153846154
1691,0.23551532033426184,0.06150206978119456
1692,0.23565459610027856,0.061465721040189124
1693,0.23579387186629527,0.06142941523922032
1694,0.235933147632312,0.06198347107438017
1695,0.23607242339832868,0.061946902654867256
1696,0.2362116991643454,0.061910377358490566
1697,0.2363509749303621,0.06187389510901591
1698,0.23649025069637883,0.061837455830388695
1699,0.23662952646239555,0.06180105944673337
1700,0.23676880222841226,0.061764705882352944
1701,0.23690807799442898,0.06172839506172839
1702,0.2370473537604457,0.06169212690951821
1703,0.23718662952646238,0.06165590135055784
1704,0.2373259052924791,0.061619718309859156
1705,0.23746518105849582,0.06158357771260997
1706,0.23760445682451253,0.06213364595545135
1707,0.23774373259052925,0.062097246631517285
1708,0.23788300835654597,0.06206088992974239
1709,0.23802228412256268,0.0620245757753072
1710,0.2381615598885794,0.06198830409356725
1711,0.2383008356545961,0.061952074810052604
1712,0.2384401114206128,0.06191588785046729
1713,0.23857938718662952,0.06187974314068885
1714,0.23871866295264624,0.061843640606767794
1715,0.23885793871866295,0.061807580174927115
1716,0.23899721448467967,0.06177156177156177
1717,0.2391364902506964,0.06173558532323821
1718,0.2392757660167131,0.06169965075669383
1719,0.2394150417827298,0.061663757998836534
1720,0.2395543175487465,0.06162790697674419
1721,0.23969359331476323,0.06159209761766415
1722,0.23983286908077994,0.06155632984901278
1723,0.23997214484679666,0.061520603598374926
1724,0.24011142061281338,0.06148491879350348
1725,0.2402506963788301,0.06144927536231884
1726,0.2403899721448468,0.06141367323290846
1727,0.2405292479108635,0.061378112333526344
1728,0.2406685236768802,0.061342592592592594
1729,0.24080779944289693,0.061307113938692884
1730,0.24094707520891365,0.06127167630057803
1731,0.24108635097493036,0.06123627960716349
1732,0.24122562674094708,0.061200923787528866
1733,0.2413649025069638,0.061165608770917486
1734,0.2415041782729805,0.06113033448673587
1735,0.2416434540389972,0.06109510086455332
1736,0.24178272980501392,0.06105990783410138
1737,0.24192200557103063,0.06102475532527346
1738,0.24206128133704735,0.06098964326812428
1739,0.24220055710306407,0.06095457159286947
1740,0.24233983286908078,0.06091954022988506
1741,0.2424791086350975,0.060884549109707066
1742,0.24261838440111422,0.060849598163030996
1743,0.2427576601671309,0.060814687320711415
1744,0.24289693593314762,0.06077981651376147
1745,0.24303621169916434,0.06131805157593123
1746,0.24317548746518106,0.06128293241695303
1747,0.24331476323119777,0.061247853463079566
1748,0.2434540389972145,0.06121281464530892
1749,0.2435933147632312,0.061177815894797025
1750,0.24373259052924792,0.061142857142857145
1751,0.2438718662952646,0.061107938320959454
1752,0.24401114206128133,0.06107305936073059
1753,0.24415041782729804,0.061038220193953226
1754,0.24428969359331476,0.06100342075256556
1755,0.24442896935933148,0.06153846153846154
1756,0.2445682451253482,0.06150341685649203
1757,0.2447075208913649,0.061468412066021626
1758,0.24484679665738163,0.06143344709897611
1759,0.24498607242339832,0.061398521887436046
1760,0.24512534818941503,0.06136363636363636
1761,0.24526462395543175,0.06132879045996593
1762,0.24540389972144847,0.06129398410896708
1763,0.24554317548746518,0.06182643221781055
1764,0.2456824512534819,0.06179138321995465
1765,0.24582172701949861,0.06175637393767705
1766,0.24596100278551533,0.06172140430351076
1767,0.24610027855153202,0.06168647425014148
1768,0.24623955431754874,0.06165158371040724
1769,0.24637883008356545,0.06161673261729791
1770,0.24651810584958217,0.061581920903954805
1771,0.2466573816155989,0.06154714850367024
1772,0.2467966573816156,0.061512415349887134
1773,0.24693593314763232,0.06147772137619854
1774,0.24707520891364904,0.06144306651634724
1775,0.24721448467966572,0.061408450704225355
1776,0.24735376044568244,0.06137387387387387
1777,0.24749303621169916,0.06133933595948227
1778,0.24763231197771587,0.06130483689538808
1779,0.2477715877437326,0.06127037661607645
1780,0.2479108635097493,0.06123595505617978
1781,0.24805013927576602,0.06120157215047726
1782,0.24818941504178274,0.0611672278338945
1783,0.24832869080779943,0.061132922041503085
1784,0.24846796657381615,0.06109865470852018
1785,0.24860724233983286,0.06162464985994398
1786,0.24874651810584958,0.06159014557670773
1787,0.2488857938718663,0.06155567991046446
1788,0.249025069637883,0.06152125279642058
1789,0.24916434540389973,0.06148686416992733
1790,0.24930362116991645,0.061452513966480445
1791,0.24944289693593313,0.06141820212171971
1792,0.24958217270194985,0.06138392857142857
1793,0.24972144846796657,0.06134969325153374
1794,0.24986072423398328,0.06131549609810479
1795,0.25,0.06183844011142061
1796,0.2501392757660167,0.06180400890868597
1797,0.25027855153203343,0.06176961602671119
1798,0.2504178272980501,0.06173526140155729
1799,0.25055710306406687,0.06170094496942746
1800,0.25069637883008355,0.06166666666666667
1801,0.2508356545961003,0.061632426429761245
1802,0.250974930362117,0.061598224195338516
1803,0.25111420612813373,0.06156405990016639
1804,0.2512534818941504,0.061529933481152994
1805,0.2513927576601671,0.06149584487534626
1806,0.25153203342618385,0.061461794019933555
1807,0.25167130919220054,0.061427780852241286
1808,0.2518105849582173,0.06139380530973451
1809,0.251949860724234,0.06135986733001658
1810,0.2520891364902507,0.06132596685082873
1811,0.2522284122562674,0.061292103810049695
1812,0.2523676880222841,0.061258278145695365
1813,0.25250696378830084,0.061224489795918366
1814,0.25264623955431753,0.061190738699007714
1815,0.2527855153203343,0.06115702479338843
1816,0.25292479108635096,0.06112334801762115
1817,0.2530640668523677,0.06108970831040176
1818,0.2532033426183844,0.06105610561056106
1819,0.25334261838440114,0.06102253985706432
1820,0.25348189415041783,0.06098901098901099
1821,0.2536211699164345,0.060955518945634266
1822,0.25376044568245126,0.06092206366630077
1823,0.25389972144846795,0.060888645090510146
1824,0.2540389972144847,0.06085526315789474
1825,0.2541782729805014,0.060821917808219175
1826,0.25431754874651813,0.06078860898138007
1827,0.2544568245125348,0.060755336617405585
1828,0.2545961002785515,0.06072210065645514
1829,0.25473537604456825,0.06068890103881903
1830,0.25487465181058494,0.060655737704918035
1831,0.2550139275766017,0.06062261059530311
1832,0.2551532033426184,0.060589519650655024
1833,0.2552924791086351,0.060556464811783964
1834,0.2554317548746518,0.06052344601962922
1835,0.25557103064066855,0.060490463215258854
1836,0.25571030640668524,0.06045751633986928
1837,0.25584958217270193,0.06042460533478498
1838,0.2559888579387187,0.06039173014145811
1839,0.25612813370473536,0.06035889070146819
1840,0.2562674094707521,0.06032608695652174
1841,0.2564066852367688,0.060293318848451925
1842,0.25654596100278554,0.06026058631921824
1843,0.2566852367688022,0.060227889310906134
1844,0.2568245125348189,0.06019522776572668
1845,0.25696378830083566,0.06016260162601626
1846,0.25710306406685235,0.06067172264355363
1847,0.2572423398328691,0.06063887384948565
1848,0.2573816155988858,0.06060606060606061
1849,0.2575208913649025,0.06057328285559762
1850,0.2576601671309192,0.06054054054054054
1851,0.25779944289693596,0.06050783360345759
1852,0.25793871866295265,0.06047516198704104
1853,0.25807799442896934,0.060442525634106854
1854,0.2582172701949861,0.06040992448759439
1855,0.25835654596100277,0.06037735849056604
1856,0.2584958217270195,0.0603448275862069
1857,0.2586350974930362,0.06085083467959074
1858,0.25877437325905295,0.06081808396124865
1859,0.25891364902506964,0.06078536847767617
1860,0.2590529247910863,0.06075268817204301
1861,0.25919220055710307,0.060720042987641054
1862,0.25933147632311976,0.06068743286788399
1863,0.2594707520891365,0.06065485775630703
1864,0.2596100278551532,0.06062231759656652
1865,0.25974930362116994,0.06058981233243968
1866,0.2598885793871866,0.060557341907824226
1867,0.26002785515320337,0.06052490626673808
1868,0.26016713091922006,0.06049250535331906
1869,0.26030640668523675,0.060460139111824504
1870,0.2604456824512535,0.06042780748663101
1871,0.2605849582172702,0.0603955104222341
1872,0.2607242339832869,0.060363247863247864
1873,0.2608635097493036,0.0603310197544047
1874,0.26100278551532036,0.06029882604055496
1875,0.26114206128133705,0.06026666666666667
1876,0.26128133704735373,0.06023454157782516
1877,0.2614206128133705,0.060735215769845495
1878,0.26155988857938717,0.06070287539936102
1879,0.2616991643454039,0.06067056945183608
1880,0.2618384401114206,0.06063829787234042
1881,0.26197771587743734,0.06113769271664009
1882,0.26211699164345403,0.06110520722635494
1883,0.2622562674094708,0.061072756240042485
1884,0.26239554317548747,0.061040339702760085
1885,0.26253481894150416,0.0610079575596817
1886,0.2626740947075209,0.06097560975609756
1887,0.2628133704735376,0.06094329623741388
1888,0.26295264623955433,0.06091101694915254
1889,0.263091922005571,0.06087877183695077
1890,0.26323119777158777,0.06084656084656084
1891,0.26337047353760445,0.060814383923849816
1892,0.26350974930362114,0.060782241014799156
1893,0.2636490250696379,0.06075013206550449
1894,0.2637883008356546,0.06071805702217529
1895,0.2639275766016713,0.06068601583113457
1896,0.264066852367688,0.06065400843881857
1897,0.26420612813370475,0.06062203479177649
1898,0.26434540389972144,0.06059009483667018
1899,0.2644846796657382,0.06055818852027383
1900,0.2646239554317549,0.060526315789473685
1901,0.26476323119777156,0.060494476591267755
1902,0.2649025069637883,0.06046267087276551
1903,0.265041782729805,0.0604308985811876
1904,0.26518105849582174,0.06039915966386555
1905,0.26532033426183843,0.06036745406824147
1906,0.2654596100278552,0.06033578174186779
1907,0.26559888579387186,0.06082852648138437
1908,0.26573816155988855,0.06079664570230608
1909,0.2658774373259053,0.060764798323729705
1910,0.266016713091922,0.060732984293193716
1911,0.26615598885793873,0.06070120355834641
1912,0.2662952646239554,0.060669456066945605
1913,0.26643454038997216,0.060637741766858336
1914,0.26657381615598885,0.06060606060606061
1915,0.2667130919220056,0.060574412532637074
1916,0.2668523676880223,0.060542797494780795
1917,0.266991643454039,0.0605112154407929
1918,0.2671309192200557,0.06047966631908238
1919,0.2672701949860724,0.06044815007816571
1920,0.26740947075208915,0.06041666666666667
1921,0.26754874651810584,0.06038521603331598
1922,0.2676880222841226,0.060353798126951096
1923,0.2678272980501393,0.06032241289651586
1924,0.26796657381615596,0.060291060291060294
1925,0.2681058495821727,0.06025974025974026
1926,0.2682451253481894,0.060228452751817235
1927,0.26838440111420614,0.06019719771665802
1928,0.26852367688022283,0.06016597510373444
1929,0.2686629526462396,0.06013478486262312
1930,0.26880222841225626,0.06010362694300518
1931,0.268941504178273,0.06007250129466598
1932,0.2690807799442897,0.06055900621118013
1933,0.2692200557103064,0.060527677185721676
1934,0.2693593314763231,0.060496380558428126
1935,0.2694986072423398,0.06046511627906977
1936,0.26963788300835656,0.06043388429752066
1937,0.26977715877437325,0.06040268456375839
1938,0.26991643454039,0.06037151702786378
1939,0.2700557103064067,0.06034038164002063
1940,0.27019498607242337,0.060309278350515465
1941,0.2703342618384401,0.06027820710973725
1942,0.2704735376044568,0.06024716786817714
1943,0.27061281337047355,0.0602161605764282
1944,0.27075208913649024,0.06018518518518518
1945,0.270891364902507,0.060668380462724936
1946,0.27103064066852367,0.06063720452209661
1947,0.2711699164345404,0.06060606060606061
1948,0.2713091922005571,0.060574948665297744
1949,0.2714484679665738,0.06054386865059005
1950,0.27158774373259054,0.06051282051282051
1951,0.2717270194986072,0.06099436186570989
1952,0.27186629526462397,0.06096311475409836
1953,0.27200557103064066,0.06093189964157706
1954,0.2721448467966574,0.0609007164790174
1955,0.2722841225626741,0.06086956521739131
1956,0.2724233983286908,0.06083844580777096
1957,0.2725626740947075,0.061318344404701075
1958,0.2727019498607242,0.06128702757916241
1959,0.27284122562674096,0.06125574272588055
1960,0.27298050139275765,0.061224489795918366
1961,0.2731197771587744,0.06119326874043855
1962,0.2732590529247911,0.06116207951070336
1963,0.2733983286908078,0.061130922058074376
1964,0.2735376044568245,0.06109979633401222
1965,0.2736768802228412,0.061068702290076333
1966,0.27381615598885795,0.061037639877924724
1967,0.27395543175487463,0.061006609049313675
1968,0.2740947075208914,0.06097560975609756
1969,0.27423398328690807,0.06094464195022854
1970,0.2743732590529248,0.06091370558375635
1971,0.2745125348189415,0.060882800608828
1972,0.27465181058495824,0.060851926977687626
1973,0.27479108635097493,0.060821084642676125
1974,0.2749303621169916,0.060790273556231005
1975,0.27506963788300837,0.060759493670886074
1976,0.27520891364902506,0.06072874493927125
1977,0.2753481894150418,0.06069802731411229
1978,0.2754874651810585,0.06066734074823053
1979,0.27562674094707523,0.0606366851945427
1980,0.2757660167130919,0.06060606060606061
1981,0.2759052924791086,0.06057546693589096
1982,0.27604456824512535,0.060544904137235116
1983,0.27618384401114204,0.060514372163388806
1984,0.2763231197771588,0.06048387096774194
1985,0.2764623955431755,0.060453400503778336
1986,0.2766016713091922,0.06092648539778449
1987,0.2767409470752089,0.06089582284851535
1988,0.27688022284122565,0.06086519114688129
1989,0.27701949860724234,0.06133735545500251
1990,0.27715877437325903,0.061306532663316586
1991,0.2772980501392758,0.06127574083375188
1992,0.27743732590529246,0.06124497991967871
1993,0.2775766016713092,0.061214249874560964
1994,0.2777158774373259,0.06118355065195587
1995,0.27785515320334264,0.061152882205513785
1996,0.27799442896935933,0.061122244488977955
1997,0.278133704735376,0.061091637456184275
1998,0.27827298050139276,0.06106106106106106
1999,0.27841225626740945,0.061030515257628815
2000,0.2785515320334262,0.061
2001,0.2786908077994429,0.06096951524237881
2002,0.27883008356545963,0.060939060939060936
2003,0.2789693593314763,0.06090863704443335
2004,0.27910863509749306,0.06087824351297405
2005,0.27924791086350975,0.06084788029925187
2006,0.27938718662952644,0.06081754735792622
2007,0.2795264623955432,0.060787244643746886
2008,0.2796657381615599,0.060756972111553786
2009,0.2798050139275766,0.06072672971627675
2010,0.2799442896935933,0.06069651741293532
2011,0.28008356545961005,0.06066633515663849
2012,0.28022284122562674,0.06063618290258449
2013,0.28036211699164343,0.06060606060606061
2014,0.2805013927576602,0.0605759682224429
2015,0.28064066852367686,0.06054590570719603
2016,0.2807799442896936,0.060515873015873016
2017,0.2809192200557103,0.06048587010411502
2018,0.28105849582172704,0.06045589692765114
2019,0.28119777158774373,0.06092124814264487
2020,0.28133704735376047,0.06089108910891089
2021,0.28147632311977716,0.06086095992083127
2022,0.28161559888579385,0.06083086053412463
2023,0.2817548746518106,0.060800790904597134
2024,0.2818941504178273,0.060770750988142296
2025,0.282033426183844,0.06074074074074074
2026,0.2821727019498607,0.06071076011846002
2027,0.28231197771587746,0.060680809077454365
2028,0.28245125348189415,0.060650887573964495
2029,0.28259052924791084,0.060620995564317395
2030,0.2827298050139276,0.061083743842364535
2031,0.28286908077994427,0.06154603643525357
2032,0.283008356545961,0.06200787401574803
2033,0.2831476323119777,0.061977373339891784
2034,0.28328690807799445,0.061946902654867256
2035,0.28342618384401114,0.06191646191646192
2036,0.2835654596100279,0.0618860510805501
2037,0.28370473537604457,0.061855670103092786
2038,0.28384401114206126,0.06182531894013739
2039,0.283983286908078,0.06179499754781756
2040,0.2841225626740947,0.061764705882352944
2041,0.28426183844011144,0.061734443900048994
2042,0.2844011142061281,0.062193927522037215
2043,0.28454038997214487,0.06216348507097406
2044,0.28467966573816156,0.062133072407045006
2045,0.28481894150417825,0.062102689486552565
2046,0.284958217270195,0.06207233626588465
2047,0.2850974930362117,0.06204201270151441
2048,0.2852367688022284,0.0625
2049,0.2853760445682451,0.06246949731576379
2050,0.28551532033426186,0.0624390243902439
2051,0.28565459610027855,0.062408581179912236
2052,0.2857938718662953,0.06286549707602339
2053,0.285933147632312,0.0628348757915246
2054,0.28607242339832867,0.06280428432327166
2055,0.2862116991643454,0.06277372262773723
2056,0.2863509749303621,0.0627431906614786
2057,0.28649025069637885,0.06271268838113758
2058,0.28662952646239553,0.06316812439261418
2059,0.2867688022284123,0.06313744536182612
2060,0.28690807799442897,0.06310679611650485
2061,0.28704735376044566,0.06307617661329452
2062,0.2871866295264624,0.06304558680892337
2063,0.2873259052924791,0.06301502666020359
2064,0.28746518105849583,0.06298449612403101
2065,0.2876044568245125,0.06295399515738499
2066,0.28774373259052927,0.06292352371732816
2067,0.28788300835654596,0.06289308176100629
2068,0.2880222841225627,0.06286266924564797
2069,0.2881615598885794,0.06283228612856452
2070,0.2883008356545961,0.06280193236714976
2071,0.2884401114206128,0.06277160791887977
2072,0.2885793871866295,0.06274131274131274
2073,0.28871866295264625,0.06271104679208876
2074,0.28885793871866294,0.0626808100289296
2075,0.2889972144846797,0.06265060240963856
2076,0.2891364902506964,0.0626204238921002
2077,0.28927576601671307,0.06259027443428021
2078,0.2894150417827298,0.06256015399422522
2079,0.2895543175487465,0.06253006253006253
2080,0.28969359331476324,0.0625
2081,0.28983286908077993,0.0624699663623258
2082,0.2899721448467967,0.06243996157540826
2083,0.29011142061281336,0.06240998559769563
2084,0.2902506963788301,0.06238003838771593
2085,0.2903899721448468,0.06235011990407674
2086,0.2905292479108635,0.062320230105465
2087,0.29066852367688023,0.06276952563488261
2088,0.2908077994428969,0.06273946360153257
2089,0.29094707520891366,0.0627094303494495
2090,0.29108635097493035,0.06267942583732057
2091,0.2912256267409471,0.062649450023912
2092,0.2913649025069638,0.06261950286806883
2093,0.2915041782729805,0.0630673674151935
2094,0.2916434540389972,0.06351480420248329
2095,0.2917827298050139,0.06348448687350836
2096,0.29192200557103065,0.06345419847328244
2097,0.29206128133704734,0.06342393896041965
2098,0.2922005571030641,0.06339370829361296
2099,0.2923398328690808,0.06336350643163412
2100,0.2924791086350975,0.06333333333333334
2101,0.2926183844011142,0.06330318895763921
2102,0.2927576601671309,0.06327307326355852
2103,0.29289693593314764,0.06324298621017593
2104,0.29303621169916433,0.06321292775665399
2105,0.2931754874651811,0.06318289786223277
2106,0.29331476323119776,0.06362773029439696
2107,0.2934540389972145,0.06359753203607024
2108,0.2935933147632312,0.0635673624288425
2109,0.2937325905292479,0.06353722143195828
2110,0.2938718662952646,0.06350710900473934
2111,0.2940111420612813,0.06347702510658455
2112,0.29415041782729806,0.0634469696969697
2113,0.29428969359331475,0.06341694273544723
2114,0.2944289693593315,0.06338694418164617
2115,0.2945682451253482,0.06335697399527186
2116,0.2947075208913649,0.06379962192816635
2117,0.2948467966573816,0.06376948512045347
2118,0.2949860724233983,0.06373937677053824
2119,0.29512534818941505,0.06418121755545068
2120,0.29526462395543174,0.06415094339622641
2121,0.2954038997214485,0.06412069778406412
2122,0.29554317548746517,0.0640904806786051
2123,0.2956824512534819,0.0645313235986811
2124,0.2958217270194986,0.06497175141242938
2125,0.29596100278551535,0.06494117647058824
2126,0.29610027855153204,0.06491063029162747
2127,0.2962395543175487,0.06488011283497884
2128,0.29637883008356547,0.06484962406015038
2129,0.29651810584958216,0.06481916392672617
2130,0.2966573816155989,0.0647887323943662
2131,0.2967966573816156,0.0647583294228062
2132,0.29693593314763234,0.0647279549718574
2133,0.297075208913649,0.06469760900140648
2134,0.2972144846796657,0.06466729147141519
2135,0.29735376044568246,0.06463700234192038
2136,0.29749303621169915,0.06460674157303371
2137,0.2976323119777159,0.0645765091249415
2138,0.2977715877437326,0.06501403180542563
2139,0.2979108635097493,0.06498363721365123
2140,0.298050139275766,0.06495327102803738
2141,0.29818941504178276,0.06492293320878094
2142,0.29832869080779945,0.06489262371615313
2143,0.29846796657381613,0.0648623425104993
2144,0.2986072423398329,0.0648320895522388
2145,0.29874651810584957,0.0648018648018648
2146,0.2988857938718663,0.06477166821994408
2147,0.299025069637883,0.0647414997671169
2148,0.29916434540389975,0.06471135940409684
2149,0.29930362116991643,0.06468124709167054
2150,0.2994428969359331,0.06465116279069767
2151,0.29958217270194987,0.06462110646211065
2152,0.29972144846796656,0.0645910780669145
2153,0.2998607242339833,0.06456107756618672
2154,0.3,0.06499535747446611
2155,0.30013927576601673,0.06496519721577726
2156,0.3002785515320334,0.06539888682745826
2157,0.30041782729805017,0.06536856745479833
2158,0.30055710306406686,0.06533827618164968
2159,0.30069637883008354,0.06530801296896711
2160,0.3008356545961003,0.06527777777777778
2161,0.300974930362117,0.06524757056918093
2162,0.3011142061281337,0.06521739130434782
2163,0.3012534818941504,0.06564956079519187
2164,0.30139275766016715,0.06561922365988909
2165,0.30153203342618384,0.06558891454965358
2166,0.30167130919220053,0.06555863342566944
2167,0.3018105849582173,0.06552838024919243
2168,0.30194986072423396,0.06549815498154982
2169,0.3020891364902507,0.06546795758414016
2170,0.3022284122562674,0.06543778801843318
2171,0.30236768802228414,0.0654076462459696
2172,0.30250696378830083,0.06537753222836096
2173,0.3026462395543176,0.06534744592728946
2174,0.30278551532033426,0.06531738730450783
2175,0.30292479108635095,0.06528735632183907
2176,0.3030640668523677,0.06525735294117647
2177,0.3032033426183844,0.06522737712448323
2178,0.30334261838440113,0.06519742883379247
2179,0.3034818941504178,0.06516750803120698
2180,0.30362116991643456,0.06513761467889909
2181,0.30376044568245125,0.0651077487391105
2182,0.30389972144846794,0.06507791017415215
2183,0.3040389972144847,0.06504809894640404
2184,0.3041782729805014,0.06501831501831502
2185,0.3043175487465181,0.06498855835240275
2186,0.3044568245125348,0.06495882891125343
2187,0.30459610027855155,0.06492912665752172
2188,0.30473537604456824,0.06535648994515539
2189,0.304874651810585,0.06532663316582915
2190,0.3050139275766017,0.06529680365296804
2191,0.30515320334261836,0.06526700136923778
2192,0.3052924791086351,0.06523722627737226
2193,0.3054317548746518,0.06520747834017328
2194,0.30557103064066854,0.06517775752051048
2195,0.30571030640668523,0.06514806378132118
2196,0.305849582172702,0.0651183970856102
2197,0.30598885793871866,0.0650887573964497
2198,0.30612813370473535,0.06505914467697907
2199,0.3062674094707521,0.06502955889040472
2200,0.3064066852367688,0.065
2201,0.3065459610027855,0.06497046796910495
2202,0.3066852367688022,0.06494096276112625
2203,0.30682451253481896,0.06536541080344985
2204,0.30696378830083565,0.06578947368421052
2205,0.3071030640668524,0.06575963718820861
2206,0.3072423398328691,0.0657298277425204
2207,0.30738161559888577,0.06570004531037607
2208,0.3075208913649025,0.06567028985507246
2209,0.3076601671309192,0.06564056133997284
2210,0.30779944289693595,0.0660633484162896
2211,0.30793871866295264,0.06603346901854365
2212,0.3080779944289694,0.06600361663652803
2213,0.30821727019498607,0.06597379123361952
2214,0.30835654596100276,0.06594399277326106
2215,0.3084958217270195,0.06591422121896162
2216,0.3086350974930362,0.06588447653429604
2217,0.30877437325905294,0.06585475868290483
2218,0.3089136490250696,0.06582506762849413
2219,0.30905292479108637,0.06579540333483551
2220,0.30919220055710306,0.06576576576576576
2221,0.3093314763231198,0.06573615488518686
2222,0.3094707520891365,0.06570657065706571
2223,0.3096100278551532,0.0656770130454341
2224,0.3097493036211699,0.06564748201438848
2225,0.3098885793871866,0.06561797752808989
2226,0.31002785515320336,0.06558849955076371
2227,0.31016713091922005,0.0655590480466996
2228,0.3103064066852368,0.06552962298025135
2229,0.3104456824512535,0.0655002243158367
2230,0.31058495821727017,0.06547085201793722
2231,0.3107242339832869,0.06544150605109816
2232,0.3108635097493036,0.06541218637992832
2233,0.31100278551532035,0.06583072100313479
2234,0.31114206128133703,0.06580125335720681
2235,0.3112813370473538,0.06577181208053691
2236,0.31142061281337047,0.06574239713774598
2237,0.3115598885793872,0.06616003576218149
2238,0.3116991643454039,0.06613047363717604
2239,0.3118384401114206,0.06610093791871371
2240,0.31197771587743733,0.06651785714285714
2241,0.312116991643454,0.06648817492190987
2242,0.31225626740947077,0.06645851917930419
2243,0.31239554317548746,0.0664288898796255
2244,0.3125348189415042,0.06639928698752229
2245,0.3126740947075209,0.06636971046770601
2246,0.3128133704735376,0.06634016028495103
2247,0.3129526462395543,0.06631063640409435
2248,0.313091922005571,0.06628113879003558
2249,0.31323119777158775,0.06625166740773678
2250,0.31337047353760444,0.06666666666666667
2251,0.3135097493036212,0.0670812972012439
2252,0.3136490250696379,0.06705150976909414
2253,0.3137883008356546,0.06702174877940524
2254,0.3139275766016713,0.06743566992014197
2255,0.314066852367688,0.06740576496674058
2256,0.31420612813370474,0.0673758865248227
2257,0.31434540389972143,0.06734603455914931
2258,0.3144846796657382,0.06731620903454384
2259,0.31462395543175486,0.06728640991589199
2260,0.3147632311977716,0.06725663716814159
2261,0.3149025069637883,0.06722689075630252
2262,0.315041782729805,0.0671971706454465
2263,0.31518105849582173,0.06716747680070703
2264,0.3153203342618384,0.06713780918727916
2265,0.31545961002785516,0.06710816777041943
2266,0.31559888579387185,0.06707855251544571
2267,0.3157381615598886,0.0670489633877371
2268,0.3158774373259053,0.06701940035273368
2269,0.31601671309192203,0.06698986337593654
2270,0.3161559888579387,0.06696035242290749
2271,0.3162952646239554,0.06693086745926904
2272,0.31643454038997215,0.06690140845070422
2273,0.31657381615598884,0.06687197536295644
2274,0.3167130919220056,0.06684256816182937
2275,0.3168523676880223,0.06681318681318682
2276,0.316991643454039,0.06678383128295255
2277,0.3171309192200557,0.06675450153711024
2278,0.3172701949860724,0.06672519754170325
2279,0.31740947075208914,0.06669591926283458
2280,0.31754874651810583,0.06666666666666667
2281,0.3176880222841226,0.06663743971942131
2282,0.31782729805013926,0.06660823838737949
2283,0.317966573816156,0.06657906263688129
2284,0.3181058495821727,0.06654991243432574
2285,0.31824512534818944,0.06652078774617068
2286,0.31838440111420613,0.06649168853893263
2287,0.3185236768802228,0.0664626147791867
2288,0.31866295264623956,0.06643356643356643
2289,0.31880222841225625,0.06684141546526867
2290,0.318941504178273,0.06681222707423581
2291,0.3190807799442897,0.06678306416412047
2292,0.3192200557103064,0.06719022687609075
2293,0.3193593314763231,0.06716092455298735
2294,0.31949860724233986,0.06713164777680906
2295,0.31963788300835655,0.06710239651416122
2296,0.31977715877437324,0.06707317073170732
2297,0.31991643454039,0.06704397039616891
2298,0.32005571030640667,0.0670147954743255
2299,0.3201949860724234,0.06698564593301436
2300,0.3203342618384401,0.06695652173913043
2301,0.32047353760445685,0.06692742285962625
2302,0.32061281337047354,0.06689834926151172
2303,0.3207520891364902,0.06730351715154147
2304,0.32089136490250697,0.06727430555555555
2305,0.32103064066852366,0.06724511930585683
2306,0.3211699164345404,0.06721595836947095
2307,0.3213091922005571,0.06762028608582575
2308,0.32144846796657384,0.06759098786828423
2309,0.3215877437325905,0.06756171502815071
2310,0.32172701949860727,0.06753246753246753
2311,0.32186629526462396,0.06750324534833406
2312,0.32200557103064065,0.06790657439446367
2313,0.3221448467966574,0.06787721573713791
2314,0.3222841225626741,0.06784788245462403
2315,0.3224233983286908,0.06781857451403887
2316,0.3225626740947075,0.06778929188255613
2317,0.32270194986072426,0.06776003452740613
2318,0.32284122562674095,0.06773080241587576
2319,0.32298050139275764,0.06770159551530833
2320,0.3231197771587744,0.06767241379310344
2321,0.32325905292479107,0.06764325721671693
2322,0.3233983286908078,0.06804478897502153
2323,0.3235376044568245,0.0680154972018941
2324,0.32367688022284125,0.06841652323580034
2325,0.32381615598885793,0.06838709677419355
2326,0.3239554317548747,0.06835769561478934
2327,0.32409470752089137,0.06832831972496776
2328,0.32423398328690806,0.06872852233676977
2329,0.3243732590529248,0.068699012451696
2330,0.3245125348189415,0.06866952789699571
2331,0.32465181058495823,0.06864006864006864
2332,0.3247910863509749,0.0686106346483705
2333,0.32493036211699167,0.06858122588941278
2334,0.32506963788300836,0.06855184233076264
2335,0.32520891364902504,0.06852248394004283
2336,0.3253481894150418,0.0684931506849315
2337,0.3254874651810585,0.06846384253316218
2338,0.3256267409470752,0.06843455945252352
2339,0.3257660167130919,0.06840530141085935
2340,0.32590529247910865,0.06837606837606838
2341,0.32604456824512534,0.06834686031610424
2342,0.3261838440111421,0.06874466268146882
2343,0.3263231197771588,0.068715322236449
2344,0.32646239554317547,0.06911262798634812
2345,0.3266016713091922,0.06908315565031983
2346,0.3267409470752089,0.06905370843989769
2347,0.32688022284122564,0.06902428632296549
2348,0.32701949860724233,0.06942078364565588
2349,0.3271587743732591,0.06939123031077055
2350,0.32729805013927576,0.06936170212765957
2351,0.32743732590529245,0.06933219906422798
2352,0.3275766016713092,0.06930272108843537
2353,0.3277158774373259,0.06927326816829579
2354,0.32785515320334263,0.06924384027187766
2355,0.3279944289693593,0.06921443736730361
2356,0.32813370473537606,0.06960950764006792
2357,0.32827298050139275,0.06957997454391175
2358,0.3284122562674095,0.06955046649703138
2359,0.3285515320334262,0.06994489190334888
2360,0.3286908077994429,0.06991525423728813
2361,0.3288300835654596,0.0698856416772554
2362,0.3289693593314763,0.07027942421676546
2363,0.32910863509749305,0.0702496826068557
2364,0.32924791086350974,0.07021996615905245
2365,0.3293871866295265,0.07019027484143764
2366,0.3295264623955432,0.07016060862214708
2367,0.32966573816155986,0.07013096746937052
2368,0.3298050139275766,0.07010135135135136
2369,0.3299442896935933,0.07007176023638666
2370,0.33008356545961004,0.070042194092827
2371,0.33022284122562673,0.07001265288907633
2372,0.3303621169916435,0.07040472175379427
2373,0.33050139275766016,0.07037505267593763
2374,0.3306406685236769,0.07034540859309182
2375,0.3307799442896936,0.0703157894736842
2376,0.3309192200557103,0.07028619528619529
2377,0.33105849582172703,0.0702566259991586
2378,0.3311977715877437,0.07022708158116064
2379,0.33133704735376046,0.0701975620008407
2380,0.33147632311977715,0.07016806722689076
2381,0.3316155988857939,0.07013859722805543
2382,0.3317548746518106,0.07052896725440806
2383,0.33189415041782727,0.07049937054133446
2384,0.332033426183844,0.07046979865771812
2385,0.3321727019498607,0.07044025157232704
2386,0.33231197771587745,0.07041072925398156
2387,0.33245125348189414,0.07038123167155426
2388,0.3325905292479109,0.07035175879396985
2389,0.33272980501392757,0.0703223105902051
2390,0.3328690807799443,0.07029288702928871
2391,0.333008356545961,0.07026348808030113
2392,0.3331476323119777,0.07023411371237458
2393,0.33328690807799444,0.07020476389469285
2394,0.3334261838440111,0.07017543859649122
2395,0.33356545961002787,0.07056367432150314
2396,0.33370473537604456,0.07053422370617696
2397,0.3338440111420613,0.07050479766374634
2398,0.333983286908078,0.07047539616346955
2399,0.3341225626740947,0.07044601917465611
2400,0.3342618384401114,0.07041666666666667
2401,0.3344011142061281,0.07038733860891296
2402,0.33454038997214486,0.07035803497085762
2403,0.33467966573816155,0.07032875572201415
2404,0.3348189415041783,0.07029950083194675
2405,0.334958217270195,0.07027027027027027
2406,0.3350974930362117,0.07024106400665005
2407,0.3352367688022284,0.07021188201080183
2408,0.3353760445682451,0.0701827242524917
2409,0.33551532033426185,0.0701535907015359
2410,0.33565459610027853,0.07012448132780083
2411,0.3357938718662953,0.07009539610120281
2412,0.33593314763231197,0.07048092868988391
2413,0.3360724233983287,0.07045171985080813
2414,0.3362116991643454,0.07042253521126761
2415,0.3363509749303621,0.07039337474120083
2416,0.33649025069637883,0.07036423841059603
2417,0.3366295264623955,0.0703351261894911
2418,0.33676880222841227,0.07030603804797353
2419,0.33690807799442896,0.07027697395618024
2420,0.3370473537604457,0.07024793388429752
2421,0.3371866295264624,0.07021891780256093
2422,0.33732590529247913,0.07018992568125516
2423,0.3374651810584958,0.070160957490714
2424,0.3376044568245125,0.07013201320132013
2425,0.33774373259052926,0.07010309278350516
2426,0.33788300835654594,0.07007419620774938
2427,0.3380222841225627,0.0700453234445818
2428,0.3381615598885794,0.0700164744645799
2429,0.3383008356545961,0.0699876492383697
2430,0.3384401114206128,0.06995884773662552
2431,0.3385793871866295,0.06993006993006994
2432,0.33871866295264624,0.06990131578947369
2433,0.33885793871866293,0.06987258528565557
2434,0.3389972144846797,0.06984387838948233
2435,0.33913649025069637,0.06981519507186858
2436,0.3392757660167131,0.07019704433497537
2437,0.3394150417827298,0.07057858022158392
2438,0.33955431754874654,0.07054963084495489
2439,0.33969359331476323,0.07093070930709307
2440,0.3398328690807799,0.0709016393442623
2441,0.33997214484679666,0.0708725931995084
2442,0.34011142061281335,0.07084357084357085
2443,0.3402506963788301,0.070814572247237
2444,0.3403899721448468,0.07119476268412439
2445,0.34052924791086353,0.07116564417177915
2446,0.3406685236768802,0.07113654946852004
2447,0.3408077994428969,0.07110747854515734
2448,0.34094707520891365,0.07107843137254902
2449,0.34108635097493034,0.07104940792160065
2450,0.3412256267409471,0.07102040816326531
2451,0.3413649025069638,0.07099143206854346
2452,0.3415041782729805,0.07137030995106036
2453,0.3416434540389972,0.07134121483897268
2454,0.34178272980501395,0.0713121434392828
2455,0.34192200557103064,0.07128309572301425
2456,0.34206128133704733,0.07125407166123779
2457,0.3422005571030641,0.07122507122507123
2458,0.34233983286908076,0.07119609438567942
2459,0.3424791086350975,0.0711671411142741
2460,0.3426183844011142,0.07113821138211382
2461,0.34275766016713094,0.07110930516050386
2462,0.34289693593314763,0.0710804224207961
2463,0.3430362116991644,0.07105156313438896
2464,0.34317548746518106,0.07102272727272728
2465,0.34331476323119775,0.07099391480730223
2466,0.3434540389972145,0.07096512570965126
2467,0.3435933147632312,0.07093635995135793
2468,0.34373259052924793,0.07090761750405186
2469,0.3438718662952646,0.07087889833940866
2470,0.34401114206128136,0.0708502024291498
2471,0.34415041782729805,0.0708215297450425
2472,0.34428969359331474,0.07079288025889968
2473,0.3444289693593315,0.07076425394257986
2474,0.34456824512534817,0.07073565076798706
2475,0.3447075208913649,0.0707070707070707
2476,0.3448467966573816,0.07067851373182553
2477,0.34498607242339835,0.07064997981429148
2478,0.34512534818941504,0.07062146892655367
2479,0.3452646239554318,0.07059298104074223
2480,0.34540389972144847,0.07056451612903226
2481,0.34554317548746516,0.07053607416364369
2482,0.3456824512534819,0.07050765511684126
2483,0.3458217270194986,0.07047925896093435
2484,0.34596100278551534,0.07045088566827697
2485,0.346100278551532,0.07082494969818913
2486,0.34623955431754877,0.07079646017699115
2487,0.34637883008356546,0.07076799356654603
2488,0.34651810584958215,0.0707395498392283
2489,0.3466573816155989,0.07071112896745681
2490,0.3467966573816156,0.07068273092369477
2491,0.3469359331476323,0.07105580088317945
2492,0.347075208913649,0.07102728731942215
2493,0.34721448467966576,0.07099879663056559
2494,0.34735376044568245,0.07137129109863673
2495,0.3474930362116992,0.07174348697394789
2496,0.3476323119777159,0.07171474358974358
2497,0.34777158774373257,0.07168602322787344
2498,0.3479108635097493,0.07165732586068856
2499,0.348050139275766,0.07162865146058424
2500,0.34818941504178275,0.072
2501,0.34832869080779943,0.07197121151539385
2502,0.3484679665738162,0.07194244604316546
2503,0.34860724233983287,0.07191370355573312
2504,0.34874651810584956,0.07188498402555911
2505,0.3488857938718663,0.0718562874251497
2506,0.349025069637883,0.07182761372705507
2507,0.34916434540389973,0.07179896290386917
2508,0.3493036211699164,0.07177033492822966
2509,0.34944289693593317,0.0721402949382224
2510,0.34958217270194986,0.07211155378486056
2511,0.3497214484679666,0.07208283552369574
2512,0.3498607242339833,0.07205414012738853
2513,0.35,0.07202546756864306
2514,0.3501392757660167,0.07199681782020684
2515,0.3502785515320334,0.07196819085487077
2516,0.35041782729805016,0.07233704292527822
2517,0.35055710306406684,0.0723083035359555
2518,0.3506963788300836,0.07227958697378872
2519,0.3508356545961003,0.07225089321159191
2520,0.35097493036211697,0.07222222222222222
2521,0.3511142061281337,0.07219357397857992
2522,0.3512534818941504,0.07216494845360824
2523,0.35139275766016714,0.07213634562029331
2524,0.35153203342618383,0.07210776545166403
2525,0.3516713091922006,0.07207920792079207
2526,0.35181058495821727,0.07244655581947744
2527,0.351949860724234,0.07241788682231895
2528,0.3520891364902507,0.07238924050632911
2529,0.3522284122562674,0.07275603005140371
2530,0.35236768802228413,0.07272727272727272
2531,0.3525069637883008,0.07269853812722245
2532,0.35264623955431756,0.07266982622432859
2533,0.35278551532033425,0.07264113699170943
2534,0.352924791086351,0.07261247040252565
2535,0.3530640668523677,0.07258382642998028
2536,0.3532033426183844,0.07255520504731862
2537,0.3533426183844011,0.07292077256602286
2538,0.3534818941504178,0.07289204097714735
2539,0.35362116991643455,0.07286333202048051
2540,0.35376044568245124,0.07283464566929133
2541,0.353899721448468,0.07280598189689098
2542,0.3540389972144847,0.07277734067663258
2543,0.3541782729805014,0.07274872198191112
2544,0.3543175487465181,0.07272012578616352
2545,0.3544568245125348,0.07269155206286837
2546,0.35459610027855154,0.07266300078554595
2547,0.35473537604456823,0.07263447192775814
2548,0.354874651810585,0.07299843014128729
2549,0.35501392757660166,0.07296979207532366
2550,0.3551532033426184,0.07294117647058823
2551,0.3552924791086351,0.07291258330066641
2552,0.3554317548746518,0.07327586206896551
2553,0.35557103064066853,0.07324716020368194
2554,0.3557103064066852,0.07321848081440877
2555,0.35584958217270196,0.07318982387475538
2556,0.35598885793871865,0.07316118935837246
2557,0.3561281337047354,0.07313257723895189
2558,0.3562674094707521,0.07310398749022674
2559,0.3564066852367688,0.07307542008597108
2560,0.3565459610027855,0.073046875
2561,0.3566852367688022,0.07340882467786021
2562,0.35682451253481895,0.07377049180327869
2563,0.35696378830083564,0.07374170893484198
2564,0.3571030640668524,0.07410296411856475
2565,0.35724233983286907,0.07407407407407407
2566,0.3573816155988858,0.07443491816056118
2567,0.3575208913649025,0.07479548110634983
2568,0.3576601671309192,0.07476635514018691
2569,0.35779944289693594,0.07473725184896847
2570,0.3579387186629526,0.07470817120622568
2571,0.35807799442896937,0.0750680669000389
2572,0.35821727019498606,0.0750388802488336
2573,0.3583565459610028,0.07500971628449281
2574,0.3584958217270195,0.07498057498057498
2575,0.35863509749303624,0.07533980582524272
2576,0.3587743732590529,0.07569875776397515
2577,0.3589136490250696,0.07566938300349244
2578,0.35905292479108636,0.07564003103180761
2579,0.35919220055710305,0.07599844901124467
2580,0.3593314763231198,0.07596899224806201
2581,0.3594707520891365,0.07593955831073228
2582,0.3596100278551532,0.07591014717273431
2583,0.3597493036211699,0.07588075880758807
2584,0.3598885793871866,0.07585139318885449
2585,0.36002785515320335,0.07582205029013539
2586,0.36016713091922004,0.07579273008507348
2587,0.3603064066852368,0.07576343254735214
2588,0.36044568245125347,0.07573415765069552
2589,0.3605849582172702,0.07570490536886829
2590,0.3607242339832869,0.07567567567567568
2591,0.36086350974930365,0.07564646854496333
2592,0.36100278551532033,0.07561728395061729
2593,0.361142061281337,0.0759737755495565
2594,0.36128133704735377,0.07594448727833462
2595,0.36142061281337046,0.07591522157996146
2596,0.3615598885793872,0.0758859784283513
2597,0.3616991643454039,0.07585675779745861
2598,0.36183844011142063,0.07582755966127791
2599,0.3619777158774373,0.07579838399384378
2600,0.362116991643454,0.07576923076923077
2601,0.36225626740947076,0.07574009996155324
2602,0.36239554317548744,0.07571099154496541
2603,0.3625348189415042,0.07568190549366116
2604,0.3626740947075209,0.07565284178187404
2605,0.3628133704735376,0.07600767754318619
2606,0.3629526462395543,0.07597851112816577
2607,0.36309192200557106,0.0759493670886076
2608,0.36323119777158774,0.07592024539877301
2609,0.36337047353760443,0.07589114603296282
2610,0.3635097493036212,0.07624521072796935
2611,0.36364902506963787,0.0762160091918805
2612,0.3637883008356546,0.07618683001531394
2613,0.3639275766016713,0.07615767317259854
2614,0.36406685236768804,0.07651109410864575
2615,0.36420612813370473,0.07648183556405354
2616,0.3643454038997215,0.0764525993883792
2617,0.36448467966573816,0.07642338555598013
2618,0.36462395543175485,0.07639419404125286
2619,0.3647632311977716,0.07674684994272624
2620,0.3649025069637883,0.0767175572519084
2621,0.36504178272980503,0.07668828691339183
2622,0.3651810584958217,0.07665903890160183
2623,0.36532033426183846,0.07662981319100266
2624,0.36545961002785515,0.07660060975609756
2625,0.36559888579387184,0.07657142857142857
2626,0.3657381615598886,0.07692307692307693
2627,0.3658774373259053,0.07689379520365436
2628,0.366016713091922,0.07686453576864535
2629,0.3661559888579387,0.07683529859262077
2630,0.36629526462395545,0.07680608365019011
2631,0.36643454038997214,0.07677689091600153
2632,0.3665738161559889,0.07674772036474165
2633,0.3667130919220056,0.07709836688188378
2634,0.36685236768802226,0.07706909643128322
2635,0.366991643454039,0.07703984819734346
2636,0.3671309192200557,0.07701062215477997
2637,0.36727019498607244,0.0769814182783466
2638,0.36740947075208913,0.07695223654283548
2639,0.3675487465181059,0.07692307692307693
2640,0.36768802228412256,0.07689393939393939
2641,0.36782729805013925,0.07686482393032942
2642,0.367966573816156,0.07683573050719152
2643,0.3681058495821727,0.07680665909950814
2644,0.36824512534818943,0.07677760968229955
2645,0.3683844011142061,0.07674858223062382
2646,0.36852367688022286,0.07671957671957672
2647,0.36866295264623955,0.07669059312429165
2648,0.3688022284122563,0.07666163141993958
2649,0.368941504178273,0.07663269158172896
2650,0.36908077994428967,0.07660377358490567
2651,0.3692200557103064,0.07657487740475293
2652,0.3693593314763231,0.07654600301659126
2653,0.36949860724233985,0.07651715039577836
2654,0.36963788300835654,0.07686510926902788
2655,0.3697771587743733,0.0768361581920904
2656,0.36991643454038997,0.07680722891566265
2657,0.37005571030640666,0.07677832141512984
2658,0.3701949860724234,0.07674943566591422
2659,0.3703342618384401,0.076720571643475
2660,0.37047353760445684,0.07706766917293233
2661,0.3706128133704735,0.07703870725291244
2662,0.37075208913649027,0.07700976709241172
2663,0.37089136490250696,0.07698084866691701
2664,0.3710306406685237,0.07695195195195195
2665,0.3711699164345404,0.07692307692307693
2666,0.3713091922005571,0.07689422355588897
2667,0.3714484679665738,0.07686539182602174
2668,0.3715877437325905,0.07683658170914542
2669,0.37172701949860726,0.07680779318096666
2670,0.37186629526462395,0.07677902621722846
2671,0.3720055710306407,0.07675028079371023
2672,0.3721448467966574,0.07672155688622755
2673,0.37228412256267407,0.07669285447063225
2674,0.3724233983286908,0.07703814510097233
2675,0.3725626740947075,0.07700934579439252
2676,0.37270194986072425,0.07698056801195814
2677,0.37284122562674094,0.076951811729548
2678,0.3729805013927577,0.07692307692307693
2679,0.37311977715877437,0.0768943635684957
2680,0.3732590529247911,0.07686567164179105
2681,0.3733983286908078,0.07683700111898545
2682,0.3735376044568245,0.07680835197613721
2683,0.37367688022284123,0.07677972418934029
2684,0.3738161559888579,0.07675111773472429
2685,0.37395543175487467,0.07672253258845438
2686,0.37409470752089136,0.0766939687267312
2687,0.3742339832869081,0.07666542612579084
2688,0.3743732590529248,0.07663690476190477
2689,0.3745125348189415,0.0766084046113797
2690,0.3746518105849582,0.07657992565055761
2691,0.3747910863509749,0.07692307692307693
2692,0.37493036211699166,0.07726597325408618
2693,0.37506963788300834,0.07760861492759005
2694,0.3752089136490251,0.07757980697847068
2695,0.3753481894150418,0.07755102040816327
2696,0.3754874651810585,0.07752225519287834
2697,0.3756267409470752,0.0774935113088617
2698,0.3757660167130919,0.07746478873239436
2699,0.37590529247910864,0.07743608743979252
2700,0.37604456824512533,0.07740740740740741
2701,0.3761838440111421,0.07737874861162532
2702,0.37632311977715877,0.0773501110288675
2703,0.3764623955431755,0.07732149463559009
2704,0.3766016713091922,0.07729289940828403
2705,0.3767409470752089,0.07726432532347505
2706,0.37688022284122563,0.07723577235772358
2707,0.3770194986072423,0.07720724048762467
2708,0.37715877437325906,0.0775480059084195
2709,0.37729805013927575,0.07751937984496124
2710,0.3774373259052925,0.07749077490774908
2711,0.3775766016713092,0.07746219107340464
2712,0.37771587743732593,0.07743362831858407
2713,0.3778551532033426,0.07740508661997789
2714,0.3779944289693593,0.07737656595431099
2715,0.37813370473537605,0.07734806629834254
2716,0.37827298050139274,0.07731958762886598
2717,0.3784122562674095,0.07729112992270887
2718,0.3785515320334262,0.0772626931567329
2719,0.3786908077994429,0.07723427730783376
2720,0.3788300835654596,0.07720588235294118
2721,0.3789693593314763,0.07717750826901874
2722,0.37910863509749304,0.07714915503306392
2723,0.37924791086350973,0.07748806463459419
2724,0.3793871866295265,0.07745961820851689
2725,0.37952646239554316,0.07779816513761467
2726,0.3796657381615599,0.07776962582538519
2727,0.3798050139275766,0.0781078107810781
2728,0.37994428969359334,0.0780791788856305
2729,0.38008356545961003,0.07805056797361672
2730,0.3802228412256267,0.07802197802197802
2731,0.38036211699164346,0.07799340900768949
2732,0.38050139275766015,0.07796486090775988
2733,0.3806406685236769,0.07793633369923161
2734,0.3807799442896936,0.07790782735918068
2735,0.38091922005571033,0.07787934186471664
2736,0.381058495821727,0.07785087719298246
2737,0.3811977715877437,0.07782243332115454
2738,0.38133704735376045,0.07779401022644265
2739,0.38147632311977714,0.07776560788608981
2740,0.3816155988857939,0.07773722627737226
2741,0.38175487465181057,0.07770886537759941
2742,0.3818941504178273,0.07768052516411379
2743,0.382033426183844,0.07765220561429093
2744,0.38217270194986075,0.07762390670553936
2745,0.38231197771587744,0.07759562841530054
2746,0.3824512534818941,0.0775673707210488
2747,0.38259052924791087,0.07753913360029123
2748,0.38272980501392756,0.07751091703056769
2749,0.3828690807799443,0.0774827209894507
2750,0.383008356545961,0.07745454545454546
2751,0.38314763231197774,0.07742639040348964
2752,0.3832869080779944,0.07739825581395349
2753,0.3834261838440111,0.07737014166363966
2754,0.38356545961002786,0.07734204793028322
2755,0.38370473537604455,0.07767695099818511
2756,0.3838440111420613,0.07764876632801161
2757,0.383983286908078,0.07762060210373595
2758,0.3841225626740947,0.0775924583031182
2759,0.3842618384401114,0.0775643349039507
2760,0.38440111420612816,0.07753623188405798
2761,0.38454038997214485,0.07750814922129663
2762,0.38467966573816154,0.0774800868935554
2763,0.3848189415041783,0.07745204487875498
2764,0.38495821727019497,0.07742402315484805
2765,0.3850974930362117,0.07739602169981917
2766,0.3852367688022284,0.07736804049168475
2767,0.38537604456824515,0.07734007950849295
2768,0.38551532033426184,0.0773121387283237
2769,0.3856545961002785,0.07728421812928855
2770,0.38579387186629527,0.07725631768953069
2771,0.38593314763231196,0.07722843738722483
2772,0.3860724233983287,0.0772005772005772
2773,0.3862116991643454,0.07717273710782546
2774,0.38635097493036213,0.07714491708723864
2775,0.3864902506963788,0.07711711711711712
2776,0.38662952646239557,0.07708933717579251
2777,0.38676880222841226,0.07706157724162765
2778,0.38690807799442894,0.07703383729301656
2779,0.3870473537604457,0.07700611730838432
2780,0.3871866295264624,0.07697841726618705
2781,0.3873259052924791,0.07731032002876663
2782,0.3874651810584958,0.07728253055355859
2783,0.38760445682451256,0.07725476104922745
2784,0.38774373259052924,0.07758620689655173
2785,0.387883008356546,0.07755834829443448
2786,0.3880222841225627,0.07753050969131371
2787,0.38816155988857937,0.077502691065662
2788,0.3883008356545961,0.07747489239598278
2789,0.3884401114206128,0.07744711366081032
2790,0.38857938718662954,0.07741935483870968
2791,0.38871866295264623,0.0773916159082766
2792,0.388857938718663,0.07736389684813753
2793,0.38899721448467967,0.07733619763694952
2794,0.38913649025069635,0.07730851825340014
2795,0.3892757660167131,0.07728085867620751
2796,0.3894150417827298,0.07725321888412018
2797,0.38955431754874653,0.07722559885591705
2798,0.3896935933147632,0.07755539671193709
2799,0.38983286908077996,0.07788495891389782
2800,0.38997214484679665,0.07785714285714286
2801,0.3901114206128134,0.07818636201356659
2802,0.3902506963788301,0.07851534618129907
2803,0.3903899721448468,0.0784873349982162
2804,0.3905292479108635,0.07845934379457917
2805,0.3906685236768802,0.07878787878787878
2806,0.39080779944289695,0.07875980042765503
2807,0.39094707520891364,0.07873174207338796
2808,0.3910863509749304,0.0787037037037037
2809,0.3912256267409471,0.07867568529725881
2810,0.39136490250696376,0.07900355871886121
2811,0.3915041782729805,0.07897545357524013
2812,0.3916434540389972,0.07894736842105263
2813,0.39178272980501394,0.07927479559189478
2814,0.39192200557103063,0.07924662402274342
2815,0.3920612813370474,0.07921847246891651
2816,0.39220055710306406,0.07919034090909091
2817,0.3923398328690808,0.07916222932197373
2818,0.3924791086350975,0.07913413768630234
2819,0.3926183844011142,0.07910606598084427
2820,0.39275766016713093,0.07907801418439717
2821,0.3928969359331476,0.0794044665012407
2822,0.39303621169916436,0.07937632884479093
2823,0.39317548746518105,0.07934821112291889
2824,0.3933147632311978,0.07932011331444759
2825,0.3934540389972145,0.07929203539823008
2826,0.3935933147632312,0.07926397735314933
2827,0.3937325905292479,0.07923593915811815
2828,0.3938718662952646,0.07920792079207921
2829,0.39401114206128135,0.07917992223400495
2830,0.39415041782729804,0.07915194346289753
2831,0.3942896935933148,0.07947721653126104
2832,0.39442896935933147,0.07944915254237288
2833,0.3945682451253482,0.07942110836569008
2834,0.3947075208913649,0.07939308398023995
2835,0.3948467966573816,0.07971781305114639
2836,0.39498607242339834,0.07968970380818054
2837,0.395125348189415,0.07966161438138879
2838,0.39526462395543177,0.07963354474982381
2839,0.39540389972144846,0.07960549489256781
2840,0.3955431754874652,0.07992957746478874
2841,0.3956824512534819,0.07990144315381907
2842,0.3958217270194986,0.07987332864180155
2843,0.3959610027855153,0.07984523390784383
2844,0.396100278551532,0.07981715893108299
2845,0.39623955431754876,0.07978910369068541
2846,0.39637883008356545,0.0797610681658468
2847,0.3965181058495822,0.07973305233579206
2848,0.3966573816155989,0.07970505617977527
2849,0.3967966573816156,0.07967707967707968
2850,0.3969359331476323,0.07964912280701754
2851,0.397075208913649,0.0796211855489302
2852,0.39721448467966575,0.07959326788218794
2853,0.39735376044568244,0.07991587802313355
2854,0.3974930362116992,0.07988787666433077
2855,0.39763231197771587,0.07985989492119089
2856,0.3977715877437326,0.07983193277310924
2857,0.3979108635097493,0.07980399019950997
2858,0.398050139275766,0.07977606717984605
2859,0.39818941504178273,0.07974816369359916
2860,0.3983286908077994,0.08006993006993007
2861,0.39846796657381617,0.0800419433764418
2862,0.39860724233983286,0.08001397624039133
2863,0.3987465181058496,0.07998602864128536
2864,0.3988857938718663,0.07995810055865922
2865,0.39902506963788303,0.07993019197207679
2866,0.3991643454038997,0.08025122121423586
2867,0.3993036211699164,0.08022322985699337
2868,0.39944289693593316,0.08054393305439331
2869,0.39958217270194984,0.08051585918438481
2870,0.3997214484679666,0.08048780487804878
2871,0.3998607242339833,0.08045977011494253
2872,0.4,0.0807799442896936
2873,0.4001392757660167,0.0807518273581622
2874,0.4002785515320334,0.08072372999304106
2875,0.40041782729805014,0.08104347826086956
2876,0.40055710306406683,0.0810152990264256
2877,0.4006963788300836,0.08098713938129996
2878,0.40083565459610027,0.08095899930507297
2879,0.400974930362117,0.08093087877735325
2880,0.4011142061281337,0.08125
2881,0.40125348189415044,0.08122179798681013
2882,0.40139275766016713,0.08119361554476058
2883,0.4015320334261838,0.08116545265348596
2884,0.40167130919220057,0.0811373092926491
2885,0.40181058495821725,0.08145580589254767
2886,0.401949860724234,0.08177408177408177
2887,0.4020891364902507,0.08174575684101143
2888,0.40222841225626743,0.0817174515235457
2889,0.4023676880222841,0.08203530633437175
2890,0.4025069637883008,0.08200692041522491
2891,0.40264623955431755,0.08197855413351782
2892,0.40278551532033424,0.08229598893499308
2893,0.402924791086351,0.08226754234358798
2894,0.4030640668523677,0.08223911541119558
2895,0.4032033426183844,0.08221070811744387
2896,0.4033426183844011,0.08218232044198895
2897,0.40348189415041785,0.0824991370383155
2898,0.40362116991643454,0.08247066942719117
2899,0.40376044568245123,0.08244222145567437
2900,0.403899721448468,0.08241379310344828
2901,0.40403899721448466,0.08238538435022406
2902,0.4041782729805014,0.08235699517574087
2903,0.4043175487465181,0.08232862555976576
2904,0.40445682451253484,0.08230027548209366
2905,0.40459610027855153,0.08261617900172118
2906,0.4047353760445682,0.08258774948382656
2907,0.40487465181058496,0.0825593395252838
2908,0.40501392757660165,0.08253094910591471
2909,0.4051532033426184,0.08250257820556893
2910,0.4052924791086351,0.08247422680412371
2911,0.40543175487465183,0.08244589488148403
2912,0.4055710306406685,0.08241758241758242
2913,0.40571030640668526,0.08273257809818058
2914,0.40584958217270195,0.08270418668496911
2915,0.40598885793871864,0.0830188679245283
2916,0.4061281337047354,0.08299039780521263
2917,0.40626740947075207,0.0829619472060336
2918,0.4064066852367688,0.08293351610692255
2919,0.4065459610027855,0.0829051044878383
2920,0.40668523676880225,0.08321917808219179
2921,0.40682451253481894,0.08319068812050667
2922,0.4069637883008356,0.08350444900752908
2923,0.40710306406685237,0.08347588094423537
2924,0.40724233983286906,0.08344733242134063
2925,0.4073816155988858,0.08341880341880342
2926,0.4075208913649025,0.08339029391660971
2927,0.40766016713091924,0.08336180389477281
2928,0.4077994428969359,0.08367486338797814
2929,0.40793871866295267,0.08364629566404916
2930,0.40807799442896936,0.08361774744027303
2931,0.40821727019498605,0.08393039918116683
2932,0.4083565459610028,0.08424283765347886
2933,0.4084958217270195,0.08421411524036822
2934,0.4086350974930362,0.0841854124062713
2935,0.4087743732590529,0.08415672913117547
2936,0.40891364902506966,0.08412806539509536
2937,0.40905292479108635,0.08409942117807287
2938,0.4091922005571031,0.08441116405718176
2939,0.4093314763231198,0.0843824430078258
2940,0.40947075208913647,0.08469387755102041
2941,0.4096100278551532,0.08500510030601836
2942,0.4097493036211699,0.08531611148878314
2943,0.40988857938718665,0.08528712198436969
2944,0.41002785515320334,0.08525815217391304
2945,0.4101671309192201,0.08522920203735145
2946,0.41030640668523677,0.08520027155465038
2947,0.41044568245125346,0.08517136070580252
2948,0.4105849582172702,0.08514246947082768
2949,0.4107242339832869,0.0851135978297728
2950,0.41086350974930363,0.08508474576271187
2951,0.4110027855153203,0.08505591324974585
2952,0.41114206128133707,0.08536585365853659
2953,0.41128133704735376,0.08533694547917373
2954,0.4114206128133705,0.08530805687203792
2955,0.4115598885793872,0.0856175972927242
2956,0.4116991643454039,0.08558863328822733
2957,0.4118384401114206,0.08589786946229286
2958,0.4119777158774373,0.08620689655172414
2959,0.41211699164345406,0.0861777627576884
2960,0.41225626740947074,0.08648648648648649
2961,0.4123955431754875,0.08645727794663965
2962,0.4125348189415042,0.08642808912896692
2963,0.41267409470752087,0.08639892001349983
2964,0.4128133704735376,0.08636977058029689
2965,0.4129526462395543,0.08634064080944351
2966,0.41309192200557104,0.08631153068105192
2967,0.41323119777158773,0.08628244017526121
2968,0.4133704735376045,0.0862533692722372
2969,0.41350974930362117,0.08622431795217245
2970,0.4136490250696379,0.0861952861952862
2971,0.4137883008356546,0.0861662739818243
2972,0.4139275766016713,0.08647375504710633
2973,0.41406685236768803,0.08644466868483014
2974,0.4142061281337047,0.08641560188298587
2975,0.41434540389972147,0.08672268907563026
2976,0.41448467966573815,0.08669354838709678
2977,0.4146239554317549,0.08700033590863285
2978,0.4147632311977716,0.08730691739422432
2979,0.4149025069637883,0.0872776099362202
2980,0.415041782729805,0.087248322147651
2981,0.4151810584958217,0.0872190540087219
2982,0.41532033426183845,0.0875251509054326
2983,0.41545961002785514,0.08749580958766343
2984,0.4155988857938719,0.08780160857908847
2985,0.4157381615598886,0.088107202680067
2986,0.4158774373259053,0.08807769591426658
2987,0.416016713091922,0.08804820890525611
2988,0.4161559888579387,0.08801874163319946
2989,0.41629526462395544,0.08798929407828705
2990,0.41643454038997213,0.08795986622073579
2991,0.4165738161559889,0.08793045804078903
2992,0.41671309192200556,0.08790106951871658
2993,0.4168523676880223,0.08787170063481457
2994,0.416991643454039,0.08817635270541083
2995,0.4171309192200557,0.08848080133555926
2996,0.41727019498607243,0.08845126835781042
2997,0.4174094707520891,0.08842175508842176
2998,0.41754874651810586,0.08839226150767178
2999,0.41768802228412255,0.08836278759586529
3000,0.4178272980501393,0.08866666666666667
3001,0.417966573816156,0.08863712095968011
3002,0.41810584958217273,0.08860759493670886
3003,0.4182451253481894,0.08857808857808858
3004,0.4183844011142061,0.0888814913448735
3005,0.41852367688022285,0.08885191347753743
3006,0.41866295264623954,0.08882235528942116
3007,0.4188022284122563,0.08912537412703692
3008,0.41894150417827297,0.08942819148936171
3009,0.4190807799442897,0.08939847125290794
3010,0.4192200557103064,0.0893687707641196
3011,0.4193593314763231,0.08933909000332116
3012,0.41949860724233984,0.08964143426294821
3013,0.4196378830083565,0.0899435778294059
3014,0.41977715877437327,0.0902455209024552
3015,0.41991643454038996,0.09021558872305141
3016,0.4200557103064067,0.09018567639257294
3017,0.4201949860724234,0.09015578389128273
3018,0.42033426183844014,0.09012591119946985
3019,0.4204735376044568,0.09009605829744949
3020,0.4206128133704735,0.09006622516556291
3021,0.42075208913649026,0.09003641178417743
3022,0.42089136490250695,0.0900066181336863
3023,0.4210306406685237,0.08997684419450877
3024,0.4211699164345404,0.08994708994708994
3025,0.4213091922005571,0.08991735537190082
3026,0.4214484679665738,0.0898876404494382
3027,0.4215877437325905,0.08985794516022465
3028,0.42172701949860725,0.08982826948480846
3029,0.42186629526462394,0.08979861340376362
3030,0.4220055710306407,0.0900990099009901
3031,0.42214484679665737,0.09006928406466513
3032,0.4222841225626741,0.09003957783641162
3033,0.4224233983286908,0.09000989119683482
3034,0.42256267409470755,0.08998022412656559
3035,0.42270194986072424,0.0899505766062603
3036,0.4228412256267409,0.08992094861660078
3037,0.42298050139275767,0.09022061244649325
3038,0.42311977715877436,0.0901909150757077
3039,0.4232590529247911,0.0901612372490951
3040,0.4233983286908078,0.09013157894736842
3041,0.42353760445682453,0.09010194015126603
3042,0.4236768802228412,0.09007232084155162
3043,0.4238161559888579,0.09004272099901413
3044,0.42395543175487466,0.0900131406044678
3045,0.42409470752089135,0.08998357963875206
3046,0.4242339832869081,0.08995403808273145
3047,0.4243732590529248,0.0899245159172957
3048,0.4245125348189415,0.08989501312335958
3049,0.4246518105849582,0.0898655296818629
3050,0.42479108635097496,0.0898360655737705
3051,0.42493036211699164,0.08980662078007211
3052,0.42506963788300833,0.08977719528178243
3053,0.4252089136490251,0.08974778905994105
3054,0.42534818941504177,0.09004584151931892
3055,0.4254874651810585,0.09001636661211129
3056,0.4256267409470752,0.0899869109947644
3057,0.42576601671309194,0.08995747464834805
3058,0.42590529247910863,0.08992805755395683
3059,0.4260445682451253,0.08989865969271003
3060,0.42618384401114207,0.09019607843137255
3061,0.42632311977715875,0.09016661221822933
3062,0.4264623955431755,0.09013716525146963
3063,0.4266016713091922,0.0901077375122429
3064,0.42674094707520893,0.09007832898172324
3065,0.4268802228412256,0.0900489396411093
3066,0.42701949860724236,0.09001956947162426
3067,0.42715877437325905,0.08999021845451581
3068,0.42729805013927574,0.08996088657105607
3069,0.4274373259052925,0.08993157380254155
3070,0.4275766016713092,0.09022801302931596
3071,0.4277158774373259,0.09019863236730706
3072,0.4278551532033426,0.09016927083333333
3073,0.42799442896935935,0.09013992840872112
3074,0.42813370473537604,0.0904359141184125
3075,0.42827298050139273,0.09040650406504065
3076,0.4284122562674095,0.09037711313394019
3077,0.42855153203342616,0.09034774130646733
3078,0.4286908077994429,0.0903183885640026
3079,0.4288300835654596,0.09028905488795064
3080,0.42896935933147634,0.09025974025974026
3081,0.42910863509749303,0.0902304446608244
3082,0.4292479108635098,0.09020116807268008
3083,0.42938718662952646,0.09017191047680831
3084,0.42952646239554315,0.09014267185473411
3085,0.4296657381615599,0.09043760129659643
3086,0.4298050139275766,0.09040829552819184
3087,0.42994428969359333,0.09037900874635568
3088,0.43008356545961,0.09034974093264249
3089,0.43022284122562676,0.09032049206863063
3090,0.43036211699164345,0.09029126213592233
3091,0.43050139275766014,0.09026205111614365
3092,0.4306406685236769,0.09023285899094437
3093,0.4307799442896936,0.09052699644358228
3094,0.4309192200557103,0.09082094376212023
3095,0.431058495821727,0.09111470113085622
3096,0.43119777158774375,0.09108527131782945
3097,0.43133704735376044,0.09105586051017113
3098,0.4314763231197772,0.09102646868947709
3099,0.43161559888579387,0.09131978057437883
3100,0.43175487465181056,0.09161290322580645
3101,0.4318941504178273,0.09158336020638504
3102,0.432033426183844,0.09187620889748549
3103,0.43217270194986074,0.09184660006445375
3104,0.4323119777158774,0.09181701030927836
3105,0.43245125348189417,0.09178743961352658
3106,0.43259052924791086,0.09175788795878943
3107,0.4327298050139276,0.0917283553266817
3108,0.4328690807799443,0.0916988416988417
3109,0.433008356545961,0.09166934705693149
3110,0.4331476323119777,0.09196141479099679
3111,0.4332869080779944,0.09225329476052717
3112,0.43342618384401116,0.09222365038560411
3113,0.43356545961002785,0.09219402505621586
3114,0.4337047353760446,0.09216441875401413
3115,0.4338440111420613,0.09213483146067415
3116,0.43398328690807797,0.09210526315789473
3117,0.4341225626740947,0.09207571382739814
3118,0.4342618384401114,0.09204618345093009
3119,0.43440111420612815,0.0920166720102597
3120,0.43454038997214484,0.0919871794871795
3121,0.4346796657381616,0.09195770586350528
3122,0.43481894150417827,0.09224855861627163
3123,0.434958217270195,0.0925392251040666
3124,0.4350974930362117,0.09250960307298335
3125,0.4352367688022284,0.09248
3126,0.43537604456824514,0.09245041586692258
3127,0.4355153203342618,0.09242085065558042
3128,0.43565459610027857,0.09271099744245524
3129,0.43579387186629526,0.09268136784915308
3130,0.435933147632312,0.0926517571884984
3131,0.4360724233983287,0.09262216544235069
3132,0.4362116991643454,0.09259259259259259
3133,0.4363509749303621,0.09256303862112991
3134,0.4364902506963788,0.09253350350989151
3135,0.43662952646239556,0.09282296650717703
3136,0.43676880222841225,0.09279336734693877
3137,0.436908077994429,0.09308256295824036
3138,0.4370473537604457,0.09305289993626514
3139,0.4371866295264624,0.09302325581395349
3140,0.4373259052924791,0.0929936305732484
3141,0.4374651810584958,0.09296402419611588
3142,0.43760445682451254,0.09293443666454487
3143,0.43774373259052923,0.09290486796054724
3144,0.437883008356546,0.09287531806615776
3145,0.43802228412256267,0.09284578696343403
3146,0.4381615598885794,0.09281627463445645
3147,0.4383008356545961,0.09278678106132825
3148,0.4384401114206128,0.09275730622617535
3149,0.43857938718662953,0.0927278501111464
3150,0.4387186629526462,0.0926984126984127
3151,0.43885793871866297,0.0926689939701682
3152,0.43899721448467965,0.09295685279187817
3153,0.4391364902506964,0.09292737075800825
3154,0.4392757660167131,0.09289790741915029
3155,0.43941504178272983,0.09286846275752773
3156,0.4395543175487465,0.09283903675538656
3157,0.4396935933147632,0.09280962939499525
3158,0.43983286908077995,0.09278024065864471
3159,0.43997214484679664,0.0927508705286483
3160,0.4401114206128134,0.0930379746835443
3161,0.4402506963788301,0.09300854160075925
3162,0.4403899721448468,0.09297912713472485
3163,0.4405292479108635,0.09294973126778375
3164,0.4406685236768802,0.09292035398230089
3165,0.44080779944289694,0.09289099526066351
3166,0.44094707520891363,0.09317751105495894
3167,0.4410863509749304,0.09314808967477108
3168,0.44122562674094706,0.09311868686868686
3169,0.4413649025069638,0.09308930261912275
3170,0.4415041782729805,0.09305993690851735
3171,0.44164345403899724,0.09303058971933144
3172,0.44178272980501393,0.09300126103404792
3173,0.4419220055710306,0.09297195083517176
3174,0.44206128133704736,0.09294265910522999
3175,0.44220055710306405,0.09291338582677165
3176,0.4423398328690808,0.09288413098236775
3177,0.4424791086350975,0.09285489455461127
3178,0.44261838440111423,0.09282567652611705
3179,0.4427576601671309,0.09279647687952186
3180,0.4428969359331476,0.09276729559748427
3181,0.44303621169916435,0.09305249921408362
3182,0.44317548746518104,0.09302325581395349
3183,0.4433147632311978,0.09299403078856425
3184,0.4434540389972145,0.09296482412060302
3185,0.4435933147632312,0.09293563579277865
3186,0.4437325905292479,0.09322033898305085
3187,0.44387186629526465,0.09319108879824287
3188,0.44401114206128134,0.09316185696361355
3189,0.444150417827298,0.09313264346190028
3190,0.44428969359331477,0.09310344827586207
3191,0.44442896935933146,0.09307427138827953
3192,0.4445682451253482,0.09304511278195489
3193,0.4447075208913649,0.09301597243971187
3194,0.44484679665738164,0.09298685034439574
3195,0.4449860724233983,0.09295774647887324
3196,0.445125348189415,0.09292866082603254
3197,0.44526462395543176,0.09289959336878323
3198,0.44540389972144845,0.09287054409005628
3199,0.4455431754874652,0.092841512972804
3200,0.4456824512534819,0.0928125
3201,0.4458217270194986,0.09278350515463918
3202,0.4459610027855153,0.09275452841973766
3203,0.44610027855153206,0.09272556977833281
3204,0.44623955431754875,0.09300873907615481
3205,0.44637883008356544,0.09297971918876755
3206,0.4465181058495822,0.09295071740486588
3207,0.44665738161559887,0.09292173370751482
3208,0.4467966573816156,0.0928927680798005
3209,0.4469359331476323,0.09286382050483016
3210,0.44707520891364905,0.09283489096573208
3211,0.44721448467966574,0.0931174089068826
3212,0.4473537604456824,0.09339975093399751
3213,0.44749303621169917,0.09337068160597572
3214,0.44763231197771586,0.09334163036714374
3215,0.4477715877437326,0.09331259720062209
3216,0.4479108635097493,0.09359452736318408
3217,0.44805013927576604,0.09356543363382033
3218,0.4481894150417827,0.09384711000621504
3219,0.44832869080779947,0.0938179558869214
3220,0.44846796657381616,0.09378881987577639
3221,0.44860724233983285,0.0937597019559143
3222,0.4487465181058496,0.09373060211049038
3223,0.4488857938718663,0.09401179025752404
3224,0.449025069637883,0.09398263027295285
3225,0.4491643454038997,0.09395348837209302
3226,0.44930362116991646,0.09392436453812772
3227,0.44944289693593314,0.09389525875426093
3228,0.44958217270194983,0.09386617100371747
3229,0.4497214484679666,0.09414679467327346
3230,0.44986072423398327,0.09411764705882353
3231,0.45,0.09408851748684617
3232,0.4501392757660167,0.09436881188118812
3233,0.45027855153203344,0.09433962264150944
3234,0.45041782729805013,0.09461966604823747
3235,0.4505571030640669,0.0945904173106646
3236,0.45069637883008357,0.09456118665018541
3237,0.45083565459610025,0.09484090206981773
3238,0.450974930362117,0.09481161210623842
3239,0.4511142061281337,0.09478234022846557
3240,0.45125348189415043,0.09475308641975308
3241,0.4513927576601671,0.0947238506633755
3242,0.45153203342618387,0.09500308451573103
3243,0.45167130919220055,0.09497378970089423
3244,0.45181058495821724,0.09494451294697903
3245,0.451949860724234,0.09491525423728814
3246,0.4520891364902507,0.0948860135551448
3247,0.4522284122562674,0.09485679088389283
3248,0.4523676880222841,0.09482758620689655
3249,0.45250696378830085,0.09479839950754078
3250,0.45264623955431754,0.09476923076923077
3251,0.4527855153203343,0.09474007997539219
3252,0.452924791086351,0.09471094710947109
3253,0.45306406685236766,0.0946818321549339
3254,0.4532033426183844,0.094960049170252
3255,0.4533426183844011,0.09493087557603687
3256,0.45348189415041784,0.0949017199017199
3257,0.45362116991643453,0.0948725821307952
3258,0.4537604456824513,0.09515039901780234
3259,0.45389972144846796,0.09512120282295182
3260,0.45403899721448465,0.0950920245398773
3261,0.4541782729805014,0.09536951855259122
3262,0.4543175487465181,0.09534028203556101
3263,0.45445682451253483,0.09531106343855347
3264,0.4545961002785515,0.09528186274509803
3265,0.45473537604456826,0.09525267993874426
3266,0.45487465181058495,0.09522351500306185
3267,0.4550139275766017,0.09519436792164065
3268,0.4551532033426184,0.09516523867809057
3269,0.4552924791086351,0.0951361272560416
3270,0.4554317548746518,0.09510703363914373
3271,0.4555710306406685,0.09507795781106695
3272,0.45571030640668525,0.09504889975550122
3273,0.45584958217270194,0.09532538955087076
3274,0.4559888579387187,0.09529627367135003
3275,0.4561281337047354,0.09526717557251908
3276,0.4562674094707521,0.09523809523809523
3277,0.4564066852367688,0.09520903265181568
3278,0.4565459610027855,0.09548505186089079
3279,0.45668523676880224,0.09576090271424215
3280,0.4568245125348189,0.09603658536585366
3281,0.45696378830083567,0.09600731484303567
3282,0.45710306406685236,0.09597806215722121
3283,0.4572423398328691,0.09594882729211088
3284,0.4573816155988858,0.09622411693057248
3285,0.4575208913649025,0.09619482496194826
3286,0.4576601671309192,0.09616555082166768
3287,0.4577994428969359,0.09613629449345908
3288,0.45793871866295266,0.09610705596107055
3289,0.45807799442896935,0.09607783520826998
3290,0.4582172701949861,0.09604863221884498
3291,0.4583565459610028,0.09601944697660286
3292,0.4584958217270195,0.0959902794653706
3293,0.4586350974930362,0.09626480412997267
3294,0.4587743732590529,0.09623557984213722
3295,0.45891364902506965,0.09620637329286798
3296,0.45905292479108634,0.09617718446601942
3297,0.4591922005571031,0.09614801334546558
3298,0.45933147632311977,0.09611885991510007
3299,0.4594707520891365,0.09608972415883602
3300,0.4596100278551532,0.09606060606060605
3301,0.4597493036211699,0.09603150560436231
3302,0.45988857938718664,0.09600242277407632
3303,0.4600278551532033,0.09627611262488647
3304,0.46016713091922007,0.09624697336561744
3305,0.46030640668523676,0.09652042360060514
3306,0.4604456824512535,0.09649122807017543
3307,0.4605849582172702,0.09646205019655277
3308,0.46072423398328693,0.0964328899637243
3309,0.4608635097493036,0.09640374735569658
3310,0.4610027855153203,0.09637462235649547
3311,0.46114206128133706,0.09664753850800363
3312,0.46128133704735375,0.0966183574879227
3313,0.4614206128133705,0.09658919408391187
3314,0.4615598885793872,0.09656004828002414
3315,0.4616991643454039,0.09683257918552036
3316,0.4618384401114206,0.09680337756332931
3317,0.4619777158774373,0.0970756707868556
3318,0.46211699164345404,0.0970464135021097
3319,0.46225626740947073,0.09701717384754444
3320,0.4623955431754875,0.09698795180722891
3321,0.46253481894150417,0.09725986148750376
3322,0.4626740947075209,0.09723058398555087
3323,0.4628133704735376,0.09720132410472465
3324,0.46295264623955434,0.09717208182912154
3325,0.46309192200557103,0.09714285714285714
3326,0.4632311977715877,0.09711365003006614
3327,0.46337047353760447,0.09708446047490231
3328,0.46350974930362115,0.09735576923076923
3329,0.4636490250696379,0.09732652448182637
3330,0.4637883008356546,0.0972972972972973
3331,0.46392757660167133,0.09756829780846593
3332,0.464066852367688,0.0975390156062425
3333,0.4642061281337047,0.09750975097509751
3334,0.46434540389972145,0.09748050389922015
3335,0.46448467966573814,0.09745127436281859
3336,0.4646239554317549,0.09772182254196643
3337,0.4647632311977716,0.09769253820797123
3338,0.4649025069637883,0.09796285200718993
3339,0.465041782729805,0.09793351302785265
3340,0.46518105849582175,0.09790419161676647
3341,0.46532033426183844,0.09787488775815624
3342,0.46545961002785513,0.09784560143626571
3343,0.4655988857938719,0.09781633263535747
3344,0.46573816155988856,0.09778708133971292
3345,0.4658774373259053,0.09775784753363229
3346,0.466016713091922,0.09772863120143455
3347,0.46615598885793874,0.09769943232745743
3348,0.46629526462395543,0.09767025089605735
3349,0.4664345403899721,0.09764108689160944
3350,0.46657381615598886,0.09761194029850746
3351,0.46671309192200555,0.09758281110116383
3352,0.4668523676880223,0.09755369928400955
3353,0.466991643454039,0.09752460483149418
3354,0.46713091922005573,0.09779367918902802
3355,0.4672701949860724,0.0977645305514158
3356,0.46740947075208916,0.09773539928486293
3357,0.46754874651810585,0.0977062853738457
3358,0.46768802228412254,0.09767718880285885
3359,0.4678272980501393,0.0976481095564156
3360,0.467966573816156,0.09761904761904762
3361,0.4681058495821727,0.09759000297530497
3362,0.4682451253481894,0.09785841760856633
3363,0.46838440111420615,0.09782931906036277
3364,0.46852367688022284,0.09780023781212842
3365,0.46866295264623953,0.09806835066864784
3366,0.46880222841225627,0.09803921568627451
3367,0.46894150417827296,0.09801009801009801
3368,0.4690807799442897,0.09798099762470308
3369,0.4692200557103064,0.09795191451469279
3370,0.46935933147632314,0.09792284866468842
3371,0.4694986072423398,0.09789380005932957
3372,0.46963788300835657,0.09786476868327403
3373,0.46977715877437326,0.09783575452119775
3374,0.46991643454038995,0.0978067575577949
3375,0.4700557103064067,0.09777777777777778
3376,0.4701949860724234,0.09804502369668247
3377,0.4703342618384401,0.09801599052413384
3378,0.4704735376044568,0.0979869745411486
3379,0.47061281337047356,0.09795797573246523
3380,0.47075208913649025,0.09792899408284024
3381,0.47089136490250694,0.09790002957704821
3382,0.4710306406685237,0.09816676522767594
3383,0.47116991643454037,0.09813774756133609
3384,0.4713091922005571,0.09810874704491726
3385,0.4714484679665738,0.09807976366322009
3386,0.47158774373259055,0.09834613112817484
3387,0.47172701949860724,0.0983170947741364
3388,0.471866295264624,0.09828807556080284
3389,0.47200557103064067,0.09825907347300089
3390,0.47214484679665736,0.09823008849557523
3391,0.4722841225626741,0.09820112061338838
3392,0.4724233983286908,0.09817216981132075
3393,0.47256267409470754,0.09814323607427056
3394,0.4727019498607242,0.09840895698291102
3395,0.47284122562674097,0.09867452135493372
3396,0.47298050139275766,0.0989399293286219
3397,0.47311977715877435,0.09891080365027966
3398,0.4732590529247911,0.09888169511477339
3399,0.4733983286908078,0.09885260370697264
3400,0.4735376044568245,0.0988235294117647
3401,0.4736768802228412,0.09879447221405468
3402,0.47381615598885796,0.09876543209876543
3403,0.47395543175487465,0.0987364090508375
3404,0.4740947075208914,0.09900117508813161
3405,0.4742339832869081,0.09897209985315712
3406,0.47437325905292477,0.0989430416911333
3407,0.4745125348189415,0.09891400058702671
3408,0.4746518105849582,0.0988849765258216
3409,0.47479108635097494,0.0988559694925198
3410,0.47493036211699163,0.09912023460410557
3411,0.4750696378830084,0.099091175608326
3412,0.47520891364902507,0.09935521688159438
3413,0.47534818941504176,0.09932610606504541
3414,0.4754874651810585,0.09929701230228472
3415,0.4756267409470752,0.0992679355783309
3416,0.47576601671309193,0.09923887587822014
3417,0.4759052924791086,0.09950248756218906
3418,0.47604456824512537,0.0994733762434172
3419,0.47618384401114205,0.09973676513600468
3420,0.4763231197771588,0.1
3421,0.4764623955431755,0.09997076878105816
3422,0.4766016713091922,0.09994155464640561
3423,0.4767409470752089,0.10020449897750511
3424,0.4768802228412256,0.1001752336448598
3425,0.47701949860724235,0.10043795620437956
3426,0.47715877437325904,0.10040863981319323
3427,0.4772980501392758,0.10067114093959731
3428,0.4774373259052925,0.10064177362893816
3429,0.4775766016713092,0.10061242344706911
3430,0.4777158774373259,0.10058309037900874
3431,0.4778551532033426,0.10055377440979306
3432,0.47799442896935934,0.10052447552447552
3433,0.47813370473537603,0.100495193708127
3434,0.4782729805013928,0.10046592894583577
3435,0.47841225626740946,0.10043668122270742
3436,0.4785515320334262,0.10040745052386496
3437,0.4786908077994429,0.10037823683444864
3438,0.4788300835654596,0.10034904013961606
3439,0.47896935933147633,0.10031986042454202
3440,0.479108635097493,0.1002906976744186
3441,0.47924791086350976,0.1002615518744551
3442,0.47938718662952645,0.10023242300987797
3443,0.4795264623955432,0.10049375544583213
3444,0.4796657381615599,0.10046457607433217
3445,0.47980501392757663,0.10043541364296081
3446,0.4799442896935933,0.10069645966337783
3447,0.48008356545961,0.1006672468813461
3448,0.48022284122562675,0.10063805104408352
3449,0.48036211699164344,0.10060887213685125
3450,0.4805013927576602,0.10086956521739131
3451,0.4806406685236769,0.10113010721529991
3452,0.4807799442896936,0.10139049826187717
3453,0.4809192200557103,0.10165073848827107
3454,0.481058495821727,0.10162130862767806
3455,0.48119777158774374,0.10188133140376267
3456,0.4813370473537604,0.10185185185185185
3457,0.48147632311977717,0.10211165750650854
3458,0.48161559888579386,0.10208212839791787
3459,0.4817548746518106,0.10205261636311072
3460,0.4818941504178273,0.1023121387283237
3461,0.48203342618384404,0.10228257728980064
3462,0.4821727019498607,0.1022530329289428
3463,0.4823119777158774,0.10222350563095582
3464,0.48245125348189416,0.10219399538106236
3465,0.48259052924791085,0.10216450216450217
3466,0.4827298050139276,0.10213502596653203
3467,0.4828690807799443,0.10210556677242573
3468,0.483008356545961,0.10236447520184544
3469,0.4831476323119777,0.1023349668492361
3470,0.4832869080779944,0.10230547550432277
3471,0.48342618384401115,0.10227600115240565
3472,0.48356545961002784,0.10224654377880184
3473,0.4837047353760446,0.10221710336884537
3474,0.48384401114206127,0.10218767990788716
3475,0.483983286908078,0.10215827338129496
3476,0.4841225626740947,0.1021288837744534
3477,0.48426183844011145,0.10209951107276388
3478,0.48440111420612814,0.10207015526164462
3479,0.4845403899721448,0.10204081632653061
3480,0.48467966573816157,0.10201149425287356
3481,0.48481894150417826,0.10198218902614191
3482,0.484958217270195,0.10195290063182079
3483,0.4850974930362117,0.101923629055412
3484,0.48523676880222844,0.10218140068886337
3485,0.4853760445682451,0.10215208034433286
3486,0.4855153203342618,0.10240963855421686
3487,0.48565459610027856,0.10266704903928879
3488,0.48579387186629525,0.10263761467889908
3489,0.485933147632312,0.10260819719117226
3490,0.4860724233983287,0.10257879656160458
3491,0.4862116991643454,0.10254941277570896
3492,0.4863509749303621,0.10252004581901489
3493,0.48649025069637886,0.10249069567706842
3494,0.48662952646239555,0.10246136233543217
3495,0.48676880222841223,0.10243204577968526
3496,0.486908077994429,0.10240274599542334
3497,0.48704735376044567,0.10237346296825851
3498,0.4871866295264624,0.10234419668381932
3499,0.4873259052924791,0.10231494712775079
3500,0.48746518105849584,0.10228571428571429
3501,0.48760445682451253,0.10225649814338761
3502,0.4877437325905292,0.10222729868646488
3503,0.48788300835654597,0.10219811590065658
3504,0.48802228412256266,0.1021689497716895
3505,0.4881615598885794,0.10213980028530671
3506,0.4883008356545961,0.10211066742726754
3507,0.48844011142061283,0.1020815511833476
3508,0.4885793871866295,0.10205245153933866
3509,0.48871866295264627,0.10202336848104873
3510,0.48885793871866295,0.101994301994302
3511,0.48899721448467964,0.10196525206493877
3512,0.4891364902506964,0.10193621867881549
3513,0.4892757660167131,0.10219185881013379
3514,0.4894150417827298,0.10244735344336937
3515,0.4895543175487465,0.10270270270270271
3516,0.48969359331476325,0.10267349260523322
3517,0.48983286908077994,0.10264429911856696
3518,0.48997214484679663,0.10261512222853894
3519,0.4901114206128134,0.10258596192100028
3520,0.49025069637883006,0.10255681818181818
3521,0.4903899721448468,0.10252769099687589
3522,0.4905292479108635,0.10249858035207268
3523,0.49066852367688024,0.10246948623332387
3524,0.49080779944289693,0.10244040862656073
3525,0.4909470752089137,0.1024113475177305
3526,0.49108635097493036,0.10238230289279637
3527,0.49122562674094705,0.10235327473773745
3528,0.4913649025069638,0.10232426303854875
3529,0.4915041782729805,0.10229526778124115
3530,0.49164345403899723,0.10226628895184137
3531,0.4917827298050139,0.10223732653639196
3532,0.49192200557103066,0.1022083805209513
3533,0.49206128133704735,0.10217945089159354
3534,0.49220055710306404,0.10215053763440861
3535,0.4923398328690808,0.10212164073550212
3536,0.4924791086350975,0.10209276018099547
3537,0.4926183844011142,0.1023466214305909
3538,0.4927576601671309,0.10260033917467495
3539,0.49289693593314765,0.10257134783837242
3540,0.49303621169916434,0.10254237288135593
3541,0.4931754874651811,0.10251341428974865
3542,0.4933147632311978,0.10248447204968944
3543,0.49345403899721446,0.10273779283093423
3544,0.4935933147632312,0.10270880361173815
3545,0.4937325905292479,0.10267983074753173
3546,0.49387186629526464,0.10265087422447829
3547,0.4940111420612813,0.10262193402875669
3548,0.49415041782729807,0.10259301014656144
3549,0.49428969359331476,0.10256410256410256
3550,0.49442896935933145,0.1028169014084507
3551,0.4945682451253482,0.102787947057167
3552,0.4947075208913649,0.10304054054054054
3553,0.4948467966573816,0.10301153954404728
3554,0.4949860724233983,0.10298255486775464
3555,0.49512534818941506,0.1029535864978903
3556,0.49526462395543175,0.1032058492688414
3557,0.4954038997214485,0.10317683441102052
3558,0.4955431754874652,0.10314783586284429
3559,0.49568245125348187,0.10311885361056476
3560,0.4958217270194986,0.10308988764044943
3561,0.4959610027855153,0.10306093793878124
3562,0.49610027855153205,0.10303200449185851
3563,0.49623955431754874,0.10300308728599494
3564,0.4963788300835655,0.10325476992143659
3565,0.49651810584958217,0.10350631136044881
3566,0.49665738161559886,0.10347728547392036
3567,0.4967966573816156,0.10344827586206896
3568,0.4969359331476323,0.10369955156950672
3569,0.49707520891364904,0.10367049593723732
3570,0.4972144846796657,0.10392156862745099
3571,0.49735376044568247,0.10389246709605153
3572,0.49749303621169916,0.10386338185890258
3573,0.4976323119777159,0.10383431290232298
3574,0.4977715877437326,0.1038052602126469
3575,0.4979108635097493,0.10377622377622378
3576,0.498050139275766,0.10374720357941834
3577,0.4981894150417827,0.10371819960861056
3578,0.49832869080779946,0.10396869759642258
3579,0.49846796657381615,0.1042190556021235
3580,0.4986072423398329,0.10446927374301676
3581,0.4987465181058496,0.10444010053057805
3582,0.49888579387186627,0.1044109436069235
3583,0.499025069637883,0.10438180295841473
3584,0.4991643454038997,0.10435267857142858
3585,0.49930362116991645,0.10460251046025104
3586,0.49944289693593313,0.1045733407696598
3587,0.4995821727019499,0.10482297184276554
3588,0.49972144846796657,0.10479375696767002
3589,0.4998607242339833,0.1047645583728058
3590,0.5,0.10473537604456824
3591,0.5001392757660167,0.10470620996936786
3592,0.5002785515320334,0.10467706013363029
3593,0.5004178272980502,0.10464792652379627
3594,0.5005571030640669,0.10461880912632164
3595,0.5006963788300836,0.10458970792767733
3596,0.5008356545961002,0.10483870967741936
3597,0.500974930362117,0.10480956352515985
3598,0.5011142061281337,0.1047804335742079
3599,0.5012534818941504,0.10475131981105863
3600,0.5013927576601671,0.10472222222222222
3601,0.5015320334261838,0.10469314079422383
3602,0.5016713091922006,0.10466407551360356
3603,0.5018105849582173,0.10463502636691646
3604,0.501949860724234,0.1048834628190899
3605,0.5020891364902507,0.10485436893203884
3606,0.5022284122562675,0.1048252911813644
3607,0.5023676880222842,0.10479622955364569
3608,0.5025069637883008,0.10476718403547672
3609,0.5026462395543175,0.10473815461346633
3610,0.5027855153203342,0.10470914127423822
3611,0.502924791086351,0.1046801440044309
3612,0.5030640668523677,0.10465116279069768
3613,0.5032033426183844,0.10462219761970662
3614,0.5033426183844011,0.1048699501936912
3615,0.5034818941504178,0.10484094052558783
3616,0.5036211699164346,0.10481194690265487
3617,0.5037604456824513,0.10478296931158419
3618,0.503899721448468,0.10475400773908236
3619,0.5040389972144846,0.10500138159712628
3620,0.5041782729805014,0.10497237569060773
3621,0.5043175487465181,0.10494338580502624
3622,0.5044568245125348,0.1049144119271121
3623,0.5045961002785515,0.10488545404361027
3624,0.5047353760445682,0.10513245033112582
3625,0.504874651810585,0.10510344827586207
3626,0.5050139275766017,0.10535024820739107
3627,0.5051532033426184,0.10532120209539564
3628,0.5052924791086351,0.10529217199558985
3629,0.5054317548746519,0.10526315789473684
3630,0.5055710306406686,0.10523415977961433
3631,0.5057103064066852,0.10548058386119526
3632,0.5058495821727019,0.10545154185022027
3633,0.5059888579387186,0.1054225158271401
3634,0.5061281337047354,0.10566868464501926
3635,0.5062674094707521,0.10563961485557084
3636,0.5064066852367688,0.10561056105610561
3637,0.5065459610027855,0.10558152323343414
3638,0.5066852367688023,0.10555250137438153
3639,0.506824512534819,0.10579829623522946
3640,0.5069637883008357,0.10576923076923077
3641,0.5071030640668523,0.10574018126888217
3642,0.507242339832869,0.10598572213069742
3643,0.5073816155988858,0.10595662915179797
3644,0.5075208913649025,0.10592755214050494
3645,0.5076601671309192,0.10589849108367627
3646,0.5077994428969359,0.10614371914426769
3647,0.5079387186629526,0.10611461475185084
3648,0.5080779944289694,0.10608552631578948
3649,0.5082172701949861,0.10605645382296519
3650,0.5083565459610028,0.10602739726027398
3651,0.5084958217270195,0.10627225417693782
3652,0.5086350974930363,0.10624315443592552
3653,0.508774373259053,0.10621407062688201
3654,0.5089136490250696,0.10618500273672687
3655,0.5090529247910863,0.10615595075239398
3656,0.509192200557103,0.1061269146608315
3657,0.5093314763231198,0.10609789444900192
3658,0.5094707520891365,0.1060688901038819
3659,0.5096100278551532,0.10603990161246242
3660,0.5097493036211699,0.10601092896174863
3661,0.5098885793871867,0.1059819721387599
3662,0.5100278551532034,0.10595303113052977
3663,0.5101671309192201,0.10592410592410592
3664,0.5103064066852367,0.10616812227074236
3665,0.5104456824512534,0.10613915416098227
3666,0.5105849582172702,0.10638297872340426
3667,0.5107242339832869,0.10635396782110718
3668,0.5108635097493036,0.10632497273718648
3669,0.5110027855153203,0.1065685472880894
3670,0.5111420612813371,0.10681198910081743
3671,0.5112813370473538,0.10678289294470171
3672,0.5114206128133705,0.10675381263616558
3673,0.5115598885793872,0.10672474816226518
3674,0.5116991643454039,0.10696788241698421
3675,0.5118384401114207,0.10693877551020409
3676,0.5119777158774373,0.10690968443960827
3677,0.512116991643454,0.10688060919227631
3678,0.5122562674094707,0.1068515497553018
3679,0.5123955431754874,0.10709431910845338
3680,0.5125348189415042,0.10706521739130435
3681,0.5126740947075209,0.10703613148600924
3682,0.5128133704735376,0.10700706137968495
3683,0.5129526462395543,0.1069780070594624
3684,0.5130919220055711,0.10694896851248643
3685,0.5132311977715878,0.10691994572591587
3686,0.5133704735376045,0.1068909386869235
3687,0.5135097493036211,0.10686194738269596
3688,0.5136490250696378,0.10683297180043384
3689,0.5137883008356546,0.10680401192735159
3690,0.5139275766016713,0.10677506775067751
3691,0.514066852367688,0.10701706854510973
3692,0.5142061281337047,0.10725893824485373
3693,0.5143454038997215,0.107500676956404
3694,0.5144846796657382,0.10747157552788306
3695,0.5146239554317549,0.10771312584573749
3696,0.5147632311977716,0.10768398268398269
3697,0.5149025069637883,0.10765485528807141
3698,0.515041782729805,0.10762574364521363
3699,0.5151810584958217,0.10759664774263314
3700,0.5153203342618384,0.10756756756756757
3701,0.5154596100278551,0.1075385031072683
3702,0.5155988857938719,0.10750945434900054
3703,0.5157381615598886,0.1074804212800432
3704,0.5158774373259053,0.10745140388768898
3705,0.516016713091922,0.10742240215924427
3706,0.5161559888579387,0.10739341608202914
3707,0.5162952646239555,0.1073644456433774
3708,0.5164345403899722,0.1076051779935275
3709,0.5165738161559889,0.10757616608250202
3710,0.5167130919220055,0.10754716981132076
3711,0.5168523676880222,0.10751818916734034
3712,0.516991643454039,0.10775862068965517
3713,0.5171309192200557,0.10772959870724481
3714,0.5172701949860724,0.10770059235325795
3715,0.5174094707520891,0.10767160161507403
3716,0.5175487465181059,0.10764262648008611
3717,0.5176880222841226,0.10788270110304009
3718,0.5178272980501393,0.1078536847767617
3719,0.517966573816156,0.10782468405485346
3720,0.5181058495821727,0.10779569892473118
3721,0.5182451253481895,0.10776672937382424
3722,0.5183844011142061,0.10773777538957549
3723,0.5185236768802228,0.1077088369594413
3724,0.5186629526462395,0.10767991407089152
3725,0.5188022284122563,0.1076510067114094
3726,0.518941504178273,0.10762211486849169
3727,0.5190807799442897,0.1078615508451838
3728,0.5192200557103064,0.10783261802575107
3729,0.5193593314763231,0.10780370072405471
3730,0.5194986072423399,0.10777479892761394
3731,0.5196378830083566,0.10774591262396141
3732,0.5197771587743732,0.10798499464094319
3733,0.5199164345403899,0.10795606750602732
3734,0.5200557103064067,0.1079271558650241
3735,0.5201949860724234,0.10816599732262383
3736,0.5203342618384401,0.10840471092077088
3737,0.5204735376044568,0.10837570243510837
3738,0.5206128133704735,0.10834670947030497
3739,0.5207520891364903,0.10831773201390746
3740,0.520891364902507,0.10828877005347594
3741,0.5210306406685237,0.1082598235765838
3742,0.5211699164345404,0.10823089257081775
3743,0.521309192200557,0.10820197702377772
3744,0.5214484679665738,0.10817307692307693
3745,0.5215877437325905,0.1081441922563418
3746,0.5217270194986072,0.10811532301121196
3747,0.5218662952646239,0.10808646917534027
3748,0.5220055710306407,0.10832443970117396
3749,0.5221448467966574,0.10829554547879434
3750,0.5222841225626741,0.10853333333333333
3751,0.5224233983286908,0.10877099440149293
3752,0.5225626740947075,0.10900852878464819
3753,0.5227019498607243,0.1089794830802025
3754,0.522841225626741,0.10895045285029302
3755,0.5229805013927576,0.10918774966711052
3756,0.5231197771587743,0.10942492012779553
3757,0.5232590529247911,0.10939579451690179
3758,0.5233983286908078,0.10936668440659926
3759,0.5235376044568245,0.10933758978451716
3760,0.5236768802228412,0.10930851063829787
3761,0.5238161559888579,0.10954533368784898
3762,0.5239554317548747,0.10951621477937268
3763,0.5240947075208914,0.10948711134732926
3764,0.5242339832869081,0.10945802337938364
3765,0.5243732590529248,0.10942895086321382
3766,0.5245125348189416,0.10966542750929369
3767,0.5246518105849582,0.10963631537032122
3768,0.5247910863509749,0.10960721868365181
3769,0.5249303621169916,0.10957813743698594
3770,0.5250696378830083,0.10954907161803713
3771,0.5252089136490251,0.10952002121453196
3772,0.5253481894150418,0.10949098621420997
3773,0.5254874651810585,0.10972700768619136
3774,0.5256267409470752,0.10996290408055114
3775,0.525766016713092,0.10993377483443709
3776,0.5259052924791087,0.10990466101694915
3777,0.5260445682451254,0.10987556261583267
3778,0.526183844011142,0.10984647961884594
3779,0.5263231197771587,0.10981741201376026
3780,0.5264623955431755,0.10978835978835978
3781,0.5266016713091922,0.11002380322665961
3782,0.5267409470752089,0.10999471179270227
3783,0.5268802228412256,0.10996563573883161
3784,0.5270194986072423,0.10993657505285412
3785,0.5271587743732591,0.11017173051519155
3786,0.5272980501392758,0.11014263074484945
3787,0.5274373259052925,0.11011354634275151
3788,0.5275766016713092,0.1100844772967265
3789,0.527715877437326,0.11031934547373977
3790,0.5278551532033426,0.11029023746701846
3791,0.5279944289693593,0.11052492745977315
3792,0.528133704735376,0.1104957805907173
3793,0.5282729805013927,0.11046664909042973
3794,0.5284122562674095,0.11043753294675804
3795,0.5285515320334262,0.11040843214756259
3796,0.5286908077994429,0.11037934668071654
3797,0.5288300835654596,0.11035027653410587
3798,0.5289693593314764,0.11032122169562927
3799,0.5291086350974931,0.1102921821531982
3800,0.5292479108635098,0.11052631578947368
3801,0.5293871866295264,0.11049723756906077
3802,0.5295264623955431,0.11046817464492373
3803,0.5296657381615599,0.11043912700499606
3804,0.5298050139275766,0.11041009463722397
3805,0.5299442896935933,0.11038107752956636
3806,0.53008356545961,0.11061481870730426
3807,0.5302228412256268,0.11058576306803257
3808,0.5303621169916435,0.11055672268907563
3809,0.5305013927576602,0.11079023365712785
3810,0.5306406685236769,0.11076115485564304
3811,0.5307799442896936,0.11099448963526633
3812,0.5309192200557104,0.11096537250786988
3813,0.531058495821727,0.1109362706530291
3814,0.5311977715877437,0.11090718405873098
3815,0.5313370473537604,0.1108781127129751
3816,0.5314763231197771,0.11084905660377359
3817,0.5316155988857939,0.11082001571915116
3818,0.5317548746518106,0.1107909900471451
3819,0.5318941504178273,0.11076197957580518
3820,0.532033426183844,0.11099476439790576
3821,0.5321727019498608,0.11122742737503272
3822,0.5323119777158775,0.11119832548403977
3823,0.5324512534818941,0.11116923881768245
3824,0.5325905292479108,0.11114016736401673
3825,0.5327298050139275,0.1111111111111111
3826,0.5328690807799443,0.11108207004704652
3827,0.533008356545961,0.11105304415991639
3828,0.5331476323119777,0.11102403343782655
3829,0.5332869080779944,0.11099503786889527
3830,0.5334261838440112,0.11096605744125326
3831,0.5335654596100279,0.11119812059514488
3832,0.5337047353760446,0.11116910229645094
3833,0.5338440111420613,0.11114009913905556
3834,0.533983286908078,0.1111111111111111
3835,0.5341225626740947,0.11108213820078226
3836,0.5342618384401114,0.11131386861313869
3837,0.5344011142061281,0.11128485796194944
3838,0.5345403899721448,0.11151641479937467
3839,0.5346796657381616,0.11148736650169315
3840,0.5348189415041783,0.11145833333333334
3841,0.534958217270195,0.11142931528247853
3842,0.5350974930362117,0.11140031233732431
3843,0.5352367688022284,0.11163153786104606
3844,0.5353760445682452,0.11160249739854318
3845,0.5355153203342619,0.11157347204161248
3846,0.5356545961002785,0.11154446177847113
3847,0.5357938718662952,0.11151546659734858
3848,0.5359331476323119,0.11174636174636175
3849,0.5360724233983287,0.11171732917640946
3850,0.5362116991643454,0.11168831168831168
3851,0.5363509749303621,0.1116593092703194
3852,0.5364902506963788,0.11163032191069575
3853,0.5366295264623956,0.11160134959771606
3854,0.5367688022284123,0.11157239231966788
3855,0.536908077994429,0.11154345006485085
3856,0.5370473537604457,0.11151452282157677
3857,0.5371866295264623,0.11174487943997925
3858,0.5373259052924791,0.11171591498185589
3859,0.5374651810584958,0.11168696553511272
3860,0.5376044568245125,0.1116580310880829
3861,0.5377437325905292,0.11188811188811189
3862,0.537883008356546,0.11185914034179181
3863,0.5380222841225627,0.111830183794978
3864,0.5381615598885794,0.11180124223602485
3865,0.5383008356545961,0.11177231565329883
3866,0.5384401114206128,0.11174340403517848
3867,0.5385793871866296,0.11171450737005431
3868,0.5387186629526463,0.11194415718717683
3869,0.5388579387186629,0.11191522357198243
3870,0.5389972144846796,0.11188630490956072
3871,0.5391364902506964,0.11185740118832344
3872,0.5392757660167131,0.11182851239669421
3873,0.5394150417827298,0.1117996385231087
3874,0.5395543175487465,0.1120289106866288
3875,0.5396935933147632,0.112
3876,0.53983286908078,0.11197110423116616
3877,0.5399721448467967,0.11194222336858396
3878,0.5401114206128134,0.11191335740072202
3879,0.54025069637883,0.11188450631606084
3880,0.5403899721448467,0.11185567010309279
3881,0.5405292479108635,0.11182684875032209
3882,0.5406685236768802,0.11179804224626481
3883,0.5408077994428969,0.11176925057944888
3884,0.5409470752089136,0.111740473738414
3885,0.5410863509749304,0.11196911196911197
3886,0.5412256267409471,0.11194029850746269
3887,0.5413649025069638,0.11191149987136609
3888,0.5415041782729805,0.11213991769547325
3889,0.5416434540389972,0.11236821805091284
3890,0.541782729805014,0.11233933161953727
3891,0.5419220055710307,0.11231046003598047
3892,0.5420612813370473,0.11253854059609456
3893,0.542200557103064,0.11250963267403032
3894,0.5423398328690808,0.11248073959938366
3895,0.5424791086350975,0.11270860077021823
3896,0.5426183844011142,0.11267967145790554
3897,0.5427576601671309,0.11265075699255837
3898,0.5428969359331476,0.11262185736275013
3899,0.5430362116991644,0.1128494485765581
3900,0.5431754874651811,0.11282051282051282
3901,0.5433147632311978,0.11279159189951295
3902,0.5434540389972145,0.11276268580215275
3903,0.5435933147632313,0.11273379451703817
3904,0.5437325905292479,0.11296106557377049
3905,0.5438718662952646,0.11293213828425096
3906,0.5440111420612813,0.11315924219150025
3907,0.544150417827298,0.1131302789864346
3908,0.5442896935933148,0.11335721596724667
3909,0.5444289693593315,0.11332821693527756
3910,0.5445682451253482,0.11329923273657289
3911,0.5447075208913649,0.11327026335975454
3912,0.5448467966573816,0.11349693251533742
3913,0.5449860724233984,0.11346792742141579
3914,0.545125348189415,0.11369443025038324
3915,0.5452646239554317,0.1136653895274585
3916,0.5454038997214484,0.11363636363636363
3917,0.5455431754874652,0.11360735256573909
3918,0.5456824512534819,0.11357835630423685
3919,0.5458217270194986,0.11380454197499362
3920,0.5459610027855153,0.11377551020408164
3921,0.546100278551532,0.11374649324152002
3922,0.5462395543175488,0.1139724630290668
3923,0.5463788300835655,0.11394341065511089
3924,0.5465181058495822,0.11391437308868502
3925,0.5466573816155988,0.11388535031847134
3926,0.5467966573816156,0.11385634233316352
3927,0.5469359331476323,0.11382734912146678
3928,0.547075208913649,0.11379837067209776
3929,0.5472144846796657,0.11402392466276406
3930,0.5473537604456824,0.11399491094147583
3931,0.5474930362116992,0.11396591198168406
3932,0.5476323119777159,0.11393692777212615
3933,0.5477715877437326,0.11390795830155098
3934,0.5479108635097493,0.11387900355871886
3935,0.5480501392757661,0.11385006353240153
3936,0.5481894150417828,0.11382113821138211
3937,0.5483286908077994,0.11379222758445517
3938,0.5484679665738161,0.11376333164042661
3939,0.5486072423398328,0.11373445036811373
3940,0.5487465181058496,0.11370558375634518
3941,0.5488857938718663,0.11367673179396093
3942,0.549025069637883,0.11364789446981227
3943,0.5491643454038997,0.11361907177276186
3944,0.5493036211699165,0.11384381338742393
3945,0.5494428969359332,0.1138149556400507
3946,0.5495821727019499,0.11378611251900658
3947,0.5497214484679666,0.11401064099315936
3948,0.5498607242339832,0.11423505572441743
3949,0.55,0.11445935679918967
3950,0.5501392757660167,0.11443037974683544
3951,0.5502785515320334,0.11440141736269299
3952,0.5504178272980501,0.11437246963562753
3953,0.5505571030640668,0.11459650898052112
3954,0.5506963788300836,0.11482043500252909
3955,0.5508356545961003,0.11479140328697851
3956,0.550974930362117,0.1147623862487361
3957,0.5511142061281337,0.11498610058124842
3958,0.5512534818941505,0.11495704901465387
3959,0.5513927576601672,0.11492801212427381
3960,0.5515320334261838,0.1148989898989899
3961,0.5516713091922005,0.11486998232769503
3962,0.5518105849582172,0.11509338717819283
3963,0.551949860724234,0.11506434519303559
3964,0.5520891364902507,0.11503531786074672
3965,0.5522284122562674,0.1150063051702396
3966,0.5523676880222841,0.11497730711043873
3967,0.5525069637883009,0.11494832367027981
3968,0.5526462395543176,0.11491935483870967
3969,0.5527855153203343,0.11489040060468632
3970,0.552924791086351,0.11486146095717883
3971,0.5530640668523676,0.11483253588516747
3972,0.5532033426183844,0.1148036253776435
3973,0.5533426183844011,0.11477472942360936
3974,0.5534818941504178,0.11474584801207852
3975,0.5536211699164345,0.11471698113207547
3976,0.5537604456824513,0.11468812877263582
3977,0.553899721448468,0.11465929092280613
3978,0.5540389972144847,0.11463046757164404
3979,0.5541782729805014,0.11485297813520985
3980,0.5543175487465181,0.11482412060301507
3981,0.5544568245125349,0.11479527756845014
3982,0.5545961002785516,0.11476644902059267
3983,0.5547353760445682,0.11473763494853126
3984,0.5548746518105849,0.11470883534136546
3985,0.5550139275766016,0.11468005018820578
3986,0.5551532033426184,0.1146512794781736
3987,0.5552924791086351,0.11487333834963631
3988,0.5554317548746518,0.1148445336008024
3989,0.5555710306406685,0.11481574329405866
3990,0.5557103064066853,0.11478696741854637
3991,0.555849582172702,0.11500876973189676
3992,0.5559888579387187,0.11523046092184369
3993,0.5561281337047354,0.11545204107187579
3994,0.556267409470752,0.11542313470205308
3995,0.5564066852367688,0.11539424280350438
3996,0.5565459610027855,0.11561561561561562
3997,0.5566852367688022,0.11558669001751314
3998,0.5568245125348189,0.11555777888944473
3999,0.5569637883008357,0.11577894473618405
4000,0.5571030640668524,0.11575
4001,0.5572423398328691,0.11572106973256686
4002,0.5573816155988858,0.11569215392303848
4003,0.5575208913649025,0.11566325256057956
4004,0.5576601671309193,0.11563436563436563
4005,0.557799442896936,0.11560549313358302
4006,0.5579387186629526,0.11557663504742886
4007,0.5580779944289693,0.11554779136511105
4008,0.5582172701949861,0.1155189620758483
4009,0.5583565459610028,0.11573958593165377
4010,0.5584958217270195,0.11571072319201996
4011,0.5586350974930362,0.11568187484417851
4012,0.5587743732590529,0.1156530408773679
4013,0.5589136490250697,0.11562422128083728
4014,0.5590529247910864,0.11559541604384654
4015,0.5591922005571031,0.11556662515566625
4016,0.5593314763231197,0.11578685258964143
4017,0.5594707520891364,0.1157580283793876
4018,0.5596100278551532,0.11572921851667496
4019,0.5597493036211699,0.11570042299079374
4020,0.5598885793871866,0.11567164179104478
4021,0.5600278551532033,0.11564287490673962
4022,0.5601671309192201,0.11586275484833417
4023,0.5603064066852368,0.11583395476012925
4024,0.5604456824512535,0.11605367793240556
4025,0.5605849582172702,0.1160248447204969
4026,0.5607242339832869,0.11599602583209141
4027,0.5608635097493037,0.11621554507077228
4028,0.5610027855153203,0.11618669314796425
4029,0.561142061281337,0.11615785554728221
4030,0.5612813370473537,0.11612903225806452
4031,0.5614206128133705,0.11634830066980897
4032,0.5615598885793872,0.11656746031746032
4033,0.5616991643454039,0.11653855690552939
4034,0.5618384401114206,0.11650966782350025
4035,0.5619777158774373,0.11648079306071871
4036,0.5621169916434541,0.11669970267591676
4037,0.5622562674094708,0.11667079514490959
4038,0.5623955431754875,0.11664190193164933
4039,0.5625348189415041,0.11661302302550136
4040,0.5626740947075209,0.11658415841584159
4041,0.5628133704735376,0.11655530809205643
4042,0.5629526462395543,0.1165264720435428
4043,0.563091922005571,0.11649765025970814
4044,0.5632311977715877,0.11671612265084075
4045,0.5633704735376045,0.1169344870210136
4046,0.5635097493036212,0.11690558576371725
4047,0.5636490250696379,0.11712379540400296
4048,0.5637883008356546,0.11709486166007906
4049,0.5639275766016713,0.11706594220795258
4050,0.564066852367688,0.11703703703703704
4051,0.5642061281337047,0.11700814613675635
4052,0.5643454038997214,0.11697926949654491
4053,0.5644846796657381,0.11695040710584752
4054,0.5646239554317549,0.11692155895411939
4055,0.5647632311977716,0.11689272503082614
4056,0.5649025069637883,0.11686390532544379
4057,0.565041782729805,0.11683509982745871
4058,0.5651810584958217,0.11705273533760473
4059,0.5653203342618385,0.11702389751170239
4060,0.5654596100278552,0.11699507389162561
4061,0.5655988857938719,0.11696626446688008
4062,0.5657381615598885,0.11693746922698178
4063,0.5658774373259053,0.11715481171548117
4064,0.566016713091922,0.11737204724409449
4065,0.5661559888579387,0.11734317343173432
4066,0.5662952646239554,0.11756025577963601
4067,0.5664345403899721,0.1177772313744775
4068,0.5665738161559889,0.11774827925270404
4069,0.5667130919220056,0.11771934136151388
4070,0.5668523676880223,0.11769041769041769
4071,0.566991643454039,0.11766150822893638
4072,0.5671309192200558,0.11763261296660119
4073,0.5672701949860725,0.1176037318929536
4074,0.5674094707520891,0.11757486499754541
4075,0.5675487465181058,0.11754601226993865
4076,0.5676880222841225,0.11751717369970559
4077,0.5678272980501393,0.1177336276674025
4078,0.567966573816156,0.11770475723393821
4079,0.5681058495821727,0.1176759009561167
4080,0.5682451253481894,0.11764705882352941
4081,0.5683844011142062,0.11761823082577799
4082,0.5685236768802229,0.11758941695247428
4083,0.5686629526462396,0.11756061719324026
4084,0.5688022284122562,0.11753183153770813
4085,0.5689415041782729,0.1175030599755202
4086,0.5690807799442897,0.11747430249632893
4087,0.5692200557103064,0.11744555908979691
4088,0.5693593314763231,0.11741682974559686
4089,0.5694986072423398,0.11738811445341159
4090,0.5696378830083565,0.1176039119804401
4091,0.5697771587743733,0.11757516499633341
4092,0.56991643454039,0.1175464320625611
4093,0.5700557103064067,0.11751771316882482
4094,0.5701949860724234,0.11773326819736199
4095,0.5703342618384402,0.1177045177045177
4096,0.5704735376044568,0.117919921875
4097,0.5706128133704735,0.117891139858433
4098,0.5707520891364902,0.11786237188872621
4099,0.5708913649025069,0.11783361795559892
4100,0.5710306406685237,0.11780487804878048
4101,0.5711699164345404,0.11777615215801024
4102,0.5713091922005571,0.11774744027303755
4103,0.5714484679665738,0.11771874238362175
4104,0.5715877437325906,0.11769005847953216
4105,0.5717270194986073,0.11766138855054811
4106,0.571866295264624,0.11763273258645884
4107,0.5720055710306406,0.11760409057706354
4108,0.5721448467966573,0.11757546251217137
4109,0.5722841225626741,0.11754684838160136
4110,0.5724233983286908,0.11751824817518249
4111,0.5725626740947075,0.11748966188275359
4112,0.5727019498607242,0.11746108949416342
4113,0.572841225626741,0.1174325309992706
4114,0.5729805013927577,0.11740398638794361
4115,0.5731197771587744,0.11737545565006076
4116,0.5732590529247911,0.11734693877551021
4117,0.5733983286908078,0.11731843575418995
4118,0.5735376044568246,0.11728994657600778
4119,0.5736768802228412,0.11726147123088128
4120,0.5738161559888579,0.11723300970873786
4121,0.5739554317548746,0.11720456199951468
4122,0.5740947075208913,0.11717612809315867
4123,0.5742339832869081,0.11739024981809362
4124,0.5743732590529248,0.11736178467507274
4125,0.5745125348189415,0.11733333333333333
4126,0.5746518105849582,0.11730489578284052
4127,0.574791086350975,0.11751877877392779
4128,0.5749303621169917,0.11749031007751938
4129,0.5750696378830084,0.11746185517074352
4130,0.575208913649025,0.11743341404358354
4131,0.5753481894150417,0.11740498668603244
4132,0.5754874651810585,0.11737657308809293
4133,0.5756267409470752,0.1173481732397774
4134,0.5757660167130919,0.11731978713110788
4135,0.5759052924791086,0.11729141475211609
4136,0.5760445682451254,0.11726305609284332
4137,0.5761838440111421,0.11723471114334058
4138,0.5763231197771588,0.11720637989366844
4139,0.5764623955431755,0.11717806233389708
4140,0.5766016713091922,0.11714975845410629
4141,0.576740947075209,0.11712146824438542
4142,0.5768802228412256,0.11709319169483341
4143,0.5770194986072423,0.11706492879555877
4144,0.577158774373259,0.11703667953667954
4145,0.5772980501392758,0.11700844390832328
4146,0.5774373259052925,0.11698022190062711
4147,0.5775766016713092,0.11695201350373764
4148,0.5777158774373259,0.11692381870781099
4149,0.5778551532033426,0.11689563750301278
4150,0.5779944289693594,0.11686746987951807
4151,0.5781337047353761,0.11683931582751145
4152,0.5782729805013928,0.11705202312138728
4153,0.5784122562674094,0.11702383818926078
4154,0.5785515320334261,0.11723639865190179
4155,0.5786908077994429,0.11720818291215403
4156,0.5788300835654596,0.11717998075072185
4157,0.5789693593314763,0.1171517921578061
4158,0.579108635097493,0.11712361712361713
4159,0.5792479108635098,0.11733589805241644
4160,0.5793871866295265,0.11730769230769231
4161,0.5795264623955432,0.11727950012016342
4162,0.5796657381615599,0.11749159058145123
4163,0.5798050139275766,0.11746336776363199
4164,0.5799442896935934,0.11743515850144093
4165,0.58008356545961,0.11740696278511405
4166,0.5802228412256267,0.11737878060489679
4167,0.5803621169916434,0.11735061195104392
4168,0.5805013927576602,0.11732245681381957
4169,0.5806406685236769,0.11729431518349724
4170,0.5807799442896936,0.11726618705035971
4171,0.5809192200557103,0.11747782306401343
4172,0.581058495821727,0.11768935762224353
4173,0.5811977715877438,0.11766115504433261
4174,0.5813370473537605,0.11763296597987542
4175,0.5814763231197771,0.11760479041916168
4176,0.5816155988857938,0.11757662835249043
4177,0.5817548746518106,0.11754847977016998
4178,0.5818941504178273,0.11752034466251796
4179,0.582033426183844,0.11773151471643933
4180,0.5821727019498607,0.11770334928229666
4181,0.5823119777158774,0.11791437455154269
4182,0.5824512534818942,0.11788617886178862
4183,0.5825905292479109,0.11785799665311977
4184,0.5827298050139276,0.11782982791586998
4185,0.5828690807799443,0.11780167264038231
4186,0.583008356545961,0.11777353081700907
4187,0.5831476323119777,0.11774540243611177
4188,0.5832869080779944,0.11771728748806112
4189,0.5834261838440111,0.11792790642158033
4190,0.5835654596100278,0.11789976133651552
4191,0.5837047353760446,0.1178716296826533
4192,0.5838440111420613,0.1180820610687023
4193,0.583983286908078,0.11805389935606964
4194,0.5841225626740947,0.11802575107296137
4195,0.5842618384401114,0.11799761620977355
4196,0.5844011142061282,0.11796949475691135
4197,0.5845403899721449,0.11794138670478914
4198,0.5846796657381615,0.1179132920438304
4199,0.5848189415041782,0.11812336270540605
4200,0.584958217270195,0.1180952380952381
4201,0.5850974930362117,0.11830516543680077
4202,0.5852367688022284,0.11827701094716801
4203,0.5853760445682451,0.11824886985486557
4204,0.5855153203342618,0.11845861084681256
4205,0.5856545961002786,0.11843043995243757
4206,0.5857938718662953,0.11840228245363767
4207,0.585933147632312,0.11837413834086047
4208,0.5860724233983287,0.11834600760456274
4209,0.5862116991643455,0.11831789023521026
4210,0.5863509749303621,0.11852731591448931
4211,0.5864902506963788,0.1184991688435051
4212,0.5866295264623955,0.11847103513770181
4213,0.5867688022284122,0.1184429147875623
4214,0.586908077994429,0.11865211200759374
4215,0.5870473537604457,0.11862396204033215
4216,0.5871866295264624,0.11859582542694497
4217,0.5873259052924791,0.11856770215793218
4218,0.5874651810584958,0.11853959222380275
4219,0.5876044568245126,0.11851149561507467
4220,0.5877437325905293,0.11848341232227488
4221,0.5878830083565459,0.11845534233593935
4222,0.5880222841225626,0.11866414021790621
4223,0.5881615598885794,0.11863604072933934
4224,0.5883008356545961,0.11860795454545454
4225,0.5884401114206128,0.11857988165680473
4226,0.5885793871866295,0.11855182205395173
4227,0.5887186629526462,0.1185237757274663
4228,0.588857938718663,0.11873226111636707
4229,0.5889972144846797,0.11870418538661621
4230,0.5891364902506964,0.11867612293144209
4231,0.589275766016713,0.11888442448593713
4232,0.5894150417827299,0.11885633270321361
4233,0.5895543175487465,0.11882825419324357
4234,0.5896935933147632,0.11880018894662257
4235,0.5898328690807799,0.11877213695395514
4236,0.5899721448467966,0.11874409820585458
4237,0.5901114206128134,0.11871607269294313
4238,0.5902506963788301,0.11868806040585182
4239,0.5903899721448468,0.11866006133522057
4240,0.5905292479108635,0.11863207547169811
4241,0.5906685236768803,0.118604102805942
4242,0.590807799442897,0.1188118811881188
4243,0.5909470752089137,0.11901956163092152
4244,0.5910863509749303,0.11922714420358153
4245,0.591225626740947,0.11919905771495877
4246,0.5913649025069638,0.11917098445595854
4247,0.5915041782729805,0.1191429244172357
4248,0.5916434540389972,0.11911487758945385
4249,0.5917827298050139,0.11932219345728406
4250,0.5919220055710307,0.11929411764705883
4251,0.5920612813370474,0.11950129381322042
4252,0.5922005571030641,0.11947318908748825
4253,0.5923398328690808,0.11968022572301905
4254,0.5924791086350975,0.11988716502115655
4255,0.5926183844011143,0.11985898942420682
4256,0.5927576601671309,0.11983082706766918
4257,0.5928969359331476,0.11980267794221283
4258,0.5930362116991643,0.11977454203851573
4259,0.593175487465181,0.11998121624794553
4260,0.5933147632311978,0.12018779342723004
4261,0.5934540389972145,0.12039427364468434
4262,0.5935933147632312,0.12060065696855936
4263,0.5937325905292479,0.1205723668777856
4264,0.5938718662952647,0.12054409005628518
4265,0.5940111420612814,0.12075029308323564
4266,0.594150417827298,0.1207219878105954
4267,0.5942896935933147,0.12069369580501524
4268,0.5944289693593314,0.12066541705716964
4269,0.5945682451253482,0.12063715155774186
4270,0.5947075208913649,0.12060889929742388
4271,0.5948467966573816,0.12058066026691641
4272,0.5949860724233983,0.12078651685393259
4273,0.5951253481894151,0.12075824947343787
4274,0.5952646239554318,0.12072999532054282
4275,0.5954038997214485,0.12070175438596491
4276,0.5955431754874652,0.12067352666043031
4277,0.5956824512534818,0.12064531213467383
4278,0.5958217270194986,0.12061711079943899
4279,0.5959610027855153,0.12082262210796915
4280,0.596100278551532,0.12102803738317756
4281,0.5962395543175487,0.12099976640971735
4282,0.5963788300835655,0.12120504437178889
4283,0.5965181058495822,0.12141022647676862
4284,0.5966573816155989,0.12161531279178338
4285,0.5967966573816156,0.12158693115519253
4286,0.5969359331476323,0.12179188054129725
4287,0.5970752089136491,0.12199673431303942
4288,0.5972144846796658,0.12196828358208955
4289,0.5973537604456824,0.12193984611797622
4290,0.5974930362116991,0.12191142191142192
4291,0.5976323119777158,0.12188301095315777
4292,0.5977715877437326,0.12208760484622554
4293,0.5979108635097493,0.1222921034241789
4294,0.598050139275766,0.1224965067536097
4295,0.5981894150417827,0.12246798603026775
4296,0.5983286908077995,0.12243947858472998
4297,0.5984679665738162,0.12241098440772633
4298,0.5986072423398329,0.12238250348999535
4299,0.5987465181058496,0.12235403582228425
4300,0.5988857938718662,0.12232558139534884
4301,0.599025069637883,0.1222971401999535
4302,0.5991643454038997,0.12226871222687122
4303,0.5993036211699164,0.12224029746688357
4304,0.5994428969359331,0.12221189591078067
4305,0.5995821727019499,0.1221835075493612
4306,0.5997214484679666,0.12238736646539712
4307,0.5998607242339833,0.1223589505456234
4308,0.6,0.12256267409470752
4309,0.6001392757660167,0.12253423067997216
4310,0.6002785515320335,0.12250580046403713
4311,0.6004178272980502,0.12247738343771747
4312,0.6005571030640668,0.12244897959183673
4313,0.6006963788300835,0.12242058891722699
4314,0.6008356545961003,0.12262401483541957
4315,0.600974930362117,0.12259559675550405
4316,0.6011142061281337,0.12256719184430027
4317,0.6012534818941504,0.12253880009265694
4318,0.6013927576601671,0.12251042149143122
4319,0.6015320334261839,0.12248205603148878
4320,0.6016713091922006,0.1224537037037037
4321,0.6018105849582173,0.12242536449895858
4322,0.601949860724234,0.12239703840814438
4323,0.6020891364902506,0.12236872542216054
4324,0.6022284122562674,0.12257169287696577
4325,0.6023676880222841,0.12254335260115606
4326,0.6025069637883008,0.12251502542764679
4327,0.6026462395543175,0.12248671134735382
4328,0.6027855153203343,0.12245841035120147
4329,0.602924791086351,0.12266112266112267
4330,0.6030640668523677,0.12263279445727483
4331,0.6032033426183844,0.12260447933502655
4332,0.6033426183844011,0.12257617728531855
4333,0.6034818941504179,0.12254788829909993
4334,0.6036211699164346,0.1225196123673281
4335,0.6037604456824512,0.12249134948096886
4336,0.6038997214484679,0.12246309963099632
4337,0.6040389972144847,0.1224348628083929
4338,0.6041782729805014,0.12240663900414937
4339,0.6043175487465181,0.12237842820926481
4340,0.6044568245125348,0.12235023041474655
4341,0.6045961002785515,0.1225524072794287
4342,0.6047353760445683,0.12252418240442192
4343,0.604874651810585,0.12249597052728528
4344,0.6050139275766017,0.12246777163904236
4345,0.6051532033426184,0.12243958573072497
4346,0.6052924791086352,0.12241141279337321
4347,0.6054317548746518,0.12238325281803543
4348,0.6055710306406685,0.12235510579576817
4349,0.6057103064066852,0.12232697171763623
4350,0.6058495821727019,0.12229885057471264
4351,0.6059888579387187,0.1222707423580786
4352,0.6061281337047354,0.12224264705882353
4353,0.6062674094707521,0.12221456466804502
4354,0.6064066852367688,0.12218649517684887
4355,0.6065459610027855,0.12215843857634902
4356,0.6066852367688023,0.12213039485766758
4357,0.606824512534819,0.12233187973376176
4358,0.6069637883008356,0.12253327214318495
4359,0.6071030640668523,0.12250516173434274
4360,0.6072423398328691,0.12247706422018349
4361,0.6073816155988858,0.1226782847970649
4362,0.6075208913649025,0.12265016047684549
4363,0.6076601671309192,0.12285124914049965
4364,0.6077994428969359,0.1228230980751604
4365,0.6079387186629527,0.12279495990836196
4366,0.6080779944289694,0.12299587723316537
4367,0.6082172701949861,0.1229677123883673
4368,0.6083565459610027,0.12316849816849818
4369,0.6084958217270195,0.12314030670634013
4370,0.6086350974930362,0.12311212814645309
4371,0.6087743732590529,0.1230839624799817
4372,0.6089136490250696,0.12328453796889295
4373,0.6090529247910863,0.12325634575806083
4374,0.6091922005571031,0.12345679012345678
4375,0.6093314763231198,0.12342857142857143
4376,0.6094707520891365,0.1236288848263254
4377,0.6096100278551532,0.12360063970756226
4378,0.60974930362117,0.12380082229328461
4379,0.6098885793871867,0.12400091345055948
4380,0.6100278551532033,0.12420091324200913
4381,0.61016713091922,0.12440082173019859
4382,0.6103064066852367,0.12437243267914194
4383,0.6104456824512535,0.12457221081451061
4384,0.6105849582172702,0.12454379562043795
4385,0.6107242339832869,0.12451539338654503
4386,0.6108635097493036,0.12448700410396717
4387,0.6110027855153203,0.12468657396854342
4388,0.6111420612813371,0.12488605287146765
4389,0.6112813370473538,0.12485759854180907
4390,0.6114206128133705,0.12482915717539864
4391,0.6115598885793871,0.12480072876337964
4392,0.611699164345404,0.125
4393,0.6118384401114206,0.12497154564079217
4394,0.6119777158774373,0.1251706873008648
4395,0.612116991643454,0.12514220705346984
4396,0.6122562674094707,0.1251137397634213
4397,0.6123955431754875,0.12508528542187855
4398,0.6125348189415042,0.1250568440200091
4399,0.6126740947075209,0.12525573994089567
4400,0.6128133704735376,0.12522727272727271
4401,0.6129526462395544,0.1251988184503522
4402,0.613091922005571,0.12539754656974103
4403,0.6132311977715877,0.12559618441971382
4404,0.6133704735376044,0.12556766575840145
4405,0.6135097493036211,0.12553916004540294
4406,0.6136490250696379,0.1257376305038584
4407,0.6137883008356546,0.1259360108917631
4408,0.6139275766016713,0.12590744101633394
4409,0.614066852367688,0.1258788841007031
4410,0.6142061281337048,0.12585034013605442
4411,0.6143454038997215,0.12582180911357968
4412,0.6144846796657382,0.1257932910244787
4413,0.6146239554317549,0.1257647858599592
4414,0.6147632311977715,0.12596284549161757
4415,0.6149025069637883,0.1259343148357871
4416,0.615041782729805,0.12590579710144928
4417,0.6151810584958217,0.12587729227982794
4418,0.6153203342618384,0.12584880036215482
4419,0.6154596100278552,0.1258203213396696
4420,0.6155988857938719,0.1260180995475113
4421,0.6157381615598886,0.12598959511422755
4422,0.6158774373259053,0.12596110357304388
4423,0.616016713091922,0.12593262491521592
4424,0.6161559888579388,0.12590415913200723
4425,0.6162952646239555,0.12587570621468927
4426,0.6164345403899721,0.12584726615454134
4427,0.6165738161559888,0.1258188389428507
4428,0.6167130919220055,0.12579042457091238
4429,0.6168523676880223,0.12598780763151954
4430,0.616991643454039,0.12595936794582394
4431,0.6171309192200557,0.12615662378695555
4432,0.6172701949860724,0.12612815884476533
4433,0.6174094707520892,0.12609970674486803
4434,0.6175487465181059,0.12607126747857464
4435,0.6176880222841226,0.12604284103720406
4436,0.6178272980501393,0.12601442741208296
4437,0.6179665738161559,0.12621140410187062
4438,0.6181058495821727,0.12618296529968454
4439,0.6182451253481894,0.12615453931065557
4440,0.6183844011142061,0.12612612612612611
4441,0.6185236768802228,0.12609772573744651
4442,0.6186629526462396,0.12629446195407473
4443,0.6188022284122563,0.12649110961062346
4444,0.618941504178273,0.12646264626462647
4445,0.6190807799442897,0.1266591676040495
4446,0.6192200557103064,0.1266306792622582
4447,0.6193593314763232,0.12682707443220148
4448,0.6194986072423398,0.12702338129496402
4449,0.6196378830083565,0.1269948302989436
4450,0.6197771587743732,0.12696629213483146
4451,0.61991643454039,0.1269377667939789
4452,0.6200557103064067,0.12690925426774483
4453,0.6201949860724234,0.12710532225465979
4454,0.6203342618384401,0.12707678491243826
4455,0.6204735376044568,0.12704826038159373
4456,0.6206128133704736,0.1270197486535009
4457,0.6207520891364903,0.1269912497195423
4458,0.620891364902507,0.1269627635711081
4459,0.6210306406685236,0.12693429019959632
4460,0.6211699164345403,0.12713004484304932
4461,0.6213091922005571,0.12710154673839946
4462,0.6214484679665738,0.1270730614074406
4463,0.6215877437325905,0.12704458884158637
4464,0.6217270194986072,0.12701612903225806
4465,0.621866295264624,0.12698768197088467
4466,0.6220055710306407,0.12718316166592028
4467,0.6221448467966574,0.1271546899485113
4468,0.6222841225626741,0.12712623097582812
4469,0.6224233983286908,0.12732154844484225
4470,0.6225626740947076,0.1272930648769575
4471,0.6227019498607242,0.12726459405054796
4472,0.6228412256267409,0.12723613595706618
4473,0.6229805013927576,0.12720769058797227
4474,0.6231197771587744,0.12717925793473403
4475,0.6232590529247911,0.12737430167597766
4476,0.6233983286908078,0.12756925826630922
4477,0.6235376044568245,0.12754076390440028
4478,0.6236768802228412,0.12751228226887004
4479,0.623816155988858,0.12748381335119446
4480,0.6239554317548747,0.12745535714285713
4481,0.6240947075208914,0.12765007810756526
4482,0.624233983286908,0.12762159750111557
4483,0.6243732590529248,0.1275931296007138
4484,0.6245125348189415,0.12756467439785907
4485,0.6246518105849582,0.12753623188405797
4486,0.6247910863509749,0.12773071778867587
4487,0.6249303621169916,0.12770225094718074
4488,0.6250696378830084,0.12767379679144386
4489,0.6252089136490251,0.1276453553129873
4490,0.6253481894150418,0.12761692650334075
4491,0.6254874651810585,0.12758851035404142
4492,0.6256267409470752,0.12756010685663402
4493,0.625766016713092,0.12775428444246606
4494,0.6259052924791086,0.1277258566978193
4495,0.6260445682451253,0.12769744160177976
4496,0.626183844011142,0.1278914590747331
4497,0.6263231197771588,0.12808539026017346
4498,0.6264623955431755,0.12805691418408183
4499,0.6266016713091922,0.12802845076683708
4500,0.6267409470752089,0.128
4501,0.6268802228412256,0.12797156187513886
4502,0.6270194986072424,0.1279431363838294
4503,0.6271587743732591,0.1279147235176549
4504,0.6272980501392758,0.12788632326820604
4505,0.6274373259052924,0.12785793562708103
4506,0.6275766016713092,0.1280514869063471
4507,0.6277158774373259,0.12802307521633016
4508,0.6278551532033426,0.1279946761313221
4509,0.6279944289693593,0.12796628964293635
4510,0.628133704735376,0.12793791574279378
4511,0.6282729805013928,0.12790955442252272
4512,0.6284122562674095,0.12788120567375885
4513,0.6285515320334262,0.12785286948814537
4514,0.6286908077994429,0.128046078865751
4515,0.6288300835654597,0.1282392026578073
4516,0.6289693593314764,0.12821080602302923
4517,0.629108635097493,0.12818242196147886
4518,0.6292479108635097,0.12837538733953077
4519,0.6293871866295264,0.12834697942022572
4520,0.6295264623955432,0.12831858407079647
4521,0.6296657381615599,0.128290201282902
4522,0.6298050139275766,0.12826183104820876
4523,0.6299442896935933,0.12845456555383594
4524,0.63008356545961,0.1286472148541114
4525,0.6302228412256268,0.12861878453038675
4526,0.6303621169916435,0.12859036676977464
4527,0.6305013927576602,0.12856196156394964
4528,0.6306406685236768,0.12875441696113074
4529,0.6307799442896936,0.12872598807683816
4530,0.6309192200557103,0.12869757174392937
4531,0.631058495821727,0.12866916795409403
4532,0.6311977715877437,0.12886142983230361
4533,0.6313370473537604,0.12905360688285902
4534,0.6314763231197772,0.1290251433612704
4535,0.6316155988857939,0.12921719955898567
4536,0.6317548746518106,0.12918871252204586
4537,0.6318941504178273,0.12938064800528984
4538,0.6320334261838441,0.12935213750550903
4539,0.6321727019498607,0.12932363956818682
4540,0.6323119777158774,0.12951541850220263
4541,0.6324512534818941,0.12948689715921602
4542,0.6325905292479108,0.12945838837516513
4543,0.6327298050139276,0.12942989214175654
4544,0.6328690807799443,0.12940140845070422
4545,0.633008356545961,0.12937293729372937
4546,0.6331476323119777,0.1295644522657281
4547,0.6332869080779945,0.12953595777435672
4548,0.6334261838440112,0.1295074758135444
4549,0.6335654596100279,0.12969883490877115
4550,0.6337047353760445,0.12967032967032968
4551,0.6338440111420612,0.12964183695891013
4552,0.633983286908078,0.1298330404217926
4553,0.6341225626740947,0.12980452448934768
4554,0.6342618384401114,0.1297760210803689
4555,0.6344011142061281,0.12974753018660812
4556,0.6345403899721448,0.1297190517998244
4557,0.6346796657381616,0.12991002852754005
4558,0.6348189415041783,0.12988152698551997
4559,0.634958217270195,0.1298530379469182
4560,0.6350974930362117,0.12982456140350876
4561,0.6352367688022285,0.129796097347073
4562,0.6353760445682451,0.1297676457693994
4563,0.6355153203342618,0.12973920666228358
4564,0.6356545961002785,0.12971078001752848
4565,0.6357938718662952,0.12968236582694415
4566,0.635933147632312,0.1298729741568112
4567,0.6360724233983287,0.12984453689511716
4568,0.6362116991643454,0.1300350262697023
4569,0.6363509749303621,0.1302254322608886
4570,0.6364902506963789,0.1301969365426696
4571,0.6366295264623956,0.13038722380223147
4572,0.6367688022284123,0.13035870516185477
4573,0.636908077994429,0.1303301989940958
4574,0.6370473537604456,0.13030170529077395
4575,0.6371866295264624,0.13027322404371586
4576,0.6373259052924791,0.13046328671328672
4577,0.6374651810584958,0.13043478260869565
4578,0.6376044568245125,0.13040629095674966
4579,0.6377437325905293,0.13037781174929025
4580,0.637883008356546,0.13056768558951964
4581,0.6380222841225627,0.13053918358437022
4582,0.6381615598885794,0.13051069402007856
4583,0.638300835654596,0.13048221688850098
4584,0.6384401114206129,0.13045375218150088
4585,0.6385793871866295,0.13042529989094875
4586,0.6387186629526462,0.13061491495856956
4587,0.6388579387186629,0.13080444735120994
4588,0.6389972144846797,0.1309938971229294
4589,0.6391364902506964,0.13118326432774025
4590,0.6392757660167131,0.13115468409586056
4591,0.6394150417827298,0.13112611631452842
4592,0.6395543175487465,0.13109756097560976
4593,0.6396935933147633,0.13106901807097757
4594,0.63983286908078,0.13125816282107097
4595,0.6399721448467967,0.13122959738846574
4596,0.6401114206128133,0.13120104438642297
4597,0.64025069637883,0.13117250380683054
4598,0.6403899721448468,0.1311439756415833
4599,0.6405292479108635,0.13111545988258316
4600,0.6406685236768802,0.13108695652173913
4601,0.6408077994428969,0.13105846555096717
4602,0.6409470752089137,0.13102998696219034
4603,0.6410863509749304,0.1310015207473387
4604,0.6412256267409471,0.13097306689834926
4605,0.6413649025069638,0.13094462540716612
4606,0.6415041782729805,0.13091619626574033
4607,0.6416434540389973,0.13088777946602995
4608,0.6417827298050139,0.1310763888888889
4609,0.6419220055710306,0.13126491646778043
4610,0.6420612813370473,0.13123644251626898
4611,0.6422005571030641,0.13120798091520278
4612,0.6423398328690808,0.13139635732870772
4613,0.6424791086350975,0.13158465207023629
4614,0.6426183844011142,0.1317728651928912
4615,0.6427576601671309,0.13174431202600217
4616,0.6428969359331477,0.1317157712305026
4617,0.6430362116991644,0.13168724279835392
4618,0.643175487465181,0.13165872672152448
4619,0.6433147632311977,0.13184672006927906
4620,0.6434540389972145,0.13203463203463203
4621,0.6435933147632312,0.132006059294525
4622,0.6437325905292479,0.13219385547382087
4623,0.6438718662952646,0.13216526065325546
4624,0.6440111420612813,0.1323529411764706
4625,0.6441504178272981,0.1323243243243243
4626,0.6442896935933148,0.13229571984435798
4627,0.6444289693593315,0.1324832504862762
4628,0.6445682451253482,0.13245462402765773
4629,0.6447075208913648,0.13242600993735149
4630,0.6448467966573816,0.1326133909287257
4631,0.6449860724233983,0.1325847549125459
4632,0.645125348189415,0.13255613126079446
4633,0.6452646239554317,0.13274336283185842
4634,0.6454038997214485,0.13293051359516617
4635,0.6455431754874652,0.13290183387270765
4636,0.6456824512534819,0.13287316652286454
4637,0.6458217270194986,0.13284451153763208
4638,0.6459610027855153,0.13303147908581284
4639,0.6461002785515321,0.13300280232808795
4640,0.6462395543175488,0.1329741379310345
4641,0.6463788300835654,0.13294548588666236
4642,0.6465181058495821,0.13291684618698837
4643,0.6466573816155989,0.13288821882403618
4644,0.6467966573816156,0.13285960378983636
4645,0.6469359331476323,0.13304628632938645
4646,0.647075208913649,0.13323288850624193
4647,0.6472144846796657,0.13320421777490854
4648,0.6473537604456825,0.13317555938037864
4649,0.6474930362116992,0.13314691331469133
4650,0.6476323119777159,0.13311827956989247
4651,0.6477715877437326,0.13308965813803483
4652,0.6479108635097494,0.133061049011178
4653,0.648050139275766,0.13324736728992048
4654,0.6481894150417827,0.13343360550064462
4655,0.6483286908077994,0.13340494092373792
4656,0.6484679665738161,0.1333762886597938
4657,0.6486072423398329,0.1333476487008804
4658,0.6487465181058496,0.13353370545298412
4659,0.6488857938718663,0.13371968233526507
4660,0.649025069637883,0.1336909871244635
4661,0.6491643454038997,0.13366230422656084
4662,0.6493036211699165,0.13363363363363365
4663,0.6494428969359332,0.13360497533776539
4664,0.6495821727019498,0.13357632933104632
4665,0.6497214484679665,0.13354769560557342
4666,0.6498607242339833,0.1335190741534505
4667,0.65,0.13370473537604458
4668,0.6501392757660167,0.13367609254498714
4669,0.6502785515320334,0.13364746198329408
4670,0.6504178272980501,0.13361884368308352
4671,0.6505571030640669,0.13359023763648042
4672,0.6506963788300836,0.13356164383561644
4673,0.6508356545961003,0.13353306227263
4674,0.650974930362117,0.13371844244758238
4675,0.6511142061281338,0.13368983957219252
4676,0.6512534818941504,0.13366124893071002
4677,0.6513927576601671,0.13363267051528757
4678,0.6515320334261838,0.13360410431808464
4679,0.6516713091922005,0.13357555033126736
4680,0.6518105849582173,0.13376068376068376
4681,0.651949860724234,0.1337321085238197
4682,0.6520891364902507,0.1337035454933789
4683,0.6522284122562674,0.13367499466154176
4684,0.6523676880222842,0.1336464560204953
4685,0.6525069637883009,0.1336179295624333
4686,0.6526462395543176,0.13358941527955612
4687,0.6527855153203342,0.13356091316407084
4688,0.6529247910863509,0.13353242320819111
4689,0.6530640668523677,0.13350394540413735
4690,0.6532033426183844,0.13347547974413645
4691,0.6533426183844011,0.1334470262204221
4692,0.6534818941504178,0.1336317135549872
4693,0.6536211699164345,0.13381632218197315
4694,0.6537604456824513,0.1337878142309331
4695,0.653899721448468,0.13375931842385516
4696,0.6540389972144847,0.13373083475298125
4697,0.6541782729805014,0.13391526506280604
4698,0.6543175487465182,0.13388676032354194
4699,0.6544568245125348,0.13385826771653545
4700,0.6545961002785515,0.13382978723404254
4701,0.6547353760445682,0.13380131886832589
4702,0.6548746518105849,0.1337728626116546
4703,0.6550139275766017,0.1337444184563045
4704,0.6551532033426184,0.1337159863945578
4705,0.6552924791086351,0.1336875664187035
4706,0.6554317548746518,0.13365915852103696
4707,0.6555710306406686,0.1336307626938602
4708,0.6557103064066853,0.13360237892948174
4709,0.655849582172702,0.13357400722021662
4710,0.6559888579387186,0.1337579617834395
4711,0.6561281337047353,0.1337295690936107
4712,0.6562674094707521,0.1337011884550085
4713,0.6564066852367688,0.1336728198599618
4714,0.6565459610027855,0.13364446330080612
4715,0.6566852367688022,0.13361611876988336
4716,0.656824512534819,0.13358778625954199
4717,0.6569637883008357,0.13355946576213695
4718,0.6571030640668524,0.13353115727002968
4719,0.6572423398328691,0.13371477007840643
4720,0.6573816155988857,0.1336864406779661
4721,0.6575208913649025,0.13386994280872697
4722,0.6576601671309192,0.1340533672172808
4723,0.6577994428969359,0.13423671395299597
4724,0.6579387186629526,0.13420829805249787
4725,0.6580779944289693,0.13417989417989418
4726,0.6582172701949861,0.13436309775708843
4727,0.6583565459610028,0.13454622382060505
4728,0.6584958217270195,0.13451776649746192
4729,0.6586350974930362,0.13448932120955803
4730,0.658774373259053,0.13446088794926003
4731,0.6589136490250697,0.13443246670894102
4732,0.6590529247910863,0.13440405748098055
4733,0.659192200557103,0.13437566025776462
4734,0.6593314763231197,0.13434727503168567
4735,0.6594707520891365,0.13431890179514255
4736,0.6596100278551532,0.13429054054054054
4737,0.6597493036211699,0.13447329533459995
4738,0.6598885793871866,0.1346559729843816
4739,0.6600278551532034,0.13483857353872125
4740,0.6601671309192201,0.13481012658227848
4741,0.6603064066852368,0.13499261759122547
4742,0.6604456824512535,0.13496415014761703
4743,0.6605849582172701,0.13493569470799072
4744,0.660724233983287,0.13490725126475547
4745,0.6608635097493036,0.13487881981032665
4746,0.6610027855153203,0.134850400337126
4747,0.661142061281337,0.13503265220139035
4748,0.6612813370473538,0.13500421229991574
4749,0.6614206128133705,0.13497578437565802
4750,0.6615598885793872,0.13494736842105262
4751,0.6616991643454039,0.13491896442854137
4752,0.6618384401114206,0.1348905723905724
4753,0.6619777158774374,0.13486219229960025
4754,0.6621169916434541,0.13504417332772403
4755,0.6622562674094707,0.13501577287066246
4756,0.6623955431754874,0.13498738435660218
4757,0.6625348189415042,0.13495900777801134
4758,0.6626740947075209,0.13493064312736444
4759,0.6628133704735376,0.13490229039714224
4760,0.6629526462395543,0.13487394957983193
4761,0.663091922005571,0.1348456206679269
4762,0.6632311977715878,0.1348173036539269
4763,0.6633704735376045,0.13478899853033802
4764,0.6635097493036212,0.13497061293031065
4765,0.6636490250696379,0.1349422875131165
4766,0.6637883008356545,0.13491397398237515
4767,0.6639275766016713,0.13488567233060625
4768,0.664066852367688,0.13485738255033558
4769,0.6642061281337047,0.1348291046340952
4770,0.6643454038997214,0.1348008385744235
4771,0.6644846796657382,0.13498218402850556
4772,0.6646239554317549,0.134953897736798
4773,0.6647632311977716,0.13492562329771632
4774,0.6649025069637883,0.13510682865521575
4775,0.665041782729805,0.13507853403141362
4776,0.6651810584958218,0.1350502512562814
4777,0.6653203342618385,0.13502198032237805
4778,0.6654596100278551,0.135203013813311
4779,0.6655988857938718,0.13517472274534423
4780,0.6657381615598886,0.13514644351464436
4781,0.6658774373259053,0.13511817611378374
4782,0.666016713091922,0.13508992053534086
4783,0.6661559888579387,0.13506167677190048
4784,0.6662952646239554,0.1350334448160535
4785,0.6664345403899722,0.13500522466039708
4786,0.6665738161559889,0.13497701629753447
4787,0.6667130919220056,0.1349488197200752
4788,0.6668523676880223,0.1351294903926483
4789,0.666991643454039,0.13510127375234912
4790,0.6671309192200557,0.1350730688935282
4791,0.6672701949860724,0.1350448758088082
4792,0.6674094707520891,0.1352253756260434
4793,0.6675487465181058,0.13540580012518255
4794,0.6676880222841226,0.13537755527743012
4795,0.6678272980501393,0.13534932221063609
4796,0.667966573816156,0.1353211009174312
4797,0.6681058495821727,0.13529289139045236
4798,0.6682451253481894,0.13526469362234264
4799,0.6683844011142062,0.13544488435090643
4800,0.6685236768802229,0.135625
4801,0.6686629526462395,0.13580504061653823
4802,0.6688022284122562,0.13577675968346523
4803,0.668941504178273,0.1357484905267541
4804,0.6690807799442897,0.1357202331390508
4805,0.6692200557103064,0.1356919875130073
4806,0.6693593314763231,0.13566375364128172
4807,0.6694986072423398,0.13563553151653837
4808,0.6696378830083566,0.1358153078202995
4809,0.6697771587743733,0.13578706591807027
4810,0.66991643454039,0.13575883575883577
4811,0.6700557103064066,0.1359384743296612
4812,0.6701949860724234,0.13591022443890274
4813,0.6703342618384401,0.13608975690837316
4814,0.6704735376044568,0.13606148732862483
4815,0.6706128133704735,0.1360332294911734
4816,0.6707520891364902,0.13600498338870431
4817,0.670891364902507,0.13597674901390908
4818,0.6710306406685237,0.13594852635948526
4819,0.6711699164345404,0.13592031541813654
4820,0.6713091922005571,0.13609958506224065
4821,0.6714484679665739,0.13607135449076954
4822,0.6715877437325906,0.13604313562836998
4823,0.6717270194986072,0.13601492846775864
4824,0.6718662952646239,0.13598673300165837
4825,0.6720055710306406,0.13595854922279793
4826,0.6721448467966574,0.13593037712391215
4827,0.6722841225626741,0.13590221669774186
4828,0.6724233983286908,0.13608119304059652
4829,0.6725626740947075,0.13605301304617934
4830,0.6727019498607242,0.1360248447204969
4831,0.672841225626741,0.13599668805630305
4832,0.6729805013927577,0.1359685430463576
4833,0.6731197771587744,0.13614732050486242
4834,0.673259052924791,0.13611915597848573
4835,0.6733983286908078,0.13609100310237848
4836,0.6735376044568245,0.1360628618693135
4837,0.6736768802228412,0.13603473227206947
4838,0.6738161559888579,0.13621331128565523
4839,0.6739554317548746,0.13618516222359991
4840,0.6740947075208914,0.13615702479338843
4841,0.6742339832869081,0.13612889898781244
4842,0.6743732590529248,0.13630731102850063
4843,0.6745125348189415,0.13648564939087343
4844,0.6746518105849583,0.13645747316267548
4845,0.674791086350975,0.13642930856553148
4846,0.6749303621169916,0.13660751134956664
4847,0.6750696378830083,0.13657932741902207
4848,0.675208913649025,0.13655115511551155
4849,0.6753481894150418,0.13652299443184163
4850,0.6754874651810585,0.13649484536082473
4851,0.6756267409470752,0.13646670789527932
4852,0.6757660167130919,0.13664468260511128
4853,0.6759052924791087,0.1366165258602926
4854,0.6760445682451254,0.1365883807169345
4855,0.6761838440111421,0.1365602471678682
4856,0.6763231197771588,0.1365321252059308
4857,0.6764623955431754,0.1365040148239654
4858,0.6766016713091922,0.13647591601482092
4859,0.6767409470752089,0.13644782877135214
4860,0.6768802228412256,0.13641975308641976
4861,0.6770194986072423,0.13639168895289036
4862,0.677158774373259,0.13656931303990127
4863,0.6772980501392758,0.13674686407567346
4864,0.6774373259052925,0.13671875
4865,0.6775766016713092,0.1366906474820144
4866,0.6777158774373259,0.13686806411837238
4867,0.6778551532033427,0.13704540784877747
4868,0.6779944289693594,0.13701725554642563
4869,0.678133704735376,0.13698911480796877
4870,0.6782729805013927,0.13696098562628337
4871,0.6784122562674094,0.13713816464791623
4872,0.6785515320334262,0.1373152709359606
4873,0.6786908077994429,0.13749230453519393
4874,0.6788300835654596,0.137669265490357
4875,0.6789693593314763,0.13764102564102565
4876,0.6791086350974931,0.13761279737489746
4877,0.6792479108635098,0.13758458068484725
4878,0.6793871866295265,0.13776137761377613
4879,0.6795264623955432,0.13773314203730272
4880,0.6796657381615598,0.13790983606557378
4881,0.6798050139275766,0.13788158164310593
4882,0.6799442896935933,0.1378533387955756
4883,0.68008356545961,0.1378251075158714
4884,0.6802228412256267,0.13779688779688778
4885,0.6803621169916435,0.1377686796315251
4886,0.6805013927576602,0.13774048301268932
4887,0.6806406685236769,0.1379169224473092
4888,0.6807799442896936,0.13788870703764322
4889,0.6809192200557103,0.13786050317038248
4890,0.6810584958217271,0.1378323108384458
4891,0.6811977715877438,0.13780413003475772
4892,0.6813370473537604,0.13777596075224857
4893,0.6814763231197771,0.13795217657878603
4894,0.6816155988857938,0.13792398855741725
4895,0.6817548746518106,0.13789581205311544
4896,0.6818941504178273,0.13786764705882354
4897,0.682033426183844,0.1378394935674903
4898,0.6821727019498607,0.1380155165373622
4899,0.6823119777158775,0.13819146764645845
4900,0.6824512534818942,0.13816326530612244
4901,0.6825905292479109,0.13833911446643543
4902,0.6827298050139275,0.13851489188086497
4903,0.6828690807799442,0.1386905975933102
4904,0.683008356545961,0.13866231647634583
4905,0.6831476323119777,0.13863404689092762
4906,0.6832869080779944,0.13860578883000407
4907,0.6834261838440111,0.13857754228652944
4908,0.6835654596100279,0.13854930725346373
4909,0.6837047353760446,0.13852108372377267
4910,0.6838440111420613,0.1384928716904277
4911,0.683983286908078,0.13846467114640604
4912,0.6841225626740947,0.13843648208469056
4913,0.6842618384401115,0.13861184612253205
4914,0.6844011142061281,0.13878713878713878
4915,0.6845403899721448,0.1387589013224822
4916,0.6846796657381615,0.1387306753458096
4917,0.6848189415041783,0.13890583689241406
4918,0.684958217270195,0.13887759251728346
4919,0.6850974930362117,0.13884935962594022
4920,0.6852367688022284,0.13882113821138212
4921,0.6853760445682451,0.138996138996139
4922,0.6855153203342619,0.1389678992279561
4923,0.6856545961002786,0.13893967093235832
4924,0.6857938718662953,0.13911454102355808
4925,0.685933147632312,0.13928934010152283
4926,0.6860724233983287,0.13926106374340236
4927,0.6862116991643454,0.13923279886340573
4928,0.6863509749303621,0.13920454545454544
4929,0.6864902506963788,0.13917630350983973
4930,0.6866295264623955,0.13935091277890466
4931,0.6867688022284123,0.13932265260596227
4932,0.686908077994429,0.13949716139497162
4933,0.6870473537604457,0.13967159943239407
4934,0.6871866295264624,0.13984596676124847
4935,0.6873259052924791,0.1398176291793313
4936,0.6874651810584959,0.13978930307941653
4937,0.6876044568245125,0.13976098845452703
4938,0.6877437325905292,0.13973268529769137
4939,0.6878830083565459,0.13970439360194373
4940,0.6880222841225627,0.1396761133603239
4941,0.6881615598885794,0.13985023274640762
4942,0.6883008356545961,0.13982193443949817
4943,0.6884401114206128,0.1397936475824398
4944,0.6885793871866295,0.13996763754045308
4945,0.6887186629526463,0.13993933265925176
4946,0.688857938718663,0.13991103922361503
4947,0.6889972144846797,0.13988275722660198
4948,0.6891364902506963,0.1400565885206144
4949,0.6892757660167131,0.1402303495655688
4950,0.6894150417827298,0.1404040404040404
4951,0.6895543175487465,0.1403756816804686
4952,0.6896935933147632,0.14034733441033925
4953,0.6898328690807799,0.14031899858671512
4954,0.6899721448467967,0.1404925312878482
4955,0.6901114206128134,0.14046417759838548
4956,0.6902506963788301,0.14043583535108958
4957,0.6903899721448468,0.1404075045390357
4958,0.6905292479108636,0.14037918515530456
4959,0.6906685236768803,0.14055253075216778
4960,0.6908077994428969,0.1405241935483871
4961,0.6909470752089136,0.14069744003225157
4962,0.6910863509749303,0.14066908504635228
4963,0.6912256267409471,0.14084223252065284
4964,0.6913649025069638,0.14081385979049155
4965,0.6915041782729805,0.14078549848942598
4966,0.6916434540389972,0.14075714861055175
4967,0.6917827298050139,0.14072881014697
4968,0.6919220055710307,0.14070048309178743
4969,0.6920612813370474,0.14087341517407928
4970,0.692200557103064,0.14084507042253522
4971,0.6923398328690807,0.1408167370750352
4972,0.6924791086350975,0.1407884151246983
4973,0.6926183844011142,0.1407601045646491
4974,0.6927576601671309,0.1407318053880177
4975,0.6928969359331476,0.1407035175879397
4976,0.6930362116991643,0.14067524115755628
4977,0.6931754874651811,0.14064697609001406
4978,0.6933147632311978,0.14061872237846526
4979,0.6934540389972145,0.14059048001606747
4980,0.6935933147632312,0.14076305220883534
4981,0.693732590529248,0.14093555510941577
4982,0.6938718662952646,0.1409072661581694
4983,0.6940111420612813,0.14107967088099538
4984,0.694150417827298,0.14125200642054575
4985,0.6942896935933147,0.14142427281845538
4986,0.6944289693593315,0.14139590854392298
4987,0.6945682451253482,0.14136755564467615
4988,0.6947075208913649,0.1413392141138733
4989,0.6948467966573816,0.1413108839446783
4990,0.6949860724233984,0.14128256513026052
4991,0.6951253481894151,0.14145461831296333
4992,0.6952646239554318,0.14142628205128205
4993,0.6954038997214484,0.141397957139996
4994,0.6955431754874651,0.14156988386063277
4995,0.6956824512534819,0.14154154154154155
4996,0.6958217270194986,0.14171337069655723
4997,0.6959610027855153,0.14168501100660397
4998,0.696100278551532,0.14165666266506602
4999,0.6962395543175487,0.14162832566513303
5000,0.6963788300835655,0.1418
5001,0.6965181058495822,0.14177164567086584
5002,0.6966573816155989,0.14194322271091564
5003,0.6967966573816156,0.1419148510893464
5004,0.6969359331476324,0.1418864908073541
5005,0.697075208913649,0.14205794205794206
5006,0.6972144846796657,0.14222932481022774
5007,0.6973537604456824,0.14240063910525264
5008,0.6974930362116991,0.14237220447284346
5009,0.6976323119777159,0.14234378119385108
5010,0.6977715877437326,0.14231536926147706
5011,0.6979108635097493,0.14228696866892837
5012,0.698050139275766,0.14225857940941738
5013,0.6981894150417828,0.14223020147616197
5014,0.6983286908077995,0.14240127642600717
5015,0.6984679665738162,0.1423728813559322
5016,0.6986072423398328,0.1423444976076555
5017,0.6987465181058495,0.142316125174407
5018,0.6988857938718663,0.1422877640494221
5019,0.699025069637883,0.14225941422594143
5020,0.6991643454038997,0.14223107569721116
5021,0.6993036211699164,0.14220274845648279
5022,0.6994428969359332,0.14217443249701314
5023,0.6995821727019499,0.14234521202468645
5024,0.6997214484679666,0.1423168789808917
5025,0.6998607242339833,0.14228855721393036
5026,0.7,0.14226024671707124
5027,0.7001392757660168,0.1422319474835886
5028,0.7002785515320334,0.14220365950676214
5029,0.7004178272980501,0.1421753827798767
5030,0.7005571030640668,0.14214711729622267
5031,0.7006963788300835,0.1421188630490956
5032,0.7008356545961003,0.1420906200317965
5033,0.700974930362117,0.14206238823763162
5034,0.7011142061281337,0.14203416765991259
5035,0.7012534818941504,0.1420059582919563
5036,0.7013927576601672,0.14217633042096903
5037,0.7015320334261839,0.1421481040301767
5038,0.7016713091922006,0.14211988884477966
5039,0.7018105849582172,0.14229013693193093
5040,0.7019498607242339,0.14226190476190476
5041,0.7020891364902507,0.14223368379289825
5042,0.7022284122562674,0.14240380801269337
5043,0.7023676880222841,0.1423755700971644
5044,0.7025069637883008,0.14254559873116573
5045,0.7026462395543176,0.14271555996035679
5046,0.7027855153203343,0.1426872770511296
5047,0.702924791086351,0.1426590053497127
5048,0.7030640668523677,0.14282884310618066
5049,0.7032033426183844,0.14299861358684887
5050,0.7033426183844012,0.14297029702970296
5051,0.7034818941504178,0.1431399722827163
5052,0.7036211699164345,0.14311163895486936
5053,0.7037604456824512,0.14308331684148032
5054,0.703899721448468,0.14325286901464188
5055,0.7040389972144847,0.14322453016815034
5056,0.7041782729805014,0.14319620253164558
5057,0.7043175487465181,0.1433656317975084
5058,0.7044568245125348,0.14333728746540134
5059,0.7045961002785516,0.14350662186202806
5060,0.7047353760445683,0.14347826086956522
5061,0.704874651810585,0.1436475004939735
5062,0.7050139275766016,0.14361912287633347
5063,0.7051532033426184,0.14359075646849695
5064,0.7052924791086351,0.14356240126382305
5065,0.7054317548746518,0.1437314906219151
5066,0.7055710306406685,0.1437031188314252
5067,0.7057103064066852,0.1438721136767318
5068,0.705849582172702,0.1440410418310971
5069,0.7059888579387187,0.1440126257644506
5070,0.7061281337047354,0.14418145956607495
5071,0.7062674094707521,0.1441530270163676
5072,0.7064066852367687,0.14412460567823343
5073,0.7065459610027855,0.14429331756357186
5074,0.7066852367688022,0.14446196294836422
5075,0.7068245125348189,0.14463054187192118
5076,0.7069637883008356,0.144602048857368
5077,0.7071030640668524,0.14457356706716565
5078,0.7072423398328691,0.14474202441906261
5079,0.7073816155988858,0.14471352628470172
5080,0.7075208913649025,0.14468503937007873
5081,0.7076601671309192,0.1446565636685692
5082,0.707799442896936,0.1446280991735537
5083,0.7079387186629527,0.14479638009049775
5084,0.7080779944289693,0.1449645948072384
5085,0.708217270194986,0.14493608652900689
5086,0.7083565459610028,0.1451042076287849
5087,0.7084958217270195,0.14507568311381955
5088,0.7086350974930362,0.1452437106918239
5089,0.7087743732590529,0.14521516997445472
5090,0.7089136490250696,0.14518664047151278
5091,0.7090529247910864,0.14535454724022787
5092,0.7091922005571031,0.1453260015710919
5093,0.7093314763231198,0.14549381504025133
5094,0.7094707520891365,0.14546525323910484
5095,0.7096100278551533,0.14543670264965652
5096,0.70974930362117,0.14540816326530612
5097,0.7098885793871866,0.1453796350794585
5098,0.7100278551532033,0.14554727344056492
5099,0.71016713091922,0.1455187291625809
5100,0.7103064066852368,0.14549019607843136
5101,0.7104456824512535,0.14565771417369144
5102,0.7105849582172702,0.14562916503332027
5103,0.7107242339832869,0.1457965902410347
5104,0.7108635097493036,0.1459639498432602
5105,0.7110027855153204,0.14593535749265427
5106,0.7111420612813371,0.14610262436349392
5107,0.7112813370473537,0.14626982572939104
5108,0.7114206128133704,0.14624119028974158
5109,0.7115598885793872,0.14640829908005482
5110,0.7116991643454039,0.14637964774951076
5111,0.7118384401114206,0.14635100763060066
5112,0.7119777158774373,0.14632237871674492
5113,0.712116991643454,0.14629376100136907
5114,0.7122562674094708,0.14626515447790378
5115,0.7123955431754875,0.1464320625610948
5116,0.7125348189415042,0.14659890539483972
5117,0.7126740947075209,0.146765683017393
5118,0.7128133704735377,0.14673700664322
5119,0.7129526462395543,0.14690369212736862
5120,0.713091922005571,0.1470703125
5121,0.7132311977715877,0.14704159343878148
5122,0.7133704735376044,0.14720812182741116
5123,0.7135097493036212,0.14717938707788406
5124,0.7136490250696379,0.14715066354410616
5125,0.7137883008356546,0.1473170731707317
5126,0.7139275766016713,0.14728833398361296
5127,0.7140668523676881,0.14725960600741175
5128,0.7142061281337048,0.14723088923556943
5129,0.7143454038997215,0.14720218366153245
5130,0.7144846796657381,0.14717348927875243
5131,0.7146239554317548,0.14714480608068603
5132,0.7147632311977716,0.14731098986749805
5133,0.7149025069637883,0.1472822910578609
5134,0.715041782729805,0.1472536034281262
5135,0.7151810584958217,0.14722492697176243
5136,0.7153203342618384,0.14739096573208724
5137,0.7154596100278552,0.1475569398481604
5138,0.7155988857938719,0.1475282210977034
5139,0.7157381615598886,0.14769410391126678
5140,0.7158774373259053,0.14766536964980545
5141,0.716016713091922,0.14783116125267456
5142,0.7161559888579387,0.14799688837028394
5143,0.7162952646239554,0.14796811199688897
5144,0.7164345403899721,0.14813374805598756
5145,0.7165738161559888,0.14829931972789115
5146,0.7167130919220056,0.14846482705013603
5147,0.7168523676880223,0.14843598212551
5148,0.716991643454039,0.14840714840714841
5149,0.7171309192200557,0.14837832588852204
5150,0.7172701949860725,0.14854368932038836
5151,0.7174094707520892,0.1485148514851485
5152,0.7175487465181059,0.1486801242236025
5153,0.7176880222841225,0.14865127110421114
5154,0.7178272980501392,0.14862242918121846
5155,0.717966573816156,0.14859359844810863
5156,0.7181058495821727,0.1487587276958883
5157,0.7182451253481894,0.1487298817141749
5158,0.7183844011142061,0.1488949205118263
5159,0.7185236768802229,0.14886605931382052
5160,0.7186629526462396,0.14903100775193798
5161,0.7188022284122563,0.14900213136988955
5162,0.718941504178273,0.1491669895389384
5163,0.7190807799442896,0.14913809800503583
5164,0.7192200557103064,0.14910921766072813
5165,0.7193593314763231,0.14908034849951599
5166,0.7194986072423398,0.14924506387921022
5167,0.7196378830083565,0.14921617960131606
5168,0.7197771587743732,0.149187306501548
5169,0.71991643454039,0.14915844457341845
5170,0.7200557103064067,0.1493230174081238
5171,0.7201949860724234,0.14948752659060144
5172,0.7203342618384401,0.14965197215777262
5173,0.7204735376044569,0.14962304272182486
5174,0.7206128133704736,0.14959412446849632
5175,0.7207520891364902,0.14956521739130435
5176,0.7208913649025069,0.14953632148377125
5177,0.7210306406685236,0.14950743673942438
5178,0.7211699164345404,0.14947856315179606
5179,0.7213091922005571,0.14944970071442362
5180,0.7214484679665738,0.14942084942084943
5181,0.7215877437325905,0.14958502219648717
5182,0.7217270194986073,0.14955615592435353
5183,0.721866295264624,0.14952730079104765
5184,0.7220055710306407,0.14949845679012347
5185,0.7221448467966574,0.14966248794599807
5186,0.722284122562674,0.14963362900115695
5187,0.7224233983286908,0.14960478118372855
5188,0.7225626740947075,0.14957594448727835
5189,0.7227019498607242,0.14954711890537675
5190,0.7228412256267409,0.14951830443159922
5191,0.7229805013927577,0.1494895010595261
5192,0.7231197771587744,0.14946070878274267
5193,0.7232590529247911,0.1494319275948392
5194,0.7233983286908078,0.1495956873315364
5195,0.7235376044568245,0.14956689124157843
5196,0.7236768802228413,0.14973056197074672
5197,0.723816155988858,0.14989416971329614
5198,0.7239554317548746,0.15005771450557906
5199,0.7240947075208913,0.15002885170225044
5200,0.724233983286908,0.15019230769230768
5201,0.7243732590529248,0.15016343010959432
5202,0.7245125348189415,0.1503267973856209
5203,0.7246518105849582,0.15029790505477608
5204,0.7247910863509749,0.15026902382782475
5205,0.7249303621169917,0.15043227665706052
5206,0.7250696378830084,0.15040338071456014
5207,0.7252089136490251,0.15037449587094295
5208,0.7253481894150418,0.15034562211981567
5209,0.7254874651810584,0.1505087348819351
5210,0.7256267409470752,0.15067178502879078
5211,0.7257660167130919,0.15064287085012473
5212,0.7259052924791086,0.15061396776669225
5213,0.7260445682451253,0.1507769038941109
5214,0.7261838440111421,0.150939777522056
5215,0.7263231197771588,0.1511025886864813
5216,0.7264623955431755,0.15126533742331288
5217,0.7266016713091922,0.15123634272570444
5218,0.7267409470752089,0.1512073591414335
5219,0.7268802228412257,0.1511783866641119
5220,0.7270194986072424,0.15134099616858238
5221,0.727158774373259,0.15150354338249378
5222,0.7272980501392757,0.15166602834163156
5223,0.7274373259052925,0.15163699023549684
5224,0.7275766016713092,0.15160796324655437
5225,0.7277158774373259,0.15157894736842106
5226,0.7278551532033426,0.1515499425947187
5227,0.7279944289693593,0.15152094891907403
5228,0.7281337047353761,0.1514919663351186
5229,0.7282729805013928,0.1516542359915854
5230,0.7284122562674095,0.15162523900573613
5231,0.7285515320334262,0.1515962531064806
5232,0.728690807799443,0.15156727828746178
5233,0.7288300835654596,0.15172940951652972
5234,0.7289693593314763,0.15170042032862055
5235,0.729108635097493,0.15167144221585482
5236,0.7292479108635097,0.15164247517188695
5237,0.7293871866295265,0.15161351919037616
5238,0.7295264623955432,0.1517754868270332
5239,0.7296657381615599,0.1519373926321817
5240,0.7298050139275766,0.15209923664122138
5241,0.7299442896935933,0.15207021560770845
5242,0.7300835654596101,0.15204120564669973
5243,0.7302228412256268,0.1520122067518596
5244,0.7303621169916434,0.15198321891685737
5245,0.7305013927576601,0.15214489990467112
5246,0.7306406685236769,0.15211589782691576
5247,0.7307799442896936,0.15208690680388792
5248,0.7309192200557103,0.1520579268292683
5249,0.731058495821727,0.15221947037530958
5250,0.7311977715877437,0.15219047619047618
5251,0.7313370473537605,0.15216149304894305
5252,0.7314763231197772,0.15213252094440213
5253,0.7316155988857939,0.15210355987055016
5254,0.7317548746518105,0.1520746098210887
5255,0.7318941504178273,0.15204567078972409
5256,0.732033426183844,0.15201674277016744
5257,0.7321727019498607,0.15198782575613468
5258,0.7323119777158774,0.1521491061240015
5259,0.7324512534818941,0.15231032515687393
5260,0.7325905292479109,0.15247148288973383
5261,0.7327298050139276,0.1524425014255845
5262,0.7328690807799443,0.1524135309768149
5263,0.733008356545961,0.15257457723731713
5264,0.7331476323119778,0.15254559270516718
5265,0.7332869080779945,0.1527065527065527
5266,0.7334261838440111,0.15267755412077477
5267,0.7335654596100278,0.15283842794759825
5268,0.7337047353760445,0.15299924069855733
5269,0.7338440111420613,0.15315999240842665
5270,0.733983286908078,0.15332068311195446
5271,0.7341225626740947,0.15348131284386266
5272,0.7342618384401114,0.15345220030349013
5273,0.7344011142061281,0.15342309880523422
5274,0.7345403899721449,0.1533940083428138
5275,0.7346796657381616,0.15355450236966825
5276,0.7348189415041783,0.1535253980288097
5277,0.734958217270195,0.1536858063293538
5278,0.7350974930362117,0.15365668813944677
5279,0.7352367688022284,0.15381701079749951
5280,0.7353760445682451,0.15397727272727274
5281,0.7355153203342618,0.15394811588714258
5282,0.7356545961002785,0.1539189700870882
5283,0.7357938718662953,0.15388983532084044
5284,0.735933147632312,0.15386071158213474
5285,0.7360724233983287,0.15383159886471146
5286,0.7362116991643454,0.15380249716231556
5287,0.7363509749303622,0.1539625496500851
5288,0.7364902506963789,0.15412254160363087
5289,0.7366295264623955,0.1542824730572887
5290,0.7367688022284122,0.15425330812854443
5291,0.7369080779944289,0.15441315441315442
5292,0.7370473537604457,0.154572940287226
5293,0.7371866295264624,0.15473266578499906
5294,0.7373259052924791,0.15470343785417454
5295,0.7374651810584958,0.1546742209631728
5296,0.7376044568245126,0.15483383685800603
5297,0.7377437325905293,0.154993392486313
5298,0.737883008356546,0.15496413741034354
5299,0.7380222841225627,0.15512360822796753
5300,0.7381615598885793,0.15528301886792453
5301,0.7383008356545961,0.15525372571212978
5302,0.7384401114206128,0.15541305167861186
5303,0.7385793871866295,0.1553837450499717
5304,0.7387186629526462,0.15554298642533937
5305,0.7388579387186629,0.15551366635249764
5306,0.7389972144846797,0.15548435733132304
5307,0.7391364902506964,0.1554550593555681
5308,0.7392757660167131,0.15561416729464958
5309,0.7394150417827298,0.15558485590506688
5310,0.7395543175487466,0.15574387947269303
5311,0.7396935933147633,0.15571455469779702
5312,0.7398328690807799,0.1558734939759036
5313,0.7399721448467966,0.15584415584415584
5314,0.7401114206128133,0.1558148287542341
5315,0.7402506963788301,0.15578551269990593
5316,0.7403899721448468,0.15594431903686984
5317,0.7405292479108635,0.15591498965582096
5318,0.7406685236768802,0.1558856713050019
5319,0.740807799442897,0.15604436924233878
5320,0.7409470752089137,0.15601503759398497
5321,0.7410863509749304,0.15598571697049426
5322,0.741225626740947,0.15614430665163473
5323,0.7413649025069637,0.15611497275972197
5324,0.7415041782729805,0.15608564988730278
5325,0.7416434540389972,0.15624413145539906
5326,0.7417827298050139,0.15640255351107774
5327,0.7419220055710306,0.15637319316688567
5328,0.7420612813370474,0.15634384384384384
5329,0.7422005571030641,0.1563145055357478
5330,0.7423398328690808,0.15628517823639776
5331,0.7424791086350975,0.15625586193959856
5332,0.7426183844011142,0.1562265566391598
5333,0.742757660167131,0.15619726232889555
5334,0.7428969359331477,0.15616797900262466
5335,0.7430362116991643,0.15613870665417057
5336,0.743175487465181,0.15629685157421289
5337,0.7433147632311977,0.15626756604834177
5338,0.7434540389972145,0.15623829149494192
5339,0.7435933147632312,0.1562090279078479
5340,0.7437325905292479,0.15617977528089888
5341,0.7438718662952646,0.1561505336079386
5342,0.7440111420612814,0.15612130288281542
5343,0.7441504178272981,0.15609208309938236
5344,0.7442896935933148,0.15625
5345,0.7444289693593314,0.15640785781103836
5346,0.7445682451253481,0.15656565656565657
5347,0.7447075208913649,0.15653637553768468
5348,0.7448467966573816,0.15669409124906508
5349,0.7449860724233983,0.15685174799027857
5350,0.745125348189415,0.15682242990654205
5351,0.7452646239554318,0.15698000373761914
5352,0.7454038997214485,0.15713751868460388
5353,0.7455431754874652,0.15729497478049692
5354,0.7456824512534819,0.1574523720582742
5355,0.7458217270194986,0.15742296918767507
5356,0.7459610027855154,0.15739357729648992
5357,0.746100278551532,0.1573641963785701
5358,0.7462395543175487,0.15733482642777155
5359,0.7463788300835654,0.1574920694159358
5360,0.7465181058495822,0.15746268656716417
5361,0.7466573816155989,0.157433314680097
5362,0.7467966573816156,0.15740395374860128
5363,0.7469359331476323,0.15737460376654858
5364,0.747075208913649,0.15734526472781507
5365,0.7472144846796658,0.157502329916123
5366,0.7473537604456825,0.15747297800969065
5367,0.7474930362116992,0.15762996087199552
5368,0.7476323119777158,0.1576005961251863
5369,0.7477715877437325,0.1577574967405476
5370,0.7479108635097493,0.15772811918063315
5371,0.748050139275766,0.15788493762800224
5372,0.7481894150417827,0.15785554728220402
5373,0.7483286908077994,0.15801228364042436
5374,0.7484679665738162,0.15816896166728694
5375,0.7486072423398329,0.15813953488372093
5376,0.7487465181058496,0.15811011904761904
5377,0.7488857938718663,0.15808071415287334
5378,0.749025069637883,0.1582372629230197
5379,0.7491643454038998,0.15820784532440973
5380,0.7493036211699164,0.15817843866171002
5381,0.7494428969359331,0.15814904292882365
5382,0.7495821727019498,0.15830546265328874
5383,0.7497214484679666,0.1582760542448449
5384,0.7498607242339833,0.15824665676077265
5385,0.75,0.1584029712163417
5386,0.7501392757660167,0.15855922762718158
5387,0.7502785515320334,0.15871542602561722
5388,0.7504178272980502,0.15868596881959912
5389,0.7505571030640669,0.15865652254592688
5390,0.7506963788300836,0.1588126159554731
5391,0.7508356545961002,0.15878315711370802
5392,0.750974930362117,0.15893916913946587
5393,0.7511142061281337,0.15909512330799183
5394,0.7512534818941504,0.1592510196514646
5395,0.7513927576601671,0.1592215013901761
5396,0.7515320334261838,0.15919199406968124
5397,0.7516713091922006,0.15916249768389845
5398,0.7518105849582173,0.1593182660244535
5399,0.751949860724234,0.15928875717725505
5400,0.7520891364902507,0.15944444444444444
5401,0.7522284122562675,0.15941492316237735
5402,0.7523676880222842,0.15957052943354313
5403,0.7525069637883008,0.15954099574310568
5404,0.7526462395543175,0.15951147298297558
5405,0.7527855153203342,0.15966697502312674
5406,0.752924791086351,0.1598224195338513
5407,0.7530640668523677,0.1599778065470686
5408,0.7532033426183844,0.159948224852071
5409,0.7533426183844011,0.1599186540950268
5410,0.7534818941504178,0.1598890942698706
5411,0.7536211699164346,0.15985954537054148
5412,0.7537604456824513,0.159830007390983
5413,0.753899721448468,0.15980048032514318
5414,0.7540389972144846,0.15995567048393056
5415,0.7541782729805014,0.15992613111726686
5416,0.7543175487465181,0.16008124076809455
5417,0.7544568245125348,0.16005168912682297
5418,0.7545961002785515,0.16002214839424142
5419,0.7547353760445682,0.15999261856431077
5420,0.754874651810585,0.1599630996309963
5421,0.7550139275766017,0.15993359158826784
5422,0.7551532033426184,0.1599040944300996
5423,0.7552924791086351,0.15987460815047022
5424,0.7554317548746519,0.15984513274336284
5425,0.7555710306406686,0.15981566820276497
5426,0.7557103064066852,0.15997051234795429
5427,0.7558495821727019,0.1599410355629261
5428,0.7559888579387186,0.15991156963890935
5429,0.7561281337047354,0.15988211456990237
5430,0.7562674094707521,0.1598526703499079
5431,0.7564066852367688,0.15982323697293316
5432,0.7565459610027855,0.15979381443298968
5433,0.7566852367688023,0.1597644027240935
5434,0.756824512534819,0.15991902834008098
5435,0.7569637883008357,0.15988960441582337
5436,0.7571030640668523,0.15986019131714496
5437,0.757242339832869,0.15983078903807246
5438,0.7573816155988858,0.1599852887090842
5439,0.7575208913649025,0.160139731568303
5440,0.7576601671309192,0.16011029411764705
5441,0.7577994428969359,0.16026465723212643
5442,0.7579387186629526,0.16041896361631752
5443,0.7580779944289694,0.16038949108947273
5444,0.7582172701949861,0.16054371785451874
5445,0.7583565459610028,0.16051423324150596
5446,0.7584958217270195,0.16048475945648183
5447,0.7586350974930363,0.1606388837892418
5448,0.758774373259053,0.1606093979441997
5449,0.7589136490250696,0.160579922921637
5450,0.7590529247910863,0.16073394495412843
5451,0.759192200557103,0.16070445789763346
5452,0.7593314763231198,0.16085840058694056
5453,0.7594707520891365,0.16101228681459748
5454,0.7596100278551532,0.160982764943161
5455,0.7597493036211699,0.1609532538955087
5456,0.7598885793871867,0.16110703812316715
5457,0.7600278551532034,0.16107751511819682
5458,0.7601671309192201,0.16104800293147672
5459,0.7603064066852367,0.16101850155706174
5460,0.7604456824512534,0.16117216117216118
5461,0.7605849582172702,0.16114264786669108
5462,0.7607242339832869,0.16129622848773342
5463,0.7608635097493036,0.16126670327658796
5464,0.7610027855153203,0.16142020497803808
5465,0.7611420612813371,0.1615736505032022
5466,0.7612813370473538,0.1615440907427735
5467,0.7614206128133705,0.16151454179623193
5468,0.7615598885793872,0.1616678858814923
5469,0.7616991643454039,0.16182117388919365
5470,0.7618384401114207,0.16179159049360145
5471,0.7619777158774373,0.16194479985377444
5472,0.762116991643454,0.16209795321637427
5473,0.7622562674094707,0.16225105061209574
5474,0.7623955431754874,0.16222141030325174
5475,0.7625348189415042,0.16219178082191782
5476,0.7626740947075209,0.16216216216216217
5477,0.7628133704735376,0.16213255431805734
5478,0.7629526462395543,0.16210295728368018
5479,0.7630919220055711,0.16225588611060413
5480,0.7632311977715878,0.16222627737226278
5481,0.7633704735376045,0.16237912789636927
5482,0.7635097493036211,0.16234950747902224
5483,0.7636490250696378,0.16231989786613168
5484,0.7637883008356546,0.162472647702407
5485,0.7639275766016713,0.16244302643573383
5486,0.764066852367688,0.16241341596791833
5487,0.7642061281337047,0.16256606524512485
5488,0.7643454038997215,0.16253644314868804
5489,0.7644846796657382,0.1626890143924212
5490,0.7646239554317549,0.16265938069216757
5491,0.7647632311977716,0.16281187397559643
5492,0.7649025069637883,0.1627822286962855
5493,0.765041782729805,0.16275259421081376
5494,0.7651810584958217,0.1627229705132872
5495,0.7653203342618384,0.1626933575978162
5496,0.7654596100278551,0.16266375545851527
5497,0.7655988857938719,0.16281608149899945
5498,0.7657381615598886,0.16278646780647507
5499,0.7658774373259053,0.16275686488452445
5500,0.766016713091922,0.16290909090909092
5501,0.7661559888579387,0.16287947645882567
5502,0.7662952646239555,0.1628498727735369
5503,0.7664345403899722,0.16282027984735598
5504,0.7665738161559889,0.16279069767441862
5505,0.7667130919220055,0.16294277929155312
5506,0.7668523676880222,0.16309480566654558
5507,0.766991643454039,0.16324677682948974
5508,0.7671309192200557,0.16321713870733479
5509,0.7672701949860724,0.1631875113450717
5510,0.7674094707520891,0.16333938294010888
5511,0.7675487465181059,0.1633097441480675
5512,0.7676880222841226,0.1632801161103048
5513,0.7678272980501393,0.16343188826410304
5514,0.767966573816156,0.16358360536815378
5515,0.7681058495821727,0.16355394378966456
5516,0.7682451253481895,0.16352429296591733
5517,0.7683844011142061,0.163494652891064
5518,0.7685236768802228,0.1634650235592606
5519,0.7686629526462395,0.16361659720963942
5520,0.7688022284122563,0.16376811594202897
5521,0.768941504178273,0.16373845317877198
5522,0.7690807799442897,0.16388989496559217
5523,0.7692200557103064,0.16404128191200434
5524,0.7693593314763231,0.16401158580738595
5525,0.7694986072423399,0.1641628959276018
5526,0.7696378830083566,0.16413318856315598
5527,0.7697771587743732,0.1641034919486159
5528,0.7699164345403899,0.16425470332850942
5529,0.7700557103064067,0.16422499547838668
5530,0.7701949860724234,0.16419529837251357
5531,0.7703342618384401,0.16416561200506238
5532,0.7704735376044568,0.1643167028199566
5533,0.7706128133704735,0.16446773902042292
5534,0.7707520891364903,0.16443801951572098
5535,0.770891364902507,0.16440831074977416
5536,0.7710306406685237,0.1645592485549133
5537,0.7711699164345404,0.16471013184034675
5538,0.771309192200557,0.1646803900325027
5539,0.7714484679665738,0.16483119696696155
5540,0.7715877437325905,0.16498194945848377
5541,0.7717270194986072,0.16513264753654575
5542,0.7718662952646239,0.16528329123060267
5543,0.7720055710306407,0.1654338805700884
5544,0.7721448467966574,0.16540404040404041
5545,0.7722841225626741,0.1655545536519387
5546,0.7724233983286908,0.16552470248827983
5547,0.7725626740947075,0.16549486208761494
5548,0.7727019498607243,0.165465032444124
5549,0.772841225626741,0.16561542620291944
5550,0.7729805013927576,0.1655855855855856
5551,0.7731197771587743,0.16555575571969014
5552,0.7732590529247911,0.16570605187319884
5553,0.7733983286908078,0.16567621105708627
5554,0.7735376044568245,0.16582643140079223
5555,0.7736768802228412,0.1657965796579658
5556,0.7738161559888579,0.16576673866090713
5557,0.7739554317548747,0.16591686161597985
5558,0.7740947075208914,0.1658870097157251
5559,0.7742339832869081,0.16603705702464472
5560,0.7743732590529248,0.1660071942446043
5561,0.7745125348189416,0.16597734220463944
5562,0.7746518105849582,0.1659475008989572
5563,0.7747910863509749,0.16591767032176882
5564,0.7749303621169916,0.16606757728253055
5565,0.7750696378830083,0.1660377358490566
5566,0.7752089136490251,0.16600790513833993
5567,0.7753481894150418,0.16597808514460213
5568,0.7754874651810585,0.16594827586206898
5569,0.7756267409470752,0.1660980427365775
5570,0.775766016713092,0.16624775583482945
5571,0.7759052924791087,0.16639741518578352
5572,0.7760445682451254,0.166367552045944
5573,0.776183844011142,0.1663376996231832
5574,0.7763231197771587,0.16630785791173305
5575,0.7764623955431755,0.1662780269058296
5576,0.7766016713091922,0.16642754662840745
5577,0.7767409470752089,0.16639770485924332
5578,0.7768802228412256,0.16636787378988885
5579,0.7770194986072423,0.16633805341459043
5580,0.7771587743732591,0.16648745519713262
5581,0.7772980501392758,0.16663680344024367
5582,0.7774373259052925,0.16660695091365102
5583,0.7775766016713092,0.16657710908113918
5584,0.777715877437326,0.16672636103151864
5585,0.7778551532033426,0.1668755595344673
5586,0.7779944289693593,0.16684568564267813
5587,0.778133704735376,0.16699480937891534
5588,0.7782729805013927,0.16714387974230493
5589,0.7784122562674095,0.1671139738772589
5590,0.7785515320334262,0.1670840787119857
5591,0.7786908077994429,0.16705419424074405
5592,0.7788300835654596,0.16702432045779686
5593,0.7789693593314764,0.16699445735741106
5594,0.7791086350974931,0.16714336789417233
5595,0.7792479108635098,0.1671134941912422
5596,0.7793871866295264,0.16726233023588277
5597,0.7795264623955431,0.16741111309630158
5598,0.7796657381615599,0.1673812075741336
5599,0.7798050139275766,0.16735131273441686
5600,0.7799442896935933,0.1675
5601,0.78008356545961,0.16747009462595966
5602,0.7802228412256268,0.167618707604427
5603,0.7803621169916435,0.16776726753524898
5604,0.7805013927576602,0.1679157744468237
5605,0.7806406685236769,0.168064228367529
5606,0.7807799442896936,0.16803424901890832
5607,0.7809192200557104,0.16818262885678617
5608,0.781058495821727,0.16833095577746077
5609,0.7811977715877437,0.16830094490996614
5610,0.7813370473537604,0.16827094474153298
5611,0.7814763231197771,0.16841917661735875
5612,0.7816155988857939,0.16838916607270135
5613,0.7817548746518106,0.16835916622127206
5614,0.7818941504178273,0.16850730317064483
5615,0.782033426183844,0.16847729296527159
5616,0.7821727019498608,0.16862535612535612
5617,0.7823119777158775,0.16859533558839238
5618,0.7824512534818941,0.16856532573869704
5619,0.7825905292479108,0.16853532657056416
5620,0.7827298050139275,0.16850533807829182
5621,0.7828690807799443,0.16847536025618218
5622,0.783008356545961,0.16844539309854145
5623,0.7831476323119777,0.16859327760981682
5624,0.7832869080779944,0.16856330014224752
5625,0.7834261838440112,0.16853333333333334
5626,0.7835654596100279,0.16868112335584784
5627,0.7837047353760446,0.16882886084947574
5628,0.7838440111420613,0.1689765458422175
5629,0.783983286908078,0.16912417836205365
5630,0.7841225626740947,0.16909413854351688
5631,0.7842618384401114,0.16924169774462794
5632,0.7844011142061281,0.16921164772727273
5633,0.7845403899721448,0.16918160837919405
5634,0.7846796657381616,0.16932907348242812
5635,0.7848189415041783,0.16947648624667258
5636,0.784958217270195,0.16962384669978708
5637,0.7850974930362117,0.1697711548696115
5638,0.7852367688022284,0.16974104292302236
5639,0.7853760445682452,0.16971094165632206
5640,0.7855153203342619,0.1696808510638298
5641,0.7856545961002785,0.16965077113986882
5642,0.7857938718662952,0.16979794399149237
5643,0.7859331476323119,0.1697678539783803
5644,0.7860724233983287,0.16973777462792347
5645,0.7862116991643454,0.16970770593445528
5646,0.7863509749303621,0.16985476443499822
5647,0.7864902506963788,0.1698246856738091
5648,0.7866295264623956,0.16979461756373937
5649,0.7867688022284123,0.1697645600991326
5650,0.786908077994429,0.16973451327433628
5651,0.7870473537604457,0.16988143691382057
5652,0.7871866295264623,0.17002830856334042
5653,0.7873259052924791,0.16999823102777287
5654,0.7874651810584958,0.16996816413158825
5655,0.7876044568245125,0.16993810786914235
5656,0.7877437325905292,0.17008486562942007
5657,0.787883008356546,0.1700547993636203
5658,0.7880222841225627,0.1702014846235419
5659,0.7881615598885794,0.17017140837603817
5660,0.7883008356545961,0.17014134275618376
5661,0.7884401114206128,0.17028793499381734
5662,0.7885793871866296,0.17025785941363475
5663,0.7887186629526463,0.17022779445523575
5664,0.7888579387186629,0.17037429378531074
5665,0.7889972144846796,0.1703442188879082
5666,0.7891364902506964,0.1703141546064243
5667,0.7892757660167131,0.17046056114346214
5668,0.7894150417827298,0.17043048694424842
5669,0.7895543175487465,0.1705768213088728
5670,0.7896935933147632,0.17054673721340388
5671,0.78983286908078,0.17069299947099276
5672,0.7899721448467967,0.17066290550070523
5673,0.7901114206128134,0.1708090957165521
5674,0.79025069637883,0.1709552344025379
5675,0.7903899721448467,0.17092511013215858
5676,0.7905292479108635,0.17089499647639184
5677,0.7906685236768802,0.17086489342962832
5678,0.7908077994428969,0.171010919337795
5679,0.7909470752089136,0.1709808064800141
5680,0.7910863509749304,0.1709507042253521
5681,0.7912256267409471,0.1709206125682098
5682,0.7913649025069638,0.17106652587117213
5683,0.7915041782729805,0.17103642442371986
5684,0.7916434540389972,0.17118226600985223
5685,0.791782729805014,0.17132805628847844
5686,0.7919220055710307,0.171473795286669
5687,0.7920612813370473,0.17144364339722173
5688,0.792200557103064,0.17141350210970463
5689,0.7923398328690808,0.1715591492353665
5690,0.7924791086350975,0.17170474516695958
5691,0.7926183844011142,0.17185028993147075
5692,0.7927576601671309,0.1718200983836964
5693,0.7928969359331476,0.1717899174424732
5694,0.7930362116991644,0.17193537056550756
5695,0.7931754874651811,0.17208077260755048
5696,0.7933147632311978,0.1720505617977528
5697,0.7934540389972145,0.1721958925750395
5698,0.7935933147632313,0.17216567216567216
5699,0.7937325905292479,0.17231093174241094
5700,0.7938718662952646,0.17228070175438598
5701,0.7940111420612813,0.17225048237151377
5702,0.794150417827298,0.17222027358821465
5703,0.7942896935933148,0.17236542170787306
5704,0.7944289693593315,0.1723352033660589
5705,0.7945682451253482,0.17230499561787904
5706,0.7947075208913649,0.17245005257623555
5707,0.7948467966573816,0.1725950586998423
5708,0.7949860724233984,0.17256482130343379
5709,0.795125348189415,0.17270975652478543
5710,0.7952646239554317,0.17267950963222417
5711,0.7954038997214484,0.17282437401505865
5712,0.7955431754874652,0.17296918767507002
5713,0.7956824512534819,0.17293891125503238
5714,0.7958217270194986,0.1729086454322716
5715,0.7959610027855153,0.17287839020122484
5716,0.796100278551532,0.1728481455563331
5717,0.7962395543175488,0.1729928284065069
5718,0.7963788300835655,0.1731374606505771
5719,0.7965181058495822,0.17328204231509006
5720,0.7966573816155988,0.17342657342657342
5721,0.7967966573816156,0.17357105401153644
5722,0.7969359331476323,0.17354072002796225
5723,0.797075208913649,0.1735103966451162
5724,0.7972144846796657,0.17348008385744235
5725,0.7973537604456824,0.1736244541484716
5726,0.7974930362116992,0.17359413202933985
5727,0.7976323119777159,0.17356382049938887
5728,0.7977715877437326,0.1737081005586592
5729,0.7979108635097493,0.17367777971722814
5730,0.7980501392757661,0.1736474694589878
5731,0.7981894150417828,0.1736171697783982
5732,0.7983286908077994,0.17376133984647593
5733,0.7984679665738161,0.17390545961974532
5734,0.7986072423398328,0.17387513079874434
5735,0.7987465181058496,0.17384481255448997
5736,0.7988857938718663,0.17381450488145048
5737,0.799025069637883,0.17378420777409795
5738,0.7991643454038997,0.17375392122690833
5739,0.7993036211699165,0.17372364523436137
5740,0.7994428969359332,0.17369337979094077
5741,0.7995821727019499,0.17366312489113395
5742,0.7997214484679666,0.17363288052943227
5743,0.7998607242339832,0.17377677172209646
5744,0.8,0.1737465181058496
5745,0.8001392757660167,0.17371627502175804
5746,0.8002785515320334,0.173686042464323
5747,0.8004178272980501,0.17365582042804942
5748,0.8005571030640668,0.17362560890744608
5749,0.8006963788300836,0.17376935119151157
5750,0.8008356545961003,0.17391304347826086
5751,0.800974930362117,0.174056685793775
5752,0.8011142061281337,0.17402642559109874
5753,0.8012534818941505,0.17416999826177645
5754,0.8013927576601672,0.17413972888425444
5755,0.8015320334261838,0.1741094700260643
5756,0.8016713091922005,0.1742529534398888
5757,0.8018105849582172,0.17439638700712176
5758,0.801949860724234,0.17453977075373395
5759,0.8020891364902507,0.17450946344851537
5760,0.8022284122562674,0.17465277777777777
5761,0.8023676880222841,0.17462246137823295
5762,0.8025069637883009,0.17459215550156196
5763,0.8026462395543176,0.174561860142287
5764,0.8027855153203343,0.17453157529493407
5765,0.802924791086351,0.17467476149176062
5766,0.8030640668523676,0.17464446756850502
5767,0.8032033426183844,0.17461418415120514
5768,0.8033426183844011,0.17458391123439668
5769,0.8034818941504178,0.17455364881261917
5770,0.8036211699164345,0.17452339688041593
5771,0.8037604456824513,0.1746664356264079
5772,0.803899721448468,0.1748094248094248
5773,0.8040389972144847,0.17495236445522258
5774,0.8041782729805014,0.17492206442674055
5775,0.8043175487465181,0.1748917748917749
5776,0.8044568245125349,0.17503462603878117
5777,0.8045961002785516,0.17517742773065606
5778,0.8047353760445682,0.17514710972654898
5779,0.8048746518105849,0.17528984253331026
5780,0.8050139275766016,0.17525951557093425
5781,0.8051532033426184,0.17522919910050164
5782,0.8052924791086351,0.17519889311656867
5783,0.8054317548746518,0.17516859761369533
5784,0.8055710306406685,0.17531120331950206
5785,0.8057103064066853,0.17545375972342264
5786,0.805849582172702,0.17542343587970965
5787,0.8059888579387187,0.1753931225159841
5788,0.8061281337047354,0.1753628196268141
5789,0.806267409470752,0.1755052686128865
5790,0.8064066852367688,0.1754749568221071
5791,0.8065459610027855,0.17561733724745293
5792,0.8066852367688022,0.17575966850828728
5793,0.8068245125348189,0.17572932849991368
5794,0.8069637883008357,0.175698998964446
5795,0.8071030640668524,0.17566867989646245
5796,0.8072423398328691,0.17563837129054521
5797,0.8073816155988858,0.17560807314127996
5798,0.8075208913649025,0.1755777854432563
5799,0.8076601671309193,0.17554750819106743
5800,0.807799442896936,0.17551724137931035
5801,0.8079387186629526,0.17565936907429752
5802,0.8080779944289693,0.17562909341606342
5803,0.8082172701949861,0.17577115285197312
5804,0.8083565459610028,0.1759131633356306
5805,0.8084958217270195,0.17605512489233419
5806,0.8086350974930362,0.17602480192903894
5807,0.8087743732590529,0.17616669536765972
5808,0.8089136490250697,0.17613636363636365
5809,0.8090529247910864,0.17610604234808055
5810,0.8091922005571031,0.17624784853700518
5811,0.8093314763231197,0.1762175184993977
5812,0.8094707520891364,0.17635925671025465
5813,0.8096100278551532,0.17632891794254257
5814,0.8097493036211699,0.17647058823529413
5815,0.8098885793871866,0.1764402407566638
5816,0.8100278551532033,0.1764099037138927
5817,0.8101671309192201,0.17637957710159877
5818,0.8103064066852368,0.17652114128566518
5819,0.8104456824512535,0.176490805980409
5820,0.8105849582172702,0.1766323024054983
5821,0.8107242339832869,0.1766019584263872
5822,0.8108635097493037,0.17657162487117828
5823,0.8110027855153203,0.17671303451828954
5824,0.811142061281337,0.17668269230769232
5825,0.8112813370473537,0.17682403433476396
5826,0.8114206128133705,0.17679368348781324
5827,0.8115598885793872,0.17676334305817745
5828,0.8116991643454039,0.17690459849004805
5829,0.8118384401114206,0.17687424944244295
5830,0.8119777158774373,0.17684391080617495
5831,0.8121169916434541,0.1768135825758875
5832,0.8122562674094708,0.17678326474622771
5833,0.8123955431754875,0.1767529573118464
5834,0.8125348189415041,0.17672266026739802
5835,0.8126740947075209,0.1766923736075407
5836,0.8128133704735376,0.17666209732693625
5837,0.8129526462395543,0.17663183142025013
5838,0.813091922005571,0.17660157588215142
5839,0.8132311977715877,0.1765713307073129
5840,0.8133704735376045,0.17671232876712328
5841,0.8135097493036212,0.1768532785481938
5842,0.8136490250696379,0.17699418007531667
5843,0.8137883008356546,0.17696388841348623
5844,0.8139275766016713,0.1771047227926078
5845,0.814066852367688,0.17724550898203592
5846,0.8142061281337047,0.17721518987341772
5847,0.8143454038997214,0.1771848811356251
5848,0.8144846796657381,0.1771545827633379
5849,0.8146239554317549,0.17712429475123953
5850,0.8147632311977716,0.17726495726495725
5851,0.8149025069637883,0.17723466074175354
5852,0.815041782729805,0.17720437457279561
5853,0.8151810584958217,0.17734495130702205
5854,0.8153203342618385,0.17748548001366588
5855,0.8154596100278552,0.1776259607173356
5856,0.8155988857938719,0.17776639344262296
5857,0.8157381615598885,0.17773604234249615
5858,0.8158774373259053,0.17770570160464322
5859,0.816016713091922,0.17784604881379074
5860,0.8161559888579387,0.1779863481228669
5861,0.8162952646239554,0.17795598020815562
5862,0.8164345403899721,0.17792562265438416
5863,0.8165738161559889,0.17806583660242198
5864,0.8167130919220056,0.17820600272851295
5865,0.8168523676880223,0.1783461210571185
5866,0.816991643454039,0.17831571769519264
5867,0.8171309192200558,0.1784557695585478
5868,0.8172701949860725,0.17842535787321062
5869,0.8174094707520891,0.17856534332935764
5870,0.8175487465181058,0.17853492333901191
5871,0.8176880222841225,0.17850451371146311
5872,0.8178272980501393,0.1784741144414169
5873,0.817966573816156,0.17861399625404392
5874,0.8181058495821727,0.1787538304392237
5875,0.8182451253481894,0.17872340425531916
5876,0.8183844011142062,0.1788631722260041
5877,0.8185236768802229,0.17883273779139017
5878,0.8186629526462396,0.17897243960530793
5879,0.8188022284122562,0.1789419969382548
5880,0.8189415041782729,0.17908163265306123
5881,0.8190807799442897,0.1790511817718075
5882,0.8192200557103064,0.17902074124447467
5883,0.8193593314763231,0.17899031106578275
5884,0.8194986072423398,0.17912984364377973
5885,0.8196378830083565,0.17909940526762957
5886,0.8197771587743733,0.17906897723411486
5887,0.81991643454039,0.17920842534397827
5888,0.8200557103064067,0.17917798913043478
5889,0.8201949860724234,0.1793173713703515
5890,0.8203342618384402,0.17928692699490661
5891,0.8204735376044568,0.17942624342216942
5892,0.8206128133704735,0.1793957909029192
5893,0.8207520891364902,0.1795350415747497
5894,0.8208913649025069,0.17967424499491008
5895,0.8210306406685237,0.179813401187447
5896,0.8211699164345404,0.17995251017639077
5897,0.8213091922005571,0.17992199423435645
5898,0.8214484679665738,0.18006103763987794
5899,0.8215877437325906,0.18020003390405154
5900,0.8217270194986073,0.18033898305084745
5901,0.821866295264624,0.18030842230130487
5902,0.8220055710306406,0.1804473059979668
5903,0.8221448467966573,0.18058614263933592
5904,0.8222841225626741,0.18055555555555555
5905,0.8224233983286908,0.18069432684165962
5906,0.8225626740947075,0.18066373179817136
5907,0.8227019498607242,0.180802437785678
5908,0.822841225626741,0.18077183480027081
5909,0.8229805013927577,0.1807412421729565
5910,0.8231197771587744,0.18071065989847715
5911,0.8232590529247911,0.18084926408391136
5912,0.8233983286908078,0.18098782138024358
5913,0.8235376044568246,0.1811263318112633
5914,0.8236768802228412,0.181264795400744
5915,0.8238161559888579,0.1812341504649197
5916,0.8239554317548746,0.18137254901960784
5917,0.8240947075208913,0.18134189623119823
5918,0.8242339832869081,0.18131125380196011
5919,0.8243732590529248,0.18128062172664303
5920,0.8245125348189415,0.18125
5921,0.8246518105849582,0.1813882790069245
5922,0.824791086350975,0.18152651131374536
5923,0.8249303621169917,0.18149586358264394
5924,0.8250696378830084,0.18163403106009454
5925,0.825208913649025,0.18177215189873416
5926,0.8253481894150417,0.18174147823152212
5927,0.8254874651810585,0.18187953433440188
5928,0.8256267409470752,0.18184885290148448
5929,0.8257660167130919,0.18181818181818182
5930,0.8259052924791086,0.181787521079258
5931,0.8260445682451254,0.18192547631090877
5932,0.8261838440111421,0.18189480782198247
5933,0.8263231197771588,0.18203269846620596
5934,0.8264623955431755,0.1820020222446916
5935,0.8266016713091922,0.18213984835720304
5936,0.826740947075209,0.182277628032345
5937,0.8268802228412256,0.1822469260569311
5938,0.8270194986072423,0.18238464129336476
5939,0.827158774373259,0.18252231015322445
5940,0.8272980501392758,0.18265993265993266
5941,0.8274373259052925,0.18279750883689613
5942,0.8275766016713092,0.18293503870750588
5943,0.8277158774373259,0.1829042571092041
5944,0.8278551532033426,0.1828734858681023
5945,0.8279944289693594,0.18284272497897391
5946,0.8281337047353761,0.18281197443659603
5947,0.8282729805013928,0.18294938624516563
5948,0.8284122562674094,0.18291862811028917
5949,0.8285515320334261,0.18305597579425115
5950,0.8286908077994429,0.1830252100840336
5951,0.8288300835654596,0.18316249369853807
5952,0.8289693593314763,0.18313172043010753
5953,0.829108635097493,0.18326894003023686
5954,0.8292479108635098,0.18323815922069198
5955,0.8293871866295265,0.18320738874895046
5956,0.8295264623955432,0.18317662860980524
5957,0.8296657381615599,0.18314587879805272
5958,0.8298050139275766,0.18328298086606243
5959,0.8299442896935934,0.18342003691894612
5960,0.83008356545961,0.18338926174496645
5961,0.8302228412256267,0.1833584968964939
5962,0.8303621169916434,0.18332774236833277
5963,0.8305013927576602,0.18329699815529096
5964,0.8306406685236769,0.18343393695506371
5965,0.8307799442896936,0.18340318524727578
5966,0.8309192200557103,0.1833724438484747
5967,0.831058495821727,0.18334171275347746
5968,0.8311977715877438,0.18347855227882037
5969,0.8313370473537605,0.18344781370413804
5970,0.8314763231197771,0.18358458961474036
5971,0.8316155988857938,0.18372131971194106
5972,0.8317548746518106,0.18369055592766242
5973,0.8318941504178273,0.18365980244433283
5974,0.832033426183844,0.1836290592567794
5975,0.8321727019498607,0.18359832635983264
5976,0.8323119777158774,0.18356760374832665
5977,0.8324512534818942,0.1835368914170989
5978,0.8325905292479109,0.1835061893609903
5979,0.8327298050139276,0.18364274962368288
5980,0.8328690807799443,0.18377926421404683
5981,0.833008356545961,0.1839157331549908
5982,0.8331476323119777,0.18405215646940823
5983,0.8332869080779944,0.18402139394952366
5984,0.8334261838440111,0.18399064171122995
5985,0.8335654596100278,0.18395989974937343
5986,0.8337047353760446,0.18409622452388907
5987,0.8338440111420613,0.18423250375814265
5988,0.833983286908078,0.18420173680694724
5989,0.8341225626740947,0.18417098013023878
5990,0.8342618384401114,0.18414023372287144
5991,0.8344011142061282,0.1842764146219329
5992,0.8345403899721449,0.1842456608811749
5993,0.8346796657381615,0.1843817787418655
5994,0.8348189415041782,0.18435101768435103
5995,0.834958217270195,0.18448707256046706
5996,0.8350974930362117,0.18462308205470312
5997,0.8352367688022284,0.18459229614807404
5998,0.8353760445682451,0.1845615205068356
5999,0.8355153203342618,0.18453075512585432
6000,0.8356545961002786,0.1845
6001,0.8357938718662953,0.18446925512414597
6002,0.835933147632312,0.1846051316227924
6003,0.8360724233983287,0.1847409628519074
6004,0.8362116991643455,0.1848767488341106
6005,0.8363509749303621,0.18484596169858453
6006,0.8364902506963788,0.1848151848151848
6007,0.8366295264623955,0.1847844181787914
6008,0.8367688022284122,0.18475366178428762
6009,0.836908077994429,0.18472291562656015
6010,0.8370473537604457,0.18469217970049917
6011,0.8371866295264624,0.18466145400099818
6012,0.8373259052924791,0.18479707252162342
6013,0.8374651810584958,0.18476633959753866
6014,0.8376044568245126,0.1847356168939142
6015,0.8377437325905293,0.18487115544472152
6016,0.8378830083565459,0.1848404255319149
6017,0.8380222841225626,0.18480970583347184
6018,0.8381615598885794,0.18477899634430042
6019,0.8383008356545961,0.18491443761422163
6020,0.8384401114206128,0.18504983388704319
6021,0.8385793871866295,0.18518518518518517
6022,0.8387186629526462,0.18532049153105282
6023,0.838857938718663,0.18545575294703637
6024,0.8389972144846797,0.1855909694555113
6025,0.8391364902506964,0.18556016597510375
6026,0.839275766016713,0.18552937271822104
6027,0.8394150417827299,0.18566450970632156
6028,0.8395543175487465,0.1856337093563371
6029,0.8396935933147632,0.18576878420965334
6030,0.8398328690807799,0.1857379767827529
6031,0.8399721448467966,0.18587298955397114
6032,0.8401114206128134,0.1860079575596817
6033,0.8402506963788301,0.1859771258080557
6034,0.8403899721448468,0.18611203181968844
6035,0.8405292479108635,0.18624689312344656
6036,0.8406685236768803,0.1863817097415507
6037,0.840807799442897,0.18635083650819945
6038,0.8409470752089137,0.18648559125538258
6039,0.8410863509749303,0.18662030137439972
6040,0.841225626740947,0.18658940397350993
6041,0.8413649025069638,0.18672405230922032
6042,0.8415041782729805,0.18669314796425024
6043,0.8416434540389972,0.18666225384742677
6044,0.8417827298050139,0.18663136995367308
6045,0.8419220055710307,0.18660049627791564
6046,0.8420612813370474,0.18673503142573603
6047,0.8422005571030641,0.186869522077063
6048,0.8423398328690808,0.18683862433862433
6049,0.8424791086350975,0.18680773681600266
6050,0.8426183844011143,0.18694214876033058
6051,0.8427576601671309,0.18691125433812594
6052,0.8428969359331476,0.18704560475875742
6053,0.8430362116991643,0.1870147034528333
6054,0.843175487465181,0.18698381235546746
6055,0.8433147632311978,0.186952931461602
6056,0.8434540389972145,0.18692206076618229
6057,0.8435933147632312,0.18689120026415718
6058,0.8437325905292479,0.1868603499504787
6059,0.8438718662952647,0.18699455355669253
6060,0.8440111420612814,0.18712871287128713
6061,0.844150417827298,0.18726282791618545
6062,0.8442896935933147,0.18723193665456944
6063,0.8444289693593314,0.18736599043377866
6064,0.8445682451253482,0.18733509234828497
6065,0.8447075208913649,0.18746908491343775
6066,0.8448467966573816,0.18743818001978238
6067,0.8449860724233983,0.18740728531399373
6068,0.8451253481894151,0.1875411997363217
6069,0.8452646239554318,0.1876750700280112
6070,0.8454038997214485,0.18764415156507414
6071,0.8455431754874652,0.18777796079723275
6072,0.8456824512534818,0.18791172595520422
6073,0.8458217270194986,0.18788078379713485
6074,0.8459610027855153,0.1878498518274613
6075,0.846100278551532,0.1879835390946502
6076,0.8462395543175487,0.1879526003949967
6077,0.8463788300835655,0.18808622675662334
6078,0.8465181058495822,0.1880552813425469
6079,0.8466573816155989,0.18818884684981083
6080,0.8467966573816156,0.1881578947368421
6081,0.8469359331476323,0.18829139944088144
6082,0.8470752089136491,0.18826044064452482
6083,0.8472144846796658,0.18839388459641623
6084,0.8473537604456824,0.1883629191321499
6085,0.8474930362116991,0.18833196384552178
6086,0.8476323119777158,0.1884653302661847
6087,0.8477715877437326,0.18843436832594052
6088,0.8479108635097493,0.1885676741130092
6089,0.848050139275766,0.18853670553457053
6090,0.8481894150417827,0.18866995073891626
6091,0.8483286908077995,0.18863897553767855
6092,0.8484679665738162,0.1886080105055811
6093,0.8486072423398329,0.18857705563761692
6094,0.8487465181058496,0.1885461109287824
6095,0.8488857938718662,0.18867924528301888
6096,0.849025069637883,0.18864829396325458
6097,0.8491643454038997,0.18878136788584549
6098,0.8493036211699164,0.18875040997048212
6099,0.8494428969359331,0.18871946220691918
6100,0.8495821727019499,0.18885245901639344
6101,0.8497214484679666,0.18882150467136535
6102,0.8498607242339833,0.1887905604719764
6103,0.85,0.18892348025561198
6104,0.8501392757660167,0.18889252948885976
6105,0.8502785515320335,0.189025389025389
6106,0.8504178272980502,0.18899443170651817
6107,0.8505571030640668,0.18896348452595382
6108,0.8506963788300835,0.18909626719056974
6109,0.8508356545961003,0.18906531347192668
6110,0.850974930362117,0.1890343698854337
6111,0.8511142061281337,0.18900343642611683
6112,0.8512534818941504,0.18913612565445026
6113,0.8513927576601671,0.18926877147063634
6114,0.8515320334261839,0.18923781485116126
6115,0.8516713091922006,0.1893704006541292
6116,0.8518105849582173,0.1895029431000654
6117,0.851949860724234,0.18963544221023376
6118,0.8520891364902506,0.18976789800588428
6119,0.8522284122562674,0.18990031050825298
6120,0.8523676880222841,0.18986928104575163
6121,0.8525069637883008,0.18983826172194085
6122,0.8526462395543175,0.18997059784384188
6123,0.8527855153203343,0.1899395721051772
6124,0.852924791086351,0.18990855649902025
6125,0.8530640668523677,0.1900408163265306
6126,0.8532033426183844,0.1901730329742083
6127,0.8533426183844011,0.19030520646319568
6128,0.8534818941504179,0.19027415143603132
6129,0.8536211699164346,0.19040626529613314
6130,0.8537604456824512,0.1903752039151713
6131,0.8538997214484679,0.1903441526667754
6132,0.8540389972144847,0.19031311154598826
6133,0.8541782729805014,0.19044513288765694
6134,0.8543175487465181,0.19057711118356702
6135,0.8544568245125348,0.19054604726976365
6136,0.8545961002785515,0.19051499348109519
6137,0.8547353760445683,0.19048394981261202
6138,0.854874651810585,0.19045291625936786
6139,0.8550139275766017,0.1905847857957322
6140,0.8551532033426184,0.19055374592833876
6141,0.8552924791086352,0.19068555609835533
6142,0.8554317548746518,0.19065450993161837
6143,0.8555710306406685,0.19062347387270062
6144,0.8557103064066852,0.19059244791666666
6145,0.8558495821727019,0.19056143205858422
6146,0.8559888579387187,0.19053042629352424
6147,0.8561281337047354,0.19066211159915405
6148,0.8562674094707521,0.19079375406636304
6149,0.8564066852367688,0.19092535371605138
6150,0.8565459610027855,0.19089430894308942
6151,0.8566852367688023,0.1910258494553731
6152,0.856824512534819,0.19115734720416125
6153,0.8569637883008356,0.19128880221030392
6154,0.8571030640668523,0.19142021449463764
6155,0.8572423398328691,0.19155158407798537
6156,0.8573816155988858,0.1915204678362573
6157,0.8575208913649025,0.19165177846353743
6158,0.8576601671309192,0.19162065605716141
6159,0.8577994428969359,0.19175190777723655
6160,0.8579387186629527,0.19188311688311688
6161,0.8580779944289694,0.19201428339555268
6162,0.8582172701949861,0.19214540733528077
6163,0.8583565459610027,0.1922764887230245
6164,0.8584958217270195,0.19224529526281636
6165,0.8586350974930362,0.1922141119221411
6166,0.8587743732590529,0.19218293869607525
6167,0.8589136490250696,0.1921517755796984
6168,0.8590529247910863,0.1921206225680934
6169,0.8591922005571031,0.19208947965634623
6170,0.8593314763231198,0.19222042139384116
6171,0.8594707520891365,0.19218927240317615
6172,0.8596100278551532,0.1923201555411536
6173,0.85974930362117,0.19228900048598738
6174,0.8598885793871867,0.1924198250728863
6175,0.8600278551532033,0.19238866396761134
6176,0.86016713091922,0.19235751295336787
6177,0.8603064066852367,0.19248826291079812
6178,0.8604456824512535,0.19245710585950146
6179,0.8605849582172702,0.19258779737821655
6180,0.8607242339832869,0.1925566343042071
6181,0.8608635097493036,0.1926872674324543
6182,0.8610027855153203,0.19265609835004852
6183,0.8611420612813371,0.1927866731360181
6184,0.8612813370473538,0.19291720569210866
6185,0.8614206128133705,0.19288601455133386
6186,0.8615598885793871,0.1928548334949887
6187,0.861699164345404,0.19298529174074672
6188,0.8618384401114206,0.19311570782159018
6189,0.8619777158774373,0.19324608175795766
6190,0.862116991643454,0.19321486268174476
6191,0.8622562674094707,0.19334517848489743
6192,0.8623955431754875,0.1933139534883721
6193,0.8625348189415042,0.1932827385758114
6194,0.8626740947075209,0.19325153374233128
6195,0.8628133704735376,0.1933817594834544
6196,0.8629526462395544,0.1935119431891543
6197,0.863091922005571,0.19364208487978055
6198,0.8632311977715877,0.1936108422071636
6199,0.8633704735376044,0.19357960961445395
6200,0.8635097493036211,0.19370967741935483
6201,0.8636490250696379,0.19383970327366554
6202,0.8637883008356546,0.19380844888745566
6203,0.8639275766016713,0.19393841689505079
6204,0.864066852367688,0.19390715667311412
6205,0.8642061281337048,0.19387590652699435
6206,0.8643454038997215,0.19384466645182083
6207,0.8644846796657382,0.19397454486869664
6208,0.8646239554317549,0.19394329896907217
6209,0.8647632311977715,0.1939120631341601
6210,0.8649025069637883,0.19404186795491143
6211,0.865041782729805,0.19417163097729834
6212,0.8651810584958217,0.19414037347070187
6213,0.8653203342618384,0.194270078866892
6214,0.8654596100278552,0.19439974251689732
6215,0.8655988857938719,0.19436846339501207
6216,0.8657381615598886,0.19433719433719435
6217,0.8658774373259053,0.19430593533858775
6218,0.866016713091922,0.19443550981022836
6219,0.8661559888579388,0.1945650426113523
6220,0.8662952646239555,0.1945337620578778
6221,0.8664345403899721,0.19466323742163638
6222,0.8665738161559888,0.19463195114111217
6223,0.8667130919220055,0.19476136911457495
6224,0.8668523676880223,0.19489074550128535
6225,0.866991643454039,0.194859437751004
6226,0.8671309192200557,0.19482814005782204
6227,0.8672701949860724,0.1949574433916814
6228,0.8674094707520892,0.19492614001284522
6229,0.8675487465181059,0.19505538609728687
6230,0.8676880222841226,0.19502407704654895
6231,0.8678272980501393,0.19515326592842241
6232,0.8679665738161559,0.1952824133504493
6233,0.8681058495821727,0.19541151933258463
6234,0.8682451253481894,0.19538017324350337
6235,0.8683844011142061,0.19534883720930232
6236,0.8685236768802228,0.19547787042976267
6237,0.8686629526462396,0.1954465287798621
6238,0.8688022284122563,0.1955755049695415
6239,0.868941504178273,0.19570443981407276
6240,0.8690807799442897,0.19567307692307692
6241,0.8692200557103064,0.19564172408267905
6242,0.8693593314763232,0.19577058635052869
6243,0.8694986072423398,0.19589940733621655
6244,0.8696378830083565,0.1960281870595772
6245,0.8697771587743732,0.19615692554043235
6246,0.86991643454039,0.19612552033301311
6247,0.8700557103064067,0.19609412518008645
6248,0.8701949860724234,0.19622279129321382
6249,0.8703342618384401,0.19635141622659624
6250,0.8704735376044568,0.19632
6251,0.8706128133704736,0.19644856822908335
6252,0.8707520891364903,0.19641714651311581
6253,0.870891364902507,0.1965456580841196
6254,0.8710306406685236,0.19651423089222897
6255,0.8711699164345403,0.19664268585131894
6256,0.8713091922005571,0.19661125319693096
6257,0.8714484679665738,0.19673965159021894
6258,0.8715877437325905,0.19686800894854586
6259,0.8717270194986072,0.19699632529158012
6260,0.871866295264624,0.19696485623003196
6261,0.8720055710306407,0.19709311611563649
6262,0.8721448467966574,0.19722133503672948
6263,0.8722841225626741,0.1973495130129331
6264,0.8724233983286908,0.19747765006385695
6265,0.8725626740947076,0.1974461292897047
6266,0.8727019498607242,0.1974146185764443
6267,0.8728412256267409,0.19754268389979257
6268,0.8729805013927576,0.19767070835992342
6269,0.8731197771587744,0.19779869197639177
6270,0.8732590529247911,0.19792663476874003
6271,0.8733983286908078,0.19789507255621114
6272,0.8735376044568245,0.19802295918367346
6273,0.8736768802228412,0.19815080503746213
6274,0.873816155988858,0.19811922218680267
6275,0.8739554317548747,0.19808764940239043
6276,0.8740947075208914,0.19805608667941363
6277,0.874233983286908,0.19802453401306355
6278,0.8743732590529248,0.19799299139853457
6279,0.8745125348189415,0.19796145883102406
6280,0.8746518105849582,0.1979299363057325
6281,0.8747910863509749,0.1978984238178634
6282,0.8749303621169916,0.19802610633556192
6283,0.8750696378830084,0.19815374820945408
6284,0.8752089136490251,0.19828134945894335
6285,0.8753481894150418,0.19824980111376292
6286,0.8754874651810585,0.19821826280623608
6287,0.8756267409470752,0.1981867345315731
6288,0.875766016713092,0.19831424936386768
6289,0.8759052924791086,0.1982827158530768
6290,0.8760445682451253,0.19841017488076312
6291,0.876183844011142,0.1985375933873788
6292,0.8763231197771588,0.19850603941513031
6293,0.8764623955431755,0.19863340219291276
6294,0.8766016713091922,0.19860184302510328
6295,0.8767409470752089,0.1987291501191422
6296,0.8768802228412256,0.19869758576874205
6297,0.8770194986072424,0.19882483722407496
6298,0.8771587743732591,0.19879326770403302
6299,0.8772980501392758,0.19892046356564533
6300,0.8774373259052924,0.1988888888888889
6301,0.8775766016713092,0.19901602920171402
6302,0.8777158774373259,0.19898444938114884
6303,0.8778551532033426,0.19895287958115182
6304,0.8779944289693593,0.1990799492385787
6305,0.878133704735376,0.19920697858842187
6306,0.8782729805013928,0.19917538851887093
6307,0.8784122562674095,0.19914380846678295
6308,0.8785515320334262,0.19911223842739378
6309,0.8786908077994429,0.19923918212077985
6310,0.8788300835654597,0.19920760697305864
6311,0.8789693593314764,0.19933449532562192
6312,0.879108635097493,0.19930291508238276
6313,0.8792479108635097,0.1994297481387613
6314,0.8793871866295264,0.19939816281279696
6315,0.8795264623955432,0.1995249406175772
6316,0.8796657381615599,0.1994933502216593
6317,0.8798050139275766,0.19946176982744973
6318,0.8799442896935933,0.19943019943019943
6319,0.88008356545961,0.1995568919132774
6320,0.8802228412256268,0.1995253164556962
6321,0.8803621169916435,0.1994937509887676
6322,0.8805013927576602,0.1994621955077507
6323,0.8806406685236768,0.19943065000790763
6324,0.8807799442896936,0.1995572422517394
6325,0.8809192200557103,0.19968379446640316
6326,0.881058495821727,0.19965222889661713
6327,0.8811977715877437,0.19977872609451558
6328,0.8813370473537604,0.19990518331226295
6329,0.8814763231197772,0.20003160056881022
6330,0.8816155988857939,0.20015797788309636
6331,0.8817548746518106,0.20012636234402148
6332,0.8818941504178273,0.20025268477574226
6333,0.8820334261838441,0.20022106426654035
6334,0.8821727019498607,0.2001894537417114
6335,0.8823119777158774,0.20031570639305446
6336,0.8824512534818941,0.2004419191919192
6337,0.8825905292479108,0.20056809215717217
6338,0.8827298050139276,0.20053644682865257
6339,0.8828690807799443,0.20050481148446128
6340,0.883008356545961,0.20047318611987383
6341,0.8831476323119777,0.20059927456237187
6342,0.8832869080779945,0.20072532324187953
6343,0.8834261838440112,0.20069367807031374
6344,0.8835654596100279,0.20066204287515763
6345,0.8837047353760445,0.20078802206461782
6346,0.8838440111420612,0.2007563819728963
6347,0.883983286908078,0.20088230660154405
6348,0.8841225626740947,0.2010081915563957
6349,0.8842618384401114,0.20097653173728147
6350,0.8844011142061281,0.20094488188976378
6351,0.8845403899721448,0.2009132420091324
6352,0.8846796657381616,0.2010390428211587
6353,0.8848189415041783,0.20116480402959233
6354,0.884958217270195,0.20129052565313188
6355,0.8850974930362117,0.2014162077104642
6356,0.8852367688022285,0.20154185022026433
6357,0.8853760445682451,0.20151014629542238
6358,0.8855153203342618,0.20163573450770683
6359,0.8856545961002785,0.20160402579021858
6360,0.8857938718662952,0.20157232704402517
6361,0.885933147632312,0.20169784625058954
6362,0.8860724233983287,0.20166614272241434
6363,0.8862116991643454,0.20179160773220178
6364,0.8863509749303621,0.20191703331238214
6365,0.8864902506963789,0.20204241948153967
6366,0.8866295264623956,0.20216776625824695
6367,0.8867688022284123,0.20229307366106486
6368,0.886908077994429,0.20241834170854273
6369,0.8870473537604456,0.20238655989951326
6370,0.8871866295264624,0.20235478806907378
6371,0.8873259052924791,0.20232302621252551
6372,0.8874651810584958,0.2024482109227872
6373,0.8876044568245125,0.20257335634708928
6374,0.8877437325905293,0.20254157514904297
6375,0.887883008356546,0.20250980392156862
6376,0.8880222841225627,0.2024780426599749
6377,0.8881615598885794,0.20260310490826408
6378,0.888300835654596,0.20272812793979303
6379,0.8884401114206129,0.20269634738987302
6380,0.8885793871866295,0.20266457680250782
6381,0.8887186629526462,0.2027895314214073
6382,0.8888579387186629,0.20275775618928235
6383,0.8889972144846797,0.2028826570578098
6384,0.8891364902506964,0.20300751879699247
6385,0.8892757660167131,0.20313234142521536
6386,0.8894150417827298,0.20325712496085185
6387,0.8895543175487465,0.20338186942226397
6388,0.8896935933147633,0.20350657482780213
6389,0.88983286908078,0.2034747221787447
6390,0.8899721448467967,0.20359937402190922
6391,0.8901114206128133,0.20372398685651696
6392,0.89025069637883,0.2038485607008761
6393,0.8903899721448468,0.20381667448772095
6394,0.8905292479108635,0.2039411948701908
6395,0.8906685236768802,0.2040656763096169
6396,0.8908077994428969,0.20419011882426516
6397,0.8909470752089137,0.20415819915585431
6398,0.8910863509749304,0.20428258830884652
6399,0.8912256267409471,0.204250664166276
6400,0.8913649025069638,0.20421875
6401,0.8915041782729805,0.20434307139509453
6402,0.8916434540389973,0.20446735395189003
6403,0.8917827298050139,0.20459159768858348
6404,0.8919220055710306,0.2047158026233604
6405,0.8920612813370473,0.204839968774395
6406,0.8922005571030641,0.20496409615985015
6407,0.8923398328690808,0.20508818479787733
6408,0.8924791086350975,0.2050561797752809
6409,0.8926183844011142,0.20518021532220315
6410,0.8927576601671309,0.20514820592823713
6411,0.8928969359331477,0.20527218842614256
6412,0.8930362116991644,0.20539613225202744
6413,0.893175487465181,0.20552003742398253
6414,0.8933147632311977,0.20548799501091364
6415,0.8934540389972145,0.20561184723304754
6416,0.8935933147632312,0.2057356608478803
6417,0.8937325905292479,0.20570359981299674
6418,0.8938718662952646,0.20567154876908694
6419,0.8940111420612813,0.20563950771148154
6420,0.8941504178272981,0.205607476635514
6421,0.8942896935933148,0.20573119451798785
6422,0.8944289693593315,0.2058548738710682
6423,0.8945682451253482,0.20597851471275105
6424,0.8947075208913648,0.2059464508094645
6425,0.8948467966573816,0.20591439688715954
6426,0.8949860724233983,0.20588235294117646
6427,0.895125348189415,0.20585031896685857
6428,0.8952646239554317,0.2059738643434972
6429,0.8954038997214485,0.2060973712863587
6430,0.8955431754874652,0.20606531881804044
6431,0.8956824512534819,0.20618877313015083
6432,0.8958217270194986,0.20631218905472637
6433,0.8959610027855153,0.2062801181408363
6434,0.8961002785515321,0.20624805719614547
6435,0.8962395543175488,0.20637140637140639
6436,0.8963788300835654,0.2064947172156619
6437,0.8965181058495821,0.2064626378747864
6438,0.8966573816155989,0.20658589624106866
6439,0.8967966573816156,0.20670911632241032
6440,0.8969359331476323,0.20667701863354038
6441,0.897075208913649,0.20680018630647415
6442,0.8972144846796657,0.20692331574045328
6443,0.8973537604456825,0.20689119975166848
6444,0.8974930362116992,0.2068590937306021
6445,0.8976323119777159,0.20682699767261442
6446,0.8977715877437326,0.20695004654049023
6447,0.8979108635097494,0.2069179463316271
6448,0.898050139275766,0.2070409429280397
6449,0.8981894150417827,0.20700883857962474
6450,0.8983286908077994,0.20713178294573645
6451,0.8984679665738161,0.20709967446907457
6452,0.8986072423398329,0.20706757594544328
6453,0.8987465181058496,0.2070354873702154
6454,0.8988857938718663,0.20715835140997832
6455,0.899025069637883,0.20712625871417506
6456,0.8991643454038997,0.20709417596034696
6457,0.8993036211699165,0.20721697382685458
6458,0.8994428969359332,0.20733973366367298
6459,0.8995821727019498,0.20730763276048925
6460,0.8997214484679665,0.20743034055727555
6461,0.8998607242339833,0.20755301036991178
6462,0.9,0.20767564221603219
6463,0.9001392757660167,0.20764350920625096
6464,0.9002785515320334,0.2077660891089109
6465,0.9004178272980501,0.2077339520494973
6466,0.9005571030640669,0.2077018249304052
6467,0.9006963788300836,0.20782433895160043
6468,0.9008356545961003,0.2077922077922078
6469,0.900974930362117,0.20791466996444583
6470,0.9011142061281338,0.20788253477588872
6471,0.9012534818941504,0.20800494513985474
6472,0.9013927576601671,0.20797280593325093
6473,0.9015320334261838,0.20809516452958443
6474,0.9016713091922005,0.20821748532591905
6475,0.9018105849582173,0.20833976833976833
6476,0.901949860724234,0.20830759728227302
6477,0.9020891364902507,0.20842982862436313
6478,0.9022284122562674,0.20839765359678913
6479,0.9023676880222842,0.2085198333076092
6480,0.9025069637883009,0.20848765432098765
6481,0.9026462395543176,0.20860978244098133
6482,0.9027855153203342,0.20873187287874112
6483,0.9029247910863509,0.20885392565170446
6484,0.9030640668523677,0.20882171499074645
6485,0.9032033426183844,0.20878951426368542
6486,0.9033426183844011,0.20891150169596054
6487,0.9034818941504178,0.20903345151842145
6488,0.9036211699164345,0.2091553637484587
6489,0.9037604456824513,0.209277238403452
6490,0.903899721448468,0.20924499229583976
6491,0.9040389972144847,0.20936681559081805
6492,0.9041782729805014,0.20948860135551448
6493,0.9043175487465182,0.20961034960726938
6494,0.9044568245125348,0.20973206036341238
6495,0.9045961002785515,0.2098537336412625
6496,0.9047353760445682,0.20982142857142858
6497,0.9048746518105849,0.20978913344620595
6498,0.9050139275766017,0.20991074176669744
6499,0.9051532033426184,0.2098784428373596
6500,0.9052924791086351,0.21
6501,0.9054317548746518,0.20996769727734194
6502,0.9055710306406686,0.20993540449092588
6503,0.9057103064066853,0.21005689681685377
6504,0.905849582172702,0.21002460024600245
6505,0.9059888579387186,0.21014604150653343
6506,0.9061281337047353,0.2102674454349831
6507,0.9062674094707521,0.21023513139695713
6508,0.9064066852367688,0.21020282728948986
6509,0.9065459610027855,0.2101705331080043
6510,0.9066852367688022,0.21013824884792626
6511,0.906824512534819,0.21010597450468438
6512,0.9069637883008357,0.21007371007371006
6513,0.9071030640668524,0.2100414555504376
6514,0.9072423398328691,0.21000921093030397
6515,0.9073816155988857,0.20997697620874903
6516,0.9075208913649025,0.21009821976672804
6517,0.9076601671309192,0.2102194261163112
6518,0.9077994428969359,0.21034059527462412
6519,0.9079387186629526,0.210461727258782
6520,0.9080779944289693,0.21042944785276074
6521,0.9082172701949861,0.21039717834687932
6522,0.9083565459610028,0.2105182459368292
6523,0.9084958217270195,0.2106392764065614
6524,0.9086350974930362,0.2107602697731453
6525,0.908774373259053,0.210727969348659
6526,0.9089136490250697,0.21084891204413117
6527,0.9090529247910863,0.2109698176804045
6528,0.909192200557103,0.2110906862745098
6529,0.9093314763231197,0.21121151784346762
6530,0.9094707520891365,0.2113323124042879
6531,0.9096100278551532,0.2114530699739703
6532,0.9097493036211699,0.2114206981016534
6533,0.9098885793871866,0.21138833613959895
6534,0.9100278551532034,0.21135598408325681
6535,0.9101671309192201,0.21147666411629687
6536,0.9103064066852368,0.21159730722154224
6537,0.9104456824512535,0.21171791341594004
6538,0.9105849582172701,0.21183848271642705
6539,0.910724233983287,0.2118060865575776
6540,0.9108635097493036,0.21192660550458717
6541,0.9110027855153203,0.2118942057789329
6542,0.911142061281337,0.21201467441149496
6543,0.9112813370473538,0.2119822711294513
6544,0.9114206128133705,0.21194987775061125
6545,0.9115598885793872,0.21191749427043544
6546,0.9116991643454039,0.21188512068438742
6547,0.9118384401114206,0.2118527569879334
6548,0.9119777158774374,0.21182040317654247
6549,0.9121169916434541,0.21194075431363568
6550,0.9122562674094707,0.21190839694656488
6551,0.9123955431754874,0.21202869790871623
6552,0.9125348189415042,0.21214896214896214
6553,0.9126740947075209,0.21226918968411415
6554,0.9128133704735376,0.2122368019530058
6555,0.9129526462395543,0.2123569794050343
6556,0.913091922005571,0.21232458816351435
6557,0.9132311977715878,0.21244471557114533
6558,0.9133704735376045,0.2125648063433974
6559,0.9135097493036212,0.21268486049702698
6560,0.9136490250696379,0.21280487804878048
6561,0.9137883008356545,0.21277244322511812
6562,0.9139275766016713,0.2127400182871076
6563,0.914066852367688,0.2128599725735182
6564,0.9142061281337047,0.2129798903107861
6565,0.9143454038997214,0.2130997715156131
6566,0.9144846796657382,0.21306731647883034
6567,0.9146239554317549,0.2131871478605147
6568,0.9147632311977716,0.21330694275274056
6569,0.9149025069637883,0.21327447100015223
6570,0.915041782729805,0.21324200913242009
6571,0.9151810584958218,0.2132095571450312
6572,0.9153203342618385,0.21317711503347536
6573,0.9154596100278551,0.21329682032557432
6574,0.9155988857938718,0.21326437480985702
6575,0.9157381615598886,0.21338403041825096
6576,0.9158774373259053,0.21335158150851583
6577,0.916016713091922,0.21331914246616998
6578,0.9161559888579387,0.2134387351778656
6579,0.9162952646239554,0.21355829153366773
6580,0.9164345403899722,0.21367781155015197
6581,0.9165738161559889,0.2137972952438839
6582,0.9167130919220056,0.21391674263141902
6583,0.9168523676880223,0.21388424730366096
6584,0.916991643454039,0.21400364520048604
6585,0.9171309192200557,0.214123006833713
6586,0.9172701949860724,0.2142423322198603
6587,0.9174094707520891,0.2142098071959921
6588,0.9175487465181058,0.2143290831815422
6589,0.9176880222841226,0.21429655486416754
6590,0.9178272980501393,0.2142640364188164
6591,0.917966573816156,0.2142315278409953
6592,0.9181058495821727,0.21419902912621358
6593,0.9182451253481894,0.21431821629000455
6594,0.9183844011142062,0.21443736730360935
6595,0.9185236768802229,0.21440485216072783
6596,0.9186629526462395,0.21437234687689508
6597,0.9188022284122562,0.2143398514476277
6598,0.918941504178273,0.21445892694755986
6599,0.9190807799442897,0.21442642824670405
6600,0.9192200557103064,0.21454545454545454
6601,0.9193593314763231,0.21466444478109378
6602,0.9194986072423398,0.2147833989700091
6603,0.9196378830083566,0.2149023171285779
6604,0.9197771587743733,0.21486977589339795
6605,0.91991643454039,0.21483724451173353
6606,0.9200557103064066,0.2149561005146836
6607,0.9201949860724234,0.21507492053882246
6608,0.9203342618384401,0.21519370460048426
6609,0.9204735376044568,0.21531245271599334
6610,0.9206128133704735,0.21543116490166414
6611,0.9207520891364902,0.21554984117380124
6612,0.920891364902507,0.21566848154869933
6613,0.9210306406685237,0.21578708604264327
6614,0.9211699164345404,0.2159056546719081
6615,0.9213091922005571,0.2160241874527589
6616,0.9214484679665739,0.21599153567110035
6617,0.9215877437325906,0.21611001964636542
6618,0.9217270194986072,0.21622846781504987
6619,0.9218662952646239,0.21619579996978394
6620,0.9220055710306406,0.2163141993957704
6621,0.9221448467966574,0.21643256305694003
6622,0.9222841225626741,0.21655089096949562
6623,0.9224233983286908,0.21666918314963007
6624,0.9225626740947075,0.21663647342995168
6625,0.9227019498607242,0.21675471698113208
6626,0.922841225626741,0.21687292484153337
6627,0.9229805013927577,0.21684019918515166
6628,0.9231197771587744,0.2168074834037417
6629,0.923259052924791,0.21677477749283453
6630,0.9233983286908078,0.2167420814479638
6631,0.9235376044568245,0.21686020208113407
6632,0.9236768802228412,0.216978287092883
6633,0.9238161559888579,0.2169455751545304
6634,0.9239554317548746,0.21706361169731686
6635,0.9240947075208914,0.21718161266013564
6636,0.9242339832869081,0.21729957805907174
6637,0.9243732590529248,0.21726683742654815
6638,0.9245125348189415,0.21738475444410968
6639,0.9246518105849583,0.21750263593914745
6640,0.924791086350975,0.21746987951807228
6641,0.9249303621169916,0.2175877126938714
6642,0.9250696378830083,0.21770551038843722
6643,0.925208913649025,0.21782327261779316
6644,0.9253481894150418,0.21779048765803732
6645,0.9254874651810585,0.21790820165538
6646,0.9256267409470752,0.218025880228709
6647,0.9257660167130919,0.2179930795847751
6648,0.9259052924791087,0.21796028880866425
6649,0.9260445682451254,0.21807790645209807
6650,0.9261838440111421,0.2181954887218045
6651,0.9263231197771588,0.2183130356337393
6652,0.9264623955431754,0.21843054720384847
6653,0.9266016713091922,0.21839771531639862
6654,0.9267409470752089,0.2185151788397956
6655,0.9268802228412256,0.21863260706235912
6656,0.9270194986072423,0.2185997596153846
6657,0.927158774373259,0.21871713985278654
6658,0.9272980501392758,0.21883448483027937
6659,0.9274373259052925,0.21880162186514493
6660,0.9275766016713092,0.21876876876876877
6661,0.9277158774373259,0.2188860531451734
6662,0.9278551532033427,0.21900330231161813
6663,0.9279944289693594,0.2189704337385562
6664,0.928133704735376,0.2190876350540216
6665,0.9282729805013927,0.21905476369092272
6666,0.9284122562674094,0.21902190219021903
6667,0.9285515320334262,0.21913904304784762
6668,0.9286908077994429,0.21910617876424715
6669,0.9288300835654596,0.21907332433648224
6670,0.9289693593314763,0.21904047976011995
6671,0.9291086350974931,0.21915754759406386
6672,0.9292479108635098,0.21912470023980815
6673,0.9293871866295265,0.21924172036565262
6674,0.9295264623955432,0.21935870542403357
6675,0.9296657381615598,0.21932584269662922
6676,0.9298050139275766,0.21929298981426004
6677,0.9299442896935933,0.2194099146323199
6678,0.93008356545961,0.2195268044324648
6679,0.9302228412256267,0.21964365923042373
6680,0.9303621169916435,0.21976047904191617
6681,0.9305013927576602,0.2198772638826523
6682,0.9306406685236769,0.21999401376833283
6683,0.9307799442896936,0.22011072871464912
6684,0.9309192200557103,0.22022740873728305
6685,0.9310584958217271,0.22019446522064323
6686,0.9311977715877438,0.2201615315584804
6687,0.9313370473537604,0.2202781516375056
6688,0.9314763231197771,0.22039473684210525
6689,0.9316155988857938,0.22051128718792046
6690,0.9317548746518106,0.22062780269058296
6691,0.9318941504178273,0.22074428336571514
6692,0.932033426183844,0.22086072922893007
6693,0.9321727019498607,0.22082773046466458
6694,0.9323119777158775,0.22094412907080968
6695,0.9324512534818942,0.2210604929051531
6696,0.9325905292479109,0.22102747909199522
6697,0.9327298050139275,0.22114379572943108
6698,0.9328690807799442,0.22126007763511496
6699,0.933008356545961,0.22137632482460068
6700,0.9331476323119777,0.22149253731343282
6701,0.9332869080779944,0.22145948365915535
6702,0.9334261838440111,0.22142643986869592
6703,0.9335654596100279,0.22154259286886469
6704,0.9337047353760446,0.22165871121718378
6705,0.9338440111420613,0.22177479492915733
6706,0.933983286908078,0.22189084402028034
6707,0.9341225626740947,0.22200685850603846
6708,0.9342618384401115,0.22212283840190816
6709,0.9344011142061281,0.22223878372335668
6710,0.9345403899721448,0.22220566318926974
6711,0.9346796657381615,0.22232156161525854
6712,0.9348189415041783,0.22243742550655543
6713,0.934958217270195,0.22240429018322658
6714,0.9350974930362117,0.2225201072386059
6715,0.9352367688022284,0.22263588979895757
6716,0.9353760445682451,0.2226027397260274
6717,0.9355153203342619,0.22256959952359684
6718,0.9356545961002786,0.22268532301280142
6719,0.9357938718662953,0.22280101205536537
6720,0.935933147632312,0.22291666666666668
6721,0.9360724233983287,0.2230322868620741
6722,0.9362116991643454,0.22299910740850937
6723,0.9363509749303621,0.22296593782537558
6724,0.9364902506963788,0.223081499107674
6725,0.9366295264623955,0.22304832713754646
6726,0.9367688022284123,0.22301516503122212
6727,0.936908077994429,0.2231306674594916
6728,0.9370473537604457,0.2230975029726516
6729,0.9371866295264624,0.22306434834299302
6730,0.9373259052924791,0.22317979197622587
6731,0.9374651810584959,0.22314663497251522
6732,0.9376044568245125,0.2232620320855615
6733,0.9377437325905292,0.22337739492054062
6734,0.9378830083565459,0.2234927234927235
6735,0.9380222841225627,0.22345953971789162
6736,0.9381615598885794,0.2235748218527316
6737,0.9383008356545961,0.22369006976398992
6738,0.9384401114206128,0.22380528346690412
6739,0.9385793871866295,0.22377207300786467
6740,0.9387186629526463,0.22373887240356083
6741,0.938857938718663,0.22370568164960689
6742,0.9389972144846797,0.2236725007416197
6743,0.9391364902506963,0.22363932967521874
6744,0.9392757660167131,0.2237544483985765
6745,0.9394150417827298,0.22386953298739806
6746,0.9395543175487465,0.22398458345686334
6747,0.9396935933147632,0.22409959982214317
6748,0.9398328690807799,0.22421458209839953
6749,0.9399721448467967,0.2243295303007853
6750,0.9401114206128134,0.22444444444444445
6751,0.9402506963788301,0.22441119834098652
6752,0.9403899721448468,0.22437796208530805
6753,0.9405292479108636,0.22449281800681178
6754,0.9406685236768803,0.22460763991708618
6755,0.9408077994428969,0.22457438934122873
6756,0.9409470752089136,0.2246891651865009
6757,0.9410863509749303,0.22480390705934586
6758,0.9412256267409471,0.22477064220183487
6759,0.9413649025069638,0.2248853380677615
6760,0.9415041782729805,0.225
6761,0.9416434540389972,0.22511462801360746
6762,0.9417827298050139,0.2250813368825791
6763,0.9419220055710307,0.2251959189708709
6764,0.9420612813370474,0.2253104671791839
6765,0.942200557103064,0.2254249815225425
6766,0.9423398328690807,0.22553946201596217
6767,0.9424791086350975,0.22565390867444954
6768,0.9426183844011142,0.22576832151300236
6769,0.9427576601671309,0.22588270054660955
6770,0.9428969359331476,0.2259970457902511
6771,0.9430362116991643,0.22611135725889825
6772,0.9431754874651811,0.2262256349675133
6773,0.9433147632311978,0.22619223386977705
6774,0.9434540389972145,0.22615884263359906
6775,0.9435933147632312,0.2262730627306273
6776,0.943732590529248,0.2262396694214876
6777,0.9438718662952646,0.22620628596724215
6778,0.9440111420612813,0.22632044850988492
6779,0.944150417827298,0.2264345773712937
6780,0.9442896935933147,0.22640117994100295
6781,0.9444289693593315,0.226515263235511
6782,0.9445682451253482,0.22662931288705396
6783,0.9447075208913649,0.22659590151850215
6784,0.9448467966573816,0.2265625
6785,0.9449860724233984,0.22652910832719234
6786,0.9451253481894151,0.22664308871205424
6787,0.9452646239554318,0.22675703550906143
6788,0.9454038997214484,0.22672362993517972
6789,0.9455431754874651,0.2266902342023862
6790,0.9456824512534819,0.2268041237113402
6791,0.9458217270194986,0.2267707259608305
6792,0.9459610027855153,0.22688457008244994
6793,0.946100278551532,0.2268511703223907
6794,0.9462395543175487,0.2268177803944657
6795,0.9463788300835655,0.2269315673289183
6796,0.9465181058495822,0.2270453207769276
6797,0.9466573816155989,0.22701191702221568
6798,0.9467966573816156,0.2271256251838776
6799,0.9469359331476324,0.2272392998970437
6800,0.947075208913649,0.22720588235294117
6801,0.9472144846796657,0.22731951183649463
6802,0.9473537604456824,0.2274331079094384
6803,0.9474930362116991,0.22754667058650596
6804,0.9476323119777159,0.2275132275132275
6805,0.9477715877437326,0.22762674504041147
6806,0.9479108635097493,0.22759330002938583
6807,0.948050139275766,0.22770677244013515
6808,0.9481894150417828,0.22782021151586368
6809,0.9483286908077995,0.22793361727125863
6810,0.9484679665738162,0.22790014684287813
6811,0.9486072423398328,0.2280135075612979
6812,0.9487465181058495,0.22798003523194363
6813,0.9488857938718663,0.2280933509467195
6814,0.949025069637883,0.2282066334018198
6815,0.9491643454038997,0.22817314746881878
6816,0.9493036211699164,0.2282863849765258
6817,0.9494428969359332,0.22839958926213877
6818,0.9495821727019499,0.22851276034027573
6819,0.9497214484679666,0.22847924915676784
6820,0.9498607242339833,0.22844574780058652
6821,0.95,0.22841225626740946
6822,0.9501392757660168,0.22837877455291702
6823,0.9502785515320334,0.22834530265279201
6824,0.9504178272980501,0.22845838218053927
6825,0.9505571030640668,0.22857142857142856
6826,0.9506963788300835,0.22868444184002343
6827,0.9508356545961003,0.228650944778087
6828,0.950974930362117,0.22876391329818394
6829,0.9511142061281337,0.2288768487333431
6830,0.9512534818941504,0.22898975109809663
6831,0.9513927576601672,0.22910262040696824
6832,0.9515320334261839,0.22921545667447307
6833,0.9516713091922006,0.22932825991511782
6834,0.9518105849582172,0.2292947029558092
6835,0.9519498607242339,0.2292611558156547
6836,0.9520891364902507,0.2293739028671738
6837,0.9522284122562674,0.22934035395641364
6838,0.9523676880222841,0.22930681485814566
6839,0.9525069637883008,0.2294195057756982
6840,0.9526462395543176,0.2293859649122807
6841,0.9527855153203343,0.2293524338546996
6842,0.952924791086351,0.22931891259865536
6843,0.9530640668523677,0.22943153587607773
6844,0.9532033426183844,0.22954412624196377
6845,0.9533426183844012,0.22965668371073777
6846,0.9534818941504178,0.22976920829681566
6847,0.9536211699164345,0.22988170001460492
6848,0.9537604456824512,0.2298481308411215
6849,0.953899721448468,0.22996057818659657
6850,0.9540389972144847,0.23007299270072992
6851,0.9541782729805014,0.23003941030506495
6852,0.9543175487465181,0.23000583771161703
6853,0.9544568245125348,0.22997227491609515
6854,0.9545961002785516,0.2299387219142107
6855,0.9547353760445683,0.2300510576221736
6856,0.954874651810585,0.23001750291715287
6857,0.9550139275766016,0.23012979437071607
6858,0.9551532033426184,0.23024205307669873
6859,0.9552924791086351,0.23035427904942413
6860,0.9554317548746518,0.230466472303207
6861,0.9555710306406685,0.2305786328523539
6862,0.9557103064066852,0.23069076071116293
6863,0.955849582172702,0.23080285589392394
6864,0.9559888579387187,0.2309149184149184
6865,0.9561281337047354,0.23088128186453022
6866,0.9562674094707521,0.23099330032041945
6867,0.9564066852367687,0.23110528615115772
6868,0.9565459610027855,0.23121723937099592
6869,0.9566852367688022,0.23132915999417675
6870,0.9568245125348189,0.2314410480349345
6871,0.9569637883008356,0.23155290350749527
6872,0.9571030640668524,0.23166472642607683
6873,0.9572423398328691,0.2317765168048887
6874,0.9573816155988858,0.23188827465813208
6875,0.9575208913649025,0.232
6876,0.9576601671309192,0.23211169284467714
6877,0.957799442896936,0.23207794096262904
6878,0.9579387186629527,0.2321895899970922
6879,0.9580779944289693,0.2321558366041576
6880,0.958217270194986,0.2322674418604651
6881,0.9583565459610028,0.23223368696410404
6882,0.9584958217270195,0.23234524847428073
6883,0.9586350974930362,0.23231149208194102
6884,0.9587743732590529,0.23242300987797793
6885,0.9589136490250696,0.23238925199709515
6886,0.9590529247910864,0.23250072611094974
6887,0.9591922005571031,0.23261216785247568
6888,0.9593314763231198,0.23272357723577236
6889,0.9594707520891365,0.23283495427493106
6890,0.9596100278551533,0.23294629898403482
6891,0.95974930362117,0.2329124945581193
6892,0.9598885793871866,0.2328786999419617
6893,0.9600278551532033,0.23298998984477007
6894,0.96016713091922,0.23310124746156077
6895,0.9603064066852368,0.23321247280638144
6896,0.9604456824512535,0.23332366589327147
6897,0.9605849582172702,0.23328983616064955
6898,0.9607242339832869,0.23340098579298346
6899,0.9608635097493036,0.23336715466009567
6900,0.9610027855153204,0.23347826086956522
6901,0.9611420612813371,0.23358933487900305
6902,0.9612813370473537,0.23355549116198204
6903,0.9614206128133704,0.23366652180211503
6904,0.9615598885793872,0.2336326767091541
6905,0.9616991643454039,0.2337436640115858
6906,0.9618384401114206,0.23385461917173472
6907,0.9619777158774373,0.2339655422035616
6908,0.962116991643454,0.2339316734221193
6909,0.9622562674094708,0.2338978144449269
6910,0.9623955431754875,0.23400868306801736
6911,0.9625348189415042,0.23411951960642455
6912,0.9626740947075209,0.23423032407407407
6913,0.9628133704735377,0.23419644148705338
6914,0.9629526462395543,0.23416256870118599
6915,0.963091922005571,0.23427331887201736
6916,0.9632311977715877,0.23438403701561597
6917,0.9633704735376044,0.2344947231458725
6918,0.9635097493036212,0.23460537727666955
6919,0.9636490250696379,0.23457146986558752
6920,0.9637883008356546,0.23468208092485549
6921,0.9639275766016713,0.23464817222944662
6922,0.9640668523676881,0.2347587402484831
6923,0.9642061281337048,0.23472483027589194
6924,0.9643454038997215,0.23469093009820913
6925,0.9644846796657381,0.2348014440433213
6926,0.9646239554317548,0.23491192607565695
6927,0.9647632311977716,0.2350223762090371
6928,0.9649025069637883,0.23498845265588914
6929,0.965041782729805,0.23495453889450138
6930,0.9651810584958217,0.23506493506493506
6931,0.9653203342618384,0.2351752993795989
6932,0.9654596100278552,0.2351413733410271
6933,0.9655988857938719,0.23525169479301888
6934,0.9657381615598886,0.23536198442457457
6935,0.9658774373259053,0.23547224224945926
6936,0.966016713091922,0.23558246828143023
6937,0.9661559888579387,0.2355485080005766
6938,0.9662952646239554,0.23565869126549438
6939,0.9664345403899721,0.23576884277273383
6940,0.9665738161559888,0.23573487031700288
6941,0.9667130919220056,0.2357009076501945
6942,0.9668523676880223,0.23581100547392683
6943,0.966991643454039,0.23592107158288925
6944,0.9671309192200557,0.23603110599078342
6945,0.9672701949860725,0.23599712023038158
6946,0.9674094707520892,0.23610711200691045
6947,0.9675487465181059,0.2360731250899669
6948,0.9676880222841225,0.23618307426597582
6949,0.9678272980501392,0.23629299179738092
6950,0.967966573816156,0.23640287769784174
6951,0.9681058495821727,0.23636886778880736
6952,0.9682451253481894,0.23647871116225547
6953,0.9683844011142061,0.23658852293973825
6954,0.9685236768802229,0.2365545010066149
6955,0.9686629526462396,0.23666427030913012
6956,0.9688022284122563,0.2367740080506038
6957,0.968941504178273,0.23673997412677877
6958,0.9690807799442896,0.23670594998562805
6959,0.9692200557103064,0.23667193562293434
6960,0.9693593314763231,0.2367816091954023
6961,0.9694986072423398,0.2368912512570033
6962,0.9696378830083565,0.2368572249353634
6963,0.9697771587743732,0.23682320838718943
6964,0.96991643454039,0.2367892016082711
6965,0.9700557103064067,0.23675520459440058
6966,0.9701949860724234,0.2368647717484927
6967,0.9703342618384401,0.2368307736471939
6968,0.9704735376044569,0.236796785304248
6969,0.9706128133704736,0.23690629932558474
6970,0.9707520891364902,0.2368723098995696
6971,0.9708913649025069,0.23683833022521877
6972,0.9710306406685236,0.23694779116465864
6973,0.9711699164345404,0.23691381041158754
6974,0.9713091922005571,0.23687983940349872
6975,0.9714484679665738,0.23698924731182797
6976,0.9715877437325905,0.2369552752293578
6977,0.9717270194986073,0.23706464096316468
6978,0.971866295264624,0.23703066781312698
6979,0.9720055710306407,0.23699670439891102
6980,0.9721448467966574,0.23710601719197708
6981,0.972284122562674,0.23721529866781263
6982,0.9724233983286908,0.23732454883987397
6983,0.9725626740947075,0.23743376772160962
6984,0.9727019498607242,0.23739977090492553
6985,0.9728412256267409,0.23736578382247672
6986,0.9729805013927577,0.2374749498997996
6987,0.9731197771587744,0.23758408472878204
6988,0.9732590529247911,0.23769318832283914
6989,0.9733983286908078,0.23780226069537846
6990,0.9735376044568245,0.23791130185979972
6991,0.9736768802228413,0.23802031182949507
6992,0.973816155988858,0.23812929061784896
6993,0.9739554317548746,0.23823823823823823
6994,0.9740947075208913,0.238204175007149
6995,0.974233983286908,0.23817012151536812
6996,0.9743732590529248,0.23827901658090336
6997,0.9745125348189415,0.2382449621266257
6998,0.9746518105849582,0.23835381537582168
6999,0.9747910863509749,0.2383197599657094
7000,0.9749303621169917,0.2382857142857143
7001,0.9750696378830084,0.2382516783316669
7002,0.9752089136490251,0.23821765209940018
7003,0.9753481894150418,0.2381836355847494
7004,0.9754874651810584,0.23814962878355225
7005,0.9756267409470752,0.23825838686652392
7006,0.9757660167130919,0.23822437910362546
7007,0.9759052924791086,0.2383330954759526
7008,0.9760445682451253,0.23829908675799086
7009,0.9761838440111421,0.23840776144956485
7010,0.9763231197771588,0.23837375178316692
7011,0.9764623955431755,0.23848238482384823
7012,0.9766016713091922,0.23859098687963493
7013,0.9767409470752089,0.23869955796378156
7014,0.9768802228412257,0.2386655260906758
7015,0.9770194986072424,0.23863150392017107
7016,0.977158774373259,0.2385974914481186
7017,0.9772980501392757,0.23856348867037194
7018,0.9774373259052925,0.23867198632088915
7019,0.9775766016713092,0.23878045305599088
7020,0.9777158774373259,0.2388888888888889
7021,0.9778551532033426,0.23899729383278734
7022,0.9779944289693593,0.23910566790088295
7023,0.9781337047353761,0.2392140111063648
7024,0.9782729805013928,0.23932232346241458
7025,0.9784122562674095,0.239288256227758
7026,0.9785515320334262,0.23939652718474239
7027,0.978690807799443,0.23950476732602818
7028,0.9788300835654596,0.23947068867387591
7029,0.9789693593314763,0.23957888746621142
7030,0.979108635097493,0.23954480796586058
7031,0.9792479108635097,0.23951073815957902
7032,0.9793871866295265,0.2396188850967008
7033,0.9795264623955432,0.2397270012796815
7034,0.9796657381615599,0.23983508672163775
7035,0.9798050139275766,0.23994314143567874
7036,0.9799442896935933,0.23990903922683343
7037,0.9800835654596101,0.24001705272133012
7038,0.9802228412256268,0.2399829497016198
7039,0.9803621169916434,0.24009092200596677
7040,0.9805013927576601,0.24019886363636364
7041,0.9806406685236769,0.24030677460587985
7042,0.9807799442896936,0.24041465492757738
7043,0.9809192200557103,0.24038051966491553
7044,0.981058495821727,0.24048835888699602
7045,0.9811977715877437,0.2404542228530873
7046,0.9813370473537605,0.2404200965086574
7047,0.9814763231197772,0.24038597984958138
7048,0.9816155988857939,0.2404937570942111
7049,0.9817548746518105,0.24045963966520073
7050,0.9818941504178273,0.2404255319148936
7051,0.982033426183844,0.24053325769394412
7052,0.9821727019498607,0.24064095292115711
7053,0.9823119777158774,0.2406068339713597
7054,0.9824512534818941,0.24071448823362632
7055,0.9825905292479109,0.24068036853295535
7056,0.9827298050139276,0.24064625850340135
7057,0.9828690807799443,0.24061215814085304
7058,0.983008356545961,0.24057806744120147
7059,0.9831476323119778,0.24054398640034
7060,0.9832869080779945,0.2405099150141643
7061,0.9834261838440111,0.24061747627814756
7062,0.9835654596100278,0.24072500708014727
7063,0.9837047353760445,0.24069092453631602
7064,0.9838440111420613,0.24079841449603623
7065,0.983983286908078,0.24090587402689315
7066,0.9841225626740947,0.24087178035663742
7067,0.9842618384401114,0.24097919909438234
7068,0.9844011142061281,0.24094510469722694
7069,0.9845403899721449,0.24105248267081625
7070,0.9846796657381616,0.24101838755304103
7071,0.9848189415041783,0.2409843020789139
7072,0.984958217270195,0.24109162895927602
7073,0.9850974930362117,0.2410575427682737
7074,0.9852367688022284,0.2410234662143059
7075,0.9853760445682451,0.24113074204946996
7076,0.9855153203342618,0.24123798756359524
7077,0.9856545961002785,0.2413452027695351
7078,0.9857938718662953,0.2413111048318734
7079,0.985933147632312,0.2414182794179969
7080,0.9860724233983287,0.24152542372881355
7081,0.9862116991643454,0.24163253777715013
7082,0.9863509749303622,0.24159841852584016
7083,0.9864902506963789,0.24170549202315403
7084,0.9866295264623955,0.24181253529079616
7085,0.9867688022284122,0.2419195483415667
7086,0.9869080779944289,0.24202653118825854
7087,0.9870473537604457,0.2421334838436574
7088,0.9871866295264624,0.24209932279909707
7089,0.9873259052924791,0.2422062350119904
7090,0.9874651810584958,0.24217207334273624
7091,0.9876044568245126,0.24227894514172896
7092,0.9877437325905293,0.24238578680203046
7093,0.987883008356546,0.24249259833638798
7094,0.9880222841225627,0.2425993797575416
7095,0.9881615598885793,0.2427061310782241
7096,0.9883008356545961,0.24281285231116123
7097,0.9884401114206128,0.24291954346907144
7098,0.9885793871866295,0.24302620456466612
7099,0.9887186629526462,0.24313283561064938
7100,0.9888579387186629,0.2432394366197183
7101,0.9889972144846797,0.24334600760456274
7102,0.9891364902506964,0.24331174317093776
7103,0.9892757660167131,0.2434182739687456
7104,0.9894150417827298,0.24352477477477477
7105,0.9895543175487466,0.24363124560168894
7106,0.9896935933147633,0.24373768646214466
7107,0.9898328690807799,0.24384409736879134
7108,0.9899721448467966,0.24380979178390547
7109,0.9901114206128133,0.24391616261077506
7110,0.9902506963788301,0.2438818565400844
7111,0.9903899721448468,0.2439881873154268
7112,0.9905292479108635,0.2440944881889764
7113,0.9906685236768802,0.24420075917334458
7114,0.990807799442897,0.24416643238684285
7115,0.9909470752089137,0.24427266338721013
7116,0.9910863509749304,0.24423833614390106
7117,0.991225626740947,0.24420401854714066
7118,0.9913649025069637,0.24431019949423996
7119,0.9915041782729805,0.2444163506110409
7120,0.9916434540389972,0.24452247191011237
7121,0.9917827298050139,0.24448813368908862
7122,0.9919220055710306,0.2445942151081157
7123,0.9920612813370474,0.2447002667415415
7124,0.9922005571030641,0.24480628860190903
7125,0.9923398328690808,0.2449122807017544
7126,0.9924791086350975,0.24487791187201796
7127,0.9926183844011142,0.24484355268696506
7128,0.992757660167131,0.24480920314253649
7129,0.9928969359331477,0.24491513536260345
7130,0.9930362116991643,0.2450210378681627
7131,0.993175487465181,0.24512691067171505
7132,0.9933147632311977,0.24523275378575435
7133,0.9934540389972145,0.24533856722276742
7134,0.9935933147632312,0.2454443509952341
7135,0.9937325905292479,0.2455501051156272
7136,0.9938718662952646,0.24565582959641255
7137,0.9940111420612814,0.24576152445004903
7138,0.9941504178272981,0.24586718968898852
7139,0.9942896935933148,0.24597282532567585
7140,0.9944289693593314,0.246078431372549
7141,0.9945682451253481,0.24618400784203892
7142,0.9947075208913649,0.24614953794455335
7143,0.9948467966573816,0.24625507489850204
7144,0.9949860724233983,0.24636058230683092
7145,0.995125348189415,0.2463261021693492
7146,0.9952646239554318,0.2462916316820599
7147,0.9954038997214485,0.24625717084091228
7148,0.9955431754874652,0.24636261891438163
7149,0.9956824512534819,0.2463281577843055
7150,0.9958217270194986,0.24643356643356643
7151,0.9959610027855154,0.2465389456020137
7152,0.996100278551532,0.24664429530201343
7153,0.9962395543175487,0.24674961554592478
7154,0.9963788300835654,0.24685490634610008
7155,0.9965181058495822,0.2469601677148847
7156,0.9966573816155989,0.24692565679150363
7157,0.9967966573816156,0.24703087885985747
7158,0.9969359331476323,0.24713607152835987
7159,0.997075208913649,0.2472412348093309
7160,0.9972144846796658,0.2473463687150838
7161,0.9973537604456825,0.24745147325792488
7162,0.9974930362116992,0.2475565484501536
7163,0.9976323119777158,0.24766159430406254
7164,0.9977715877437325,0.24776661083193746
7165,0.9979108635097493,0.2478715980460572
7166,0.998050139275766,0.24797655595869383
7167,0.9981894150417827,0.24808148458211246
7168,0.9983286908077994,0.24818638392857142
7169,0.9984679665738162,0.24829125401032223
7170,0.9986072423398329,0.24839609483960948
7171,0.9987465181058496,0.24836145586389624
7172,0.9988857938718663,0.24832682654768545
7173,0.999025069637883,0.24843161856963614
7174,0.9991643454038998,0.24853638137719541
7175,0.9993036211699164,0.2486411149825784
7176,0.9994428969359331,0.2487458193979933
7177,0.9995821727019498,0.24885049463564163
7178,0.9997214484679666,0.24881582613541375
7179,0.9998607242339833,0.24892046245995264
7180,1.0,0.249025069637883
