accepted,coverage,risk
1,0.0001392757660167131,0.0
2,0.0002785515320334262,0.0
3,0.00041782729805013927,0.0
4,0.0005571030640668524,0.0
5,0.0006963788300835655,0.0
6,0.0008356545961002785,0.0
7,0.0009749303621169916,0.0
8,0.0011142061281337048,0.0
9,0.0012534818941504179,0.0
10,0.001392757660167131,0.0
11,0.001532033426183844,0.0
12,0.001671309192200557,0.0
13,0.0018105849582172701,0.0
14,0.0019498607242339832,0.0
15,0.0020891364902506965,0.0
16,0.0022284122562674096,0.0
17,0.0023676880222841226,0.0
18,0.0025069637883008357,0.0
19,0.0026462395543175488,0.0
20,0.002785515320334262,0.0
21,0.002924791086350975,0.0
22,0.003064066852367688,0.0
23,0.003203342618384401,0.0
24,0.003342618384401114,0.0
25,0.003481894150417827,0.0
26,0.0036211699164345403,0.0
27,0.0037604456824512533,0.0
28,0.0038997214484679664,0.0
29,0.00403899721448468,0.0
30,0.004178272980501393,0.0
31,0.004317548746518106,0.0
32,0.004456824512534819,0.0
33,0.004596100278551532,0.0
34,0.004735376044568245,0.0
35,0.004874651810584958,0.0
36,0.005013927576601671,0.0
37,0.0051532033426183845,0.0
38,0.0052924791086350976,0.0
39,0.005431754874651811,0.0
40,0.005571030640668524,0.0
41,0.005710306406685237,0.0
42,0.00584958217270195,0.0
43,0.005988857938718663,0.0
44,0.006128133704735376,0.0
45,0.006267409470752089,0.0
46,0.006406685236768802,0.0
47,0.006545961002785515,0.0
48,0.006685236768802228,0.0
49,0.006824512534818941,0.0
50,0.006963788300835654,0.0
51,0.0071030640668523675,0.0
52,0.0072423398328690805,0.0
53,0.007381615598885794,0.0
54,0.007520891364902507,0.0
55,0.00766016713091922,0.0
56,0.007799442896935933,0.0
57,0.007938718662952647,0.0
58,0.00807799442896936,0.0
59,0.008217270194986073,0.0
60,0.008356545961002786,0.0
61,0.008495821727019499,0.0
62,0.008635097493036212,0.0
63,0.008774373259052925,0.0
64,0.008913649025069638,0.0
65,0.009052924791086351,0.0
66,0.009192200557103064,0.0
67,0.009331476323119777,0.0
68,0.00947075208913649,0.0
69,0.009610027855153204,0.0
70,0.009749303621169917,0.0
71,0.00988857938718663,0.0
72,0.010027855153203343,0.0
73,0.010167130919220056,0.0
74,0.010306406685236769,0.0
75,0.010445682451253482,0.0
76,0.010584958217270195,0.0
77,0.010724233983286908,0.0
78,0.010863509749303621,0.0
79,0.011002785515320334,0.0
80,0.011142061281337047,0.0
81,0.01128133704735376,0.0
82,0.011420612813370474,0.0
83,0.011559888579387187,0.0
84,0.0116991643454039,0.0
85,0.011838440111420613,0.0
86,0.011977715877437326,0.0
87,0.012116991643454039,0.0
88,0.012256267409470752,0.0
89,0.012395543175487465,0.0
90,0.012534818941504178,0.0
91,0.012674094707520891,0.0
92,0.012813370473537604,0.0
93,0.012952646239554317,0.0
94,0.01309192200557103,0.0
95,0.013231197771587743,0.0
96,0.013370473537604457,0.0
97,0.01350974930362117,0.0
98,0.013649025069637883,0.0
99,0.013788300835654596,0.0
100,0.013927576601671309,0.0
101,0.014066852367688022,0.0
102,0.014206128133704735,0.0
103,0.014345403899721448,0.0
104,0.014484679665738161,0.0
105,0.014623955431754874,0.0
106,0.014763231197771587,0.0
107,0.0149025069637883,0.0
108,0.015041782729805013,0.0
109,0.015181058495821726,0.0
110,0.01532033426183844,0.0
111,0.015459610027855153,0.0
112,0.015598885793871866,0.0
113,0.01573816155988858,0.0
114,0.015877437325905294,0.0
115,0.016016713091922007,0.0
116,0.01615598885793872,0.0
117,0.016295264623955433,0.0
118,0.016434540389972146,0.0
119,0.01657381615598886,0.0
120,0.016713091922005572,0.0
121,0.016852367688022285,0.0
122,0.016991643454038998,0.0
123,0.01713091922005571,0.0
124,0.017270194986072424,0.0
125,0.017409470752089137,0.0
126,0.01754874651810585,0.0
127,0.017688022284122563,0.0
128,0.017827298050139277,0.0
129,0.01796657381615599,0.0
130,0.018105849582172703,0.0
131,0.018245125348189416,0.0
132,0.01838440111420613,0.0
133,0.018523676880222842,0.0
134,0.018662952646239555,0.0
135,0.018802228412256268,0.0
136,0.01894150417827298,0.0
137,0.019080779944289694,0.0
138,0.019220055710306407,0.0
139,0.01935933147632312,0.0
140,0.019498607242339833,0.0
141,0.019637883008356546,0.0
142,0.01977715877437326,0.0
143,0.019916434540389973,0.0
144,0.020055710306406686,0.0
145,0.0201949860724234,0.0
146,0.020334261838440112,0.0
147,0.020473537604456825,0.0
148,0.020612813370473538,0.0
149,0.02075208913649025,0.0
150,0.020891364902506964,0.0
151,0.021030640668523677,0.0
152,0.02116991643454039,0.0
153,0.021309192200557103,0.0
154,0.021448467966573816,0.0
155,0.02158774373259053,0.0
156,0.021727019498607242,0.0
157,0.021866295264623956,0.0
158,0.02200557103064067,0.0
159,0.02214484679665738,0.0
160,0.022284122562674095,0.0
161,0.022423398328690808,0.0
162,0.02256267409470752,0.0
163,0.022701949860724234,0.0
164,0.022841225626740947,0.0
165,0.02298050139275766,0.0
166,0.023119777158774373,0.0
167,0.023259052924791086,0.0
168,0.0233983286908078,0.0
169,0.023537604456824512,0.0
170,0.023676880222841225,0.0
171,0.02381615598885794,0.0
172,0.02395543175487465,0.0
173,0.024094707520891365,0.0
174,0.024233983286908078,0.0
175,0.02437325905292479,0.0
176,0.024512534818941504,0.0
177,0.024651810584958217,0.0
178,0.02479108635097493,0.0
179,0.024930362116991643,0.0
180,0.025069637883008356,0.0
181,0.02520891364902507,0.0
182,0.025348189415041782,0.0
183,0.025487465181058495,0.0
184,0.02562674094707521,0.0
185,0.02576601671309192,0.0
186,0.025905292479108635,0.0
187,0.026044568245125348,0.0
188,0.02618384401114206,0.0
189,0.026323119777158774,0.0
190,0.026462395543175487,0.0
191,0.0266016713091922,0.0
192,0.026740947075208913,0.0
193,0.026880222841225626,0.0
194,0.02701949860724234,0.0
195,0.027158774373259052,0.0
196,0.027298050139275765,0.0
197,0.02743732590529248,0.0
198,0.02757660167130919,0.0
199,0.027715877437325905,0.0
200,0.027855153203342618,0.0
201,0.02799442896935933,0.0
202,0.028133704735376044,0.0
203,0.028272980501392757,0.0
204,0.02841225626740947,0.0
205,0.028551532033426183,0.0
206,0.028690807799442896,0.0
207,0.02883008356545961,0.0
208,0.028969359331476322,0.0
209,0.029108635097493035,0.0
210,0.02924791086350975,0.0
211,0.02938718662952646,0.0
212,0.029526462395543174,0.0
213,0.029665738161559888,0.0
214,0.0298050139275766,0.0
215,0.029944289693593314,0.0
216,0.030083565459610027,0.0
217,0.03022284122562674,0.0
218,0.030362116991643453,0.0
219,0.030501392757660166,0.0
220,0.03064066852367688,0.0
221,0.030779944289693592,0.0
222,0.030919220055710305,0.0
223,0.031058495821727018,0.0
224,0.03119777158774373,0.0
225,0.031337047353760444,0.0
226,0.03147632311977716,0.0
227,0.03161559888579387,0.0
228,0.03175487465181059,0.0
229,0.0318941504178273,0.0
230,0.03203342618384401,0.0
231,0.03217270194986072,0.0
232,0.03231197771587744,0.0
233,0.03245125348189415,0.0
234,0.032590529247910865,0.0
235,0.032729805013927575,0.0
236,0.03286908077994429,0.0
237,0.033008356545961,0.0
238,0.03314763231197772,0.0
239,0.03328690807799443,0.0
240,0.033426183844011144,0.0
241,0.033565459610027853,0.0
242,0.03370473537604457,0.0
243,0.03384401114206128,0.0
244,0.033983286908077996,0.0
245,0.034122562674094706,0.0
246,0.03426183844011142,0.0
247,0.03440111420612813,0.0
248,0.03454038997214485,0.0
249,0.03467966573816156,0.0
250,0.034818941504178275,0.0
251,0.034958217270194984,0.0
252,0.0350974930362117,0.0
253,0.03523676880222841,0.0
254,0.03537604456824513,0.0
255,0.035515320334261836,0.0
256,0.03565459610027855,0.0
257,0.03579387186629526,0.0
258,0.03593314763231198,0.0
259,0.03607242339832869,0.0
260,0.036211699164345405,0.0
261,0.036350974930362115,0.0
262,0.03649025069637883,0.0
263,0.03662952646239554,0.0
264,0.03676880222841226,0.0
265,0.03690807799442897,0.0
266,0.037047353760445684,0.0
267,0.03718662952646239,0.0
268,0.03732590529247911,0.0
269,0.03746518105849582,0.0
270,0.037604456824512536,0.0
271,0.037743732590529246,0.0
272,0.03788300835654596,0.0
273,0.03802228412256267,0.0
274,0.03816155988857939,0.0
275,0.0383008356545961,0.0
276,0.038440111420612814,0.0
277,0.038579387186629524,0.0
278,0.03871866295264624,0.0
279,0.03885793871866295,0.0
280,0.03899721448467967,0.0
281,0.039136490250696376,0.0
282,0.03927576601671309,0.0
283,0.0394150417827298,0.0
284,0.03955431754874652,0.0
285,0.03969359331476323,0.0
286,0.039832869080779945,0.0
287,0.039972144846796655,0.0
288,0.04011142061281337,0.0
289,0.04025069637883008,0.0
290,0.0403899721448468,0.0
291,0.04052924791086351,0.0
292,0.040668523676880224,0.0
293,0.04080779944289693,0.0
294,0.04094707520891365,0.0
295,0.04108635097493036,0.0
296,0.041225626740947076,0.0
297,0.041364902506963785,0.0
298,0.0415041782729805,0.0
299,0.04164345403899721,0.0
300,0.04178272980501393,0.0
301,0.04192200557103064,0.0
302,0.042061281337047354,0.0
303,0.042200557103064064,0.0
304,0.04233983286908078,0.0
305,0.04247910863509749,0.0
306,0.04261838440111421,0.0
307,0.042757660167130916,0.0
308,0.04289693593314763,0.0
309,0.04303621169916434,0.0
310,0.04317548746518106,0.0
311,0.04331476323119777,0.0
312,0.043454038997214485,0.0
313,0.043593314763231195,0.0
314,0.04373259052924791,0.0
315,0.04387186629526462,0.0
316,0.04401114206128134,0.0
317,0.04415041782729805,0.0
318,0.04428969359331476,0.0
319,0.04442896935933147,0.0
320,0.04456824512534819,0.0
321,0.0447075208913649,0.0
322,0.044846796657381616,0.0
323,0.044986072423398325,0.0
324,0.04512534818941504,0.0
325,0.04526462395543175,0.0
326,0.04540389972144847,0.0
327,0.045543175487465185,0.0
328,0.045682451253481894,0.0
329,0.04582172701949861,0.0
330,0.04596100278551532,0.0
331,0.04610027855153204,0.0
332,0.046239554317548746,0.0
333,0.04637883008356546,0.0
334,0.04651810584958217,0.0
335,0.04665738161559889,0.0
336,0.0467966573816156,0.0
337,0.046935933147632315,0.0
338,0.047075208913649025,0.0
339,0.04721448467966574,0.0
340,0.04735376044568245,0.0
341,0.04749303621169917,0.0
342,0.04763231197771588,0.0
343,0.047771587743732594,0.0
344,0.0479108635097493,0.0
345,0.04805013927576602,0.0
346,0.04818941504178273,0.0
347,0.048328690807799446,0.0
348,0.048467966573816156,0.0
349,0.04860724233983287,0.0
350,0.04874651810584958,0.0
351,0.0488857938718663,0.0
352,0.04902506963788301,0.0
353,0.049164345403899724,0.0
354,0.049303621169916434,0.0
355,0.04944289693593315,0.0
356,0.04958217270194986,0.0
357,0.04972144846796658,0.0
358,0.049860724233983286,0.0
359,0.05,0.0
360,0.05013927576601671,0.0
361,0.05027855153203343,0.0
362,0.05041782729805014,0.0
363,0.050557103064066855,0.0
364,0.050696378830083565,0.0
365,0.05083565459610028,0.0
366,0.05097493036211699,0.0
367,0.05111420612813371,0.0
368,0.05125348189415042,0.0
369,0.051392757660167133,0.0
370,0.05153203342618384,0.0
371,0.05167130919220056,0.0
372,0.05181058495821727,0.0
373,0.051949860724233986,0.0
374,0.052089136490250695,0.0
375,0.05222841225626741,0.0
376,0.05236768802228412,0.0
377,0.05250696378830084,0.0
378,0.05264623955431755,0.0
379,0.052785515320334264,0.0
380,0.052924791086350974,0.0
381,0.05306406685236769,0.0
382,0.0532033426183844,0.0
383,0.053342618384401116,0.0
384,0.053481894150417826,0.0
385,0.05362116991643454,0.0
386,0.05376044568245125,0.0
387,0.05389972144846797,0.0
388,0.05403899721448468,0.0
389,0.054178272980501395,0.0
390,0.054317548746518104,0.0
391,0.05445682451253482,0.0
392,0.05459610027855153,0.0
393,0.05473537604456825,0.0
394,0.05487465181058496,0.0
395,0.05501392757660167,0.0
396,0.05515320334261838,0.0
397,0.0552924791086351,0.0
398,0.05543175487465181,0.0
399,0.055571030640668526,0.0
400,0.055710306406685235,0.0
401,0.05584958217270195,0.0
402,0.05598885793871866,0.0
403,0.05612813370473538,0.0
404,0.05626740947075209,0.0
405,0.056406685236768804,0.0
406,0.056545961002785514,0.0
407,0.05668523676880223,0.0
408,0.05682451253481894,0.0
409,0.056963788300835656,0.0
410,0.057103064066852366,0.0
411,0.05724233983286908,0.0
412,0.05738161559888579,0.0
413,0.05752089136490251,0.0
414,0.05766016713091922,0.0
415,0.057799442896935935,0.0
416,0.057938718662952644,0.0
417,0.05807799442896936,0.0
418,0.05821727019498607,0.0
419,0.05835654596100279,0.0
420,0.0584958217270195,0.0
421,0.05863509749303621,0.0
422,0.05877437325905292,0.0
423,0.05891364902506964,0.0
424,0.05905292479108635,0.0
425,0.059192200557103065,0.0
426,0.059331476323119775,0.0
427,0.05947075208913649,0.0
428,0.0596100278551532,0.0
429,0.05974930362116992,0.0
430,0.05988857938718663,0.0
431,0.060027855153203344,0.0
432,0.06016713091922005,0.0
433,0.06030640668523677,0.0
434,0.06044568245125348,0.0
435,0.060584958217270196,0.0
436,0.060724233983286906,0.0
437,0.06086350974930362,0.0
438,0.06100278551532033,0.0
439,0.06114206128133705,0.0
440,0.06128133704735376,0.0
441,0.061420612813370475,0.0
442,0.061559888579387184,0.0
443,0.0616991643454039,0.0
444,0.06183844011142061,0.0
445,0.06197771587743733,0.0
446,0.062116991643454036,0.0
447,0.06225626740947075,0.0
448,0.06239554317548746,0.0
449,0.06253481894150417,0.0
450,0.06267409470752089,0.0
451,0.0628133704735376,0.0
452,0.06295264623955432,0.0
453,0.06309192200557102,0.0
454,0.06323119777158774,0.0
455,0.06337047353760446,0.0
456,0.06350974930362117,0.0
457,0.06364902506963788,0.0
458,0.0637883008356546,0.0
459,0.06392757660167131,0.0
460,0.06406685236768803,0.0
461,0.06420612813370473,0.0
462,0.06434540389972145,0.0
463,0.06448467966573816,0.0
464,0.06462395543175488,0.0
465,0.06476323119777158,0.0
466,0.0649025069637883,0.0
467,0.06504178272980501,0.0
468,0.06518105849582173,0.0
469,0.06532033426183843,0.0
470,0.06545961002785515,0.0
471,0.06559888579387187,0.0
472,0.06573816155988858,0.0
473,0.06587743732590529,0.0
474,0.066016713091922,0.0
475,0.06615598885793872,0.0
476,0.06629526462395544,0.0
477,0.06643454038997214,0.0
478,0.06657381615598885,0.0
479,0.06671309192200557,0.0
480,0.06685236768802229,0.0
481,0.06699164345403899,0.0
482,0.06713091922005571,0.0
483,0.06727019498607242,0.0
484,0.06740947075208914,0.0
485,0.06754874651810584,0.0
486,0.06768802228412256,0.0
487,0.06782729805013928,0.0
488,0.06796657381615599,0.0
489,0.0681058495821727,0.0
490,0.06824512534818941,0.0
491,0.06838440111420613,0.0
492,0.06852367688022284,0.0
493,0.06866295264623956,0.0
494,0.06880222841225626,0.0
495,0.06894150417827298,0.0
496,0.0690807799442897,0.0
497,0.06922005571030641,0.0
498,0.06935933147632312,0.0
499,0.06949860724233983,0.0
500,0.06963788300835655,0.0
501,0.06977715877437327,0.0
502,0.06991643454038997,0.0
503,0.07005571030640668,0.0
504,0.0701949860724234,0.0
505,0.07033426183844012,0.0
506,0.07047353760445682,0.0
507,0.07061281337047354,0.0
508,0.07075208913649025,0.0
509,0.07089136490250697,0.0
510,0.07103064066852367,0.0
511,0.07116991643454039,0.0
512,0.0713091922005571,0.0
513,0.07144846796657382,0.0
514,0.07158774373259053,0.0
515,0.07172701949860724,0.0
516,0.07186629526462396,0.0
517,0.07200557103064067,0.0
518,0.07214484679665738,0.0
519,0.0722841225626741,0.0
520,0.07242339832869081,0.0
521,0.07256267409470753,0.0
522,0.07270194986072423,0.0
523,0.07284122562674095,0.0
524,0.07298050139275766,0.0
525,0.07311977715877438,0.0
526,0.07325905292479108,0.0
527,0.0733983286908078,0.0
528,0.07353760445682452,0.0
529,0.07367688022284123,0.0
530,0.07381615598885793,0.0
531,0.07395543175487465,0.0
532,0.07409470752089137,0.0
533,0.07423398328690808,0.0
534,0.07437325905292479,0.0
535,0.0745125348189415,0.0
536,0.07465181058495822,0.0
537,0.07479108635097494,0.0
538,0.07493036211699164,0.0
539,0.07506963788300836,0.0
540,0.07520891364902507,0.0
541,0.07534818941504179,0.0
542,0.07548746518105849,0.0
543,0.07562674094707521,0.0
544,0.07576601671309192,0.0
545,0.07590529247910864,0.0
546,0.07604456824512534,0.0
547,0.07618384401114206,0.0
548,0.07632311977715878,0.0
549,0.0764623955431755,0.0
550,0.0766016713091922,0.0
551,0.07674094707520891,0.0
552,0.07688022284122563,0.0
553,0.07701949860724235,0.0
554,0.07715877437325905,0.0
555,0.07729805013927576,0.0
556,0.07743732590529248,0.0
557,0.0775766016713092,0.0
558,0.0777158774373259,0.0
559,0.07785515320334262,0.0
560,0.07799442896935933,0.0
561,0.07813370473537605,0.0
562,0.07827298050139275,0.0
563,0.07841225626740947,0.0
564,0.07855153203342619,0.0
565,0.0786908077994429,0.0
566,0.0788300835654596,0.0
567,0.07896935933147632,0.0
568,0.07910863509749304,0.0
569,0.07924791086350975,0.0
570,0.07938718662952646,0.0
571,0.07952646239554317,0.0
572,0.07966573816155989,0.0
573,0.0798050139275766,0.0
574,0.07994428969359331,0.0
575,0.08008356545961003,0.0
576,0.08022284122562674,0.0
577,0.08036211699164346,0.0
578,0.08050139275766016,0.0
579,0.08064066852367688,0.0
580,0.0807799442896936,0.0
581,0.08091922005571031,0.0
582,0.08105849582172701,0.0
583,0.08119777158774373,0.0
584,0.08133704735376045,0.0
585,0.08147632311977716,0.0
586,0.08161559888579387,0.0
587,0.08175487465181058,0.0
588,0.0818941504178273,0.0
589,0.08203342618384402,0.0
590,0.08217270194986072,0.0
591,0.08231197771587744,0.0
592,0.08245125348189415,0.0
593,0.08259052924791087,0.0
594,0.08272980501392757,0.0
595,0.08286908077994429,0.0
596,0.083008356545961,0.0
597,0.08314763231197772,0.0
598,0.08328690807799442,0.0
599,0.08342618384401114,0.0
600,0.08356545961002786,0.0
601,0.08370473537604457,0.0
602,0.08384401114206128,0.0
603,0.08398328690807799,0.0
604,0.08412256267409471,0.0
605,0.08426183844011143,0.0
606,0.08440111420612813,0.0
607,0.08454038997214484,0.0
608,0.08467966573816156,0.0
609,0.08481894150417828,0.0
610,0.08495821727019498,0.0
611,0.0850974930362117,0.0
612,0.08523676880222841,0.0
613,0.08537604456824513,0.0
614,0.08551532033426183,0.0
615,0.08565459610027855,0.0
616,0.08579387186629527,0.0
617,0.08593314763231198,0.0
618,0.08607242339832868,0.0
619,0.0862116991643454,0.0
620,0.08635097493036212,0.0
621,0.08649025069637883,0.0
622,0.08662952646239554,0.0
623,0.08676880222841225,0.0
624,0.08690807799442897,0.0
625,0.08704735376044569,0.0
626,0.08718662952646239,0.0
627,0.0873259052924791,0.0
628,0.08746518105849582,0.0
629,0.08760445682451254,0.0
630,0.08774373259052924,0.0
631,0.08788300835654596,0.0
632,0.08802228412256267,0.0
633,0.08816155988857939,0.0
634,0.0883008356545961,0.0
635,0.08844011142061281,0.0
636,0.08857938718662953,0.0
637,0.08871866295264624,0.0
638,0.08885793871866295,0.0
639,0.08899721448467966,0.0
640,0.08913649025069638,0.0
641,0.0892757660167131,0.0
642,0.0894150417827298,0.0
643,0.08955431754874651,0.0
644,0.08969359331476323,0.0
645,0.08983286908077995,0.0
646,0.08997214484679665,0.0
647,0.09011142061281337,0.0
648,0.09025069637883008,0.0
649,0.0903899721448468,0.0
650,0.0905292479108635,0.0
651,0.09066852367688022,0.0
652,0.09080779944289694,0.0
653,0.09094707520891365,0.0
654,0.09108635097493037,0.0
655,0.09122562674094707,0.0
656,0.09136490250696379,0.0
657,0.0915041782729805,0.0
658,0.09164345403899722,0.0
659,0.09178272980501392,0.0
660,0.09192200557103064,0.0
661,0.09206128133704736,0.0
662,0.09220055710306407,0.0
663,0.09233983286908078,0.0
664,0.09247910863509749,0.0
665,0.09261838440111421,0.0
666,0.09275766016713093,0.0
667,0.09289693593314763,0.0
668,0.09303621169916435,0.0
669,0.09317548746518106,0.0
670,0.09331476323119778,0.0
671,0.09345403899721448,0.0
672,0.0935933147632312,0.0
673,0.09373259052924791,0.0
674,0.09387186629526463,0.0
675,0.09401114206128133,0.0
676,0.09415041782729805,0.0
677,0.09428969359331477,0.0
678,0.09442896935933148,0.0
679,0.09456824512534819,0.0
680,0.0947075208913649,0.0
681,0.09484679665738162,0.0
682,0.09498607242339834,0.0
683,0.09512534818941504,0.0
684,0.09526462395543175,0.0
685,0.09540389972144847,0.0
686,0.09554317548746519,0.0
687,0.09568245125348189,0.0
688,0.0958217270194986,0.0
689,0.09596100278551532,0.0
690,0.09610027855153204,0.0
691,0.09623955431754874,0.0
692,0.09637883008356546,0.0
693,0.09651810584958218,0.0
694,0.09665738161559889,0.0
695,0.0967966573816156,0.0
696,0.09693593314763231,0.0
697,0.09707520891364903,0.0
698,0.09721448467966574,0.0
699,0.09735376044568245,0.0
700,0.09749303621169916,0.0
701,0.09763231197771588,0.0
702,0.0977715877437326,0.0
703,0.0979108635097493,0.0
704,0.09805013927576602,0.0
705,0.09818941504178273,0.0
706,0.09832869080779945,0.00141643059490085
707,0.09846796657381615,0.0014144271570014145
708,0.09860724233983287,0.0014124293785310734
709,0.09874651810584958,0.0014104372355430183
710,0.0988857938718663,0.0014084507042253522
711,0.099025069637883,0.0028129395218002813
712,0.09916434540389972,0.0028089887640449437
713,0.09930362116991644,0.002805049088359046
714,0.09944289693593315,0.0028011204481792717
715,0.09958217270194986,0.002797202797202797
716,0.09972144846796657,0.002793296089385475
717,0.09986072423398329,0.002789400278940028
718,0.1,0.002785515320334262
719,0.10013927576601671,0.0027816411682892906
720,0.10027855153203342,0.002777777777777778
721,0.10041782729805014,0.0027739251040221915
722,0.10055710306406686,0.002770083102493075
723,0.10069637883008356,0.0027662517289073307
724,0.10083565459610028,0.0027624309392265192
725,0.100974930362117,0.002758620689655172
726,0.10111420612813371,0.0027548209366391185
727,0.10125348189415041,0.002751031636863824
728,0.10139275766016713,0.0027472527472527475
729,0.10153203342618385,0.0027434842249657062
730,0.10167130919220056,0.00410958904109589
731,0.10181058495821727,0.004103967168262654
732,0.10194986072423398,0.004098360655737705
733,0.1020891364902507,0.004092769440654843
734,0.10222841225626741,0.004087193460490463
735,0.10236768802228412,0.005442176870748299
736,0.10250696378830083,0.005434782608695652
737,0.10264623955431755,0.005427408412483039
738,0.10278551532033427,0.005420054200542005
739,0.10292479108635097,0.005412719891745603
740,0.10306406685236769,0.005405405405405406
741,0.1032033426183844,0.005398110661268556
742,0.10334261838440112,0.005390835579514825
743,0.10348189415041782,0.005383580080753701
744,0.10362116991643454,0.005376344086021506
745,0.10376044568245125,0.005369127516778523
746,0.10389972144846797,0.005361930294906166
747,0.10403899721448467,0.00535475234270415
748,0.10417827298050139,0.0053475935828877
749,0.10431754874651811,0.0053404539385847796
750,0.10445682451253482,0.005333333333333333
751,0.10459610027855153,0.005326231691078562
752,0.10473537604456824,0.005319148936170213
753,0.10487465181058496,0.005312084993359893
754,0.10501392757660168,0.005305039787798408
755,0.10515320334261838,0.005298013245033113
756,0.1052924791086351,0.005291005291005291
757,0.10543175487465181,0.005284015852047556
758,0.10557103064066853,0.005277044854881266
759,0.10571030640668523,0.005270092226613966
760,0.10584958217270195,0.005263157894736842
761,0.10598885793871866,0.005256241787122208
762,0.10612813370473538,0.005249343832020997
763,0.10626740947075208,0.005242463958060288
764,0.1064066852367688,0.005235602094240838
765,0.10654596100278552,0.00522875816993464
766,0.10668523676880223,0.005221932114882507
767,0.10682451253481894,0.005215123859191656
768,0.10696378830083565,0.005208333333333333
769,0.10710306406685237,0.005201560468140442
770,0.10724233983286909,0.005194805194805195
771,0.10738161559888579,0.005188067444876783
772,0.1075208913649025,0.0051813471502590676
773,0.10766016713091922,0.00517464424320828
774,0.10779944289693594,0.00516795865633075
775,0.10793871866295264,0.005161290322580645
776,0.10807799442896936,0.005154639175257732
777,0.10821727019498607,0.005148005148005148
778,0.10835654596100279,0.005141388174807198
779,0.10849582172701949,0.005134788189987163
780,0.10863509749303621,0.005128205128205128
781,0.10877437325905293,0.005121638924455826
782,0.10891364902506964,0.005115089514066497
783,0.10905292479108634,0.005108556832694764
784,0.10919220055710306,0.00510204081632653
785,0.10933147632311978,0.005095541401273885
786,0.1094707520891365,0.005089058524173028
787,0.1096100278551532,0.005082592121982211
788,0.10974930362116991,0.005076142131979695
789,0.10988857938718663,0.005069708491761723
790,0.11002785515320335,0.005063291139240506
791,0.11016713091922005,0.0050568900126422255
792,0.11030640668523677,0.005050505050505051
793,0.11044568245125348,0.005044136191677175
794,0.1105849582172702,0.005037783375314861
795,0.1107242339832869,0.005031446540880503
796,0.11086350974930362,0.005025125628140704
797,0.11100278551532033,0.005018820577164366
798,0.11114206128133705,0.005012531328320802
799,0.11128133704735375,0.0050062578222778474
800,0.11142061281337047,0.005
801,0.11155988857938719,0.004993757802746567
802,0.1116991643454039,0.004987531172069825
803,0.1118384401114206,0.0049813200498132005
804,0.11197771587743732,0.004975124378109453
805,0.11211699164345404,0.004968944099378882
806,0.11225626740947076,0.004962779156327543
807,0.11239554317548746,0.004956629491945477
808,0.11253481894150417,0.0049504950495049506
809,0.11267409470752089,0.004944375772558714
810,0.11281337047353761,0.0049382716049382715
811,0.11295264623955431,0.004932182490752158
812,0.11309192200557103,0.0049261083743842365
813,0.11323119777158774,0.004920049200492005
814,0.11337047353760446,0.004914004914004914
815,0.11350974930362116,0.0049079754601227
816,0.11364902506963788,0.004901960784313725
817,0.1137883008356546,0.004895960832313341
818,0.11392757660167131,0.004889975550122249
819,0.11406685236768803,0.004884004884004884
820,0.11420612813370473,0.004878048780487805
821,0.11434540389972145,0.0048721071863581
822,0.11448467966573816,0.004866180048661801
823,0.11462395543175488,0.004860267314702308
824,0.11476323119777158,0.0048543689320388345
825,0.1149025069637883,0.0048484848484848485
826,0.11504178272980502,0.004842615012106538
827,0.11518105849582173,0.0048367593712212815
828,0.11532033426183844,0.004830917874396135
829,0.11545961002785515,0.0048250904704463205
830,0.11559888579387187,0.004819277108433735
831,0.11573816155988859,0.0048134777376654635
832,0.11587743732590529,0.004807692307692308
833,0.116016713091922,0.006002400960384154
834,0.11615598885793872,0.005995203836930456
835,0.11629526462395544,0.005988023952095809
836,0.11643454038997214,0.005980861244019139
837,0.11657381615598886,0.005973715651135006
838,0.11671309192200557,0.0059665871121718375
839,0.11685236768802229,0.0059594755661501785
840,0.116991643454039,0.005952380952380952
841,0.11713091922005571,0.005945303210463734
842,0.11727019498607243,0.007125890736342043
843,0.11740947075208914,0.0071174377224199285
844,0.11754874651810585,0.0071090047393364926
845,0.11768802228412256,0.007100591715976331
846,0.11782729805013928,0.0070921985815602835
847,0.117966573816156,0.0070838252656434475
848,0.1181058495821727,0.007075471698113208
849,0.11824512534818941,0.007067137809187279
850,0.11838440111420613,0.007058823529411765
851,0.11852367688022285,0.008225616921269096
852,0.11866295264623955,0.008215962441314555
853,0.11880222841225627,0.008206330597889801
854,0.11894150417827298,0.00819672131147541
855,0.1190807799442897,0.008187134502923977
856,0.1192200557103064,0.008177570093457943
857,0.11935933147632312,0.008168028004667444
858,0.11949860724233984,0.008158508158508158
859,0.11963788300835655,0.008149010477299184
860,0.11977715877437325,0.00813953488372093
861,0.11991643454038997,0.008130081300813009
862,0.12005571030640669,0.008120649651972157
863,0.1201949860724234,0.009269988412514484
864,0.1203342618384401,0.010416666666666666
865,0.12047353760445682,0.010404624277456647
866,0.12061281337047354,0.010392609699769052
867,0.12075208913649026,0.010380622837370242
868,0.12089136490250696,0.010368663594470046
869,0.12103064066852368,0.010356731875719217
870,0.12116991643454039,0.010344827586206896
871,0.12130919220055711,0.011481056257175661
872,0.12144846796657381,0.011467889908256881
873,0.12158774373259053,0.012600229095074456
874,0.12172701949860724,0.013729977116704805
875,0.12186629526462396,0.013714285714285714
876,0.12200557103064066,0.014840182648401826
877,0.12214484679665738,0.014823261117445839
878,0.1222841225626741,0.014806378132118452
879,0.12242339832869081,0.015927189988623434
880,0.12256267409470752,0.017045454545454544
881,0.12270194986072423,0.018161180476730987
882,0.12284122562674095,0.01927437641723356
883,0.12298050139275767,0.020385050962627407
884,0.12311977715877437,0.021493212669683258
885,0.12325905292479108,0.021468926553672316
886,0.1233983286908078,0.022573363431151242
887,0.12353760445682452,0.02254791431792559
888,0.12367688022284122,0.02364864864864865
889,0.12381615598885794,0.023622047244094488
890,0.12395543175487465,0.024719101123595506
891,0.12409470752089137,0.025813692480359147
892,0.12423398328690807,0.0257847533632287
893,0.12437325905292479,0.025755879059350503
894,0.1245125348189415,0.026845637583892617
895,0.12465181058495822,0.026815642458100558
896,0.12479108635097493,0.026785714285714284
897,0.12493036211699164,0.026755852842809364
898,0.12506963788300834,0.026726057906458798
899,0.12520891364902506,0.027808676307007785
900,0.12534818941504178,0.027777777777777776
901,0.1254874651810585,0.02885682574916759
902,0.1256267409470752,0.028824833702882482
903,0.12576601671309193,0.028792912513842746
904,0.12590529247910864,0.029867256637168143
905,0.12604456824512536,0.02983425414364641
906,0.12618384401114205,0.029801324503311258
907,0.12632311977715877,0.030871003307607496
908,0.12646239554317548,0.030837004405286344
909,0.1266016713091922,0.0319031903190319
910,0.12674094707520892,0.03296703296703297
911,0.12688022284122563,0.03402854006586169
912,0.12701949860724235,0.03399122807017544
913,0.12715877437325906,0.03504928806133625
914,0.12729805013927575,0.036105032822757115
915,0.12743732590529247,0.03715846994535519
916,0.1275766016713092,0.03711790393013101
917,0.1277158774373259,0.03707742639040349
918,0.12785515320334262,0.037037037037037035
919,0.12799442896935934,0.03808487486398259
920,0.12813370473537605,0.03804347826086957
921,0.12827298050139277,0.03908794788273615
922,0.12841225626740946,0.04013015184381779
923,0.12855153203342617,0.04008667388949079
924,0.1286908077994429,0.04112554112554113
925,0.1288300835654596,0.04108108108108108
926,0.12896935933147632,0.042116630669546434
927,0.12910863509749304,0.043149946062567425
928,0.12924791086350976,0.04310344827586207
929,0.12938718662952647,0.04305705059203445
930,0.12952646239554316,0.043010752688172046
931,0.12966573816155988,0.04403866809881848
932,0.1298050139275766,0.043991416309012876
933,0.1299442896935933,0.04394426580921758
934,0.13008356545961003,0.043897216274089934
935,0.13022284122562675,0.044919786096256686
936,0.13036211699164346,0.04487179487179487
937,0.13050139275766018,0.044823906083244394
938,0.13064066852367687,0.04477611940298507
939,0.13077994428969358,0.04579339723109691
940,0.1309192200557103,0.04680851063829787
941,0.13105849582172702,0.04782146652497343
942,0.13119777158774373,0.04777070063694268
943,0.13133704735376045,0.04878048780487805
944,0.13147632311977717,0.04978813559322034
945,0.13161559888579388,0.04973544973544974
946,0.13175487465181057,0.049682875264270614
947,0.1318941504178273,0.04963041182682154
948,0.132033426183844,0.049578059071729956
949,0.13217270194986072,0.0505795574288725
950,0.13231197771587744,0.05157894736842105
951,0.13245125348189415,0.052576235541535225
952,0.13259052924791087,0.05357142857142857
953,0.1327298050139276,0.053515215110178385
954,0.13286908077994428,0.05345911949685535
955,0.133008356545961,0.05445026178010471
956,0.1331476323119777,0.05439330543933055
957,0.13328690807799443,0.054336468129571575
958,0.13342618384401114,0.055323590814196244
959,0.13356545961002786,0.05526590198123045
960,0.13370473537604458,0.05520833333333333
961,0.1338440111420613,0.05619146722164412
962,0.13398328690807798,0.057172557172557176
963,0.1341225626740947,0.058151609553478714
964,0.13426183844011141,0.05912863070539419
965,0.13440111420612813,0.05906735751295337
966,0.13454038997214485,0.059006211180124224
967,0.13467966573816156,0.05894519131334023
968,0.13481894150417828,0.05991735537190083
969,0.134958217270195,0.0608875128998968
970,0.13509749303621169,0.061855670103092786
971,0.1352367688022284,0.06282183316168898
972,0.13537604456824512,0.06275720164609054
973,0.13551532033426184,0.06372045220966084
974,0.13565459610027855,0.06365503080082136
975,0.13579387186629527,0.06358974358974359
976,0.13593314763231198,0.06454918032786885
977,0.1360724233983287,0.06448311156601842
978,0.1362116991643454,0.06441717791411043
979,0.1363509749303621,0.06537282941777324
980,0.13649025069637882,0.0663265306122449
981,0.13662952646239554,0.06625891946992865
982,0.13676880222841226,0.06619144602851323
983,0.13690807799442897,0.06612410986775177
984,0.1370473537604457,0.06605691056910569
985,0.1371866295264624,0.06700507614213198
986,0.13732590529247912,0.06693711967545639
987,0.1374651810584958,0.0668693009118541
988,0.13760445682451253,0.06680161943319839
989,0.13774373259052924,0.06774519716885744
990,0.13788300835654596,0.06767676767676768
991,0.13802228412256268,0.06760847628657922
992,0.1381615598885794,0.06854838709677419
993,0.1383008356545961,0.06847935548841894
994,0.13844011142061283,0.06941649899396378
995,0.13857938718662952,0.06934673366834171
996,0.13871866295264623,0.06927710843373494
997,0.13885793871866295,0.07021063189568706
998,0.13899721448467967,0.07114228456913828
999,0.13913649025069638,0.07107107107107107
1000,0.1392757660167131,0.072
1001,0.13941504178272981,0.07292707292707293
1002,0.13955431754874653,0.07285429141716566
1003,0.13969359331476322,0.07377866400797607
1004,0.13983286908077994,0.07470119521912351
1005,0.13997214484679665,0.07462686567164178
1006,0.14011142061281337,0.07554671968190854
1007,0.1402506963788301,0.07646474677259185
1008,0.1403899721448468,0.07738095238095238
1009,0.14052924791086352,0.07730426164519326
1010,0.14066852367688024,0.07722772277227723
1011,0.14080779944289692,0.0771513353115727
1012,0.14094707520891364,0.07806324110671936
1013,0.14108635097493036,0.07897334649555775
1014,0.14122562674094707,0.07889546351084813
1015,0.1413649025069638,0.07980295566502463
1016,0.1415041782729805,0.0797244094488189
1017,0.14164345403899722,0.07964601769911504
1018,0.14178272980501394,0.07956777996070727
1019,0.14192200557103063,0.07948969578017664
1020,0.14206128133704735,0.0803921568627451
1021,0.14220055710306406,0.08129285014691479
1022,0.14233983286908078,0.0821917808219178
1023,0.1424791086350975,0.08211143695014662
1024,0.1426183844011142,0.0830078125
1025,0.14275766016713093,0.08292682926829269
1026,0.14289693593314765,0.08284600389863547
1027,0.14303621169916433,0.08373904576436222
1028,0.14317548746518105,0.08463035019455253
1029,0.14331476323119777,0.08551992225461613
1030,0.14345403899721448,0.08640776699029126
1031,0.1435933147632312,0.0863239573229874
1032,0.14373259052924792,0.08624031007751938
1033,0.14387186629526463,0.08615682478218781
1034,0.14401114206128135,0.08704061895551257
1035,0.14415041782729804,0.08695652173913043
1036,0.14428969359331476,0.08783783783783784
1037,0.14442896935933147,0.08871745419479267
1038,0.1445682451253482,0.08863198458574181
1039,0.1447075208913649,0.08950914340712224
1040,0.14484679665738162,0.08942307692307692
1041,0.14498607242339834,0.09029779058597502
1042,0.14512534818941505,0.09021113243761997
1043,0.14526462395543174,0.09012464046021093
1044,0.14540389972144846,0.09099616858237548
1045,0.14554317548746518,0.09186602870813397
1046,0.1456824512534819,0.09273422562141491
1047,0.1458217270194986,0.0936007640878701
1048,0.14596100278551533,0.09446564885496184
1049,0.14610027855153204,0.09437559580552908
1050,0.14623955431754876,0.09523809523809523
1051,0.14637883008356545,0.09514747859181731
1052,0.14651810584958216,0.09600760456273764
1053,0.14665738161559888,0.09686609686609686
1054,0.1467966573816156,0.0967741935483871
1055,0.1469359331476323,0.0966824644549763
1056,0.14707520891364903,0.09659090909090909
1057,0.14721448467966575,0.09649952696310313
1058,0.14735376044568246,0.09640831758034027
1059,0.14749303621169915,0.09726156751652502
1060,0.14763231197771587,0.09811320754716982
1061,0.14777158774373259,0.09802073515551367
1062,0.1479108635097493,0.09792843691148775
1063,0.14805013927576602,0.09877704609595485
1064,0.14818941504178273,0.09868421052631579
1065,0.14832869080779945,0.09953051643192488
1066,0.14846796657381617,0.09943714821763602
1067,0.14860724233983286,0.09934395501405811
1068,0.14874651810584957,0.09925093632958802
1069,0.1488857938718663,0.10009354536950421
1070,0.149025069637883,0.1
1071,0.14916434540389972,0.10084033613445378
1072,0.14930362116991644,0.10167910447761194
1073,0.14944289693593316,0.1015843429636533
1074,0.14958217270194987,0.10148975791433892
1075,0.14972144846796656,0.1013953488372093
1076,0.14986072423398328,0.10130111524163568
1077,0.15,0.10120705663881151
1078,0.1501392757660167,0.10111317254174397
1079,0.15027855153203343,0.1010194624652456
1080,0.15041782729805014,0.10185185185185185
1081,0.15055710306406686,0.1026827012025902
1082,0.15069637883008358,0.10351201478743069
1083,0.15083565459610027,0.10341643582640812
1084,0.15097493036211698,0.10424354243542436
1085,0.1511142061281337,0.10506912442396313
1086,0.15125348189415042,0.10497237569060773
1087,0.15139275766016713,0.10487580496780129
1088,0.15153203342618385,0.1056985294117647
1089,0.15167130919220057,0.10651974288337925
1090,0.15181058495821728,0.10733944954128441
1091,0.15194986072423397,0.10724106324472961
1092,0.1520891364902507,0.10714285714285714
1093,0.1522284122562674,0.10795974382433669
1094,0.15236768802228412,0.10786106032906764
1095,0.15250696378830084,0.108675799086758
1096,0.15264623955431755,0.10857664233576643
1097,0.15278551532033427,0.10847766636280766
1098,0.152924791086351,0.1092896174863388
1099,0.15306406685236768,0.11010009099181074
1100,0.1532033426183844,0.11
1101,0.1533426183844011,0.10990009082652134
1102,0.15348189415041782,0.10980036297640654
1103,0.15362116991643454,0.10970081595648232
1104,0.15376044568245126,0.1105072463768116
1105,0.15389972144846797,0.11131221719457013
1106,0.1540389972144847,0.1112115732368897
1107,0.15417827298050138,0.1120144534778681
1108,0.1543175487465181,0.11281588447653429
1109,0.1544568245125348,0.11361587015329125
1110,0.15459610027855153,0.11441441441441441
1111,0.15473537604456825,0.11431143114311432
1112,0.15487465181058496,0.11420863309352518
1113,0.15501392757660168,0.11500449236298294
1114,0.1551532033426184,0.11490125673249552
1115,0.15529247910863508,0.1147982062780269
1116,0.1554317548746518,0.11469534050179211
1117,0.15557103064066852,0.11548791405550582
1118,0.15571030640668523,0.11627906976744186
1119,0.15584958217270195,0.11706881143878463
1120,0.15598885793871867,0.11785714285714285
1121,0.15612813370473538,0.11864406779661017
1122,0.1562674094707521,0.11942959001782531
1123,0.1564066852367688,0.11932324131789848
1124,0.1565459610027855,0.11921708185053381
1125,0.15668523676880222,0.11911111111111111
1126,0.15682451253481894,0.11900532859680284
1127,0.15696378830083565,0.1188997338065661
1128,0.15710306406685237,0.11879432624113476
1129,0.1572423398328691,0.1195748449955713
1130,0.1573816155988858,0.12035398230088495
1131,0.1575208913649025,0.12024756852343059
1132,0.1576601671309192,0.12014134275618374
1133,0.15779944289693593,0.1209179170344219
1134,0.15793871866295264,0.12169312169312169
1135,0.15807799442896936,0.12246696035242291
1136,0.15821727019498608,0.12323943661971831
1137,0.1583565459610028,0.12313104661389622
1138,0.1584958217270195,0.12302284710017575
1139,0.1586350974930362,0.1237928007023705
1140,0.15877437325905291,0.12368421052631579
1141,0.15891364902506963,0.12445223488168274
1142,0.15905292479108635,0.12521891418563924
1143,0.15919220055710306,0.12510936132983377
1144,0.15933147632311978,0.1258741258741259
1145,0.1594707520891365,0.125764192139738
1146,0.1596100278551532,0.1256544502617801
1147,0.15974930362116993,0.12554489973844812
1148,0.15988857938718662,0.1254355400696864
1149,0.16002785515320334,0.12619669277632725
1150,0.16016713091922005,0.12608695652173912
1151,0.16030640668523677,0.1259774109470026
1152,0.16044568245125349,0.12586805555555555
1153,0.1605849582172702,0.12575888985255854
1154,0.16072423398328692,0.12564991334488734
1155,0.16086350974930363,0.1264069264069264
1156,0.16100278551532032,0.12629757785467127
1157,0.16114206128133704,0.12618841832324978
1158,0.16128133704735376,0.12607944732297063
1159,0.16142061281337047,0.12597066436583262
1160,0.1615598885793872,0.1267241379310345
1161,0.1616991643454039,0.12747631352282515
1162,0.16183844011142062,0.12822719449225473
1163,0.16197771587743734,0.12811693895098883
1164,0.16211699164345403,0.12800687285223367
1165,0.16225626740947074,0.1278969957081545
1166,0.16239554317548746,0.12778730703259006
1167,0.16253481894150418,0.12853470437017994
1168,0.1626740947075209,0.1284246575342466
1169,0.1628133704735376,0.12917023096663816
1170,0.16295264623955433,0.12991452991452992
1171,0.16309192200557104,0.12980358667805295
1172,0.16323119777158773,0.1296928327645051
1173,0.16337047353760445,0.12958226768968456
1174,0.16350974930362117,0.12947189097103917
1175,0.16364902506963788,0.1302127659574468
1176,0.1637883008356546,0.13010204081632654
1177,0.16392757660167132,0.1308411214953271
1178,0.16406685236768803,0.1307300509337861
1179,0.16420612813370475,0.13061916878710772
1180,0.16434540389972144,0.13050847457627118
1181,0.16448467966573815,0.13124470787468248
1182,0.16462395543175487,0.1311336717428088
1183,0.1647632311977716,0.13186813186813187
1184,0.1649025069637883,0.13175675675675674
1185,0.16504178272980502,0.13164556962025317
1186,0.16518105849582174,0.1315345699831366
1187,0.16532033426183845,0.13142375737152484
1188,0.16545961002785514,0.13131313131313133
1189,0.16559888579387186,0.1312026913372582
1190,0.16573816155988857,0.13109243697478992
1191,0.1658774373259053,0.13182199832073888
1192,0.166016713091922,0.13171140939597314
1193,0.16615598885793872,0.13243922883487008
1194,0.16629526462395544,0.1323283082077052
1195,0.16643454038997216,0.13305439330543933
1196,0.16657381615598885,0.13294314381270902
1197,0.16671309192200556,0.13283208020050125
1198,0.16685236768802228,0.1327212020033389
1199,0.166991643454039,0.13261050875729774
1200,0.1671309192200557,0.1325
1201,0.16727019498607243,0.13238967527060783
1202,0.16740947075208915,0.13227953410981697
1203,0.16754874651810586,0.13216957605985039
1204,0.16768802228412255,0.13205980066445183
1205,0.16782729805013927,0.13278008298755187
1206,0.16796657381615598,0.13266998341625208
1207,0.1681058495821727,0.13256006628003314
1208,0.16824512534818942,0.13245033112582782
1209,0.16838440111420613,0.13316790736145576
1210,0.16852367688022285,0.13305785123966943
1211,0.16866295264623957,0.1329479768786127
1212,0.16880222841225626,0.13283828382838284
1213,0.16894150417827297,0.1327287716405606
1214,0.1690807799442897,0.1326194398682043
1215,0.1692200557103064,0.13333333333333333
1216,0.16935933147632312,0.13322368421052633
1217,0.16949860724233984,0.13311421528348397
1218,0.16963788300835655,0.1330049261083744
1219,0.16977715877437327,0.13289581624282198
1220,0.16991643454038996,0.13278688524590163
1221,0.17005571030640668,0.13267813267813267
1222,0.1701949860724234,0.132569558101473
1223,0.1703342618384401,0.13246116107931316
1224,0.17047353760445683,0.1323529411764706
1225,0.17061281337047354,0.13224489795918368
1226,0.17075208913649026,0.13213703099510604
1227,0.17089136490250698,0.13202933985330073
1228,0.17103064066852366,0.13192182410423453
1229,0.17116991643454038,0.13181448331977216
1230,0.1713091922005571,0.13252032520325202
1231,0.17144846796657381,0.132412672623883
1232,0.17158774373259053,0.1331168831168831
1233,0.17172701949860725,0.1330089213300892
1234,0.17186629526462396,0.13290113452188007
1235,0.17200557103064068,0.13279352226720648
1236,0.17214484679665737,0.13268608414239483
1237,0.17228412256267409,0.13257881972514146
1238,0.1724233983286908,0.13247172859450726
1239,0.17256267409470752,0.13236481033091202
1240,0.17270194986072424,0.13306451612903225
1241,0.17284122562674095,0.13295729250604352
1242,0.17298050139275767,0.13285024154589373
1243,0.17311977715877438,0.13274336283185842
1244,0.17325905292479107,0.13263665594855306
1245,0.1733983286908078,0.13253012048192772
1246,0.1735376044568245,0.13242375601926162
1247,0.17367688022284122,0.132317562149158
1248,0.17381615598885794,0.13221153846153846
1249,0.17395543175487466,0.1321056845476381
1250,0.17409470752089137,0.132
1251,0.1742339832869081,0.13269384492406075
1252,0.17437325905292478,0.13258785942492013
1253,0.1745125348189415,0.13248204309656825
1254,0.1746518105849582,0.13237639553429026
1255,0.17479108635097493,0.13227091633466134
1256,0.17493036211699164,0.1321656050955414
1257,0.17506963788300836,0.13206046141607
1258,0.17520891364902508,0.13195548489666137
1259,0.1753481894150418,0.1318506751389992
1260,0.17548746518105848,0.13174603174603175
1261,0.1756267409470752,0.1316415543219667
1262,0.17576601671309192,0.13153724247226625
1263,0.17590529247910863,0.13143309580364212
1264,0.17604456824512535,0.13132911392405064
1265,0.17618384401114207,0.13122529644268774
1266,0.17632311977715878,0.13112164296998421
1267,0.1764623955431755,0.13101815311760062
1268,0.1766016713091922,0.1309148264984227
1269,0.1767409470752089,0.13081166272655634
1270,0.17688022284122562,0.131496062992126
1271,0.17701949860724234,0.13139260424862312
1272,0.17715877437325905,0.1320754716981132
1273,0.17729805013927577,0.13197172034564023
1274,0.1774373259052925,0.13186813186813187
1275,0.1775766016713092,0.13254901960784313
1276,0.1777158774373259,0.13244514106583072
1277,0.1778551532033426,0.13234142521534847
1278,0.17799442896935933,0.1322378716744914
1279,0.17813370473537604,0.13213448006254885
1280,0.17827298050139276,0.13203125
1281,0.17841225626740947,0.13192818110850899
1282,0.1785515320334262,0.13182527301092042
1283,0.1786908077994429,0.13172252533125486
1284,0.1788300835654596,0.13161993769470404
1285,0.1789693593314763,0.13151750972762646
1286,0.17910863509749303,0.13141524105754276
1287,0.17924791086350975,0.13131313131313133
1288,0.17938718662952646,0.13121118012422361
1289,0.17952646239554318,0.13188518231186966
1290,0.1796657381615599,0.13178294573643412
1291,0.1798050139275766,0.13245546088303642
1292,0.1799442896935933,0.1323529411764706
1293,0.18008356545961002,0.13225058004640372
1294,0.18022284122562673,0.13292117465224113
1295,0.18036211699164345,0.13281853281853281
1296,0.18050139275766017,0.13271604938271606
1297,0.18064066852367688,0.13261372397841173
1298,0.1807799442896936,0.1325115562403698
1299,0.18091922005571032,0.13240954580446498
1300,0.181058495821727,0.13230769230769232
1301,0.18119777158774372,0.13220599538816294
1302,0.18133704735376044,0.13210445468509985
1303,0.18147632311977716,0.13200306983883345
1304,0.18161559888579387,0.13190184049079753
1305,0.1817548746518106,0.1318007662835249
1306,0.1818941504178273,0.13169984686064318
1307,0.18203342618384402,0.1315990818668707
1308,0.18217270194986074,0.13149847094801223
1309,0.18231197771587743,0.13139801375095492
1310,0.18245125348189414,0.13206106870229006
1311,0.18259052924791086,0.13196033562166284
1312,0.18272980501392758,0.13185975609756098
1313,0.1828690807799443,0.13252094440213252
1314,0.183008356545961,0.13318112633181126
1315,0.18314763231197773,0.1338403041825095
1316,0.18328690807799444,0.1344984802431611
1317,0.18342618384401113,0.13439635535307518
1318,0.18356545961002785,0.13429438543247343
1319,0.18370473537604456,0.13419257012888552
1320,0.18384401114206128,0.1340909090909091
1321,0.183983286908078,0.1339894019682059
1322,0.18412256267409471,0.13388804841149773
1323,0.18426183844011143,0.13378684807256236
1324,0.18440111420612815,0.13444108761329304
1325,0.18454038997214484,0.13433962264150942
1326,0.18467966573816155,0.13499245852187028
1327,0.18481894150417827,0.13489073097211757
1328,0.18495821727019499,0.13478915662650603
1329,0.1850974930362117,0.1346877351392024
1330,0.18523676880222842,0.13458646616541353
1331,0.18537604456824514,0.13448534936138243
1332,0.18551532033426185,0.13438438438438438
1333,0.18565459610027854,0.1342835708927232
1334,0.18579387186629526,0.13418290854572715
1335,0.18593314763231197,0.13408239700374533
1336,0.1860724233983287,0.1339820359281437
1337,0.1862116991643454,0.1338818249813014
1338,0.18635097493036212,0.13378176382660686
1339,0.18649025069637884,0.1344286781179985
1340,0.18662952646239556,0.13432835820895522
1341,0.18676880222841225,0.1342281879194631
1342,0.18690807799442896,0.13412816691505217
1343,0.18704735376044568,0.1340282948622487
1344,0.1871866295264624,0.13392857142857142
1345,0.1873259052924791,0.13382899628252787
1346,0.18746518105849583,0.1337295690936107
1347,0.18760445682451254,0.13437268002969563
1348,0.18774373259052926,0.13427299703264095
1349,0.18788300835654595,0.134173461823573
1350,0.18802228412256267,0.13407407407407407
1351,0.18816155988857938,0.13397483345669875
1352,0.1883008356545961,0.1338757396449704
1353,0.18844011142061282,0.1337767923133777
1354,0.18857938718662953,0.13367799113737075
1355,0.18871866295264625,0.13431734317343175
1356,0.18885793871866297,0.13421828908554573
1357,0.18899721448467965,0.13411938098747236
1358,0.18913649025069637,0.13402061855670103
1359,0.1892757660167131,0.13392200147167035
1360,0.1894150417827298,0.1338235294117647
1361,0.18955431754874652,0.13445995591476856
1362,0.18969359331476324,0.13509544787077826
1363,0.18983286908077995,0.13499633162142333
1364,0.18997214484679667,0.1348973607038123
1365,0.19011142061281336,0.1347985347985348
1366,0.19025069637883008,0.13469985358711567
1367,0.1903899721448468,0.1346013167520117
1368,0.1905292479108635,0.13450292397660818
1369,0.19066852367688022,0.1344046749452155
1370,0.19080779944289694,0.1343065693430657
1371,0.19094707520891366,0.13420860685630925
1372,0.19108635097493037,0.13411078717201166
1373,0.19122562674094706,0.1347414420975965
1374,0.19136490250696378,0.13537117903930132
1375,0.1915041782729805,0.13527272727272727
1376,0.1916434540389972,0.13517441860465115
1377,0.19178272980501393,0.13507625272331156
1378,0.19192200557103065,0.13497822931785197
1379,0.19206128133704736,0.1348803480783176
1380,0.19220055710306408,0.13478260869565217
1381,0.19233983286908077,0.13468501086169443
1382,0.19247910863509748,0.1345875542691751
1383,0.1926183844011142,0.13521330441070137
1384,0.19275766016713092,0.1351156069364162
1385,0.19289693593314763,0.13501805054151625
1386,0.19303621169916435,0.1349206349206349
1387,0.19317548746518107,0.13482335976928622
1388,0.19331476323119778,0.13544668587896252
1389,0.19345403899721447,0.1353491720662347
1390,0.1935933147632312,0.13525179856115108
1391,0.1937325905292479,0.13515456506110712
1392,0.19387186629526462,0.13505747126436782
1393,0.19401114206128134,0.1349605168700646
1394,0.19415041782729806,0.13486370157819225
1395,0.19428969359331477,0.13476702508960572
1396,0.1944289693593315,0.1346704871060172
1397,0.19456824512534818,0.13457408732999285
1398,0.1947075208913649,0.13447782546494993
1399,0.1948467966573816,0.1343817012151537
1400,0.19498607242339833,0.13428571428571429
1401,0.19512534818941504,0.13418986438258387
1402,0.19526462395543176,0.1340941512125535
1403,0.19540389972144848,0.13399857448325017
1404,0.1955431754874652,0.1339031339031339
1405,0.19568245125348188,0.13380782918149467
1406,0.1958217270194986,0.1337126600284495
1407,0.19596100278551531,0.13361762615493958
1408,0.19610027855153203,0.13352272727272727
1409,0.19623955431754875,0.1334279630943932
1410,0.19637883008356546,0.13333333333333333
1411,0.19651810584958218,0.1332388377037562
1412,0.1966573816155989,0.13314447592067988
1413,0.1967966573816156,0.1337579617834395
1414,0.1969359331476323,0.13366336633663367
1415,0.19707520891364902,0.13427561837455831
1416,0.19721448467966574,0.1348870056497175
1417,0.19735376044568245,0.13479181369089627
1418,0.19749303621169917,0.13469675599435826
1419,0.19763231197771589,0.1346018322762509
1420,0.1977715877437326,0.13450704225352111
1421,0.1979108635097493,0.13441238564391272
1422,0.198050139275766,0.13431786216596342
1423,0.19818941504178272,0.1342234715390021
1424,0.19832869080779944,0.13412921348314608
1425,0.19846796657381616,0.13403508771929826
1426,0.19860724233983287,0.13394109396914447
1427,0.1987465181058496,0.13384723195515066
1428,0.1988857938718663,0.13445378151260504
1429,0.199025069637883,0.13435969209237228
1430,0.1991643454038997,0.13426573426573427
1431,0.19930362116991643,0.13487071977638015
1432,0.19944289693593314,0.13477653631284917
1433,0.19958217270194986,0.13538032100488487
1434,0.19972144846796658,0.13528591352859135
1435,0.1998607242339833,0.13519163763066203
1436,0.2,0.13509749303621169
1437,0.2001392757660167,0.1350034794711204
1438,0.20027855153203342,0.1349095966620306
1439,0.20041782729805013,0.1348158443363447
1440,0.20055710306406685,0.13472222222222222
1441,0.20069637883008357,0.13462873004857737
1442,0.20083565459610028,0.13453536754507628
1443,0.200974930362117,0.13444213444213443
1444,0.20111420612813372,0.13434903047091412
1445,0.2012534818941504,0.13494809688581316
1446,0.20139275766016712,0.13485477178423236
1447,0.20153203342618384,0.13476157567380787
1448,0.20167130919220055,0.13466850828729282
1449,0.20181058495821727,0.13457556935817805
1450,0.201949860724234,0.13448275862068965
1451,0.2020891364902507,0.13439007580978635
1452,0.20222841225626742,0.13429752066115702
1453,0.2023676880222841,0.13420509291121818
1454,0.20250696378830083,0.13411279229711143
1455,0.20264623955431754,0.13402061855670103
1456,0.20278551532033426,0.13392857142857142
1457,0.20292479108635098,0.1338366506520247
1458,0.2030640668523677,0.1337448559670782
1459,0.2032033426183844,0.13365318711446195
1460,0.20334261838440112,0.13356164383561644
1461,0.2034818941504178,0.13347022587268995
1462,0.20362116991643453,0.13337893296853626
1463,0.20376044568245125,0.13328776486671223
1464,0.20389972144846796,0.13319672131147542
1465,0.20403899721448468,0.13310580204778158
1466,0.2041782729805014,0.1330150068212824
1467,0.2043175487465181,0.1329243353783231
1468,0.20445682451253483,0.13283378746594005
1469,0.20459610027855155,0.13342409802586794
1470,0.20473537604456823,0.13401360544217686
1471,0.20487465181058495,0.13392250169952413
1472,0.20501392757660167,0.13383152173913043
1473,0.20515320334261838,0.13374066530889342
1474,0.2052924791086351,0.13364993215739485
1475,0.20543175487465182,0.1335593220338983
1476,0.20557103064066853,0.1334688346883469
1477,0.20571030640668525,0.13405551794177387
1478,0.20584958217270194,0.13396481732070364
1479,0.20598885793871866,0.13387423935091278
1480,0.20612813370473537,0.13378378378378378
1481,0.2062674094707521,0.1336934503713707
1482,0.2064066852367688,0.13360323886639677
1483,0.20654596100278552,0.1335131490222522
1484,0.20668523676880224,0.1334231805929919
1485,0.20682451253481896,0.13333333333333333
1486,0.20696378830083564,0.13324360699865412
1487,0.20710306406685236,0.13315400134498992
1488,0.20724233983286908,0.13306451612903225
1489,0.2073816155988858,0.13297515110812627
1490,0.2075208913649025,0.13288590604026845
1491,0.20766016713091923,0.13279678068410464
1492,0.20779944289693594,0.13270777479892762
1493,0.20793871866295266,0.13261888814467515
1494,0.20807799442896935,0.13253012048192772
1495,0.20821727019498606,0.1331103678929766
1496,0.20835654596100278,0.13368983957219252
1497,0.2084958217270195,0.13360053440213762
1498,0.20863509749303621,0.13351134846461948
1499,0.20877437325905293,0.133422281521014
1500,0.20891364902506965,0.13333333333333333
1501,0.20905292479108636,0.13391072618254496
1502,0.20919220055710305,0.13382157123834887
1503,0.20933147632311977,0.13373253493013973
1504,0.20947075208913649,0.13364361702127658
1505,0.2096100278551532,0.1335548172757475
1506,0.20974930362116992,0.1341301460823373
1507,0.20988857938718664,0.13404114134041142
1508,0.21002785515320335,0.13395225464190982
1509,0.21016713091922007,0.13452617627567925
1510,0.21030640668523676,0.13443708609271524
1511,0.21044568245125347,0.1343481138318994
1512,0.2105849582172702,0.13425925925925927
1513,0.2107242339832869,0.13417052214144085
1514,0.21086350974930362,0.13408190224570674
1515,0.21100278551532034,0.13399339933993398
1516,0.21114206128133706,0.13390501319261214
1517,0.21128133704735377,0.13381674357284112
1518,0.21142061281337046,0.13372859025032938
1519,0.21155988857938718,0.1336405529953917
1520,0.2116991643454039,0.13355263157894737
1521,0.2118384401114206,0.1334648257725181
1522,0.21197771587743733,0.133377135348226
1523,0.21211699164345404,0.13328956007879186
1524,0.21225626740947076,0.1332020997375328
1525,0.21239554317548748,0.13311475409836065
1526,0.21253481894150417,0.13368283093053734
1527,0.21267409470752088,0.13359528487229863
1528,0.2128133704735376,0.13350785340314136
1529,0.21295264623955432,0.13342053629823414
1530,0.21309192200557103,0.13333333333333333
1531,0.21323119777158775,0.13324624428478118
1532,0.21337047353760447,0.13381201044386423
1533,0.21350974930362118,0.13372472276581865
1534,0.21364902506963787,0.13363754889178617
1535,0.2137883008356546,0.13355048859934854
1536,0.2139275766016713,0.13346354166666666
1537,0.21406685236768802,0.13337670787247885
1538,0.21420612813370474,0.13328998699609884
1539,0.21434540389972145,0.1332033788174139
1540,0.21448467966573817,0.1331168831168831
1541,0.2146239554317549,0.13303049967553537
1542,0.21476323119777158,0.13294422827496757
1543,0.2149025069637883,0.13285806869734285
1544,0.215041782729805,0.1327720207253886
1545,0.21518105849582173,0.13268608414239483
1546,0.21532033426183844,0.13260025873221215
1547,0.21545961002785516,0.13251454427925016
1548,0.21559888579387188,0.13242894056847546
1549,0.2157381615598886,0.1329890251775339
1550,0.21587743732590528,0.1329032258064516
1551,0.216016713091922,0.13346228239845262
1552,0.2161559888579387,0.1333762886597938
1553,0.21629526462395543,0.1339343206696716
1554,0.21643454038997215,0.13384813384813385
1555,0.21657381615598886,0.1337620578778135
1556,0.21671309192200558,0.13367609254498714
1557,0.2168523676880223,0.13359023763648042
1558,0.21699164345403898,0.13350449293966624
1559,0.2171309192200557,0.1340602950609365
1560,0.21727019498607242,0.13397435897435897
1561,0.21740947075208913,0.133888532991672
1562,0.21754874651810585,0.13380281690140844
1563,0.21768802228412257,0.13371721049264235
1564,0.21782729805013928,0.1336317135549872
1565,0.217966573816156,0.13354632587859425
1566,0.2181058495821727,0.13409961685823754
1567,0.2182451253481894,0.13401403956604976
1568,0.21838440111420612,0.13456632653061223
1569,0.21852367688022284,0.13448056086679414
1570,0.21866295264623956,0.13439490445859872
1571,0.21880222841225627,0.1343093570973902
1572,0.218941504178273,0.1342239185750636
1573,0.2190807799442897,0.13413858868404324
1574,0.2192200557103064,0.13468869123252858
1575,0.2193593314763231,0.1346031746031746
1576,0.21949860724233983,0.13451776649746192
1577,0.21963788300835654,0.13443246670894102
1578,0.21977715877437326,0.13434727503168567
1579,0.21991643454038998,0.13426219126029132
1580,0.2200557103064067,0.1341772151898734
1581,0.2201949860724234,0.13409234661606578
1582,0.2203342618384401,0.13400758533501897
1583,0.22047353760445682,0.13392293114339862
1584,0.22061281337047353,0.13383838383838384
1585,0.22075208913649025,0.13375394321766562
1586,0.22089136490250696,0.13366960907944514
1587,0.22103064066852368,0.13358538122243227
1588,0.2211699164345404,0.13350125944584382
1589,0.22130919220055711,0.13341724354940215
1590,0.2214484679665738,0.13333333333333333
1591,0.22158774373259052,0.1332495285983658
1592,0.22172701949860724,0.13316582914572864
1593,0.22186629526462395,0.1337099811676083
1594,0.22200557103064067,0.13362609786700125
1595,0.22214484679665739,0.1335423197492163
1596,0.2222841225626741,0.13345864661654136
1597,0.22242339832869082,0.1340012523481528
1598,0.2225626740947075,0.13391739674593242
1599,0.22270194986072422,0.133833646028768
1600,0.22284122562674094,0.13375
1601,0.22298050139275766,0.13366645846346034
1602,0.22311977715877437,0.13358302122347065
1603,0.2232590529247911,0.13349968808484092
1604,0.2233983286908078,0.13341645885286782
1605,0.22353760445682452,0.13333333333333333
1606,0.2236768802228412,0.13325031133250312
1607,0.22381615598885793,0.13378967019290602
1608,0.22395543175487465,0.13370646766169153
1609,0.22409470752089136,0.13362336855189558
1610,0.22423398328690808,0.13354037267080746
1611,0.2243732590529248,0.1334574798261949
1612,0.2245125348189415,0.13337468982630274
1613,0.22465181058495823,0.1332920024798512
1614,0.22479108635097492,0.1332094175960347
1615,0.22493036211699163,0.13312693498452013
1616,0.22506963788300835,0.13304455445544555
1617,0.22520891364902507,0.13296227581941866
1618,0.22534818941504178,0.13288009888751545
1619,0.2254874651810585,0.13279802347127856
1620,0.22562674094707522,0.13271604938271606
1621,0.22576601671309193,0.1326341764342998
1622,0.22590529247910862,0.13255240443896424
1623,0.22604456824512534,0.13247073321010475
1624,0.22618384401114205,0.13238916256157635
1625,0.22632311977715877,0.13230769230769232
1626,0.2264623955431755,0.13222632226322265
1627,0.2266016713091922,0.13214505224339274
1628,0.22674094707520892,0.13206388206388206
1629,0.22688022284122564,0.1319828115408226
1630,0.22701949860724233,0.1325153374233129
1631,0.22715877437325904,0.13243408951563457
1632,0.22729805013927576,0.1323529411764706
1633,0.22743732590529248,0.13227189222290264
1634,0.2275766016713092,0.13219094247246022
1635,0.2277158774373259,0.13211009174311927
1636,0.22785515320334263,0.13202933985330073
1637,0.22799442896935934,0.13194868662186926
1638,0.22813370473537606,0.13186813186813187
1639,0.22827298050139275,0.13178767541183647
1640,0.22841225626740946,0.1323170731707317
1641,0.22855153203342618,0.13223644119439365
1642,0.2286908077994429,0.13215590742996347
1643,0.2288300835654596,0.1320754716981132
1644,0.22896935933147633,0.13199513381995134
1645,0.22910863509749305,0.1325227963525836
1646,0.22924791086350976,0.1324422843256379
1647,0.22938718662952645,0.1323618700667881
1648,0.22952646239554317,0.13228155339805825
1649,0.22966573816155988,0.1322013341419042
1650,0.2298050139275766,0.1321212121212121
1651,0.22994428969359332,0.13204118715929739
1652,0.23008356545961003,0.13196125907990314
1653,0.23022284122562675,0.132486388384755
1654,0.23036211699164347,0.13301088270858524
1655,0.23050139275766016,0.13293051359516617
1656,0.23064066852367687,0.13285024154589373
1657,0.2307799442896936,0.1327700663850332
1658,0.2309192200557103,0.13268998793727382
1659,0.23105849582172702,0.13261000602772754
1660,0.23119777158774374,0.13253012048192772
1661,0.23133704735376046,0.13245033112582782
1662,0.23147632311977717,0.13237063778580024
1663,0.23161559888579386,0.132291040288635
1664,0.23175487465181058,0.13221153846153846
1665,0.2318941504178273,0.13213213213213212
1666,0.232033426183844,0.13205282112845138
1667,0.23217270194986073,0.13197360527894422
1668,0.23231197771587744,0.13189448441247004
1669,0.23245125348189416,0.1318154583582984
1670,0.23259052924791088,0.1317365269461078
1671,0.23272980501392757,0.13165769000598443
1672,0.23286908077994428,0.13157894736842105
1673,0.233008356545961,0.1315002988643156
1674,0.23314763231197771,0.13142174432497014
1675,0.23328690807799443,0.13134328358208955
1676,0.23342618384401115,0.13126491646778043
1677,0.23356545961002786,0.13118664281454978
1678,0.23370473537604458,0.13110846245530394
1679,0.23384401114206127,0.13103037522334723
1680,0.233983286908078,0.13095238095238096
1681,0.2341225626740947,0.13087447947650208
1682,0.23426183844011142,0.13079667063020214
1683,0.23440111420612814,0.13071895424836602
1684,0.23454038997214485,0.13064133016627077
1685,0.23467966573816157,0.13056379821958458
1686,0.23481894150417829,0.13048635824436536
1687,0.23495821727019497,0.13040901007705988
1688,0.2350974930362117,0.13033175355450238
1689,0.2352367688022284,0.13025458851391356
1690,0.23537604456824512,0.1301775147928994
1691,0.23551532033426184,0.13010053222945003
1692,0.23565459610027856,0.13002364066193853
1693,0.23579387186629527,0.1299468399291199
1694,0.235933147632312,0.12987012987012986
1695,0.23607242339832868,0.12979351032448377
1696,0.2362116991643454,0.12971698113207547
1697,0.2363509749303621,0.1296405421331762
1698,0.23649025069637883,0.12956419316843346
1699,0.23662952646239555,0.12948793407886994
1700,0.23676880222841226,0.12941176470588237
1701,0.23690807799442898,0.12933568489124045
1702,0.2370473537604457,0.12925969447708577
1703,0.23718662952646238,0.12918379330593072
1704,0.2373259052924791,0.12910798122065728
1705,0.23746518105849582,0.12961876832844574
1706,0.23760445682451253,0.12954279015240328
1707,0.23774373259052925,0.12946690099589925
1708,0.23788300835654597,0.12939110070257612
1709,0.23802228412256268,0.1299005266237566
1710,0.2381615598885794,0.12982456140350876
1711,0.2383008356545961,0.12974868497954412
1712,0.2384401114206128,0.12967289719626168
1713,0.23857938718662952,0.1295971978984238
1714,0.23871866295264624,0.1295215869311552
1715,0.23885793871866295,0.1294460641399417
1716,0.23899721448467967,0.12937062937062938
1717,0.2391364902506964,0.1292952824694234
1718,0.2392757660167131,0.12922002328288706
1719,0.2394150417827298,0.12914485165794065
1720,0.2395543175487465,0.12906976744186047
1721,0.23969359331476323,0.12899477048227775
1722,0.23983286908077994,0.1289198606271777
1723,0.23997214484679666,0.12884503772489844
1724,0.24011142061281338,0.12877030162412992
1725,0.2402506963788301,0.12869565217391304
1726,0.2403899721448468,0.12862108922363846
1727,0.2405292479108635,0.12854661262304573
1728,0.2406685236768802,0.1284722222222222
1729,0.24080779944289693,0.12839791787160207
1730,0.24094707520891365,0.1283236994219653
1731,0.24108635097493036,0.12824956672443674
1732,0.24122562674094708,0.12817551963048499
1733,0.2413649025069638,0.12810155799192152
1734,0.2415041782729805,0.12802768166089964
1735,0.2416434540389972,0.12795389048991354
1736,0.24178272980501392,0.12788018433179724
1737,0.24192200557103063,0.12780656303972365
1738,0.24206128133704735,0.1277330264672037
1739,0.24220055710306407,0.1276595744680851
1740,0.24233983286908078,0.12758620689655173
1741,0.2424791086350975,0.12751292360712235
1742,0.24261838440111422,0.12801377726750862
1743,0.2427576601671309,0.12794033275960986
1744,0.24289693593314762,0.12786697247706422
1745,0.24303621169916434,0.12779369627507164
1746,0.24317548746518106,0.1277205040091638
1747,0.24331476323119777,0.1276473955352032
1748,0.2434540389972145,0.12757437070938216
1749,0.2435933147632312,0.12750142938822184
1750,0.24373259052924792,0.12742857142857142
1751,0.2438718662952646,0.12735579668760708
1752,0.24401114206128133,0.12728310502283105
1753,0.24415041782729804,0.12721049629207073
1754,0.24428969359331476,0.12713797035347776
1755,0.24442896935933148,0.12706552706552707
1756,0.2445682451253482,0.12699316628701596
1757,0.2447075208913649,0.12692088787706318
1758,0.24484679665738163,0.12684869169510807
1759,0.24498607242339832,0.1267765776009096
1760,0.24512534818941503,0.12670454545454546
1761,0.24526462395543175,0.12663259511641112
1762,0.24540389972144847,0.12656072644721908
1763,0.24554317548746518,0.12648893930799773
1764,0.2456824512534819,0.1264172335600907
1765,0.24582172701949861,0.1263456090651558
1766,0.24596100278551533,0.12627406568516422
1767,0.24610027855153202,0.12676853423882287
1768,0.24623955431754874,0.12669683257918551
1769,0.24637883008356545,0.12662521198417184
1770,0.24651810584958217,0.12655367231638417
1771,0.2466573816155989,0.12648221343873517
1772,0.2467966573816156,0.12697516930022573
1773,0.24693593314763232,0.12690355329949238
1774,0.24707520891364904,0.12683201803833147
1775,0.24721448467966572,0.1267605633802817
1776,0.24735376044568244,0.1266891891891892
1777,0.24749303621169916,0.12661789532920653
1778,0.24763231197771587,0.12710911136107986
1779,0.2477715877437326,0.12703766160764474
1780,0.2479108635097493,0.12696629213483146
1781,0.24805013927576602,0.12689500280741156
1782,0.24818941504178274,0.12682379349046016
1783,0.24832869080779943,0.126752664049355
1784,0.24846796657381615,0.1266816143497758
1785,0.24860724233983286,0.12661064425770308
1786,0.24874651810584958,0.1265397536394177
1787,0.2488857938718663,0.12646894236149972
1788,0.249025069637883,0.12639821029082773
1789,0.24916434540389973,0.12688652878703185
1790,0.24930362116991645,0.12681564245810056
1791,0.24944289693593313,0.12674483528754885
1792,0.24958217270194985,0.12667410714285715
1793,0.24972144846796657,0.12660345789180144
1794,0.24986072423398328,0.1265328874024526
1795,0.25,0.12646239554317548
1796,0.2501392757660167,0.12694877505567928
1797,0.25027855153203343,0.12687813021702837
1798,0.2504178272980501,0.12680756395995552
1799,0.25055710306406687,0.12673707615341856
1800,0.25069637883008355,0.12666666666666668
1801,0.2508356545961003,0.1271515824541921
1802,0.250974930362117,0.12708102108768035
1803,0.25111420612813373,0.12701053799223516
1804,0.2512534818941504,0.12694013303769403
1805,0.2513927576601671,0.12686980609418283
1806,0.25153203342618385,0.12679955703211518
1807,0.25167130919220054,0.12672938572219147
1808,0.2518105849582173,0.12665929203539822
1809,0.251949860724234,0.1265892758430072
1810,0.2520891364902507,0.12651933701657458
1811,0.2522284122562674,0.12644947542794036
1812,0.2523676880222841,0.12637969094922738
1813,0.25250696378830084,0.12630998345284059
1814,0.25264623955431753,0.12624035281146637
1815,0.2527855153203343,0.12617079889807162
1816,0.25292479108635096,0.1261013215859031
1817,0.2530640668523677,0.12603192074848651
1818,0.2532033426183844,0.12596259625962597
1819,0.25334261838440114,0.12589334799340296
1820,0.25348189415041783,0.12582417582417582
1821,0.2536211699164345,0.1257550796265788
1822,0.25376044568245126,0.1256860592755214
1823,0.25389972144846795,0.1256171146461876
1824,0.2540389972144847,0.12554824561403508
1825,0.2541782729805014,0.12547945205479452
1826,0.25431754874651813,0.1254107338444688
1827,0.2544568245125348,0.12534209085933223
1828,0.2545961002785515,0.12527352297592997
1829,0.25473537604456825,0.12520503007107708
1830,0.25487465181058494,0.1251366120218579
1831,0.2550139275766017,0.12506826870562535
1832,0.2551532033426184,0.125
1833,0.2552924791086351,0.1254773595199127
1834,0.2554317548746518,0.12540894220283533
1835,0.25557103064066855,0.12534059945504086
1836,0.25571030640668524,0.12527233115468409
1837,0.25584958217270193,0.12520413718018508
1838,0.2559888579387187,0.1251360174102285
1839,0.25612813370473536,0.1250679717237629
1840,0.2562674094707521,0.125
1841,0.2564066852367688,0.1249321021184139
1842,0.25654596100278554,0.1248642779587405
1843,0.2566852367688022,0.12479652740097667
1844,0.2568245125348189,0.12472885032537961
1845,0.25696378830083566,0.12466124661246612
1846,0.25710306406685235,0.12459371614301191
1847,0.2572423398328691,0.12452625879805089
1848,0.2573816155988858,0.12445887445887446
1849,0.2575208913649025,0.12439156300703083
1850,0.2576601671309192,0.12432432432432433
1851,0.25779944289693596,0.1242571582928147
1852,0.25793871866295265,0.12419006479481641
1853,0.25807799442896934,0.124123043712898
1854,0.2582172701949861,0.12405609492988134
1855,0.25835654596100277,0.12398921832884097
1856,0.2584958217270195,0.12446120689655173
1857,0.2586350974930362,0.12439418416801293
1858,0.25877437325905295,0.12432723358449946
1859,0.25891364902506964,0.1242603550295858
1860,0.2590529247910863,0.12419354838709677
1861,0.25919220055710307,0.12412681354110693
1862,0.25933147632311976,0.12406015037593984
1863,0.2594707520891365,0.12399355877616747
1864,0.2596100278551532,0.12392703862660945
1865,0.25974930362116994,0.12386058981233244
1866,0.2598885793871866,0.12379421221864952
1867,0.26002785515320337,0.12372790573111944
1868,0.26016713091922006,0.12366167023554604
1869,0.26030640668523675,0.12359550561797752
1870,0.2604456824512535,0.12352941176470589
1871,0.2605849582172702,0.12346338856226617
1872,0.2607242339832869,0.1233974358974359
1873,0.2608635097493036,0.12333155365723439
1874,0.26100278551532036,0.12326574172892209
1875,0.26114206128133705,0.1232
1876,0.26128133704735373,0.12313432835820895
1877,0.2614206128133705,0.12306872669152903
1878,0.26155988857938717,0.12300319488817892
1879,0.2616991643454039,0.12293773283661522
1880,0.2618384401114206,0.12287234042553191
1881,0.26197771587743734,0.12280701754385964
1882,0.26211699164345403,0.12274176408076515
1883,0.2622562674094708,0.12267657992565056
1884,0.26239554317548747,0.12261146496815287
1885,0.26253481894150416,0.12307692307692308
1886,0.2626740947075209,0.12301166489925769
1887,0.2628133704735376,0.12347641759406465
1888,0.26295264623955433,0.1239406779661017
1889,0.263091922005571,0.12387506617257808
1890,0.26323119777158777,0.12380952380952381
1891,0.26337047353760445,0.12374405076679006
1892,0.26350974930362114,0.12367864693446089
1893,0.2636490250696379,0.12361331220285261
1894,0.2637883008356546,0.1235480464625132
1895,0.2639275766016713,0.12348284960422164
1896,0.264066852367688,0.12341772151898735
1897,0.26420612813370475,0.12335266209804956
1898,0.26434540389972144,0.1232876712328767
1899,0.2644846796657382,0.12322274881516587
1900,0.2646239554317549,0.1231578947368421
1901,0.26476323119777156,0.12309310889005787
1902,0.2649025069637883,0.12302839116719243
1903,0.265041782729805,0.12296374146085129
1904,0.26518105849582174,0.12289915966386554
1905,0.26532033426183843,0.12283464566929134
1906,0.2654596100278552,0.12277019937040923
1907,0.26559888579387186,0.12270582066072365
1908,0.26573816155988855,0.12264150943396226
1909,0.2658774373259053,0.12257726558407543
1910,0.266016713091922,0.12303664921465969
1911,0.26615598885793873,0.12297226582940869
1912,0.2662952646239554,0.12290794979079497
1913,0.26643454038997216,0.1228437009932044
1914,0.26657381615598885,0.12277951933124347
1915,0.2667130919220056,0.1227154046997389
1916,0.2668523676880223,0.12265135699373696
1917,0.266991643454039,0.12258737610850287
1918,0.2671309192200557,0.12252346193952034
1919,0.2672701949860724,0.12245961438249088
1920,0.26740947075208915,0.12239583333333333
1921,0.26754874651810584,0.12233211868818324
1922,0.2676880222841226,0.1222684703433923
1923,0.2678272980501393,0.12220488819552783
1924,0.26796657381615596,0.12266112266112267
1925,0.2681058495821727,0.1225974025974026
1926,0.2682451253481894,0.122533748701973
1927,0.26838440111420614,0.12247016087182148
1928,0.26852367688022283,0.12240663900414937
1929,0.2686629526462396,0.12234318299637117
1930,0.26880222841225626,0.12227979274611399
1931,0.268941504178273,0.12273433454168825
1932,0.2690807799442897,0.12267080745341614
1933,0.2692200557103064,0.12260734609415416
1934,0.2693593314763231,0.12254395036194415
1935,0.2694986072423398,0.12299741602067184
1936,0.26963788300835656,0.12293388429752067
1937,0.26977715877437325,0.12287041817243159
1938,0.26991643454039,0.12280701754385964
1939,0.2700557103064067,0.12274368231046931
1940,0.27019498607242337,0.12268041237113401
1941,0.2703342618384401,0.12313240597630087
1942,0.2704735376044568,0.12306900102986612
1943,0.27061281337047355,0.12300566134843026
1944,0.27075208913649024,0.12294238683127572
1945,0.270891364902507,0.12287917737789203
1946,0.27103064066852367,0.12281603288797534
1947,0.2711699164345404,0.12326656394453005
1948,0.2713091922005571,0.12320328542094455
1949,0.2714484679665738,0.12314007183170857
1950,0.27158774373259054,0.12307692307692308
1951,0.2717270194986072,0.1230138390568939
1952,0.27186629526462397,0.12295081967213115
1953,0.27200557103064066,0.1228878648233487
1954,0.2721448467966574,0.12282497441146366
1955,0.2722841225626741,0.12276214833759591
1956,0.2724233983286908,0.12269938650306748
1957,0.2725626740947075,0.12263668880940215
1958,0.2727019498607242,0.12257405515832483
1959,0.27284122562674096,0.1225114854517611
1960,0.27298050139275765,0.12244897959183673
1961,0.2731197771587744,0.1223865374808771
1962,0.2732590529247911,0.12232415902140673
1963,0.2733983286908078,0.12226184411614875
1964,0.2735376044568245,0.12219959266802444
1965,0.2736768802228412,0.12213740458015267
1966,0.27381615598885795,0.12207527975584945
1967,0.27395543175487463,0.12201321809862735
1968,0.2740947075208914,0.12195121951219512
1969,0.27423398328690807,0.12188928390045708
1970,0.2743732590529248,0.12233502538071066
1971,0.2745125348189415,0.12227295788939624
1972,0.27465181058495824,0.12221095334685599
1973,0.27479108635097493,0.12214901165737456
1974,0.2749303621169916,0.12208713272543059
1975,0.27506963788300837,0.1220253164556962
1976,0.27520891364902506,0.12196356275303644
1977,0.2753481894150418,0.12240768841679311
1978,0.2754874651810585,0.12234580384226491
1979,0.27562674094707523,0.12278928751894896
1980,0.2757660167130919,0.12272727272727273
1981,0.2759052924791086,0.1226653205451792
1982,0.27604456824512535,0.12260343087790111
1983,0.27618384401114204,0.12254160363086233
1984,0.2763231197771588,0.12247983870967742
1985,0.2764623955431755,0.12241813602015113
1986,0.2766016713091922,0.12235649546827794
1987,0.2767409470752089,0.12229491696024157
1988,0.27688022284122565,0.12223340040241448
1989,0.27701949860724234,0.12217194570135746
1990,0.27715877437325903,0.1221105527638191
1991,0.2772980501392758,0.12255148166750376
1992,0.27743732590529246,0.12248995983935743
1993,0.2775766016713092,0.12242849974912193
1994,0.2777158774373259,0.12236710130391174
1995,0.27785515320334264,0.12230576441102757
1996,0.27799442896935933,0.12224448897795591
1997,0.278133704735376,0.12218327491236855
1998,0.27827298050139276,0.12212212212212212
1999,0.27841225626740945,0.12206103051525763
2000,0.2785515320334262,0.122
2001,0.2786908077994429,0.12193903048475763
2002,0.27883008356545963,0.12187812187812187
2003,0.2789693593314763,0.1218172740888667
2004,0.27910863509749306,0.1217564870259481
2005,0.27924791086350975,0.12169576059850375
2006,0.27938718662952644,0.12163509471585245
2007,0.2795264623955432,0.12157448928749377
2008,0.2796657381615599,0.12151394422310757
2009,0.2798050139275766,0.1214534594325535
2010,0.2799442896935933,0.12139303482587065
2011,0.28008356545961005,0.12133267031327698
2012,0.28022284122562674,0.12127236580516898
2013,0.28036211699164343,0.12121212121212122
2014,0.2805013927576602,0.1211519364448858
2015,0.28064066852367686,0.12109181141439206
2016,0.2807799442896936,0.12103174603174603
2017,0.2809192200557103,0.12097174020823004
2018,0.28105849582172704,0.12091179385530228
2019,0.28119777158774373,0.12085190688459634
2020,0.28133704735376047,0.12079207920792079
2021,0.28147632311977716,0.12073231073725878
2022,0.28161559888579385,0.12067260138476756
2023,0.2817548746518106,0.12061295106277806
2024,0.2818941504178273,0.12055335968379446
2025,0.282033426183844,0.12049382716049382
2026,0.2821727019498607,0.12043435340572557
2027,0.28231197771587746,0.1203749383325111
2028,0.28245125348189415,0.1203155818540434
2029,0.28259052924791084,0.12025628388368655
2030,0.2827298050139276,0.12019704433497537
2031,0.28286908077994427,0.12013786312161497
2032,0.283008356545961,0.12007874015748031
2033,0.2831476323119777,0.12001967535661584
2034,0.28328690807799445,0.119960668633235
2035,0.28342618384401114,0.1199017199017199
2036,0.2835654596100279,0.11984282907662082
2037,0.28370473537604457,0.11978399607265587
2038,0.28384401114206126,0.1197252208047105
2039,0.283983286908078,0.11966650318783717
2040,0.2841225626740947,0.12009803921568628
2041,0.28426183844011144,0.12052915237628613
2042,0.2844011142061281,0.12095984329089128
2043,0.28454038997214487,0.12090063631913853
2044,0.28467966573816156,0.12084148727984344
2045,0.28481894150417825,0.12078239608801956
2046,0.284958217270195,0.12072336265884653
2047,0.2850974930362117,0.12066438690766976
2048,0.2852367688022284,0.12060546875
2049,0.2853760445682451,0.12054660810151294
2050,0.28551532033426186,0.12048780487804878
2051,0.28565459610027855,0.12042905899561189
2052,0.2857938718662953,0.12037037037037036
2053,0.285933147632312,0.12031173891865563
2054,0.28607242339832867,0.12025316455696203
2055,0.2862116991643454,0.12019464720194648
2056,0.2863509749303621,0.12013618677042802
2057,0.28649025069637885,0.12007778317938746
2058,0.28662952646239553,0.12001943634596696
2059,0.2867688022284123,0.11996114618746964
2060,0.28690807799442897,0.11990291262135923
2061,0.28704735376044566,0.11984473556525958
2062,0.2871866295264624,0.11978661493695442
2063,0.2873259052924791,0.11972855065438681
2064,0.28746518105849583,0.11967054263565892
2065,0.2876044568245125,0.11961259079903147
2066,0.28774373259052927,0.11955469506292353
2067,0.28788300835654596,0.11949685534591195
2068,0.2880222841225627,0.11943907156673114
2069,0.2881615598885794,0.1193813436442726
2070,0.2883008356545961,0.11932367149758454
2071,0.2884401114206128,0.11926605504587157
2072,0.2885793871866295,0.1192084942084942
2073,0.28871866295264625,0.11915098890496864
2074,0.28885793871866294,0.11909353905496625
2075,0.2889972144846797,0.11903614457831325
2076,0.2891364902506964,0.11897880539499037
2077,0.28927576601671307,0.1189215214251324
2078,0.2894150417827298,0.1188642925890279
2079,0.2895543175487465,0.1188071188071188
2080,0.28969359331476324,0.11923076923076924
2081,0.28983286908077993,0.11917347429120614
2082,0.2899721448467967,0.11959654178674352
2083,0.29011142061281336,0.11953912626020163
2084,0.2902506963788301,0.11948176583493282
2085,0.2903899721448468,0.11990407673860912
2086,0.2905292479108635,0.11984659635666348
2087,0.29066852367688023,0.11978917105893627
2088,0.2908077994428969,0.11973180076628352
2089,0.29094707520891366,0.11967448539971279
2090,0.29108635097493035,0.11961722488038277
2091,0.2912256267409471,0.11956001912960305
2092,0.2913649025069638,0.11950286806883365
2093,0.2915041782729805,0.11944577161968466
2094,0.2916434540389972,0.11986628462273162
2095,0.2917827298050139,0.1198090692124105
2096,0.29192200557103065,0.11975190839694656
2097,0.29206128133704734,0.11969480209823558
2098,0.2922005571030641,0.11963775023832221
2099,0.2923398328690808,0.11958075273939972
2100,0.2924791086350975,0.11952380952380952
2101,0.2926183844011142,0.11946692051404094
2102,0.2927576601671309,0.11941008563273073
2103,0.29289693593314764,0.11935330480266286
2104,0.29303621169916433,0.11929657794676807
2105,0.2931754874651811,0.11923990498812352
2106,0.29331476323119776,0.11918328584995251
2107,0.2934540389972145,0.11912672045562411
2108,0.2935933147632312,0.11907020872865275
2109,0.2937325905292479,0.11901375059269796
2110,0.2938718662952646,0.11895734597156397
2111,0.2940111420612813,0.11890099478919944
2112,0.29415041782729806,0.11884469696969698
2113,0.29428969359331475,0.11878845243729295
2114,0.2944289693593315,0.11873226111636707
2115,0.2945682451253482,0.11867612293144209
2116,0.2947075208913649,0.11862003780718336
2117,0.2948467966573816,0.11856400566839868
2118,0.2949860724233983,0.11898016997167139
2119,0.29512534818941505,0.11892402076451156
2120,0.29526462395543174,0.11886792452830189
2121,0.2954038997214485,0.1188118811881188
2122,0.29554317548746517,0.11875589066918002
2123,0.2956824512534819,0.11869995289684408
2124,0.2958217270194986,0.11911487758945385
2125,0.29596100278551535,0.11905882352941176
2126,0.29610027855153204,0.11900282220131703
2127,0.2962395543175487,0.11894687353079454
2128,0.29637883008356547,0.11889097744360902
2129,0.29651810584958216,0.11883513386566463
2130,0.2966573816155989,0.1187793427230047
2131,0.2967966573816156,0.11919286719849835
2132,0.29693593314763234,0.11960600375234522
2133,0.297075208913649,0.11954992967651196
2134,0.2972144846796657,0.11949390815370196
2135,0.29735376044568246,0.11943793911007025
2136,0.29749303621169915,0.11938202247191011
2137,0.2976323119777159,0.11932615816565278
2138,0.2977715877437326,0.11927034611786716
2139,0.2979108635097493,0.11921458625525946
2140,0.298050139275766,0.1191588785046729
2141,0.29818941504178276,0.11910322279308734
2142,0.29832869080779945,0.11904761904761904
2143,0.29846796657381613,0.11945870275314979
2144,0.2986072423398329,0.11940298507462686
2145,0.29874651810584957,0.11934731934731935
2146,0.2988857938718663,0.11929170549860205
2147,0.299025069637883,0.1192361434559851
2148,0.29916434540389975,0.1191806331471136
2149,0.29930362116991643,0.11912517449976734
2150,0.2994428969359331,0.11906976744186047
2151,0.29958217270194987,0.11901441190144119
2152,0.29972144846796656,0.11895910780669144
2153,0.2998607242339833,0.11890385508592662
2154,0.3,0.11884865366759517
2155,0.30013927576601673,0.11879350348027842
2156,0.3002785515320334,0.11873840445269017
2157,0.30041782729805017,0.11914696337505795
2158,0.30055710306406686,0.1190917516218721
2159,0.30069637883008354,0.1190365910143585
2160,0.3008356545961003,0.11898148148148148
2161,0.300974930362117,0.11892642295233688
2162,0.3011142061281337,0.11887141535615171
2163,0.3012534818941504,0.11881645862228386
2164,0.30139275766016715,0.11876155268022182
2165,0.30153203342618384,0.1187066974595843
2166,0.30167130919220053,0.11865189289012004
2167,0.3018105849582173,0.11859713890170744
2168,0.30194986072423396,0.11854243542435425
2169,0.3020891364902507,0.11848778238819732
2170,0.3022284122562674,0.1184331797235023
2171,0.30236768802228414,0.11837862736066329
2172,0.30250696378830083,0.11832412523020258
2173,0.3026462395543176,0.11826967326277037
2174,0.30278551532033426,0.11821527138914444
2175,0.30292479108635095,0.11816091954022989
2176,0.3030640668523677,0.11810661764705882
2177,0.3032033426183844,0.11805236564079008
2178,0.30334261838440113,0.1179981634527089
2179,0.3034818941504178,0.1179440110142267
2180,0.30362116991643456,0.11788990825688074
2181,0.30376044568245125,0.1178358551123338
2182,0.30389972144846794,0.11778185151237397
2183,0.3040389972144847,0.11772789738891434
2184,0.3041782729805014,0.11767399267399267
2185,0.3043175487465181,0.11762013729977117
2186,0.3044568245125348,0.11756633119853614
2187,0.30459610027855155,0.11751257430269776
2188,0.30473537604456824,0.11745886654478976
2189,0.304874651810585,0.11740520785746916
2190,0.3050139275766017,0.11735159817351598
2191,0.30515320334261836,0.11775445002282063
2192,0.3052924791086351,0.1177007299270073
2193,0.3054317548746518,0.11764705882352941
2194,0.30557103064066854,0.11759343664539654
2195,0.30571030640668523,0.11753986332574032
2196,0.305849582172702,0.11748633879781421
2197,0.30598885793871866,0.11743286299499317
2198,0.30612813370473535,0.11737943585077343
2199,0.3062674094707521,0.11732605729877217
2200,0.3064066852367688,0.11727272727272728
2201,0.3065459610027855,0.11721944570649705
2202,0.3066852367688022,0.11716621253405994
2203,0.30682451253481896,0.1171130276895143
2204,0.30696378830083565,0.11705989110707804
2205,0.3071030640668524,0.11700680272108843
2206,0.3072423398328691,0.11695376246600181
2207,0.30738161559888577,0.1169007702763933
2208,0.3075208913649025,0.11684782608695653
2209,0.3076601671309192,0.11679492983250339
2210,0.30779944289693595,0.1167420814479638
2211,0.30793871866295264,0.11668928086838534
2212,0.3080779944289694,0.1166365280289331
2213,0.30821727019498607,0.11658382286488929
2214,0.30835654596100276,0.11653116531165311
2215,0.3084958217270195,0.11693002257336343
2216,0.3086350974930362,0.11687725631768953
2217,0.30877437325905294,0.11682453766350925
2218,0.3089136490250696,0.11677186654643823
2219,0.30905292479108637,0.1167192429022082
2220,0.30919220055710306,0.11666666666666667
2221,0.3093314763231198,0.11661413777577667
2222,0.3094707520891365,0.11656165616561656
2223,0.3096100278551532,0.11650922177237967
2224,0.3097493036211699,0.1164568345323741
2225,0.3098885793871866,0.11640449438202247
2226,0.31002785515320336,0.11635220125786164
2227,0.31016713091922005,0.11629995509654244
2228,0.3103064066852368,0.11624775583482945
2229,0.3104456824512535,0.11619560340960072
2230,0.31058495821727017,0.11614349775784753
2231,0.3107242339832869,0.11609143881667414
2232,0.3108635097493036,0.11603942652329749
2233,0.31100278551532035,0.11598746081504702
2234,0.31114206128133703,0.11593554162936437
2235,0.3112813370473538,0.11588366890380314
2236,0.31142061281337047,0.11583184257602862
2237,0.3115598885793872,0.11578006258381761
2238,0.3116991643454039,0.11572832886505809
2239,0.3118384401114206,0.115676641357749
2240,0.31197771587743733,0.115625
2241,0.312116991643454,0.11557340473003123
2242,0.31225626740947077,0.11552185548617305
2243,0.31239554317548746,0.1154703522068658
2244,0.3125348189415042,0.11541889483065954
2245,0.3126740947075209,0.11536748329621381
2246,0.3128133704735376,0.11531611754229741
2247,0.3129526462395543,0.11526479750778816
2248,0.313091922005571,0.1152135231316726
2249,0.31323119777158775,0.11560693641618497
2250,0.31337047353760444,0.11555555555555555
2251,0.3135097493036212,0.11550422034651266
2252,0.3136490250696379,0.11545293072824156
2253,0.3137883008356546,0.11540168664003551
2254,0.3139275766016713,0.11535048802129548
2255,0.314066852367688,0.11529933481152993
2256,0.31420612813370474,0.11524822695035461
2257,0.31434540389972143,0.11519716437749225
2258,0.3144846796657382,0.11514614703277236
2259,0.31462395543175486,0.11509517485613104
2260,0.3147632311977716,0.11504424778761062
2261,0.3149025069637883,0.11499336576735958
2262,0.315041782729805,0.11494252873563218
2263,0.31518105849582173,0.11489173663278833
2264,0.3153203342618384,0.11484098939929328
2265,0.31545961002785516,0.11479028697571744
2266,0.31559888579387185,0.1147396293027361
2267,0.3157381615598886,0.11468901632112924
2268,0.3158774373259053,0.1146384479717813
2269,0.31601671309192203,0.11458792419568092
2270,0.3161559888579387,0.1145374449339207
2271,0.3162952646239554,0.11448701012769705
2272,0.31643454038997215,0.11443661971830986
2273,0.31657381615598884,0.11438627364716233
2274,0.3167130919220056,0.11433597185576078
2275,0.3168523676880223,0.11428571428571428
2276,0.316991643454039,0.11423550087873462
2277,0.3171309192200557,0.11462450592885376
2278,0.3172701949860724,0.11457418788410886
2279,0.31740947075208914,0.11452391399736726
2280,0.31754874651810583,0.11447368421052631
2281,0.3176880222841226,0.11442349846558526
2282,0.31782729805013926,0.11437335670464505
2283,0.317966573816156,0.11432325886990802
2284,0.3181058495821727,0.11471103327495621
2285,0.31824512534818944,0.11466083150984682
2286,0.31838440111420613,0.11461067366579178
2287,0.3185236768802228,0.11456055968517709
2288,0.31866295264623956,0.1145104895104895
2289,0.31880222841225625,0.11446046308431629
2290,0.318941504178273,0.11441048034934498
2291,0.3190807799442897,0.11436054124836316
2292,0.3192200557103064,0.1143106457242583
2293,0.3193593314763231,0.11426079372001745
2294,0.31949860724233986,0.11421098517872712
2295,0.31963788300835655,0.11416122004357299
2296,0.31977715877437324,0.11411149825783973
2297,0.31991643454039,0.11406181976491075
2298,0.32005571030640667,0.11401218450826806
2299,0.3201949860724234,0.11396259243149195
2300,0.3203342618384401,0.11391304347826087
2301,0.32047353760445685,0.11386353759235116
2302,0.32061281337047354,0.11381407471763684
2303,0.3207520891364902,0.11376465479808945
2304,0.32089136490250697,0.11371527777777778
2305,0.32103064066852366,0.11366594360086768
2306,0.3211699164345404,0.11361665221162186
2307,0.3213091922005571,0.11356740355439965
2308,0.32144846796657384,0.11351819757365685
2309,0.3215877437325905,0.11346903421394543
2310,0.32172701949860727,0.11341991341991342
2311,0.32186629526462396,0.11337083513630462
2312,0.32200557103064065,0.11332179930795848
2313,0.3221448467966574,0.11327280587980977
2314,0.3222841225626741,0.1132238547968885
2315,0.3224233983286908,0.11317494600431965
2316,0.3225626740947075,0.11312607944732297
2317,0.32270194986072426,0.11307725507121277
2318,0.32284122562674095,0.11302847282139776
2319,0.32298050139275764,0.11297973264338076
2320,0.3231197771587744,0.11293103448275862
2321,0.32325905292479107,0.1128823782852219
2322,0.3233983286908078,0.11283376399655469
2323,0.3235376044568245,0.11278519156263453
2324,0.32367688022284125,0.11273666092943202
2325,0.32381615598885793,0.11268817204301075
2326,0.3239554317548747,0.11263972484952708
2327,0.32409470752089137,0.1125913192952299
2328,0.32423398328690806,0.11254295532646048
2329,0.3243732590529248,0.11249463288965221
2330,0.3245125348189415,0.1128755364806867
2331,0.32465181058495823,0.11282711282711283
2332,0.3247910863509749,0.112778730703259
2333,0.32493036211699167,0.11273039005572225
2334,0.32506963788300836,0.11268209083119109
2335,0.32520891364902504,0.1126338329764454
2336,0.3253481894150418,0.11258561643835617
2337,0.3254874651810585,0.11253744116388532
2338,0.3256267409470752,0.11248930710008555
2339,0.3257660167130919,0.11244121419410004
2340,0.32590529247910865,0.1123931623931624
2341,0.32604456824512534,0.11234515164459632
2342,0.3261838440111421,0.11229718189581554
2343,0.3263231197771588,0.11224925309432351
2344,0.32646239554317547,0.11220136518771331
2345,0.3266016713091922,0.11215351812366738
2346,0.3267409470752089,0.11210571184995738
2347,0.32688022284122564,0.11205794631444398
2348,0.32701949860724233,0.11201022146507666
2349,0.3271587743732591,0.11196253724989357
2350,0.32729805013927576,0.11191489361702128
2351,0.32743732590529245,0.1118672905146746
2352,0.3275766016713092,0.11181972789115646
2353,0.3277158774373259,0.11177220569485763
2354,0.32785515320334263,0.11172472387425658
2355,0.3279944289693593,0.11167728237791932
2356,0.32813370473537606,0.11162988115449915
2357,0.32827298050139275,0.11158252015273654
2358,0.3284122562674095,0.11153519932145886
2359,0.3285515320334262,0.11148791860958034
2360,0.3286908077994429,0.1114406779661017
2361,0.3288300835654596,0.11139347734011013
2362,0.3289693593314763,0.111346316680779
2363,0.32910863509749305,0.11129919593736776
2364,0.32924791086350974,0.11125211505922165
2365,0.3293871866295265,0.11120507399577167
2366,0.3295264623955432,0.11115807269653423
2367,0.32966573816155986,0.1111111111111111
2368,0.3298050139275766,0.11148648648648649
2369,0.3299442896935933,0.1114394259181089
2370,0.33008356545961004,0.11139240506329114
2371,0.33022284122562673,0.11134542387178406
2372,0.3303621169916435,0.11129848229342328
2373,0.33050139275766016,0.11125158027812895
2374,0.3306406685236769,0.11120471777590564
2375,0.3307799442896936,0.11115789473684211
2376,0.3309192200557103,0.1111111111111111
2377,0.33105849582172703,0.1110643668489693
2378,0.3311977715877437,0.11101766190075694
2379,0.33133704735376046,0.11097099621689786
2380,0.33147632311977715,0.11092436974789915
2381,0.3316155988857939,0.11129777404451911
2382,0.3317548746518106,0.1112510495382032
2383,0.33189415041782727,0.1112043642467478
2384,0.332033426183844,0.11115771812080537
2385,0.3321727019498607,0.1111111111111111
2386,0.33231197771587745,0.11106454316848281
2387,0.33245125348189414,0.1110180142438207
2388,0.3325905292479109,0.1109715242881072
2389,0.33272980501392757,0.11092507325240686
2390,0.3328690807799443,0.1108786610878661
2391,0.333008356545961,0.11083228774571309
2392,0.3331476323119777,0.11078595317725752
2393,0.33328690807799444,0.11073965733389052
2394,0.3334261838440111,0.11069340016708437
2395,0.33356545961002787,0.11064718162839249
2396,0.33370473537604456,0.11060100166944908
2397,0.3338440111420613,0.11055486024196913
2398,0.333983286908078,0.11050875729774812
2399,0.3341225626740947,0.11046269278866194
2400,0.3342618384401114,0.11041666666666666
2401,0.3344011142061281,0.11037067888379842
2402,0.33454038997214486,0.1103247293921732
2403,0.33467966573816155,0.11027881814398668
2404,0.3348189415041783,0.11023294509151414
2405,0.334958217270195,0.1101871101871102
2406,0.3350974930362117,0.11014131338320865
2407,0.3352367688022284,0.11009555463232239
2408,0.3353760445682451,0.11004983388704319
2409,0.33551532033426185,0.11000415110004151
2410,0.33565459610027853,0.10995850622406639
2411,0.3357938718662953,0.10991289921194525
2412,0.33593314763231197,0.10986733001658375
2413,0.3360724233983287,0.10982179859096561
2414,0.3362116991643454,0.10977630488815245
2415,0.3363509749303621,0.10973084886128365
2416,0.33649025069637883,0.11009933774834436
2417,0.3366295264623955,0.11005378568473315
2418,0.33676880222841227,0.11000827129859388
2419,0.33690807799442896,0.10996279454319967
2420,0.3370473537604457,0.10991735537190082
2421,0.3371866295264624,0.10987195373812474
2422,0.33732590529247913,0.10982658959537572
2423,0.3374651810584958,0.10978126289723483
2424,0.3376044568245125,0.10973597359735973
2425,0.33774373259052926,0.10969072164948454
2426,0.33788300835654594,0.10964550700741962
2427,0.3380222841225627,0.1096003296250515
2428,0.3381615598885794,0.10955518945634267
2429,0.3383008356545961,0.10951008645533142
2430,0.3384401114206128,0.1094650205761317
2431,0.3385793871866295,0.10941999177293295
2432,0.33871866295264624,0.109375
2433,0.33885793871866293,0.10933004521167283
2434,0.3389972144846797,0.10928512736236648
2435,0.33913649025069637,0.10924024640657085
2436,0.3392757660167131,0.10919540229885058
2437,0.3394150417827298,0.10915059499384488
2438,0.33955431754874654,0.10910582444626743
2439,0.33969359331476323,0.1090610906109061
2440,0.3398328690807799,0.10901639344262296
2441,0.33997214484679666,0.10897173289635395
2442,0.34011142061281335,0.10892710892710893
2443,0.3402506963788301,0.10888252148997135
2444,0.3403899721448468,0.1088379705400982
2445,0.34052924791086353,0.10879345603271984
2446,0.3406685236768802,0.10874897792313983
2447,0.3408077994428969,0.10870453616673478
2448,0.34094707520891365,0.10866013071895425
2449,0.34108635097493034,0.10861576153532054
2450,0.3412256267409471,0.10857142857142857
2451,0.3413649025069638,0.10852713178294573
2452,0.3415041782729805,0.10848287112561175
2453,0.3416434540389972,0.10843864655523848
2454,0.34178272980501395,0.10839445802770986
2455,0.34192200557103064,0.10835030549898167
2456,0.34206128133704733,0.10830618892508144
2457,0.3422005571030641,0.10826210826210826
2458,0.34233983286908076,0.10821806346623271
2459,0.3424791086350975,0.10817405449369663
2460,0.3426183844011142,0.108130081300813
2461,0.34275766016713094,0.10808614384396587
2462,0.34289693593314763,0.10804224207961008
2463,0.3430362116991644,0.10799837596427121
2464,0.34317548746518106,0.10795454545454546
2465,0.34331476323119775,0.10791075050709939
2466,0.3434540389972145,0.10786699107866991
2467,0.3435933147632312,0.10782326712606405
2468,0.34373259052924793,0.10777957860615883
2469,0.3438718662952646,0.10773592547590118
2470,0.34401114206128136,0.1076923076923077
2471,0.34415041782729805,0.10764872521246459
2472,0.34428969359331474,0.1076051779935275
2473,0.3444289693593315,0.10756166599272139
2474,0.34456824512534817,0.10751818916734034
2475,0.3447075208913649,0.10747474747474747
2476,0.3448467966573816,0.1074313408723748
2477,0.34498607242339835,0.10738796931772306
2478,0.34512534818941504,0.10734463276836158
2479,0.3452646239554318,0.1073013311819282
2480,0.34540389972144847,0.10725806451612903
2481,0.34554317548746516,0.10721483272873841
2482,0.3456824512534819,0.10717163577759871
2483,0.3458217270194986,0.10712847362062022
2484,0.34596100278551534,0.107085346215781
2485,0.346100278551532,0.10744466800804829
2486,0.34623955431754877,0.10740144810941271
2487,0.34637883008356546,0.10735826296743065
2488,0.34651810584958215,0.10731511254019292
2489,0.3466573816155989,0.10727199678585778
2490,0.3467966573816156,0.10722891566265061
2491,0.3469359331476323,0.10718586912886391
2492,0.347075208913649,0.10754414125200643
2493,0.34721448467966576,0.10750100280786201
2494,0.34735376044568245,0.107457898957498
2495,0.3474930362116992,0.10781563126252505
2496,0.3476323119777159,0.1077724358974359
2497,0.34777158774373257,0.10772927513015619
2498,0.3479108635097493,0.1076861489191353
2499,0.348050139275766,0.10764305722288915
2500,0.34818941504178275,0.1076
2501,0.34832869080779943,0.10755697720911635
2502,0.3484679665738162,0.10751398880895284
2503,0.34860724233983287,0.10747103475829005
2504,0.34874651810584956,0.10742811501597443
2505,0.3488857938718663,0.10738522954091817
2506,0.349025069637883,0.10734237829209896
2507,0.34916434540389973,0.10729956122856003
2508,0.3493036211699164,0.10725677830940988
2509,0.34944289693593317,0.10721402949382224
2510,0.34958217270194986,0.10717131474103586
2511,0.3497214484679666,0.10712863401035444
2512,0.3498607242339833,0.1070859872611465
2513,0.35,0.1070433744528452
2514,0.3501392757660167,0.10700079554494829
2515,0.3502785515320334,0.10695825049701789
2516,0.35041782729805016,0.10691573926868045
2517,0.35055710306406684,0.10687326181962654
2518,0.3506963788300836,0.1068308181096108
2519,0.3508356545961003,0.10678840809845176
2520,0.35097493036211697,0.10674603174603174
2521,0.3511142061281337,0.10670368901229671
2522,0.3512534818941504,0.10666137985725614
2523,0.35139275766016714,0.10661910424098296
2524,0.35153203342618383,0.10657686212361331
2525,0.3516713091922006,0.10653465346534653
2526,0.35181058495821727,0.10649247822644498
2527,0.351949860724234,0.10645033636723387
2528,0.3520891364902507,0.10640822784810126
2529,0.3522284122562674,0.10636615262949782
2530,0.35236768802228413,0.10632411067193676
2531,0.3525069637883008,0.10628210193599368
2532,0.35264623955431756,0.10624012638230648
2533,0.35278551532033425,0.10619818397157521
2534,0.352924791086351,0.10615627466456196
2535,0.3530640668523677,0.10611439842209074
2536,0.3532033426183844,0.10646687697160884
2537,0.3533426183844011,0.10642491131257391
2538,0.3534818941504178,0.10638297872340426
2539,0.35362116991643455,0.1063410791650256
2540,0.35376044568245124,0.1062992125984252
2541,0.353899721448468,0.10625737898465171
2542,0.3540389972144847,0.10660896931549961
2543,0.3541782729805014,0.10656704679512387
2544,0.3543175487465181,0.1065251572327044
2545,0.3544568245125348,0.10648330058939097
2546,0.35459610027855154,0.10644147682639435
2547,0.35473537604456823,0.10639968590498626
2548,0.354874651810585,0.10635792778649922
2549,0.35501392757660166,0.10631620243232641
2550,0.3551532033426184,0.10627450980392157
2551,0.3552924791086351,0.1062328498627989
2552,0.3554317548746518,0.10619122257053291
2553,0.35557103064066853,0.10614962788875833
2554,0.3557103064066852,0.10610806577916992
2555,0.35584958217270196,0.10606653620352251
2556,0.35598885793871865,0.10602503912363068
2557,0.3561281337047354,0.10598357450136879
2558,0.3562674094707521,0.10594214229867084
2559,0.3564066852367688,0.10590074247753029
2560,0.3565459610027855,0.105859375
2561,0.3566852367688022,0.10581803982819211
2562,0.35682451253481895,0.10616705698672912
2563,0.35696378830083564,0.10612563402262973
2564,0.3571030640668524,0.1060842433697348
2565,0.35724233983286907,0.10604288499025341
2566,0.3573816155988858,0.10600155884645363
2567,0.3575208913649025,0.10596026490066225
2568,0.3576601671309192,0.1059190031152648
2569,0.35779944289693594,0.10587777345270533
2570,0.3579387186629526,0.10583657587548638
2571,0.35807799442896937,0.10579541034616881
2572,0.35821727019498606,0.1057542768273717
2573,0.3583565459610028,0.10571317528177225
2574,0.3584958217270195,0.10567210567210568
2575,0.35863509749303624,0.10563106796116505
2576,0.3587743732590529,0.10559006211180125
2577,0.3589136490250696,0.10554908808692277
2578,0.35905292479108636,0.10550814584949574
2579,0.35919220055710305,0.10546723536254363
2580,0.3593314763231198,0.10542635658914729
2581,0.3594707520891365,0.1053855094924448
2582,0.3596100278551532,0.10534469403563129
2583,0.3597493036211699,0.10530391018195896
2584,0.3598885793871866,0.10526315789473684
2585,0.36002785515320335,0.10522243713733076
2586,0.36016713091922004,0.10518174787316319
2587,0.3603064066852368,0.10514109006571318
2588,0.36044568245125347,0.10510046367851623
2589,0.3605849582172702,0.10505986867516416
2590,0.3607242339832869,0.10501930501930502
2591,0.36086350974930365,0.10497877267464299
2592,0.36100278551532033,0.10493827160493827
2593,0.361142061281337,0.10489780177400694
2594,0.36128133704735377,0.10485736314572089
2595,0.36142061281337046,0.10520231213872833
2596,0.3615598885793872,0.1051617873651772
2597,0.3616991643454039,0.10512129380053908
2598,0.36183844011142063,0.10508083140877598
2599,0.3619777158774373,0.10504040015390535
2600,0.362116991643454,0.105
2601,0.36225626740947076,0.104959630911188
2602,0.36239554317548744,0.10491929285165258
2603,0.3625348189415042,0.10526315789473684
2604,0.3626740947075209,0.10522273425499232
2605,0.3628133704735376,0.10518234165067178
2606,0.3629526462395543,0.10514198004604758
2607,0.36309192200557106,0.10510164940544688
2608,0.36323119777158774,0.10544478527607362
2609,0.36337047353760443,0.10540436949022614
2610,0.3635097493036212,0.1053639846743295
2611,0.36364902506963787,0.10532363079279969
2612,0.3637883008356546,0.1052833078101072
2613,0.3639275766016713,0.10524301569077689
2614,0.36406685236768804,0.10520275439938791
2615,0.36420612813370473,0.10516252390057361
2616,0.3643454038997215,0.10512232415902141
2617,0.36448467966573816,0.10508215513947268
2618,0.36462395543175485,0.10504201680672269
2619,0.3647632311977716,0.10500190912562046
2620,0.3649025069637883,0.1049618320610687
2621,0.36504178272980503,0.10492178557802366
2622,0.3651810584958217,0.10488176964149504
2623,0.36532033426183846,0.10484178421654594
2624,0.36545961002785515,0.10480182926829268
2625,0.36559888579387184,0.10476190476190476
2626,0.3657381615598886,0.10472201066260473
2627,0.3658774373259053,0.10468214693566806
2628,0.366016713091922,0.10464231354642313
2629,0.3661559888579387,0.10460251046025104
2630,0.36629526462395545,0.10456273764258556
2631,0.36643454038997214,0.10452299505891297
2632,0.3665738161559889,0.10448328267477204
2633,0.3667130919220056,0.10444360045575389
2634,0.36685236768802226,0.10478359908883828
2635,0.366991643454039,0.10512333965844402
2636,0.3671309192200557,0.1050834597875569
2637,0.36727019498607244,0.10504361016306409
2638,0.36740947075208913,0.1050037907505686
2639,0.3675487465181059,0.10496400151572566
2640,0.36768802228412256,0.10492424242424242
2641,0.36782729805013925,0.10526315789473684
2642,0.367966573816156,0.10522331566994701
2643,0.3681058495821727,0.1051835035944003
2644,0.36824512534818943,0.10514372163388805
2645,0.3683844011142061,0.1051039697542533
2646,0.36852367688022286,0.10506424792139078
2647,0.36866295264623955,0.1050245561012467
2648,0.3688022284122563,0.10498489425981873
2649,0.368941504178273,0.10532276330690826
2650,0.36908077994428967,0.10528301886792453
2651,0.3692200557103064,0.1052433044134289
2652,0.3693593314763231,0.10520361990950226
2653,0.36949860724233985,0.10516396532227666
2654,0.36963788300835654,0.10512434061793519
2655,0.3697771587743733,0.10508474576271186
2656,0.36991643454038997,0.10504518072289157
2657,0.37005571030640666,0.10500564546480994
2658,0.3701949860724234,0.10496613995485328
2659,0.3703342618384401,0.10492666415945845
2660,0.37047353760445684,0.10526315789473684
2661,0.3706128133704735,0.10522360015031942
2662,0.37075208913649027,0.10518407212622088
2663,0.37089136490250696,0.10514457378895982
2664,0.3710306406685237,0.10548048048048048
2665,0.3711699164345404,0.10544090056285178
2666,0.3713091922005571,0.1054013503375844
2667,0.3714484679665738,0.10536182977127859
2668,0.3715877437325905,0.10532233883058471
2669,0.37172701949860726,0.10528287748220307
2670,0.37186629526462395,0.1052434456928839
2671,0.3720055710306407,0.10557843504305503
2672,0.3721448467966574,0.10553892215568862
2673,0.37228412256267407,0.10549943883277217
2674,0.3724233983286908,0.10545998504113688
2675,0.3725626740947075,0.10542056074766355
2676,0.37270194986072425,0.10538116591928251
2677,0.37284122562674094,0.10534180052297348
2678,0.3729805013927577,0.1053024645257655
2679,0.37311977715877437,0.10526315789473684
2680,0.3732590529247911,0.10522388059701493
2681,0.3733983286908078,0.1051846325997762
2682,0.3735376044568245,0.10514541387024609
2683,0.37367688022284123,0.10510622437569885
2684,0.3738161559888579,0.10506706408345752
2685,0.37395543175487467,0.10502793296089385
2686,0.37409470752089136,0.10498883097542815
2687,0.3742339832869081,0.10494975809452921
2688,0.3743732590529248,0.10491071428571429
2689,0.3745125348189415,0.1048716995165489
2690,0.3746518105849582,0.10483271375464684
2691,0.3747910863509749,0.10479375696767002
2692,0.37493036211699166,0.10475482912332838
2693,0.37506963788300834,0.10471593018937987
2694,0.3752089136490251,0.10467706013363029
2695,0.3753481894150418,0.10463821892393321
2696,0.3754874651810585,0.10459940652818991
2697,0.3756267409470752,0.10456062291434928
2698,0.3757660167130919,0.10452186805040771
2699,0.37590529247910864,0.10448314190440904
2700,0.37604456824512533,0.10444444444444445
2701,0.3761838440111421,0.10440577563865235
2702,0.37632311977715877,0.10436713545521836
2703,0.3764623955431755,0.10432852386237514
2704,0.3766016713091922,0.10428994082840237
2705,0.3767409470752089,0.10425138632162662
2706,0.37688022284122563,0.10421286031042129
2707,0.3770194986072423,0.1041743627632065
2708,0.37715877437325906,0.10413589364844904
2709,0.37729805013927575,0.10409745293466224
2710,0.3774373259052925,0.10405904059040591
2711,0.3775766016713092,0.10402065658428625
2712,0.37771587743732593,0.10398230088495575
2713,0.3778551532033426,0.10394397346111316
2714,0.3779944289693593,0.10390567428150331
2715,0.37813370473537605,0.10386740331491713
2716,0.37827298050139274,0.10382916053019146
2717,0.3784122562674095,0.10379094589620906
2718,0.3785515320334262,0.10375275938189846
2719,0.3786908077994429,0.10371460095623392
2720,0.3788300835654596,0.1036764705882353
2721,0.3789693593314763,0.10363836824696802
2722,0.37910863509749304,0.10360029390154299
2723,0.37924791086350973,0.10356224752111641
2724,0.3793871866295265,0.10352422907488987
2725,0.37952646239554316,0.10348623853211009
2726,0.3796657381615599,0.10344827586206896
2727,0.3798050139275766,0.1034103410341034
2728,0.37994428969359334,0.10337243401759531
2729,0.38008356545961003,0.10333455478197141
2730,0.3802228412256267,0.10329670329670329
2731,0.38036211699164346,0.10325887953130722
2732,0.38050139275766015,0.10322108345534407
2733,0.3806406685236769,0.10318331503841932
2734,0.3807799442896936,0.10314557425018288
2735,0.38091922005571033,0.10310786106032907
2736,0.381058495821727,0.10307017543859649
2737,0.3811977715877437,0.103032517354768
2738,0.38133704735376045,0.10299488677867057
2739,0.38147632311977714,0.10295728368017525
2740,0.3816155988857939,0.10291970802919707
2741,0.38175487465181057,0.10324699014958044
2742,0.3818941504178273,0.10320933625091175
2743,0.382033426183844,0.10317170980678089
2744,0.38217270194986075,0.10313411078717201
2745,0.38231197771587744,0.10309653916211294
2746,0.3824512534818941,0.10305899490167517
2747,0.38259052924791087,0.10302147797597379
2748,0.38272980501392756,0.1029839883551674
2749,0.3828690807799443,0.10294652600945799
2750,0.383008356545961,0.10290909090909091
2751,0.38314763231197774,0.10287168302435477
2752,0.3832869080779944,0.1028343023255814
2753,0.3834261838440111,0.10279694878314566
2754,0.38356545961002786,0.10275962236746551
2755,0.38370473537604455,0.10272232304900182
2756,0.3838440111420613,0.10304789550072568
2757,0.383983286908078,0.10301051867972434
2758,0.3841225626740947,0.10297316896301668
2759,0.3842618384401114,0.10293584632113084
2760,0.38440111420612816,0.10289855072463767
2761,0.38454038997214485,0.10286128214415068
2762,0.38467966573816154,0.10282404055032585
2763,0.3848189415041783,0.10278682591386175
2764,0.38495821727019497,0.10274963820549927
2765,0.3850974930362117,0.1027124773960217
2766,0.3852367688022284,0.10267534345625452
2767,0.38537604456824515,0.1029996385977593
2768,0.38551532033426184,0.10296242774566473
2769,0.3856545961002785,0.10292524377031419
2770,0.38579387186629527,0.10288808664259928
2771,0.38593314763231196,0.10285095633345363
2772,0.3860724233983287,0.10281385281385282
2773,0.3862116991643454,0.10277677605481428
2774,0.38635097493036213,0.10273972602739725
2775,0.3864902506963788,0.10270270270270271
2776,0.38662952646239557,0.1026657060518732
2777,0.38676880222841226,0.1026287360460929
2778,0.38690807799442894,0.10259179265658748
2779,0.3870473537604457,0.10255487585462396
2780,0.3871866295264624,0.10251798561151079
2781,0.3873259052924791,0.10248112189859762
2782,0.3874651810584958,0.10244428468727534
2783,0.38760445682451256,0.10240747394897592
2784,0.38774373259052924,0.10272988505747127
2785,0.387883008356546,0.10305206463195692
2786,0.3880222841225627,0.10301507537688442
2787,0.38816155988857937,0.10297811266594904
2788,0.3883008356545961,0.10294117647058823
2789,0.3884401114206128,0.10290426676228039
2790,0.38857938718662954,0.1028673835125448
2791,0.38871866295264623,0.1028305266929416
2792,0.388857938718663,0.10279369627507164
2793,0.38899721448467967,0.10275689223057644
2794,0.38913649025069635,0.10307802433786686
2795,0.3892757660167131,0.10304114490161002
2796,0.3894150417827298,0.10336194563662375
2797,0.38955431754874653,0.10332499106185199
2798,0.3896935933147632,0.1032880629020729
2799,0.38983286908077996,0.10325116112897463
2800,0.38997214484679665,0.10321428571428572
2801,0.3901114206128134,0.10317743662977508
2802,0.3902506963788301,0.10314061384725197
2803,0.3903899721448468,0.10310381733856583
2804,0.3905292479108635,0.10342368045649072
2805,0.3906685236768802,0.10338680926916222
2806,0.39080779944289695,0.10334996436208126
2807,0.39094707520891364,0.10331314570716067
2808,0.3910863509749304,0.10327635327635327
2809,0.3912256267409471,0.10323958704165183
2810,0.39136490250696376,0.10355871886120996
2811,0.3915041782729805,0.10352187833511206
2812,0.3916434540389972,0.1034850640113798
2813,0.39178272980501394,0.10344827586206896
2814,0.39192200557103063,0.10341151385927505
2815,0.3920612813370474,0.10337477797513321
2816,0.39220055710306406,0.10333806818181818
2817,0.3923398328690808,0.1033013844515442
2818,0.3924791086350975,0.10326472675656494
2819,0.3926183844011142,0.10322809506917346
2820,0.39275766016713093,0.10319148936170212
2821,0.3928969359331476,0.10315490960652252
2822,0.39303621169916436,0.10311835577604536
2823,0.39317548746518105,0.1030818278427205
2824,0.3933147632311978,0.10304532577903683
2825,0.3934540389972145,0.10300884955752213
2826,0.3935933147632312,0.1029723991507431
2827,0.3937325905292479,0.10293597453130528
2828,0.3938718662952646,0.1028995756718529
2829,0.39401114206128135,0.10286320254506894
2830,0.39415041782729804,0.10282685512367491
2831,0.3942896935933148,0.10279053338043094
2832,0.39442896935933147,0.1027542372881356
2833,0.3945682451253482,0.10271796681962583
2834,0.3947075208913649,0.102681721947777
2835,0.3948467966573816,0.10264550264550265
2836,0.39498607242339834,0.10260930888575458
2837,0.395125348189415,0.10257314064152273
2838,0.39526462395543177,0.10253699788583509
2839,0.39540389972144846,0.10250088059175766
2840,0.3955431754874652,0.10246478873239437
2841,0.3956824512534819,0.10242872228088701
2842,0.3958217270194986,0.1023926812104152
2843,0.3959610027855153,0.10235666549419627
2844,0.396100278551532,0.10232067510548523
2845,0.39623955431754876,0.10228471001757469
2846,0.39637883008356545,0.1022487702037948
2847,0.3965181058495822,0.10221285563751317
2848,0.3966573816155989,0.10217696629213484
2849,0.3967966573816156,0.10214110214110214
2850,0.3969359331476323,0.10210526315789474
2851,0.397075208913649,0.10242020343739039
2852,0.39721448467966575,0.10238429172510519
2853,0.39735376044568244,0.1023484051875219
2854,0.3974930362116992,0.102312543798178
2855,0.39763231197771587,0.10227670753064799
2856,0.3977715877437326,0.10224089635854341
2857,0.3979108635097493,0.10220511025551278
2858,0.398050139275766,0.10216934919524143
2859,0.39818941504178273,0.10213361315145156
2860,0.3983286908077994,0.1020979020979021
2861,0.39846796657381617,0.10206221600838868
2862,0.39860724233983286,0.10202655485674354
2863,0.3987465181058496,0.10199091861683549
2864,0.3988857938718663,0.10195530726256984
2865,0.39902506963788303,0.10191972076788831
2866,0.3991643454038997,0.10188415910676901
2867,0.3993036211699164,0.10184862225322637
2868,0.39944289693593316,0.10181311018131102
2869,0.39958217270194984,0.10177762286510979
2870,0.3997214484679666,0.10174216027874565
2871,0.3998607242339833,0.10170672239637757
2872,0.4,0.10201949860724234
2873,0.4001392757660167,0.10198398886181692
2874,0.4002785515320334,0.1022964509394572
2875,0.40041782729805014,0.10226086956521739
2876,0.40055710306406683,0.1025730180806676
2877,0.4006963788300836,0.10253736531108794
2878,0.40083565459610027,0.10250173731758165
2879,0.400974930362117,0.10246613407433136
2880,0.4011142061281337,0.10243055555555555
2881,0.40125348189415044,0.1023950017355085
2882,0.40139275766016713,0.10235947258848022
2883,0.4015320334261838,0.10232396808879639
2884,0.40167130919220057,0.1022884882108183
2885,0.40181058495821725,0.1022530329289428
2886,0.401949860724234,0.10256410256410256
2887,0.4020891364902507,0.1028749567024593
2888,0.40222841225626743,0.1028393351800554
2889,0.4023676880222841,0.102803738317757
2890,0.4025069637883008,0.1027681660899654
2891,0.40264623955431755,0.10273261847111725
2892,0.40278551532033424,0.10269709543568464
2893,0.402924791086351,0.10300725890079503
2894,0.4030640668523677,0.10297166551485833
2895,0.4032033426183844,0.10293609671848014
2896,0.4033426183844011,0.10290055248618785
2897,0.40348189415041785,0.10286503279254401
2898,0.40362116991643454,0.10317460317460317
2899,0.40376044568245123,0.1031390134529148
2900,0.403899721448468,0.10310344827586207
2901,0.40403899721448466,0.10306790761806274
2902,0.4041782729805014,0.10303239145416954
2903,0.4043175487465181,0.10299689975887014
2904,0.40445682451253484,0.10296143250688705
2905,0.40459610027855153,0.10292598967297763
2906,0.4047353760445682,0.10289057123193393
2907,0.40487465181058496,0.10285517715858274
2908,0.40501392757660165,0.10281980742778542
2909,0.4051532033426184,0.10278446201443796
2910,0.4052924791086351,0.10274914089347079
2911,0.40543175487465183,0.10271384403984885
2912,0.4055710306406685,0.10267857142857142
2913,0.40571030640668526,0.10264332303467216
2914,0.40584958217270195,0.10260809883321895
2915,0.40598885793871864,0.10257289879931389
2916,0.4061281337047354,0.10253772290809328
2917,0.40626740947075207,0.10284538909838875
2918,0.4064066852367688,0.10281014393420151
2919,0.4065459610027855,0.10277492291880781
2920,0.40668523676880225,0.10273972602739725
2921,0.40682451253481894,0.10270455323519342
2922,0.4069637883008356,0.1026694045174538
2923,0.40710306406685237,0.10263427984946973
2924,0.40724233983286906,0.10259917920656635
2925,0.4073816155988858,0.10256410256410256
2926,0.4075208913649025,0.10252904989747096
2927,0.40766016713091924,0.10249402118209772
2928,0.4077994428969359,0.10245901639344263
2929,0.40793871866295267,0.10242403550699898
2930,0.40807799442896936,0.10238907849829351
2931,0.40821727019498605,0.1023541453428864
2932,0.4083565459610028,0.10231923601637108
2933,0.4084958217270195,0.10228435049437436
2934,0.4086350974930362,0.10224948875255624
2935,0.4087743732590529,0.10221465076660988
2936,0.40891364902506966,0.10217983651226158
2937,0.40905292479108635,0.10214504596527069
2938,0.4091922005571031,0.10211027910142954
2939,0.4093314763231198,0.10207553589656346
2940,0.40947075208913647,0.10204081632653061
2941,0.4096100278551532,0.10200612036722204
2942,0.4097493036211699,0.10197144799456152
2943,0.40988857938718665,0.1019367991845056
2944,0.41002785515320334,0.10190217391304347
2945,0.4101671309192201,0.10186757215619695
2946,0.41030640668523677,0.10183299389002037
2947,0.41044568245125346,0.10179843909060061
2948,0.4105849582172702,0.10176390773405698
2949,0.4107242339832869,0.1017293997965412
2950,0.41086350974930363,0.1016949152542373
2951,0.4110027855153203,0.10166045408336158
2952,0.41114206128133707,0.1016260162601626
2953,0.41128133704735376,0.1019302404334575
2954,0.4114206128133705,0.10223425863236289
2955,0.4115598885793872,0.10219966159052453
2956,0.4116991643454039,0.10216508795669824
2957,0.4118384401114206,0.10213053770713561
2958,0.4119777158774373,0.10209601081812035
2959,0.41211699164345406,0.10206150726596823
2960,0.41225626740947074,0.10202702702702703
2961,0.4123955431754875,0.10199257007767647
2962,0.4125348189415042,0.10195813639432816
2963,0.41267409470752087,0.10192372595342558
2964,0.4128133704735376,0.101889338731444
2965,0.4129526462395543,0.10185497470489038
2966,0.41309192200557104,0.10182063385030343
2967,0.41323119777158773,0.10178631614425346
2968,0.4133704735376045,0.10175202156334232
2969,0.41350974930362117,0.10171775008420343
2970,0.4136490250696379,0.10168350168350168
2971,0.4137883008356546,0.10164927633793336
2972,0.4139275766016713,0.1016150740242261
2973,0.41406685236768803,0.10158089471913892
2974,0.4142061281337047,0.101546738399462
2975,0.41434540389972147,0.10151260504201681
2976,0.41448467966573815,0.10147849462365591
2977,0.4146239554317549,0.10144440712126301
2978,0.4147632311977716,0.10141034251175285
2979,0.4149025069637883,0.10137630077207116
2980,0.415041782729805,0.10134228187919463
2981,0.4151810584958217,0.10130828581013084
2982,0.41532033426183845,0.10127431254191818
2983,0.41545961002785514,0.10124036205162588
2984,0.4155988857938719,0.10120643431635389
2985,0.4157381615598886,0.10117252931323283
2986,0.4158774373259053,0.10113864701942397
2987,0.416016713091922,0.10110478741211919
2988,0.4161559888579387,0.10140562248995984
2989,0.41629526462395544,0.1013716962194714
2990,0.41643454038997213,0.10133779264214046
2991,0.4165738161559889,0.10130391173520562
2992,0.41671309192200556,0.10160427807486631
2993,0.4168523676880223,0.10157033077180087
2994,0.416991643454039,0.10153640614562458
2995,0.4171309192200557,0.1015025041736227
2996,0.41727019498607243,0.10146862483311081
2997,0.4174094707520891,0.10143476810143477
2998,0.41754874651810586,0.10140093395597065
2999,0.41768802228412255,0.10136712237412471
3000,0.4178272980501393,0.10133333333333333
3001,0.417966573816156,0.10129956681106297
3002,0.41810584958217273,0.10126582278481013
3003,0.4182451253481894,0.10123210123210123
3004,0.4183844011142061,0.10119840213049268
3005,0.41852367688022285,0.10116472545757071
3006,0.41866295264623954,0.10113107119095142
3007,0.4188022284122563,0.10109743930828068
3008,0.41894150417827297,0.10106382978723404
3009,0.4190807799442897,0.10103024260551678
3010,0.4192200557103064,0.1009966777408638
3011,0.4193593314763231,0.10096313517103953
3012,0.41949860724233984,0.10092961487383798
3013,0.4196378830083565,0.10122801194822437
3014,0.41977715877437327,0.10119442601194426
3015,0.41991643454038996,0.1011608623548922
3016,0.4200557103064067,0.10112732095490716
3017,0.4201949860724234,0.10142525687769308
3018,0.42033426183844014,0.10139165009940358
3019,0.4204735376044568,0.10135806558463067
3020,0.4206128133704735,0.10132450331125828
3021,0.42075208913649026,0.1012909632571996
3022,0.42089136490250695,0.10125744540039709
3023,0.4210306406685237,0.10122394971882236
3024,0.4211699164345404,0.10119047619047619
3025,0.4213091922005571,0.10115702479338844
3026,0.4214484679665738,0.10112359550561797
3027,0.4215877437325905,0.10109018830525272
3028,0.42172701949860725,0.1010568031704095
3029,0.42186629526462394,0.10102344007923407
3030,0.4220055710306407,0.100990099009901
3031,0.42214484679665737,0.10095677994061365
3032,0.4222841225626741,0.10092348284960422
3033,0.4224233983286908,0.10121991427629409
3034,0.42256267409470755,0.1011865524060646
3035,0.42270194986072424,0.10115321252059307
3036,0.4228412256267409,0.10111989459815547
3037,0.42298050139275767,0.10108659861705631
3038,0.42311977715877436,0.10105332455562871
3039,0.4232590529247911,0.10102007239223429
3040,0.4233983286908078,0.10098684210526315
3041,0.42353760445682453,0.10095363367313384
3042,0.4236768802228412,0.10092044707429323
3043,0.4238161559888579,0.10088728228721656
3044,0.42395543175487466,0.10085413929040736
3045,0.42409470752089135,0.10082101806239738
3046,0.4242339832869081,0.10078791858174656
3047,0.4243732590529248,0.10075484082704299
3048,0.4245125348189415,0.10072178477690288
3049,0.4246518105849582,0.10068875040997048
3050,0.42479108635097496,0.10065573770491804
3051,0.42493036211699164,0.10062274664044575
3052,0.42506963788300833,0.10058977719528178
3053,0.4252089136490251,0.10055682934818212
3054,0.42534818941504177,0.10052390307793058
3055,0.4254874651810585,0.10049099836333879
3056,0.4256267409470752,0.10045811518324607
3057,0.42576601671309194,0.10042525351651946
3058,0.42590529247910863,0.10039241334205364
3059,0.4260445682451253,0.10035959463877084
3060,0.42618384401114207,0.10032679738562092
3061,0.42632311977715875,0.10029402156158118
3062,0.4264623955431755,0.10026126714565643
3063,0.4266016713091922,0.10022853411687888
3064,0.42674094707520893,0.1001958224543081
3065,0.4268802228412256,0.100163132137031
3066,0.42701949860724236,0.10013046314416177
3067,0.42715877437325905,0.10009781545484187
3068,0.42729805013927574,0.1000651890482399
3069,0.4274373259052925,0.10003258390355164
3070,0.4275766016713092,0.1
3071,0.4277158774373259,0.09996743731683491
3072,0.4278551532033426,0.09993489583333333
3073,0.42799442896935935,0.09990237552879921
3074,0.42813370473537604,0.09986987638256344
3075,0.42827298050139273,0.09983739837398374
3076,0.4284122562674095,0.09980494148244473
3077,0.42855153203342616,0.09977250568735782
3078,0.4286908077994429,0.09974009096816114
3079,0.4288300835654596,0.09970769730431958
3080,0.42896935933147634,0.09967532467532468
3081,0.42910863509749303,0.09964297306069458
3082,0.4292479108635098,0.09961064243997404
3083,0.42938718662952646,0.09957833279273436
3084,0.42952646239554315,0.09954604409857327
3085,0.4296657381615599,0.09951377633711507
3086,0.4298050139275766,0.09948152948801037
3087,0.42994428969359333,0.09977324263038549
3088,0.43008356545961,0.09974093264248704
3089,0.43022284122562676,0.09970864357397216
3090,0.43036211699164345,0.09967637540453074
3091,0.43050139275766014,0.099644128113879
3092,0.4306406685236769,0.09961190168175937
3093,0.4307799442896936,0.09957969608794051
3094,0.4309192200557103,0.09954751131221719
3095,0.431058495821727,0.09951534733441034
3096,0.43119777158774375,0.09948320413436693
3097,0.43133704735376044,0.09945108169195996
3098,0.4314763231197772,0.09941897998708844
3099,0.43161559888579387,0.09938689899967731
3100,0.43175487465181056,0.09935483870967741
3101,0.4318941504178273,0.09932279909706546
3102,0.432033426183844,0.09961315280464217
3103,0.43217270194986074,0.09958105059619723
3104,0.4323119777158774,0.09954896907216494
3105,0.43245125348189417,0.09951690821256039
3106,0.43259052924791086,0.09948486799742434
3107,0.4327298050139276,0.09977470228516254
3108,0.4328690807799443,0.09974259974259975
3109,0.433008356545961,0.09971051785139916
3110,0.4331476323119777,0.09967845659163987
3111,0.4332869080779944,0.09964641594342655
3112,0.43342618384401116,0.09961439588688946
3113,0.43356545961002785,0.09958239640218439
3114,0.4337047353760446,0.09987154784842646
3115,0.4338440111420613,0.0998394863563403
3116,0.43398328690807797,0.09980744544287548
3117,0.4341225626740947,0.10009624639076034
3118,0.4342618384401114,0.10006414368184734
3119,0.43440111420612815,0.10003206155819173
3120,0.43454038997214484,0.1
3121,0.4346796657381616,0.099967958987504
3122,0.43481894150417827,0.09993593850096093
3123,0.434958217270195,0.09990393852065321
3124,0.4350974930362117,0.1001920614596671
3125,0.4352367688022284,0.10016
3126,0.43537604456824514,0.10012795905310301
3127,0.4355153203342618,0.10009593859929646
3128,0.43565459610027857,0.10006393861892583
3129,0.43579387186629526,0.10003195909236177
3130,0.435933147632312,0.1
3131,0.4360724233983287,0.09996806132226126
3132,0.4362116991643454,0.09993614303959132
3133,0.4363509749303621,0.0999042451324609
3134,0.4364902506963788,0.09987236758136567
3135,0.43662952646239556,0.09984051036682616
3136,0.43676880222841225,0.09980867346938775
3137,0.436908077994429,0.10009563277016258
3138,0.4370473537604457,0.10006373486297004
3139,0.4371866295264624,0.10003185727938833
3140,0.4373259052924791,0.1
3141,0.4374651810584958,0.0999681630054123
3142,0.43760445682451254,0.09993634627625717
3143,0.43774373259052923,0.09990454979319122
3144,0.437883008356546,0.09987277353689568
3145,0.43802228412256267,0.0998410174880763
3146,0.4381615598885794,0.10012714558169103
3147,0.4383008356545961,0.10041309183349222
3148,0.4384401114206128,0.10038119440914867
3149,0.43857938718662953,0.10034931724356938
3150,0.4387186629526462,0.10031746031746032
3151,0.43885793871866297,0.10028562361155188
3152,0.43899721448467965,0.10025380710659898
3153,0.4391364902506964,0.1002220107833809
3154,0.4392757660167131,0.10019023462270134
3155,0.43941504178272983,0.10015847860538828
3156,0.4395543175487465,0.10012674271229405
3157,0.4396935933147632,0.10009502692429521
3158,0.43983286908077995,0.10006333122229259
3159,0.43997214484679664,0.10003165558721114
3160,0.4401114206128134,0.1
3161,0.4402506963788301,0.0999683644416324
3162,0.4403899721448468,0.09993674889310562
3163,0.4405292479108635,0.09990515333544103
3164,0.4406685236768802,0.09987357774968394
3165,0.44080779944289694,0.09984202211690363
3166,0.44094707520891363,0.0998104864181933
3167,0.4410863509749304,0.09977897063467003
3168,0.44122562674094706,0.09974747474747475
3169,0.4413649025069638,0.09971599873777216
3170,0.4415041782729805,0.09968454258675079
3171,0.44164345403899724,0.09965310627562284
3172,0.44178272980501393,0.09962168978562422
3173,0.4419220055710306,0.0995902930980145
3174,0.44206128133704736,0.09955891619407688
3175,0.44220055710306405,0.09984251968503936
3176,0.4423398328690808,0.0998110831234257
3177,0.4424791086350975,0.09977966635190431
3178,0.44261838440111423,0.09974826935179358
3179,0.4427576601671309,0.09971689210443535
3180,0.4428969359331476,0.09968553459119497
3181,0.44303621169916435,0.09965419679346117
3182,0.44317548746518104,0.09993714644877436
3183,0.4433147632311978,0.0999057492931197
3184,0.4434540389972145,0.09987437185929648
3185,0.4435933147632312,0.09984301412872841
3186,0.4437325905292479,0.09981167608286252
3187,0.44387186629526465,0.09978035770316912
3188,0.44401114206128134,0.09974905897114178
3189,0.444150417827298,0.09971777986829727
3190,0.44428969359331477,0.09968652037617555
3191,0.44442896935933146,0.0996552804763397
3192,0.4445682451253482,0.09962406015037593
3193,0.4447075208913649,0.09959285937989351
3194,0.44484679665738164,0.09956167814652474
3195,0.4449860724233983,0.09953051643192488
3196,0.445125348189415,0.09949937421777222
3197,0.44526462395543176,0.0994682514857679
3198,0.44540389972144845,0.09943714821763602
3199,0.4455431754874652,0.09940606439512348
3200,0.4456824512534819,0.099375
3201,0.4458217270194986,0.09934395501405811
3202,0.4459610027855153,0.09931292941911306
3203,0.44610027855153206,0.09928192319700281
3204,0.44623955431754875,0.09925093632958802
3205,0.44637883008356544,0.09921996879875195
3206,0.4465181058495822,0.0991890205864005
3207,0.44665738161559887,0.09915809167446211
3208,0.4467966573816156,0.09912718204488778
3209,0.4469359331476323,0.09909629167965098
3210,0.44707520891364905,0.09906542056074766
3211,0.44721448467966574,0.09903456867019621
3212,0.4473537604456824,0.09900373599003735
3213,0.44749303621169917,0.09897292250233426
3214,0.44763231197771586,0.09894212818917238
3215,0.4477715877437326,0.09891135303265941
3216,0.4479108635097493,0.09888059701492537
3217,0.44805013927576604,0.09884986011812247
3218,0.4481894150417827,0.09881914232442511
3219,0.44832869080779947,0.09878844361602983
3220,0.44846796657381616,0.09875776397515527
3221,0.44860724233983285,0.09872710338404223
3222,0.4487465181058496,0.09869646182495345
3223,0.4488857938718663,0.09866583928017375
3224,0.449025069637883,0.09863523573200993
3225,0.4491643454038997,0.0986046511627907
3226,0.44930362116991646,0.09857408555486671
3227,0.44944289693593314,0.09885342423303378
3228,0.44958217270194983,0.09882280049566294
3229,0.4497214484679666,0.09879219572623103
3230,0.44986072423398327,0.09876160990712074
3231,0.45,0.09873104302073661
3232,0.4501392757660167,0.09870049504950495
3233,0.45027855153203344,0.0986699659758738
3234,0.45041782729805013,0.09863945578231292
3235,0.4505571030640669,0.09860896445131376
3236,0.45069637883008357,0.09857849196538937
3237,0.45083565459610025,0.09854803830707445
3238,0.450974930362117,0.09882643607164916
3239,0.4511142061281337,0.09879592466810744
3240,0.45125348189415043,0.09876543209876543
3241,0.4513927576601671,0.09873495834618945
3242,0.45153203342618387,0.09870450339296731
3243,0.45167130919220055,0.0986740672217083
3244,0.45181058495821724,0.09864364981504316
3245,0.451949860724234,0.09861325115562404
3246,0.4520891364902507,0.09858287122612445
3247,0.4522284122562674,0.0985525100092393
3248,0.4523676880222841,0.09852216748768473
3249,0.45250696378830085,0.09849184364419822
3250,0.45264623955431754,0.09846153846153846
3251,0.4527855153203343,0.09843125192248539
3252,0.452924791086351,0.0984009840098401
3253,0.45306406685236766,0.09837073470642484
3254,0.4532033426183844,0.09834050399508297
3255,0.4533426183844011,0.09831029185867896
3256,0.45348189415041784,0.09858722358722359
3257,0.45362116991643453,0.0985569542523795
3258,0.4537604456824513,0.09852670349907919
3259,0.45389972144846796,0.09880331389996931
3260,0.45403899721448465,0.09877300613496932
3261,0.4541782729805014,0.09874271695798835
3262,0.4543175487465181,0.09901900674432863
3263,0.45445682451253483,0.09898866074164879
3264,0.4545961002785515,0.09895833333333333
3265,0.45473537604456826,0.0989280245022971
3266,0.45487465181058495,0.09889773423147581
3267,0.4550139275766017,0.09886746250382614
3268,0.4551532033426184,0.09883720930232558
3269,0.4552924791086351,0.09880697460997247
3270,0.4554317548746518,0.09877675840978593
3271,0.4555710306406685,0.09874656068480588
3272,0.45571030640668525,0.09871638141809291
3273,0.45584958217270194,0.09868622059272839
3274,0.4559888579387187,0.0986560781918143
3275,0.4561281337047354,0.09862595419847328
3276,0.4562674094707521,0.09859584859584859
3277,0.4564066852367688,0.09856576136710406
3278,0.4565459610027855,0.09884075655887736
3279,0.45668523676880224,0.09881061299176579
3280,0.4568245125348189,0.09878048780487805
3281,0.45696378830083567,0.0987503809814081
3282,0.45710306406685236,0.09872029250457039
3283,0.4572423398328691,0.09869022235759975
3284,0.4573816155988858,0.09866017052375152
3285,0.4575208913649025,0.09863013698630137
3286,0.4576601671309192,0.09860012172854535
3287,0.4577994428969359,0.09857012473379982
3288,0.45793871866295266,0.09854014598540146
3289,0.45807799442896935,0.09881422924901186
3290,0.4582172701949861,0.09878419452887538
3291,0.4583565459610028,0.09875417806137952
3292,0.4584958217270195,0.09872417982989064
3293,0.4586350974930362,0.09869419981779533
3294,0.4587743732590529,0.0986642380085003
3295,0.45891364902506965,0.09863429438543247
3296,0.45905292479108634,0.09860436893203883
3297,0.4591922005571031,0.09857446163178647
3298,0.45933147632311977,0.09854457246816252
3299,0.4594707520891365,0.09851470142467414
3300,0.4596100278551532,0.09848484848484848
3301,0.4597493036211699,0.09875795213571645
3302,0.45988857938718664,0.09872804360993337
3303,0.4600278551532033,0.098698153194066
3304,0.46016713091922007,0.0986682808716707
3305,0.46030640668523676,0.09863842662632376
3306,0.4604456824512535,0.09860859044162129
3307,0.4605849582172702,0.09857877230117931
3308,0.46072423398328693,0.09854897218863362
3309,0.4608635097493036,0.09851919008763978
3310,0.4610027855153203,0.09848942598187312
3311,0.46114206128133706,0.0984596798550287
3312,0.46128133704735375,0.09842995169082126
3313,0.4614206128133705,0.0984002414729852
3314,0.4615598885793872,0.09837054918527459
3315,0.4616991643454039,0.09834087481146304
3316,0.4618384401114206,0.09831121833534379
3317,0.4619777158774373,0.09828157974072957
3318,0.46211699164345404,0.09825195901145269
3319,0.46225626740947073,0.09822235613136487
3320,0.4623955431754875,0.09819277108433735
3321,0.46253481894150417,0.09816320385426076
3322,0.4626740947075209,0.09813365442504515
3323,0.4628133704735376,0.09810412278061992
3324,0.46295264623955434,0.09807460890493382
3325,0.46309192200557103,0.0980451127819549
3326,0.4632311977715877,0.09801563439567047
3327,0.46337047353760447,0.09798617373008717
3328,0.46350974930362115,0.09795673076923077
3329,0.4636490250696379,0.09792730549714629
3330,0.4637883008356546,0.09789789789789789
3331,0.46392757660167133,0.0978685079555689
3332,0.464066852367688,0.09783913565426171
3333,0.4642061281337047,0.09780978097809781
3334,0.46434540389972145,0.09778044391121776
3335,0.46448467966573814,0.09775112443778111
3336,0.4646239554317549,0.09772182254196643
3337,0.4647632311977716,0.09769253820797123
3338,0.4649025069637883,0.09796285200718993
3339,0.465041782729805,0.09793351302785265
3340,0.46518105849582175,0.09790419161676647
3341,0.46532033426183844,0.09787488775815624
3342,0.46545961002785513,0.09784560143626571
3343,0.4655988857938719,0.09781633263535747
3344,0.46573816155988856,0.09778708133971292
3345,0.4658774373259053,0.09775784753363229
3346,0.466016713091922,0.09772863120143455
3347,0.46615598885793874,0.09769943232745743
3348,0.46629526462395543,0.0979689366786141
3349,0.4664345403899721,0.09793968348760825
3350,0.46657381615598886,0.09791044776119404
3351,0.46671309192200555,0.0978812294837362
3352,0.4668523676880223,0.09785202863961814
3353,0.466991643454039,0.09782284521324187
3354,0.46713091922005573,0.09779367918902802
3355,0.4672701949860724,0.0977645305514158
3356,0.46740947075208916,0.09773539928486293
3357,0.46754874651810585,0.0977062853738457
3358,0.46768802228412254,0.09767718880285885
3359,0.4678272980501393,0.0976481095564156
3360,0.467966573816156,0.09761904761904762
3361,0.4681058495821727,0.09759000297530497
3362,0.4682451253481894,0.0975609756097561
3363,0.46838440111420615,0.09753196550698781
3364,0.46852367688022284,0.09750297265160524
3365,0.46866295264623953,0.0974739970282318
3366,0.46880222841225627,0.0974450386215092
3367,0.46894150417827296,0.09741609741609741
3368,0.4690807799442897,0.09738717339667459
3369,0.4692200557103064,0.09735826654793707
3370,0.46935933147632314,0.0973293768545994
3371,0.4694986072423398,0.09730050430139424
3372,0.46963788300835657,0.09727164887307237
3373,0.46977715877437326,0.0972428105544026
3374,0.46991643454038995,0.0972139893301719
3375,0.4700557103064067,0.09718518518518518
3376,0.4701949860724234,0.0971563981042654
3377,0.4703342618384401,0.09712762807225347
3378,0.4704735376044568,0.09709887507400829
3379,0.47061281337047356,0.09707013909440664
3380,0.47075208913649025,0.0970414201183432
3381,0.47089136490250694,0.09701271813073055
3382,0.4710306406685237,0.09698403311649911
3383,0.47116991643454037,0.0969553650605971
3384,0.4713091922005571,0.09692671394799054
3385,0.4714484679665738,0.09689807976366321
3386,0.47158774373259055,0.09686946249261666
3387,0.47172701949860724,0.09684086211987009
3388,0.471866295264624,0.09681227863046045
3389,0.47200557103064067,0.09678371200944232
3390,0.47214484679665736,0.0967551622418879
3391,0.4722841225626741,0.09672662931288706
3392,0.4724233983286908,0.09669811320754718
3393,0.47256267409470754,0.09696433834364869
3394,0.4727019498607242,0.09693576900412493
3395,0.47284122562674097,0.09690721649484536
3396,0.47298050139275766,0.09687868080094228
3397,0.47311977715877435,0.0968501619075655
3398,0.4732590529247911,0.09682165979988229
3399,0.4733983286908078,0.0970873786407767
3400,0.4735376044568245,0.09705882352941177
3401,0.4736768802228412,0.09703028521023228
3402,0.47381615598885796,0.09700176366843033
3403,0.47395543175487465,0.0969732588892154
3404,0.4740947075208914,0.09694477085781433
3405,0.4742339832869081,0.09691629955947137
3406,0.47437325905292477,0.09688784497944804
3407,0.4745125348189415,0.09685940710302318
3408,0.4746518105849582,0.09683098591549295
3409,0.47479108635097494,0.09680258140217073
3410,0.47493036211699163,0.0967741935483871
3411,0.4750696378830084,0.09674582233948989
3412,0.47520891364902507,0.09671746776084408
3413,0.47534818941504176,0.09668912979783181
3414,0.4754874651810585,0.09666080843585237
3415,0.4756267409470752,0.09663250366032211
3416,0.47576601671309193,0.09660421545667447
3417,0.4759052924791086,0.09657594381035997
3418,0.47604456824512537,0.0965476887068461
3419,0.47618384401114205,0.09651945013161743
3420,0.4763231197771588,0.09649122807017543
3421,0.4764623955431755,0.09646302250803858
3422,0.4766016713091922,0.09643483343074226
3423,0.4767409470752089,0.09640666082383874
3424,0.4768802228412256,0.0963785046728972
3425,0.47701949860724235,0.09635036496350365
3426,0.47715877437325904,0.09632224168126094
3427,0.4772980501392758,0.09629413481178874
3428,0.4774373259052925,0.09626604434072346
3429,0.4775766016713092,0.09623797025371829
3430,0.4777158774373259,0.09620991253644315
3431,0.4778551532033426,0.09618187117458467
3432,0.47799442896935934,0.09644522144522144
3433,0.47813370473537603,0.09641712787649287
3434,0.4782729805013928,0.09668025626092021
3435,0.47841225626740946,0.09665211062590975
3436,0.4785515320334262,0.09662398137369034
3437,0.4786908077994429,0.09688681990107652
3438,0.4788300835654596,0.0968586387434555
3439,0.47896935933147633,0.09683047397499273
3440,0.479108635097493,0.09680232558139534
3441,0.47924791086350976,0.0967741935483871
3442,0.47938718662952645,0.09674607786170832
3443,0.4795264623955432,0.09671797850711589
3444,0.4796657381615599,0.09668989547038327
3445,0.47980501392757663,0.09666182873730043
3446,0.4799442896935933,0.09663377829367382
3447,0.48008356545961,0.09660574412532637
3448,0.48022284122562675,0.09657772621809745
3449,0.48036211699164344,0.09654972455784286
3450,0.4805013927576602,0.09681159420289855
3451,0.4806406685236769,0.09678354100260794
3452,0.4807799442896936,0.09675550405561993
3453,0.4809192200557103,0.09701708659136982
3454,0.481058495821727,0.09698899826288361
3455,0.48119777158774374,0.09696092619392185
3456,0.4813370473537604,0.09693287037037036
3457,0.48147632311977717,0.09690483077813133
3458,0.48161559888579386,0.0968768074031232
3459,0.4817548746518106,0.09684880023128072
3460,0.4818941504178273,0.0968208092485549
3461,0.48203342618384404,0.09679283444091304
3462,0.4821727019498607,0.09705372616984402
3463,0.4823119777158774,0.09702570025989027
3464,0.48245125348189416,0.09699769053117784
3465,0.48259052924791085,0.09696969696969697
3466,0.4827298050139276,0.09723023658395845
3467,0.4828690807799443,0.09720219209691376
3468,0.483008356545961,0.09746251441753172
3469,0.4831476323119777,0.09743441914096282
3470,0.4832869080779944,0.09740634005763689
3471,0.48342618384401115,0.09737827715355805
3472,0.48356545961002784,0.09735023041474654
3473,0.4837047353760446,0.09732219982723869
3474,0.48384401114206127,0.09729418537708694
3475,0.483983286908078,0.0972661870503597
3476,0.4841225626740947,0.09723820483314154
3477,0.48426183844011145,0.09721023871153293
3478,0.48440111420612814,0.09718228867165038
3479,0.4845403899721448,0.09715435469962633
3480,0.48467966573816157,0.09712643678160919
3481,0.48481894150417826,0.09738580867566791
3482,0.484958217270195,0.09735784032165422
3483,0.4850974930362117,0.09732988802756244
3484,0.48523676880222844,0.09730195177956372
3485,0.4853760445682451,0.09727403156384505
3486,0.4855153203342618,0.0972461273666093
3487,0.48565459610027856,0.09721823917407514
3488,0.48579387186629525,0.09719036697247706
3489,0.485933147632312,0.09716251074806535
3490,0.4860724233983287,0.09742120343839542
3491,0.4862116991643454,0.097393297049556
3492,0.4863509749303621,0.09736540664375716
3493,0.48649025069637886,0.09733753220727169
3494,0.48662952646239555,0.09759587864911276
3495,0.48676880222841223,0.09756795422031474
3496,0.486908077994429,0.09782608695652174
3497,0.48704735376044567,0.09779811266800115
3498,0.4871866295264624,0.09777015437392796
3499,0.4873259052924791,0.09774221206058874
3500,0.48746518105849584,0.09771428571428571
3501,0.48760445682451253,0.09797200799771494
3502,0.4877437325905292,0.09822958309537407
3503,0.48788300835654597,0.09820154153582643
3504,0.48802228412256266,0.09845890410958905
3505,0.4881615598885794,0.09843081312410841
3506,0.4883008356545961,0.09840273816314889
3507,0.48844011142061283,0.09837467921300257
3508,0.4885793871866295,0.0983466362599772
3509,0.48871866295264627,0.09831860929039613
3510,0.48885793871866295,0.09829059829059829
3511,0.48899721448467964,0.0982626032469382
3512,0.4891364902506964,0.09823462414578588
3513,0.4892757660167131,0.0982066609735269
3514,0.4894150417827298,0.09817871371656232
3515,0.4895543175487465,0.09815078236130868
3516,0.48969359331476325,0.09812286689419795
3517,0.48983286908077994,0.09809496730167756
3518,0.48997214484679663,0.09835133598635588
3519,0.4901114206128134,0.09832338732594487
3520,0.49025069637883006,0.09829545454545455
3521,0.4903899721448468,0.09826753763135473
3522,0.4905292479108635,0.0985235661555934
3523,0.49066852367688024,0.09849560034061879
3524,0.49080779944289693,0.09846765039727583
3525,0.4909470752089137,0.09843971631205674
3526,0.49108635097493036,0.09841179807146909
3527,0.49122562674094705,0.09838389566203573
3528,0.4913649025069638,0.09835600907029478
3529,0.4915041782729805,0.09832813828279965
3530,0.49164345403899723,0.09830028328611898
3531,0.4917827298050139,0.09827244406683659
3532,0.49192200557103066,0.09824462061155152
3533,0.49206128133704735,0.098216812906878
3534,0.49220055710306404,0.09818902093944538
3535,0.4923398328690808,0.09816124469589817
3536,0.4924791086350975,0.09813348416289593
3537,0.4926183844011142,0.09810573932711338
3538,0.4927576601671309,0.09807801017524025
3539,0.49289693593314765,0.09805029669398135
3540,0.49303621169916434,0.0980225988700565
3541,0.4931754874651811,0.09827732279017226
3542,0.4933147632311978,0.09824957651044608
3543,0.49345403899721446,0.09822184589331075
3544,0.4935933147632312,0.0981941309255079
3545,0.4937325905292479,0.09816643159379408
3546,0.49387186629526464,0.09813874788494077
3547,0.4940111420612813,0.09839300817592332
3548,0.49415041782729807,0.09836527621195039
3549,0.49428969359331476,0.09833755987602141
3550,0.49442896935933145,0.09830985915492958
3551,0.4945682451253482,0.09828217403548296
3552,0.4947075208913649,0.0982545045045045
3553,0.4948467966573816,0.09822685054883197
3554,0.4949860724233983,0.09819921215531795
3555,0.49512534818941506,0.09817158931082982
3556,0.49526462395543175,0.09814398200224972
3557,0.4954038997214485,0.09811639021647456
3558,0.4955431754874652,0.09808881394041596
3559,0.49568245125348187,0.09834223096375386
3560,0.4958217270194986,0.09831460674157304
3561,0.4959610027855153,0.09828699803426004
3562,0.49610027855153205,0.09854014598540146
3563,0.49623955431754874,0.09851248947516138
3564,0.4963788300835655,0.09848484848484848
3565,0.49651810584958217,0.09873772791023842
3566,0.49665738161559886,0.09871003925967471
3567,0.4967966573816156,0.09868236613400616
3568,0.4969359331476323,0.09865470852017937
3569,0.49707520891364904,0.09890725693471561
3570,0.4972144846796657,0.09887955182072829
3571,0.49735376044568247,0.09885186222346681
3572,0.49749303621169916,0.09882418812989921
3573,0.4976323119777159,0.09907640638119228
3574,0.4977715877437326,0.09932848349188585
3575,0.4979108635097493,0.0993006993006993
3576,0.498050139275766,0.09927293064876958
3577,0.4981894150417827,0.09924517752306403
3578,0.49832869080779946,0.09921743991056456
3579,0.49846796657381615,0.09918971779826767
3580,0.4986072423398329,0.09916201117318436
3581,0.4987465181058496,0.09913432002234013
3582,0.49888579387186627,0.0993858179787828
3583,0.499025069637883,0.09935807982137873
3584,0.4991643454038997,0.09933035714285714
3585,0.49930362116991645,0.099302649930265
3586,0.49944289693593313,0.09955382041271611
3587,0.4995821727019499,0.0995260663507109
3588,0.49972144846796657,0.09949832775919733
3589,0.4998607242339833,0.0994706046252438
3590,0.5,0.09944289693593315
3591,0.5001392757660167,0.09941520467836257
3592,0.5002785515320334,0.09938752783964365
3593,0.5004178272980502,0.09935986640690231
3594,0.5005571030640669,0.0993322203672788
3595,0.5006963788300836,0.09930458970792767
3596,0.5008356545961002,0.0992769744160178
3597,0.500974930362117,0.09924937447873228
3598,0.5011142061281337,0.09949972206781545
3599,0.5012534818941504,0.09947207557654904
3600,0.5013927576601671,0.09944444444444445
3601,0.5015320334261838,0.09969452929741739
3602,0.5016713091922006,0.09966685174902831
3603,0.5018105849582173,0.09963918956425201
3604,0.501949860724234,0.09961154273029967
3605,0.5020891364902507,0.09958391123439667
3606,0.5022284122562675,0.09955629506378258
3607,0.5023676880222842,0.09980593290823399
3608,0.5025069637883008,0.09977827050997783
3609,0.5026462395543175,0.09975062344139651
3610,0.5027855153203342,0.0997229916897507
3611,0.502924791086351,0.09969537524231514
3612,0.5030640668523677,0.09966777408637874
3613,0.5032033426183844,0.09964018820924439
3614,0.5033426183844011,0.0996126175982291
3615,0.5034818941504178,0.0995850622406639
3616,0.5036211699164346,0.09955752212389381
3617,0.5037604456824513,0.09952999723527785
3618,0.503899721448468,0.09950248756218906
3619,0.5040389972144846,0.09947499309201437
3620,0.5041782729805014,0.09944751381215469
3621,0.5043175487465181,0.09942004971002485
3622,0.5044568245125348,0.09939260077305356
3623,0.5045961002785515,0.09936516698868342
3624,0.5047353760445682,0.09961368653421633
3625,0.504874651810585,0.09958620689655172
3626,0.5050139275766017,0.09955874241588528
3627,0.5051532033426184,0.09953129307968017
3628,0.5052924791086351,0.09950385887541345
3629,0.5054317548746519,0.09947643979057591
3630,0.5055710306406686,0.09944903581267217
3631,0.5057103064066852,0.0994216469292206
3632,0.5058495821727019,0.0993942731277533
3633,0.5059888579387186,0.09936691439581613
3634,0.5061281337047354,0.0996147495872317
3635,0.5062674094707521,0.09958734525447042
3636,0.5064066852367688,0.09955995599559957
3637,0.5065459610027855,0.09953258179818532
3638,0.5066852367688023,0.09950522264980759
3639,0.506824512534819,0.09947787853805991
3640,0.5069637883008357,0.09945054945054944
3641,0.5071030640668523,0.099423235374897
3642,0.507242339832869,0.09939593629873696
3643,0.5073816155988858,0.09936865220971726
3644,0.5075208913649025,0.09961580680570802
3645,0.5076601671309192,0.09958847736625515
3646,0.5077994428969359,0.0995611629182666
3647,0.5079387186629526,0.09953386344941048
3648,0.5080779944289694,0.09950657894736842
3649,0.5082172701949861,0.09947930939983557
3650,0.5083565459610028,0.09945205479452054
3651,0.5084958217270195,0.09942481511914544
3652,0.5086350974930363,0.09939759036144578
3653,0.508774373259053,0.099644128113879
3654,0.5089136490250696,0.09961685823754789
3655,0.5090529247910863,0.09958960328317373
3656,0.509192200557103,0.09956236323851203
3657,0.5093314763231198,0.09953513809133169
3658,0.5094707520891365,0.09950792782941498
3659,0.5096100278551532,0.09948073244055752
3660,0.5097493036211699,0.0994535519125683
3661,0.5098885793871867,0.0994263862332696
3662,0.5100278551532034,0.099399235390497
3663,0.5101671309192201,0.09937209937209937
3664,0.5103064066852367,0.09934497816593886
3665,0.5104456824512534,0.09931787175989086
3666,0.5105849582172702,0.09929078014184398
3667,0.5107242339832869,0.09926370329970002
3668,0.5108635097493036,0.09923664122137404
3669,0.5110027855153203,0.09920959389479422
3670,0.5111420612813371,0.0991825613079019
3671,0.5112813370473538,0.09915554344865159
3672,0.5114206128133705,0.09912854030501089
3673,0.5115598885793872,0.09910155186496052
3674,0.5116991643454039,0.09907457811649428
3675,0.5118384401114207,0.09904761904761905
3676,0.5119777158774373,0.09902067464635474
3677,0.512116991643454,0.09899374490073429
3678,0.5122562674094707,0.0989668297988037
3679,0.5123955431754874,0.0989399293286219
3680,0.5125348189415042,0.09891304347826087
3681,0.5126740947075209,0.0988861722358055
3682,0.5128133704735376,0.09885931558935361
3683,0.5129526462395543,0.09883247352701602
3684,0.5130919220055711,0.0988056460369164
3685,0.5132311977715878,0.09877883310719132
3686,0.5133704735376045,0.09875203472599023
3687,0.5135097493036211,0.09872525088147545
3688,0.5136490250696378,0.09896963123644252
3689,0.5137883008356546,0.09894280292762266
3690,0.5139275766016713,0.0989159891598916
3691,0.514066852367688,0.0988891899214305
3692,0.5142061281337047,0.09886240520043336
3693,0.5143454038997215,0.09883563498510696
3694,0.5144846796657382,0.09907958852192746
3695,0.5146239554317549,0.09905277401894452
3696,0.5147632311977716,0.09902597402597403
3697,0.5149025069637883,0.09899918853124155
3698,0.515041782729805,0.0989724175229854
3699,0.5151810584958217,0.09921600432549338
3700,0.5153203342618384,0.09918918918918919
3701,0.5154596100278551,0.09916238854363686
3702,0.5155988857938719,0.09913560237709346
3703,0.5157381615598886,0.09910883067782879
3704,0.5158774373259053,0.09908207343412527
3705,0.516016713091922,0.099055330634278
3706,0.5161559888579387,0.09902860226659471
3707,0.5162952646239555,0.09900188831939574
3708,0.5164345403899722,0.09897518878101402
3709,0.5165738161559889,0.09921811809112968
3710,0.5167130919220055,0.09919137466307278
3711,0.5168523676880222,0.0991646456480733
3712,0.516991643454039,0.09913793103448276
3713,0.5171309192200557,0.09938055480743334
3714,0.5172701949860724,0.09935379644588045
3715,0.5174094707520891,0.09932705248990578
3716,0.5175487465181059,0.09930032292787944
3717,0.5176880222841226,0.09927360774818401
3718,0.5178272980501393,0.09924690693921463
3719,0.517966573816156,0.09922022048937887
3720,0.5181058495821727,0.09919354838709678
3721,0.5182451253481895,0.09916689062080086
3722,0.5183844011142061,0.09914024717893606
3723,0.5185236768802228,0.0991136180499597
3724,0.5186629526462395,0.09908700322234157
3725,0.5188022284122563,0.09906040268456376
3726,0.518941504178273,0.09903381642512077
3727,0.5190807799442897,0.09927555674805473
3728,0.5192200557103064,0.0992489270386266
3729,0.5193593314763231,0.09922231161169215
3730,0.5194986072423399,0.09919571045576407
3731,0.5196378830083566,0.09916912355936747
3732,0.5197771587743732,0.09914255091103966
3733,0.5199164345403899,0.0991159924993303
3734,0.5200557103064067,0.09908944831280128
3735,0.5201949860724234,0.09906291834002677
3736,0.5203342618384401,0.09903640256959315
3737,0.5204735376044568,0.09900990099009901
3738,0.5206128133704735,0.09898341359015517
3739,0.5207520891364903,0.09895694035838459
3740,0.520891364902507,0.09893048128342247
3741,0.5210306406685237,0.09890403635391606
3742,0.5211699164345404,0.09887760555852486
3743,0.521309192200557,0.09885118888592039
3744,0.5214484679665738,0.09882478632478632
3745,0.5215877437325905,0.09879839786381843
3746,0.5217270194986072,0.09877202349172451
3747,0.5218662952646239,0.09874566319722444
3748,0.5220055710306407,0.09871931696905016
3749,0.5221448467966574,0.09869298479594558
3750,0.5222841225626741,0.09866666666666667
3751,0.5224233983286908,0.09864036256998134
3752,0.5225626740947075,0.09861407249466951
3753,0.5227019498607243,0.09858779642952305
3754,0.522841225626741,0.09856153436334576
3755,0.5229805013927576,0.0985352862849534
3756,0.5231197771587743,0.09850905218317359
3757,0.5232590529247911,0.09874900186318872
3758,0.5233983286908078,0.09872272485364555
3759,0.5235376044568245,0.09869646182495345
3760,0.5236768802228412,0.09893617021276596
3761,0.5238161559888579,0.09890986439776656
3762,0.5239554317548747,0.09888357256778309
3763,0.5240947075208914,0.0991230401275578
3764,0.5242339832869081,0.09909670563230606
3765,0.5243732590529248,0.09907038512616202
3766,0.5245125348189416,0.09904407859798195
3767,0.5246518105849582,0.09901778603663393
3768,0.5247910863509749,0.09899150743099788
3769,0.5249303621169916,0.0989652427699655
3770,0.5250696378830083,0.09920424403183024
3771,0.5252089136490251,0.09917793688676743
3772,0.5253481894150418,0.09915164369034994
3773,0.5254874651810585,0.09912536443148688
3774,0.5256267409470752,0.0990990990990991
3775,0.525766016713092,0.0990728476821192
3776,0.5259052924791087,0.09904661016949153
3777,0.5260445682451254,0.09902038655017209
3778,0.526183844011142,0.09899417681312864
3779,0.5263231197771587,0.09923260121725325
3780,0.5264623955431755,0.0992063492063492
3781,0.5266016713091922,0.0991801110817244
3782,0.5267409470752089,0.09941829719725014
3783,0.5268802228412256,0.09939201691779011
3784,0.5270194986072423,0.09963002114164905
3785,0.5271587743732591,0.09960369881109643
3786,0.5272980501392758,0.09957739038563128
3787,0.5274373259052925,0.09955109585423819
3788,0.5275766016713092,0.09952481520591341
3789,0.527715877437326,0.0997624703087886
3790,0.5278551532033426,0.09973614775725594
3791,0.5279944289693593,0.09970983909258771
3792,0.528133704735376,0.09968354430379747
3793,0.5282729805013927,0.09965726337991036
3794,0.5284122562674095,0.0996309963099631
3795,0.5285515320334262,0.09960474308300395
3796,0.5286908077994429,0.09957850368809273
3797,0.5288300835654596,0.09955227811430076
3798,0.5289693593314764,0.0995260663507109
3799,0.5291086350974931,0.09949986838641747
3800,0.5292479108635098,0.09947368421052631
3801,0.5293871866295264,0.09944751381215469
3802,0.5295264623955431,0.09942135718043135
3803,0.5296657381615599,0.09939521430449645
3804,0.5298050139275766,0.09936908517350158
3805,0.5299442896935933,0.09934296977660972
3806,0.53008356545961,0.09957961114030478
3807,0.5302228412256268,0.09981612818492251
3808,0.5303621169916435,0.09978991596638656
3809,0.5305013927576602,0.09976371751115778
3810,0.5306406685236769,0.09973753280839895
3811,0.5307799442896936,0.09971136184728417
3812,0.5309192200557104,0.09968520461699895
3813,0.531058495821727,0.0996590611067401
3814,0.5311977715877437,0.09963293130571578
3815,0.5313370473537604,0.09986893840104849
3816,0.5314763231197771,0.09984276729559749
3817,0.5316155988857939,0.09981660990306523
3818,0.5317548746518106,0.0997904662126768
3819,0.5318941504178273,0.0997643362136685
3820,0.532033426183844,0.09973821989528796
3821,0.5321727019498608,0.09971211724679403
3822,0.5323119777158775,0.09968602825745683
3823,0.5324512534818941,0.09965995291655767
3824,0.5325905292479108,0.09963389121338913
3825,0.5327298050139275,0.0996078431372549
3826,0.5328690807799443,0.09958180867746995
3827,0.533008356545961,0.09955578782336033
3828,0.5331476323119777,0.09979101358411703
3829,0.5332869080779944,0.09976495168451292
3830,0.5334261838440112,0.09973890339425587
3831,0.5335654596100279,0.0997128687026886
3832,0.5337047353760446,0.09994780793319416
3833,0.5338440111420613,0.1001826245760501
3834,0.533983286908078,0.10015649452269171
3835,0.5341225626740947,0.10013037809647979
3836,0.5342618384401114,0.10010427528675704
3837,0.5344011142061281,0.10007818608287725
3838,0.5345403899721448,0.10005211047420531
3839,0.5346796657381616,0.10002604845011721
3840,0.5348189415041783,0.1
3841,0.534958217270195,0.09997396511325175
3842,0.5350974930362117,0.09994794377928162
3843,0.5352367688022284,0.09992193598750976
3844,0.5353760445682452,0.09989594172736732
3845,0.5355153203342619,0.0998699609882965
3846,0.5356545961002785,0.0998439937597504
3847,0.5357938718662952,0.09981804003119314
3848,0.5359331476323119,0.0997920997920998
3849,0.5360724233983287,0.10002598077422707
3850,0.5362116991643454,0.1
3851,0.5363509749303621,0.09997403271877435
3852,0.5364902506963788,0.10020768431983386
3853,0.5366295264623956,0.10018167661562419
3854,0.5367688022284123,0.10015568240788791
3855,0.536908077994429,0.10012970168612192
3856,0.5370473537604457,0.10010373443983403
3857,0.5371866295264623,0.1000777806585429
3858,0.5373259052924791,0.10031104199066875
3859,0.5374651810584958,0.1002850479398808
3860,0.5376044568245125,0.10025906735751296
3861,0.5377437325905292,0.10023310023310024
3862,0.537883008356546,0.10020714655618851
3863,0.5380222841225627,0.10018120631633445
3864,0.5381615598885794,0.10015527950310558
3865,0.5383008356545961,0.10012936610608021
3866,0.5384401114206128,0.10036213140196586
3867,0.5385793871866296,0.10033617791569692
3868,0.5387186629526463,0.10031023784901758
3869,0.5388579387186629,0.10054277591108814
3870,0.5389972144846796,0.10051679586563307
3871,0.5391364902506964,0.10049082924308964
3872,0.5392757660167131,0.10046487603305786
3873,0.5394150417827298,0.10043893622514846
3874,0.5395543175487465,0.10041300980898296
3875,0.5396935933147632,0.10038709677419355
3876,0.53983286908078,0.10036119711042311
3877,0.5399721448467967,0.10059324219757544
3878,0.5401114206128134,0.10056730273336771
3879,0.54025069637883,0.10054137664346481
3880,0.5403899721448467,0.10051546391752578
3881,0.5405292479108635,0.1004895645452203
3882,0.5406685236768802,0.10046367851622875
3883,0.5408077994428969,0.10043780582024209
3884,0.5409470752089136,0.1004119464469619
3885,0.5410863509749304,0.10038610038610038
3886,0.5412256267409471,0.10036026762738035
3887,0.5413649025069638,0.10033444816053512
3888,0.5415041782729805,0.10030864197530864
3889,0.5416434540389972,0.10028284906145539
3890,0.541782729805014,0.10025706940874037
3891,0.5419220055710307,0.1002313030069391
3892,0.5420612813370473,0.10020554984583761
3893,0.542200557103064,0.10043668122270742
3894,0.5423398328690808,0.10041088854648177
3895,0.5424791086350975,0.10038510911424904
3896,0.5426183844011142,0.10035934291581108
3897,0.5427576601671309,0.10033358994098024
3898,0.5428969359331476,0.10056439199589533
3899,0.5430362116991644,0.10053859964093358
3900,0.5431754874651811,0.10051282051282051
3901,0.5433147632311978,0.10048705460138425
3902,0.5434540389972145,0.10046130189646335
3903,0.5435933147632313,0.10043556238790674
3904,0.5437325905292479,0.10040983606557377
3905,0.5438718662952646,0.10064020486555698
3906,0.5440111420612813,0.10087045570916539
3907,0.544150417827298,0.10084463782953673
3908,0.5442896935933148,0.10107471852610031
3909,0.5444289693593315,0.10130468150422103
3910,0.5445682451253482,0.10127877237851662
3911,0.5447075208913649,0.10125287650217336
3912,0.5448467966573816,0.10122699386503067
3913,0.5449860724233984,0.10120112445693841
3914,0.545125348189415,0.10143076136944303
3915,0.5452646239554317,0.10140485312899106
3916,0.5454038997214484,0.10137895812053116
3917,0.5455431754874652,0.10135307633392902
3918,0.5456824512534819,0.10132720775906075
3919,0.5458217270194986,0.10130135238581271
3920,0.5459610027855153,0.10127551020408163
3921,0.546100278551532,0.10124968120377455
3922,0.5462395543175488,0.10122386537480878
3923,0.5463788300835655,0.1011980627071119
3924,0.5465181058495822,0.10117227319062182
3925,0.5466573816155988,0.10114649681528662
3926,0.5467966573816156,0.1011207335710647
3927,0.5469359331476323,0.10109498344792463
3928,0.547075208913649,0.10106924643584521
3929,0.5472144846796657,0.10104352252481548
3930,0.5473537604456824,0.1010178117048346
3931,0.5474930362116992,0.10099211396591198
3932,0.5476323119777159,0.10096642929806714
3933,0.5477715877437326,0.10094075769132978
3934,0.5479108635097493,0.1009150991357397
3935,0.5480501392757661,0.10088945362134688
3936,0.5481894150417828,0.10086382113821138
3937,0.5483286908077994,0.10109220218440437
3938,0.5484679665738161,0.101066531234129
3939,0.5486072423398328,0.10104087331810103
3940,0.5487465181058496,0.10101522842639594
3941,0.5488857938718663,0.10098959654909921
3942,0.549025069637883,0.10096397767630644
3943,0.5491643454038997,0.10093837179812326
3944,0.5493036211699165,0.10091277890466531
3945,0.5494428969359332,0.1008871989860583
3946,0.5495821727019499,0.1008616320324379
3947,0.5497214484679666,0.10083607803394984
3948,0.5498607242339832,0.10081053698074975
3949,0.55,0.10078500886300329
3950,0.5501392757660167,0.1010126582278481
3951,0.5502785515320334,0.10098709187547457
3952,0.5504178272980501,0.10096153846153846
3953,0.5505571030640668,0.10093599797622059
3954,0.5506963788300836,0.10116337885685382
3955,0.5508356545961003,0.1011378002528445
3956,0.550974930362117,0.10111223458038422
3957,0.5511142061281337,0.10108668182966894
3958,0.5512534818941505,0.10106114199090449
3959,0.5513927576601672,0.10103561505430664
3960,0.5515320334261838,0.10101010101010101
3961,0.5516713091922005,0.1009845998485231
3962,0.5518105849582172,0.10121150933871782
3963,0.551949860724234,0.10118597022457734
3964,0.5520891364902507,0.10116044399596368
3965,0.5522284122562674,0.10113493064312737
3966,0.5523676880222841,0.1011094301563288
3967,0.5525069637883009,0.10108394252583816
3968,0.5526462395543176,0.10131048387096774
3969,0.5527855153203343,0.10128495842781557
3970,0.552924791086351,0.10151133501259446
3971,0.5530640668523676,0.10148577184588264
3972,0.5532033426183844,0.10146022155085599
3973,0.5533426183844011,0.10168638308582935
3974,0.5534818941504178,0.10166079516859587
3975,0.5536211699164345,0.10163522012578616
3976,0.5537604456824513,0.10160965794768612
3977,0.553899721448468,0.1015841086245914
3978,0.5540389972144847,0.10155857214680744
3979,0.5541782729805014,0.1015330485046494
3980,0.5543175487465181,0.10150753768844221
3981,0.5544568245125349,0.10148203968852047
3982,0.5545961002785516,0.10145655449522853
3983,0.5547353760445682,0.1014310820989204
3984,0.5548746518105849,0.10140562248995984
3985,0.5550139275766016,0.1013801756587202
3986,0.5551532033426184,0.10135474159558455
3987,0.5552924791086351,0.10132932029094557
3988,0.5554317548746518,0.10130391173520562
3989,0.5555710306406685,0.10127851591877664
3990,0.5557103064066853,0.1012531328320802
3991,0.555849582172702,0.10122776246554749
3992,0.5559888579387187,0.10120240480961924
3993,0.5561281337047354,0.10142749812171299
3994,0.556267409470752,0.1014021031547321
3995,0.5564066852367688,0.10137672090112641
3996,0.5565459610027855,0.10135135135135136
3997,0.5566852367688022,0.10157618213660245
3998,0.5568245125348189,0.10155077538769385
3999,0.5569637883008357,0.10152538134533634
4000,0.5571030640668524,0.1015
4001,0.5572423398328691,0.10147463134216446
4002,0.5573816155988858,0.10144927536231885
4003,0.5575208913649025,0.10142393205096178
4004,0.5576601671309193,0.10139860139860139
4005,0.557799442896936,0.10137328339575531
4006,0.5579387186629526,0.10134797803295058
4007,0.5580779944289693,0.10132268530072373
4008,0.5582172701949861,0.10129740518962076
4009,0.5583565459610028,0.10127213769019705
4010,0.5584958217270195,0.10149625935162095
4011,0.5586350974930362,0.10172026925953627
4012,0.5587743732590529,0.1016949152542373
4013,0.5589136490250697,0.10166957388487416
4014,0.5590529247910864,0.10164424514200299
4015,0.5591922005571031,0.1016189290161893
4016,0.5593314763231197,0.10159362549800798
4017,0.5594707520891364,0.10156833457804332
4018,0.5596100278551532,0.101543056246889
4019,0.5597493036211699,0.10151779049514804
4020,0.5598885793871866,0.10149253731343283
4021,0.5600278551532033,0.10146729669236508
4022,0.5601671309192201,0.10144206862257583
4023,0.5603064066852368,0.10141685309470544
4024,0.5604456824512535,0.10139165009940358
4025,0.5605849582172702,0.1013664596273292
4026,0.5607242339832869,0.10134128166915052
4027,0.5608635097493037,0.10131611621554507
4028,0.5610027855153203,0.1012909632571996
4029,0.561142061281337,0.10126582278481013
4030,0.5612813370473537,0.10124069478908189
4031,0.5614206128133705,0.10121557926072934
4032,0.5615598885793872,0.10119047619047619
4033,0.5616991643454039,0.1011653855690553
4034,0.5618384401114206,0.10114030738720872
4035,0.5619777158774373,0.10111524163568773
4036,0.5621169916434541,0.10133795837462835
4037,0.5622562674094708,0.10131285608124845
4038,0.5623955431754875,0.10128776622090144
4039,0.5625348189415041,0.10126268878435256
4040,0.5626740947075209,0.10148514851485149
4041,0.5628133704735376,0.10146003464488988
4042,0.5629526462395543,0.10143493320138545
4043,0.563091922005571,0.10140984417511749
4044,0.5632311977715877,0.10138476755687438
4045,0.5633704735376045,0.10160692212608158
4046,0.5635097493036212,0.10158180919426595
4047,0.5636490250696379,0.10155670867309118
4048,0.5637883008356546,0.10153162055335968
4049,0.5639275766016713,0.10150654482588294
4050,0.564066852367688,0.1017283950617284
4051,0.5642061281337047,0.10170328313996545
4052,0.5643454038997214,0.1016781836130306
4053,0.5644846796657381,0.10165309647174932
4054,0.5646239554317549,0.10162802170695609
4055,0.5647632311977716,0.10160295930949445
4056,0.5649025069637883,0.10157790927021697
4057,0.565041782729805,0.10155287157998522
4058,0.5651810584958217,0.10177427304090685
4059,0.5653203342618385,0.10174919931017493
4060,0.5654596100278552,0.10172413793103448
4061,0.5655988857938719,0.101699088894361
4062,0.5657381615598885,0.1016740521910389
4063,0.5658774373259053,0.1016490278119616
4064,0.566016713091922,0.1016240157480315
4065,0.5661559888579387,0.1015990159901599
4066,0.5662952646239554,0.1015740285292671
4067,0.5664345403899721,0.10154905335628227
4068,0.5665738161559889,0.10152409046214356
4069,0.5667130919220056,0.10149913983779799
4070,0.5668523676880223,0.10147420147420147
4071,0.566991643454039,0.10144927536231885
4072,0.5671309192200558,0.10142436149312377
4073,0.5672701949860725,0.10164497913086178
4074,0.5674094707520891,0.101620029455081
4075,0.5675487465181058,0.10159509202453988
4076,0.5676880222841225,0.10181550539744848
4077,0.5678272980501393,0.10179053225410842
4078,0.567966573816156,0.10176557135850907
4079,0.5681058495821727,0.10174062270164257
4080,0.5682451253481894,0.1017156862745098
4081,0.5683844011142062,0.10169076206812055
4082,0.5685236768802229,0.10166585007349338
4083,0.5686629526462396,0.10164095028165565
4084,0.5688022284122562,0.10161606268364348
4085,0.5689415041782729,0.10159118727050184
4086,0.5690807799442897,0.10156632403328439
4087,0.5692200557103064,0.10154147296305359
4088,0.5693593314763231,0.10151663405088063
4089,0.5694986072423398,0.10149180728784545
4090,0.5696378830083565,0.10171149144254278
4091,0.5697771587743733,0.10168662918601809
4092,0.56991643454039,0.10166177908113393
4093,0.5700557103064067,0.10188126068898119
4094,0.5701949860724234,0.10210063507572056
4095,0.5703342618384402,0.10207570207570207
4096,0.5704735376044568,0.10205078125
4097,0.5706128133704735,0.10202587258969978
4098,0.5707520891364902,0.10200097608589556
4099,0.5708913649025069,0.10197609172969017
4100,0.5710306406685237,0.10195121951219512
4101,0.5711699164345404,0.1019263594245306
4102,0.5713091922005571,0.10190151145782544
4103,0.5714484679665738,0.10187667560321716
4104,0.5715877437325906,0.10185185185185185
4105,0.5717270194986073,0.10182704019488428
4106,0.571866295264624,0.10180224062347784
4107,0.5720055710306406,0.10202093985877769
4108,0.5721448467966573,0.10199610516066213
4109,0.5722841225626741,0.1019712825504989
4110,0.5724233983286908,0.10194647201946472
4111,0.5725626740947075,0.10192167355874483
4112,0.5727019498607242,0.10189688715953307
4113,0.572841225626741,0.10187211281303185
4114,0.5729805013927577,0.10184735051045211
4115,0.5731197771587744,0.10182260024301337
4116,0.5732590529247911,0.10179786200194363
4117,0.5733983286908078,0.10177313577847948
4118,0.5735376044568246,0.10174842156386596
4119,0.5736768802228412,0.10172371934935664
4120,0.5738161559888579,0.10169902912621359
4121,0.5739554317548746,0.10167435088570735
4122,0.5740947075208913,0.10164968461911693
4123,0.5742339832869081,0.10186757215619695
4124,0.5743732590529248,0.10184287099903007
4125,0.5745125348189415,0.10206060606060606
4126,0.5746518105849582,0.10203587009209888
4127,0.574791086350975,0.10225345287133511
4128,0.5749303621169917,0.10222868217054264
4129,0.5750696378830084,0.10220392346815209
4130,0.575208913649025,0.10217917675544794
4131,0.5753481894150417,0.10215444202372306
4132,0.5754874651810585,0.1021297192642788
4133,0.5756267409470752,0.10210500846842488
4134,0.5757660167130919,0.10208030962747944
4135,0.5759052924791086,0.10205562273276904
4136,0.5760445682451254,0.10203094777562863
4137,0.5761838440111421,0.1020062847474015
4138,0.5763231197771588,0.10222329627839535
4139,0.5764623955431755,0.10219859869533704
4140,0.5766016713091922,0.10217391304347827
4141,0.576740947075209,0.10214923931417531
4142,0.5768802228412256,0.10212457749879285
4143,0.5770194986072423,0.10209992758870384
4144,0.577158774373259,0.10207528957528958
4145,0.5772980501392758,0.10205066344993968
4146,0.5774373259052925,0.1020260492040521
4147,0.5775766016713092,0.10200144682903303
4148,0.5777158774373259,0.10197685631629701
4149,0.5778551532033426,0.1019522776572668
4150,0.5779944289693594,0.1019277108433735
4151,0.5781337047353761,0.10190315586605637
4152,0.5782729805013928,0.101878612716763
4153,0.5784122562674094,0.1018540813869492
4154,0.5785515320334261,0.10182956186807895
4155,0.5786908077994429,0.10180505415162455
4156,0.5788300835654596,0.10202117420596728
4157,0.5789693593314763,0.10199663218667308
4158,0.579108635097493,0.10221260221260221
4159,0.5792479108635098,0.10218802596778072
4160,0.5793871866295265,0.10216346153846154
4161,0.5795264623955432,0.10237923576063446
4162,0.5796657381615599,0.1023546371936569
4163,0.5798050139275766,0.10233005044439106
4164,0.5799442896935934,0.10230547550432277
4165,0.58008356545961,0.10228091236494598
4166,0.5802228412256267,0.10225636101776284
4167,0.5803621169916434,0.10223182145428365
4168,0.5805013927576602,0.10220729366602688
4169,0.5806406685236769,0.10218277764451907
4170,0.5807799442896936,0.10215827338129496
4171,0.5809192200557103,0.10213378086789739
4172,0.581058495821727,0.10234899328859061
4173,0.5811977715877438,0.10232446681044811
4174,0.5813370473537605,0.10253953042644945
4175,0.5814763231197771,0.10251497005988024
4176,0.5816155988857938,0.1024904214559387
4177,0.5817548746518106,0.10246588460617669
4178,0.5818941504178273,0.10268070847295356
4179,0.582033426183844,0.10289542952859536
4180,0.5821727019498607,0.10287081339712918
4181,0.5823119777158774,0.10308538627122697
4182,0.5824512534818942,0.10306073648971784
4183,0.5825905292479109,0.1030360984939039
4184,0.5827298050139276,0.10301147227533461
4185,0.5828690807799443,0.1029868578255675
4186,0.583008356545961,0.10296225513616818
4187,0.5831476323119777,0.10317649868641032
4188,0.5832869080779944,0.10315186246418338
4189,0.5834261838440111,0.10312723800429696
4190,0.5835654596100278,0.10310262529832935
4191,0.5837047353760446,0.10307802433786686
4192,0.5838440111420613,0.10305343511450382
4193,0.583983286908078,0.10326735034581445
4194,0.5841225626740947,0.10324272770624703
4195,0.5842618384401114,0.1032181168057211
4196,0.5844011142061282,0.10343183984747378
4197,0.5845403899721449,0.10340719561591613
4198,0.5846796657381615,0.10338256312529776
4199,0.5848189415041782,0.1033579423672303
4200,0.584958217270195,0.10333333333333333
4201,0.5850974930362117,0.10330873601523446
4202,0.5852367688022284,0.10328415040456926
4203,0.5853760445682451,0.1032595764929812
4204,0.5855153203342618,0.10323501427212178
4205,0.5856545961002786,0.10321046373365042
4206,0.5857938718662953,0.10318592486923443
4207,0.585933147632312,0.10316139767054909
4208,0.5860724233983287,0.10313688212927756
4209,0.5862116991643455,0.10311237823711095
4210,0.5863509749303621,0.10332541567695962
4211,0.5864902506963788,0.10353835193540727
4212,0.5866295264623955,0.10375118708452041
4213,0.5867688022284122,0.10372656064562069
4214,0.586908077994429,0.10370194589463692
4215,0.5870473537604457,0.10367734282325029
4216,0.5871866295264624,0.1038899430740038
4217,0.5873259052924791,0.1038653070903486
4218,0.5874651810584958,0.10384068278805121
4219,0.5876044568245126,0.10381607015880541
4220,0.5877437325905293,0.10402843601895735
4221,0.5878830083565459,0.10424070125562662
4222,0.5880222841225626,0.10421601136901942
4223,0.5881615598885794,0.10419133317546768
4224,0.5883008356545961,0.10416666666666667
4225,0.5884401114206128,0.10414201183431952
4226,0.5885793871866295,0.10411736867013724
4227,0.5887186629526462,0.10409273716583865
4228,0.588857938718663,0.10406811731315042
4229,0.5889972144846797,0.10427997162449752
4230,0.5891364902506964,0.10425531914893617
4231,0.589275766016713,0.10423067832663672
4232,0.5894150417827299,0.10420604914933837
4233,0.5895543175487465,0.1041814316087881
4234,0.5896935933147632,0.10415682569674067
4235,0.5898328690807799,0.10413223140495868
4236,0.5899721448467966,0.10410764872521247
4237,0.5901114206128134,0.10431909369837149
4238,0.5902506963788301,0.10429447852760736
4239,0.5903899721448468,0.10426987497051192
4240,0.5905292479108635,0.10424528301886793
4241,0.5906685236768803,0.10422070266446593
4242,0.590807799442897,0.10419613389910419
4243,0.5909470752089137,0.10417157671458874
4244,0.5910863509749303,0.10414703110273327
4245,0.591225626740947,0.10412249705535924
4246,0.5913649025069638,0.10409797456429581
4247,0.5915041782729805,0.1040734636213798
4248,0.5916434540389972,0.10404896421845575
4249,0.5917827298050139,0.10402447634737585
4250,0.5919220055710307,0.104
4251,0.5920612813370474,0.10397553516819572
4252,0.5922005571030641,0.1039510818438382
4253,0.5923398328690808,0.10392664001881025
4254,0.5924791086350975,0.10413728255759286
4255,0.5926183844011143,0.10411280846063455
4256,0.5927576601671309,0.10408834586466166
4257,0.5928969359331476,0.10406389476156919
4258,0.5930362116991643,0.10427430718647253
4259,0.593175487465181,0.1044846208030054
4260,0.5933147632311978,0.10446009389671361
4261,0.5934540389972145,0.1044355785026989
4262,0.5935933147632312,0.10441107461285781
4263,0.5937325905292479,0.10438658221909454
4264,0.5938718662952647,0.10436210131332083
4265,0.5940111420612814,0.10433763188745604
4266,0.594150417827298,0.1043131739334271
4267,0.5942896935933147,0.1042887274431685
4268,0.5944289693593314,0.10426429240862231
4269,0.5945682451253482,0.10423986882173811
4270,0.5947075208913649,0.10421545667447307
4271,0.5948467966573816,0.10419105595879186
4272,0.5949860724233983,0.10416666666666667
4273,0.5951253481894151,0.10414228879007723
4274,0.5952646239554318,0.10411792232101076
4275,0.5954038997214485,0.10409356725146199
4276,0.5955431754874652,0.10406922357343311
4277,0.5956824512534818,0.10404489127893383
4278,0.5958217270194986,0.1042543244506779
4279,0.5959610027855153,0.10446365973358261
4280,0.596100278551532,0.1044392523364486
4281,0.5962395543175487,0.10441485634197617
4282,0.5963788300835655,0.10439047174217655
4283,0.5965181058495822,0.1043660985290684
4284,0.5966573816155989,0.10457516339869281
4285,0.5967966573816156,0.10455075845974329
4286,0.5969359331476323,0.10452636490900606
4287,0.5970752089136491,0.10450198273851179
4288,0.5972144846796658,0.1044776119402985
4289,0.5973537604456824,0.10445325250641176
4290,0.5974930362116991,0.10442890442890443
4291,0.5976323119777158,0.10440456769983687
4292,0.5977715877437326,0.1043802423112768
4293,0.5979108635097493,0.10435592825529932
4294,0.598050139275766,0.10433162552398696
4295,0.5981894150417827,0.10430733410942956
4296,0.5983286908077995,0.1042830540037244
4297,0.5984679665738162,0.10425878519897604
4298,0.5986072423398329,0.10423452768729642
4299,0.5987465181058496,0.10421028146080484
4300,0.5988857938718662,0.10418604651162791
4301,0.599025069637883,0.10416182283189956
4302,0.5991643454038997,0.10413761041376104
4303,0.5993036211699164,0.10411340924936091
4304,0.5994428969359331,0.10408921933085502
4305,0.5995821727019499,0.1040650406504065
4306,0.5997214484679666,0.10404087320018579
4307,0.5998607242339833,0.10401671697237055
4308,0.6,0.1042246982358403
4309,0.6001392757660167,0.10443258296588535
4310,0.6002785515320335,0.10440835266821345
4311,0.6004178272980502,0.10438413361169102
4312,0.6005571030640668,0.10435992578849722
4313,0.6006963788300835,0.10433572919081846
4314,0.6008356545961003,0.1043115438108484
4315,0.600974930362117,0.10451911935110081
4316,0.6011142061281337,0.10449490268767377
4317,0.6012534818941504,0.1044706972434561
4318,0.6013927576601671,0.1046780917091246
4319,0.6015320334261839,0.10465385505904144
4320,0.6016713091922006,0.10462962962962963
4321,0.6018105849582173,0.10460541541309883
4322,0.601949860724234,0.1045812124016659
4323,0.6020891364902506,0.10455702058755494
4324,0.6022284122562674,0.10453283996299723
4325,0.6023676880222841,0.10450867052023122
4326,0.6025069637883008,0.10448451225150254
4327,0.6026462395543175,0.1046914721516062
4328,0.6027855153203343,0.10489833641404805
4329,0.602924791086351,0.10487410487410487
4330,0.6030640668523677,0.1048498845265589
4331,0.6032033426183844,0.10482567536365735
4332,0.6033426183844011,0.10480147737765466
4333,0.6034818941504179,0.10477729056081236
4334,0.6036211699164346,0.10475311490539917
4335,0.6037604456824512,0.10472895040369089
4336,0.6038997214484679,0.10470479704797048
4337,0.6040389972144847,0.10491122896011068
4338,0.6041782729805014,0.10488704472106962
4339,0.6043175487465181,0.1048628716294077
4340,0.6044568245125348,0.10483870967741936
4341,0.6045961002785515,0.10481455885740613
4342,0.6047353760445683,0.10479041916167664
4343,0.604874651810585,0.10476629058254662
4344,0.6050139275766017,0.10474217311233885
4345,0.6051532033426184,0.1049482163406214
4346,0.6052924791086352,0.10515416474919466
4347,0.6054317548746518,0.10512997469519209
4348,0.6055710306406685,0.10510579576816928
4349,0.6057103064066852,0.10508162796045067
4350,0.6058495821727019,0.10505747126436782
4351,0.6059888579387187,0.10503332567225925
4352,0.6061281337047354,0.10500919117647059
4353,0.6062674094707521,0.10498506776935447
4354,0.6064066852367688,0.10496095544327055
4355,0.6065459610027855,0.10493685419058553
4356,0.6066852367688023,0.1049127640036731
4357,0.606824512534819,0.10488868487491393
4358,0.6069637883008356,0.10486461679669573
4359,0.6071030640668523,0.10484055976141317
4360,0.6072423398328691,0.10504587155963303
4361,0.6073816155988858,0.10525108919972484
4362,0.6075208913649025,0.10545621274644658
4363,0.6076601671309192,0.10543204217281688
4364,0.6077994428969359,0.10563703024747938
4365,0.6079387186629527,0.10561282932416953
4366,0.6080779944289694,0.10558863948694457
4367,0.6082172701949861,0.10556446072818869
4368,0.6083565459610027,0.10554029304029304
4369,0.6084958217270195,0.10551613641565576
4370,0.6086350974930362,0.10549199084668193
4371,0.6087743732590529,0.10546785632578358
4372,0.6089136490250696,0.10567246111619397
4373,0.6090529247910863,0.1058769723302081
4374,0.6091922005571031,0.1058527663465935
4375,0.6093314763231198,0.10582857142857142
4376,0.6094707520891365,0.10580438756855576
4377,0.6096100278551532,0.10578021475896733
4378,0.60974930362117,0.1057560529922339
4379,0.6098885793871867,0.10573190226079013
4380,0.6100278551532033,0.10570776255707763
4381,0.61016713091922,0.10568363387354485
4382,0.6103064066852367,0.1056595162026472
4383,0.6104456824512535,0.10563540953684691
4384,0.6105849582172702,0.10561131386861314
4385,0.6107242339832869,0.10558722919042189
4386,0.6108635097493036,0.10556315549475605
4387,0.6110027855153203,0.10553909277410531
4388,0.6111420612813371,0.10551504102096627
4389,0.6112813370473538,0.10549100022784233
4390,0.6114206128133705,0.10546697038724373
4391,0.6115598885793871,0.10544295149168754
4392,0.611699164345404,0.10541894353369763
4393,0.6118384401114206,0.10562258137946734
4394,0.6119777158774373,0.10559854346836596
4395,0.612116991643454,0.1055745164960182
4396,0.6122562674094707,0.10555050045495905
4397,0.6123955431754875,0.10552649533773027
4398,0.6125348189415042,0.10572987721691678
4399,0.6126740947075209,0.10570584223687202
4400,0.6128133704735376,0.10568181818181818
4401,0.6129526462395544,0.1056578050443081
4402,0.613091922005571,0.1056338028169014
4403,0.6132311977715877,0.10560981149216443
4404,0.6133704735376044,0.1055858310626703
4405,0.6135097493036211,0.10556186152099886
4406,0.6136490250696379,0.10553790285973673
4407,0.6137883008356546,0.10551395507147719
4408,0.6139275766016713,0.10549001814882032
4409,0.614066852367688,0.10546609208437287
4410,0.6142061281337048,0.1056689342403628
4411,0.6143454038997215,0.10564497846293358
4412,0.6144846796657382,0.1056210335448776
4413,0.6146239554317549,0.1055970994788126
4414,0.6147632311977715,0.10557317625736294
4415,0.6149025069637883,0.10554926387315969
4416,0.615041782729805,0.10552536231884058
4417,0.6151810584958217,0.10550147158705003
4418,0.6153203342618384,0.10547759167043912
4419,0.6154596100278552,0.10545372256166553
4420,0.6155988857938719,0.10542986425339367
4421,0.6157381615598886,0.1054060167382945
4422,0.6158774373259053,0.10538218000904569
4423,0.616016713091922,0.10535835405833145
4424,0.6161559888579388,0.10533453887884267
4425,0.6162952646239555,0.10531073446327684
4426,0.6164345403899721,0.10528694080433801
4427,0.6165738161559888,0.10526315789473684
4428,0.6167130919220055,0.10546522131887985
4429,0.6168523676880223,0.10566719349740347
4430,0.616991643454039,0.10564334085778782
4431,0.6171309192200557,0.10561949898442789
4432,0.6172701949860724,0.1055956678700361
4433,0.6174094707520892,0.10557184750733138
4434,0.6175487465181059,0.10554803788903924
4435,0.6176880222841226,0.10574971815107102
4436,0.6178272980501393,0.10595130748422002
4437,0.6179665738161559,0.10592742844264143
4438,0.6181058495821727,0.10590356016223525
4439,0.6182451253481894,0.10587970263572877
4440,0.6183844011142061,0.10585585585585586
4441,0.6185236768802228,0.1058320198153569
4442,0.6186629526462396,0.10580819450697884
4443,0.6188022284122563,0.10600945307224847
4444,0.618941504178273,0.10598559855985598
4445,0.6190807799442897,0.10596175478065242
4446,0.6192200557103064,0.10616284300494827
4447,0.6193593314763232,0.10613897009219699
4448,0.6194986072423398,0.10633992805755396
4449,0.6196378830083565,0.1063160260732749
4450,0.6197771587743732,0.10651685393258427
4451,0.61991643454039,0.10649292293866547
4452,0.6200557103064067,0.10646900269541779
4453,0.6201949860724234,0.10644509319559847
4454,0.6203342618384401,0.10642119443197126
4455,0.6204735376044568,0.1063973063973064
4456,0.6206128133704736,0.1063734290843806
4457,0.6207520891364903,0.10634956248597711
4458,0.620891364902507,0.1063257065948856
4459,0.6210306406685236,0.10630186140390221
4460,0.6211699164345403,0.10627802690582959
4461,0.6213091922005571,0.1062542030934768
4462,0.6214484679665738,0.10623038995965935
4463,0.6215877437325905,0.10620658749719919
4464,0.6217270194986072,0.10618279569892473
4465,0.621866295264624,0.10638297872340426
4466,0.6220055710306407,0.10635915808329602
4467,0.6221448467966574,0.10633534810835012
4468,0.6222841225626741,0.10631154879140554
4469,0.6224233983286908,0.10628776012530768
4470,0.6225626740947076,0.10626398210290827
4471,0.6227019498607242,0.10624021471706553
4472,0.6228412256267409,0.10644007155635063
4473,0.6229805013927576,0.10641627543035993
4474,0.6231197771587744,0.10661600357621814
4475,0.6232590529247911,0.10659217877094972
4476,0.6233983286908078,0.10656836461126006
4477,0.6235376044568245,0.10654456109001563
4478,0.6236768802228412,0.10652076820008932
4479,0.623816155988858,0.10649698593436034
4480,0.6239554317548747,0.10647321428571428
4481,0.6240947075208914,0.10644945324704307
4482,0.624233983286908,0.10642570281124498
4483,0.6243732590529248,0.10662502788311398
4484,0.6245125348189415,0.10660124888492417
4485,0.6246518105849582,0.10657748049052397
4486,0.6247910863509749,0.10655372269282211
4487,0.6249303621169916,0.10652997548473367
4488,0.6250696378830084,0.10650623885918004
4489,0.6252089136490251,0.10648251280908888
4490,0.6253481894150418,0.1064587973273942
4491,0.6254874651810585,0.10643509240703629
4492,0.6256267409470752,0.10641139804096171
4493,0.625766016713092,0.1063877142221233
4494,0.6259052924791086,0.10636404094348019
4495,0.6260445682451253,0.10634037819799777
4496,0.626183844011142,0.1065391459074733
4497,0.6263231197771588,0.10651545474760951
4498,0.6264623955431755,0.10649177412183193
4499,0.6266016713091922,0.10646810402311625
4500,0.6267409470752089,0.10666666666666667
4501,0.6268802228412256,0.10664296822928238
4502,0.6270194986072424,0.1068414038205242
4503,0.6271587743732591,0.1070397512769265
4504,0.6272980501392758,0.1072380106571936
4505,0.6274373259052924,0.1072142064372919
4506,0.6275766016713092,0.10719041278295606
4507,0.6277158774373259,0.10716662968715332
4508,0.6278551532033426,0.10714285714285714
4509,0.6279944289693593,0.10711909514304724
4510,0.628133704735376,0.10709534368070954
4511,0.6282729805013928,0.10707160274883618
4512,0.6284122562674095,0.10704787234042554
4513,0.6285515320334262,0.1072457345446488
4514,0.6286908077994429,0.10744350908285334
4515,0.6288300835654597,0.10741971207087486
4516,0.6289693593314764,0.10739592559787423
4517,0.629108635097493,0.10737214965685189
4518,0.6292479108635097,0.10734838424081453
4519,0.6293871866295264,0.10732462934277495
4520,0.6295264623955432,0.1075221238938053
4521,0.6296657381615599,0.1074983410749834
4522,0.6298050139275766,0.10769570986289252
4523,0.6299442896935933,0.10767189918195888
4524,0.63008356545961,0.10764809902740938
4525,0.6302228412256268,0.1076243093922652
4526,0.6303621169916435,0.10782147591692444
4527,0.6305013927576602,0.10779765849348354
4528,0.6306406685236768,0.10777385159010601
4529,0.6307799442896936,0.10775005519982336
4530,0.6309192200557103,0.10772626931567329
4531,0.631058495821727,0.10770249393069962
4532,0.6311977715877437,0.10767872903795234
4533,0.6313370473537604,0.10765497463048754
4534,0.6314763231197772,0.10763123070136744
4535,0.6316155988857939,0.10760749724366042
4536,0.6317548746518106,0.1078042328042328
4537,0.6318941504178273,0.10778047167731981
4538,0.6320334261838441,0.10775672102247687
4539,0.6321727019498607,0.10773298083278256
4540,0.6323119777158774,0.10792951541850221
4541,0.6324512534818941,0.10790574763268003
4542,0.6325905292479108,0.10788199031263761
4543,0.6327298050139276,0.10785824345146379
4544,0.6328690807799443,0.10805457746478873
4545,0.633008356545961,0.10803080308030803
4546,0.6331476323119777,0.10800703915530137
4547,0.6332869080779945,0.10820321090829119
4548,0.6334261838440112,0.10817941952506596
4549,0.6335654596100279,0.10815563860189052
4550,0.6337047353760445,0.10813186813186813
4551,0.6338440111420612,0.10810810810810811
4552,0.633983286908078,0.10808435852372583
4553,0.6341225626740947,0.10806061937184275
4554,0.6342618384401114,0.1080368906455863
4555,0.6344011142061281,0.10823271130625686
4556,0.6345403899721448,0.10842844600526778
4557,0.6346796657381616,0.10862409479921001
4558,0.6348189415041783,0.10860026327336551
4559,0.634958217270195,0.10857644220223733
4560,0.6350974930362117,0.10855263157894737
4561,0.6352367688022285,0.10874808156106117
4562,0.6353760445682451,0.10872424375274002
4563,0.6355153203342618,0.10870041639272408
4564,0.6356545961002785,0.10889570552147239
4565,0.6357938718662952,0.10887185104052574
4566,0.635933147632312,0.10906701708278581
4567,0.6360724233983287,0.109043135537552
4568,0.6362116991643454,0.10901926444833625
4569,0.6363509749303621,0.10899540380827315
4570,0.6364902506963789,0.10897155361050329
4571,0.6366295264623956,0.10916648435790856
4572,0.6367688022284123,0.10936132983377078
4573,0.636908077994429,0.10933741526350317
4574,0.6370473537604456,0.10931351114997814
4575,0.6371866295264624,0.1092896174863388
4576,0.6373259052924791,0.10926573426573427
4577,0.6374651810584958,0.10924186148131965
4578,0.6376044568245125,0.109217999126256
4579,0.6377437325905293,0.10919414719371041
4580,0.637883008356546,0.1091703056768559
4581,0.6380222841225627,0.10914647456887143
4582,0.6381615598885794,0.10912265386294194
4583,0.638300835654596,0.10909884355225835
4584,0.6384401114206129,0.10907504363001745
4585,0.6385793871866295,0.10905125408942203
4586,0.6387186629526462,0.10902747492368077
4587,0.6388579387186629,0.10900370612600828
4588,0.6389972144846797,0.10897994768962511
4589,0.6391364902506964,0.1091741120069732
4590,0.6392757660167131,0.10915032679738562
4591,0.6394150417827298,0.10934436941842736
4592,0.6395543175487465,0.1093205574912892
4593,0.6396935933147633,0.10929675593294143
4594,0.63983286908078,0.10949063996517196
4595,0.6399721448467967,0.10946681175190424
4596,0.6401114206128133,0.10944299390774587
4597,0.64025069637883,0.10941918642592996
4598,0.6403899721448468,0.10939538929969551
4599,0.6405292479108635,0.10937160252228745
4600,0.6406685236768802,0.10934782608695652
4601,0.6408077994428969,0.10932405998695936
4602,0.6409470752089137,0.10930030421555845
4603,0.6410863509749304,0.10949380838583532
4604,0.6412256267409471,0.10947002606429192
4605,0.6413649025069638,0.10966340933767643
4606,0.6415041782729805,0.10985670864090318
4607,0.6416434540389973,0.1098328630345127
4608,0.6417827298050139,0.10980902777777778
4609,0.6419220055710306,0.10978520286396182
4610,0.6420612813370473,0.10997830802603037
4611,0.6422005571030641,0.1099544567338972
4612,0.6423398328690808,0.10993061578490894
4613,0.6424791086350975,0.11012356384131801
4614,0.6426183844011142,0.11009969657563935
4615,0.6427576601671309,0.11029252437703142
4616,0.6428969359331477,0.11048526863084922
4617,0.6430362116991644,0.11046133853151396
4618,0.643175487465181,0.1104374187960156
4619,0.6433147632311977,0.11041350941762286
4620,0.6434540389972145,0.11038961038961038
4621,0.6435933147632312,0.11058212508115127
4622,0.6437325905292479,0.11077455646906101
4623,0.6438718662952646,0.11075059485182782
4624,0.6440111420612813,0.11072664359861592
4625,0.6441504178272981,0.1107027027027027
4626,0.6442896935933148,0.11067877215737137
4627,0.6444289693593315,0.11065485195591096
4628,0.6445682451253482,0.11084701815038894
4629,0.6447075208913648,0.11082307193778354
4630,0.6448467966573816,0.11101511879049676
4631,0.6449860724233983,0.1109911466206003
4632,0.645125348189415,0.1109671848013817
4633,0.6452646239554317,0.11094323332613858
4634,0.6454038997214485,0.11091929218817437
4635,0.6455431754874652,0.11089536138079828
4636,0.6456824512534819,0.11087144089732529
4637,0.6458217270194986,0.11084753073107613
4638,0.6459610027855153,0.11082363087537732
4639,0.6461002785515321,0.11079974132356112
4640,0.6462395543175488,0.11077586206896552
4641,0.6463788300835654,0.11075199310493428
4642,0.6465181058495821,0.1107281344248169
4643,0.6466573816155989,0.11070428602196855
4644,0.6467966573816156,0.11089577950043067
4645,0.6469359331476323,0.1108719052744887
4646,0.647075208913649,0.11084804132587171
4647,0.6472144846796657,0.11082418764794491
4648,0.6473537604456825,0.11080034423407917
4649,0.6474930362116992,0.1107765110776511
4650,0.6476323119777159,0.110752688172043
4651,0.6477715877437326,0.11094388303590626
4652,0.6479108635097494,0.11092003439380911
4653,0.648050139275766,0.1111111111111111
4654,0.6481894150417827,0.1110872367855608
4655,0.6483286908077994,0.11106337271750806
4656,0.6484679665738161,0.11103951890034364
4657,0.6486072423398329,0.11101567532746404
4658,0.6487465181058496,0.11099184199227136
4659,0.6488857938718663,0.11096801888817343
4660,0.649025069637883,0.11094420600858369
4661,0.6491643454038997,0.11092040334692126
4662,0.6493036211699165,0.1111111111111111
4663,0.6494428969359332,0.1110872828651083
4664,0.6495821727019498,0.11106346483704975
4665,0.6497214484679665,0.11103965702036442
4666,0.6498607242339833,0.11101585940848693
4667,0.65,0.11099207199485751
4668,0.6501392757660167,0.11096829477292203
4669,0.6502785515320334,0.11115870636110516
4670,0.6504178272980501,0.11113490364025697
4671,0.6505571030640669,0.1111111111111111
4672,0.6506963788300836,0.1113013698630137
4673,0.6508356545961003,0.11127755189385834
4674,0.650974930362117,0.11125374411638853
4675,0.6511142061281338,0.11122994652406418
4676,0.6512534818941504,0.11120615911035073
4677,0.6513927576601671,0.11118238186871926
4678,0.6515320334261838,0.11115861479264642
4679,0.6516713091922005,0.11134857875614447
4680,0.6518105849582173,0.11132478632478632
4681,0.651949860724234,0.11151463362529374
4682,0.6520891364902507,0.11149081589064502
4683,0.6522284122562674,0.11168054665812513
4684,0.6523676880222842,0.11165670367207516
4685,0.6525069637883009,0.11163287086446104
4686,0.6526462395543176,0.11160904822876654
4687,0.6527855153203342,0.11158523575848091
4688,0.6529247910863509,0.11156143344709897
4689,0.6530640668523677,0.11153764128812113
4690,0.6532033426183844,0.1115138592750533
4691,0.6533426183844011,0.11149008740140695
4692,0.6534818941504178,0.11146632566069906
4693,0.6536211699164345,0.11144257404645216
4694,0.6537604456824513,0.11141883255219429
4695,0.653899721448468,0.11160809371671991
4696,0.6540389972144847,0.11179727427597956
4697,0.6541782729805014,0.11177347242921014
4698,0.6543175487465182,0.11174968071519796
4699,0.6544568245125348,0.11172589912747392
4700,0.6545961002785515,0.11170212765957446
4701,0.6547353760445682,0.11189108700276537
4702,0.6548746518105849,0.1118672905146746
4703,0.6550139275766017,0.1118435041462896
4704,0.6551532033426184,0.11181972789115646
4705,0.6552924791086351,0.11200850159404889
4706,0.6554317548746518,0.11198470038249043
4707,0.6555710306406686,0.11196090928404503
4708,0.6557103064066853,0.11193712829226848
4709,0.655849582172702,0.11191335740072202
4710,0.6559888579387186,0.1118895966029724
4711,0.6561281337047353,0.11207811504988326
4712,0.6562674094707521,0.11205432937181664
4713,0.6564066852367688,0.11203055378739657
4714,0.6565459610027855,0.1120067882901994
4715,0.6566852367688022,0.11219512195121951
4716,0.656824512534819,0.11238337574215437
4717,0.6569637883008357,0.11235955056179775
4718,0.6571030640668524,0.11233573548113608
4719,0.6572423398328691,0.11231193049374867
4720,0.6573816155988857,0.1125
4721,0.6575208913649025,0.11268798983266257
4722,0.6576601671309192,0.11266412537060568
4723,0.6577994428969359,0.1126402710141859
4724,0.6579387186629526,0.1126164267569856
4725,0.6580779944289693,0.11259259259259259
4726,0.6582172701949861,0.11256876851460008
4727,0.6583565459610028,0.11275650518299132
4728,0.6584958217270195,0.1127326565143824
4729,0.6586350974930362,0.1127088179319095
4730,0.658774373259053,0.11268498942917547
4731,0.6589136490250697,0.11266117099978863
4732,0.6590529247910863,0.11263736263736264
4733,0.659192200557103,0.11261356433551659
4734,0.6593314763231197,0.11258977608787495
4735,0.6594707520891365,0.11256599788806758
4736,0.6596100278551532,0.11254222972972973
4737,0.6597493036211699,0.11251847160650201
4738,0.6598885793871866,0.1124947235120304
4739,0.6600278551532034,0.11247098543996624
4740,0.6601671309192201,0.11244725738396624
4741,0.6603064066852368,0.11242353933769247
4742,0.6604456824512535,0.11239983129481232
4743,0.6605849582172701,0.11237613324899852
4744,0.660724233983287,0.11235244519392917
4745,0.6608635097493036,0.1125395152792413
4746,0.6610027855153203,0.1125158027812895
4747,0.661142061281337,0.11249210027385717
4748,0.6612813370473538,0.11246840775063184
4749,0.6614206128133705,0.11244472520530638
4750,0.6615598885793872,0.11242105263157895
4751,0.6616991643454039,0.11239739002315302
4752,0.6618384401114206,0.11237373737373738
4753,0.6619777158774374,0.11235009467704607
4754,0.6621169916434541,0.11232646192679849
4755,0.6622562674094707,0.11230283911671925
4756,0.6623955431754874,0.11248948696383515
4757,0.6625348189415042,0.11246583981500946
4758,0.6626740947075209,0.11244220260613703
4759,0.6628133704735376,0.11262870350914057
4760,0.6629526462395543,0.11260504201680673
4761,0.663091922005571,0.11258139046418819
4762,0.6632311977715878,0.1125577488450231
4763,0.6633704735376045,0.1125341171530548
4764,0.6635097493036212,0.11251049538203191
4765,0.6636490250696379,0.11248688352570829
4766,0.6637883008356545,0.1126731011330256
4767,0.6639275766016713,0.11285924061254458
4768,0.664066852367688,0.11283557046979865
4769,0.6642061281337047,0.11281191025372195
4770,0.6643454038997214,0.11278825995807128
4771,0.6644846796657382,0.11276461957660867
4772,0.6646239554317549,0.11274098910310143
4773,0.6647632311977716,0.11292688036874084
4774,0.6649025069637883,0.11290322580645161
4775,0.665041782729805,0.1130890052356021
4776,0.6651810584958218,0.11306532663316583
4777,0.6653203342618385,0.11304165794431652
4778,0.6654596100278551,0.11301799916282963
4779,0.6655988857938718,0.11299435028248588
4780,0.6657381615598886,0.11297071129707113
4781,0.6658774373259053,0.11294708220037648
4782,0.666016713091922,0.11292346298619825
4783,0.6661559888579387,0.11289985364833786
4784,0.6662952646239554,0.112876254180602
4785,0.6664345403899722,0.11285266457680251
4786,0.6665738161559889,0.11282908483075638
4787,0.6667130919220056,0.11280551493628578
4788,0.6668523676880223,0.11278195488721804
4789,0.666991643454039,0.11296721653789936
4790,0.6671309192200557,0.11294363256784969
4791,0.6672701949860724,0.11292005844291379
4792,0.6674094707520891,0.11289649415692822
4793,0.6675487465181058,0.11287293970373462
4794,0.6676880222841226,0.11284939507717981
4795,0.6678272980501393,0.11282586027111574
4796,0.667966573816156,0.11301084236864054
4797,0.6681058495821727,0.11298728371899104
4798,0.6682451253481894,0.1129637348895373
4799,0.6683844011142062,0.11294019587414045
4800,0.6685236768802229,0.113125
4801,0.6686629526462395,0.11310143720058322
4802,0.6688022284122562,0.11307788421491045
4803,0.668941504178273,0.11305434103685197
4804,0.6690807799442897,0.1130308076602831
4805,0.6692200557103064,0.11321540062434964
4806,0.6693593314763231,0.11339991677070328
4807,0.6694986072423398,0.1133763261909715
4808,0.6696378830083566,0.11356073211314476
4809,0.6697771587743733,0.11353711790393013
4810,0.66991643454039,0.11351351351351352
4811,0.6700557103064066,0.11348991893577219
4812,0.6701949860724234,0.11346633416458853
4813,0.6703342618384401,0.11344275919385
4814,0.6704735376044568,0.11362692147901952
4815,0.6706128133704735,0.11360332294911735
4816,0.6707520891364902,0.1135797342192691
4817,0.670891364902507,0.11355615528337139
4818,0.6710306406685237,0.11353258613532587
4819,0.6711699164345404,0.11350902676903922
4820,0.6713091922005571,0.11369294605809128
4821,0.6714484679665739,0.11366936320265505
4822,0.6715877437325906,0.11364579012857735
4823,0.6717270194986072,0.113622226829774
4824,0.6718662952646239,0.11359867330016583
4825,0.6720055710306406,0.11357512953367875
4826,0.6721448467966574,0.11355159552424368
4827,0.6722841225626741,0.11352807126579656
4828,0.6724233983286908,0.11350455675227837
4829,0.6725626740947075,0.11348105197763513
4830,0.6727019498607242,0.1134575569358178
4831,0.672841225626741,0.11364106810184227
4832,0.6729805013927577,0.11361754966887418
4833,0.6731197771587744,0.11359404096834265
4834,0.673259052924791,0.1135705419942077
4835,0.6733983286908078,0.11375387797311272
4836,0.6735376044568245,0.11373035566583954
4837,0.6736768802228412,0.11370684308455654
4838,0.6738161559888579,0.11368334022323275
4839,0.6739554317548746,0.11365984707584212
4840,0.6740947075208914,0.11384297520661157
4841,0.6742339832869081,0.11402602768023136
4842,0.6743732590529248,0.11420900454357703
4843,0.6745125348189415,0.11418542225893041
4844,0.6746518105849583,0.11416184971098266
4845,0.674791086350975,0.11434468524251806
4846,0.6749303621169916,0.11432108955839868
4847,0.6750696378830083,0.11429750361048072
4848,0.675208913649025,0.11427392739273927
4849,0.6753481894150418,0.11425036089915447
4850,0.6754874651810585,0.11422680412371133
4851,0.6756267409470752,0.11420325706039992
4852,0.6757660167130919,0.11417971970321517
4853,0.6759052924791087,0.11436225015454358
4854,0.6760445682451254,0.11433868974042027
4855,0.6761838440111421,0.1145211122554068
4856,0.6763231197771588,0.11449752883031301
4857,0.6764623955431754,0.11467984352480955
4858,0.6766016713091922,0.1146562371346233
4859,0.6767409470752089,0.1146326404610002
4860,0.6768802228412256,0.11460905349794238
4861,0.6770194986072423,0.1145854762394569
4862,0.677158774373259,0.11456190867955574
4863,0.6772980501392758,0.1147439851943245
4864,0.6774373259052925,0.1147203947368421
4865,0.6775766016713092,0.11469681397738951
4866,0.6777158774373259,0.11467324290998766
4867,0.6778551532033427,0.11464968152866242
4868,0.6779944289693594,0.11462612982744454
4869,0.678133704735376,0.11460258780036968
4870,0.6782729805013927,0.11457905544147844
4871,0.6784122562674094,0.11455553274481627
4872,0.6785515320334262,0.1145320197044335
4873,0.6786908077994429,0.11450851631438538
4874,0.6788300835654596,0.11448502256873205
4875,0.6789693593314763,0.11446153846153846
4876,0.6791086350974931,0.11443806398687449
4877,0.6792479108635098,0.11441459913881484
4878,0.6793871866295265,0.11459614596145962
4879,0.6795264623955432,0.11457265833162533
4880,0.6796657381615598,0.11454918032786886
4881,0.6798050139275766,0.11452571194427372
4882,0.6799442896935933,0.1145022531749283
4883,0.68008356545961,0.11468359614990785
4884,0.6802228412256267,0.11486486486486487
4885,0.6803621169916435,0.1150460593654043
4886,0.6805013927576602,0.1150225133033156
4887,0.6806406685236769,0.11499897687742991
4888,0.6807799442896936,0.11518003273322422
4889,0.6809192200557103,0.11515647371650645
4890,0.6810584958217271,0.11513292433537832
4891,0.6811977715877438,0.11510938458392966
4892,0.6813370473537604,0.11529026982829109
4893,0.6814763231197771,0.11526670754138565
4894,0.6816155988857938,0.11524315488353086
4895,0.6817548746518106,0.11521961184882533
4896,0.6818941504178273,0.11519607843137254
4897,0.682033426183844,0.11517255462528078
4898,0.6821727019498607,0.11514904042466313
4899,0.6823119777158775,0.11512553582363748
4900,0.6824512534818942,0.11530612244897959
4901,0.6825905292479109,0.11528259538869619
4902,0.6827298050139275,0.11546307629538964
4903,0.6828690807799442,0.1154395268203141
4904,0.683008356545961,0.11541598694942903
4905,0.6831476323119777,0.11559633027522936
4906,0.6832869080779944,0.11557276803913576
4907,0.6834261838440111,0.11554921540656206
4908,0.6835654596100279,0.11552567237163815
4909,0.6837047353760446,0.11550213892849867
4910,0.6838440111420613,0.1154786150712831
4911,0.683983286908078,0.11545510079413561
4912,0.6841225626740947,0.11543159609120521
4913,0.6842618384401115,0.11540810095664564
4914,0.6844011142061281,0.11538461538461539
4915,0.6845403899721448,0.11536113936927772
4916,0.6846796657381615,0.11533767290480065
4917,0.6848189415041783,0.11531421598535692
4918,0.684958217270195,0.11549410329402196
4919,0.6850974930362117,0.11567391746289896
4920,0.6852367688022284,0.11585365853658537
4921,0.6853760445682451,0.11583011583011583
4922,0.6855153203342619,0.11580658268996342
4923,0.6856545961002786,0.1157830591102986
4924,0.6857938718662953,0.11575954508529651
4925,0.685933147632312,0.11573604060913706
4926,0.6860724233983287,0.11571254567600488
4927,0.6862116991643454,0.11568906028008931
4928,0.6863509749303621,0.11566558441558442
4929,0.6864902506963788,0.11564211807668898
4930,0.6866295264623955,0.11561866125760649
4931,0.6867688022284123,0.11559521395254513
4932,0.686908077994429,0.11557177615571776
4933,0.6870473537604457,0.11575106426109873
4934,0.6871866295264624,0.11572760437778679
4935,0.6873259052924791,0.11570415400202634
4936,0.6874651810584959,0.1156807131280389
4937,0.6876044568245125,0.1158598339072311
4938,0.6877437325905292,0.11583637100040502
4939,0.6878830083565459,0.11601538773030978
4940,0.6880222841225627,0.11599190283400809
4941,0.6881615598885794,0.11596842744383729
4942,0.6883008356545961,0.11614730878186968
4943,0.6884401114206128,0.11612381145053612
4944,0.6885793871866295,0.11630258899676375
4945,0.6887186629526463,0.11627906976744186
4946,0.688857938718663,0.11625556004852405
4947,0.6889972144846797,0.11643420254699818
4948,0.6891364902506963,0.116410670978173
4949,0.6892757660167131,0.11638714891897353
4950,0.6894150417827298,0.11636363636363636
4951,0.6895543175487465,0.11634013330640275
4952,0.6896935933147632,0.11651857835218093
4953,0.6898328690807799,0.11649505350292752
4954,0.6899721448467967,0.1164715381509891
4955,0.6901114206128134,0.11644803229061554
4956,0.6902506963788301,0.11642453591606133
4957,0.6903899721448468,0.11660278394190034
4958,0.6905292479108636,0.11678096006454215
4959,0.6906685236768803,0.11675741076830005
4960,0.6908077994428969,0.11693548387096774
4961,0.6909470752089136,0.11711348518443862
4962,0.6910863509749303,0.11708988311164853
4963,0.6912256267409471,0.11706629055007052
4964,0.6913649025069638,0.11704270749395648
4965,0.6915041782729805,0.11701913393756294
4966,0.6916434540389972,0.11719693918646798
4967,0.6917827298050139,0.11717334407086773
4968,0.6919220055710307,0.11735104669887278
4969,0.6920612813370474,0.11732743006641175
4970,0.692200557103064,0.11750503018108652
4971,0.6923398328690807,0.11748139207402937
4972,0.6924791086350975,0.11745776347546259
4973,0.6926183844011142,0.11763523024331389
4974,0.6927576601671309,0.11761158021712907
4975,0.6928969359331476,0.11778894472361809
4976,0.6930362116991643,0.11776527331189711
4977,0.6931754874651811,0.11794253566405465
4978,0.6933147632311978,0.1181197267979108
4979,0.6934540389972145,0.11809600321349668
4980,0.6935933147632312,0.1180722891566265
4981,0.693732590529248,0.11804858462156194
4982,0.6938718662952646,0.11802488960256925
4983,0.6940111420612813,0.11800120409391933
4984,0.694150417827298,0.11817817014446227
4985,0.6942896935933147,0.11815446339017051
4986,0.6944289693593315,0.11813076614520658
4987,0.6945682451253482,0.11810707840385001
4988,0.6947075208913649,0.11808340016038492
4989,0.6948467966573816,0.11805973140910002
4990,0.6949860724233984,0.11823647294589178
4991,0.6951253481894151,0.11821278300941696
4992,0.6952646239554318,0.11818910256410256
4993,0.6954038997214484,0.11816543160424595
4994,0.6955431754874651,0.11814177012414898
4995,0.6956824512534819,0.11831831831831832
4996,0.6958217270194986,0.11829463570856685
4997,0.6959610027855153,0.11847108264958975
4998,0.696100278551532,0.11864745898359344
4999,0.6962395543175487,0.11862372474494899
5000,0.6963788300835655,0.1188
5001,0.6965181058495822,0.1187762447510498
5002,0.6966573816155989,0.11875249900039984
5003,0.6967966573816156,0.11892864281431141
5004,0.6969359331476324,0.1189048760991207
5005,0.697075208913649,0.11908091908091908
5006,0.6972144846796657,0.11905713144226927
5007,0.6973537604456824,0.11923307369682444
5008,0.6974930362116991,0.11920926517571885
5009,0.6976323119777159,0.11918546616091036
5010,0.6977715877437326,0.11916167664670659
5011,0.6979108635097493,0.11913789662741968
5012,0.698050139275766,0.11931364724660815
5013,0.6981894150417828,0.11928984639936166
5014,0.6983286908077995,0.11926605504587157
5015,0.6984679665738162,0.11924227318045863
5016,0.6986072423398328,0.11921850079744817
5017,0.6987465181058495,0.11919473789117002
5018,0.6988857938718663,0.11917098445595854
5019,0.699025069637883,0.11914724048615262
5020,0.6991643454038997,0.11932270916334661
5021,0.6993036211699164,0.11929894443337981
5022,0.6994428969359332,0.11927518916766229
5023,0.6995821727019499,0.11925144336054151
5024,0.6997214484679666,0.11942675159235669
5025,0.6998607242339833,0.11940298507462686
5026,0.7,0.1193792280143255
5027,0.7001392757660168,0.11935548040580864
5028,0.7002785515320334,0.11953062848050915
5029,0.7004178272980501,0.11970570689998011
5030,0.7005571030640668,0.1198807157057654
5031,0.7006963788300835,0.11985688729874776
5032,0.7008356545961003,0.11983306836248013
5033,0.700974930362117,0.1200079475461951
5034,0.7011142061281337,0.12018275725069527
5035,0.7012534818941504,0.12015888778550149
5036,0.7013927576601672,0.12013502779984114
5037,0.7015320334261839,0.12011117728806829
5038,0.7016713091922006,0.12008733624454149
5039,0.7018105849582172,0.12006350466362374
5040,0.7019498607242339,0.12023809523809524
5041,0.7020891364902507,0.12041261654433644
5042,0.7022284122562674,0.12038873462911542
5043,0.7023676880222841,0.12036486218520721
5044,0.7025069637883008,0.12034099920697859
5045,0.7026462395543176,0.1203171456888008
5046,0.7027855153203343,0.12029330162504955
5047,0.702924791086351,0.12026946701010502
5048,0.7030640668523677,0.12044374009508717
5049,0.7032033426183844,0.12061794414735591
5050,0.7033426183844012,0.12079207920792079
5051,0.7034818941504178,0.12076816471985745
5052,0.7036211699164345,0.12074425969912905
5053,0.7037604456824512,0.12072036414011478
5054,0.703899721448468,0.12069647803719825
5055,0.7040389972144847,0.12067260138476756
5056,0.7041782729805014,0.1206487341772152
5057,0.7043175487465181,0.12062487640893811
5058,0.7044568245125348,0.12060102807433769
5059,0.7045961002785516,0.12077485669104567
5060,0.7047353760445683,0.12075098814229249
5061,0.704874651810585,0.12072712902588421
5062,0.7050139275766016,0.12070327933623073
5063,0.7051532033426184,0.12087695042464942
5064,0.7052924791086351,0.12105055292259084
5065,0.7054317548746518,0.12102665350444225
5066,0.7055710306406685,0.12100276352151598
5067,0.7057103064066852,0.12097888296822577
5068,0.705849582172702,0.12115232833464877
5069,0.7059888579387187,0.12112842769777077
5070,0.7061281337047354,0.12110453648915187
5071,0.7062674094707521,0.12127785446657464
5072,0.7064066852367687,0.12125394321766561
5073,0.7065459610027855,0.12123004139562389
5074,0.7066852367688022,0.12120614899487583
5075,0.7068245125348189,0.12118226600985221
5076,0.7069637883008356,0.12115839243498817
5077,0.7071030640668524,0.12113452826472326
5078,0.7072423398328691,0.12111067349350138
5079,0.7073816155988858,0.12128371726717858
5080,0.7075208913649025,0.12145669291338583
5081,0.7076601671309192,0.1214327888210982
5082,0.707799442896936,0.12140889413616686
5083,0.7079387186629527,0.12138500885303954
5084,0.7080779944289693,0.12136113296616838
5085,0.708217270194986,0.1215339233038348
5086,0.7083565459610028,0.12151002752654345
5087,0.7084958217270195,0.12148614114409279
5088,0.7086350974930362,0.12165880503144653
5089,0.7087743732590529,0.12163489880133621
5090,0.7089136490250696,0.12161100196463655
5091,0.7090529247910864,0.12158711451581222
5092,0.7091922005571031,0.12156323644933228
5093,0.7093314763231198,0.12173571568819949
5094,0.7094707520891365,0.12171181782489203
5095,0.7096100278551533,0.12168792934249265
5096,0.70974930362117,0.12166405023547881
5097,0.7098885793871866,0.12164018049833235
5098,0.7100278551532033,0.12161632012553943
5099,0.71016713091922,0.12159246911159051
5100,0.7103064066852368,0.12156862745098039
5101,0.7104456824512535,0.1217408351303666
5102,0.7105849582172702,0.12191297530380243
5103,0.7107242339832869,0.12208504801097393
5104,0.7108635097493036,0.12206112852664577
5105,0.7110027855153204,0.12203721841332027
5106,0.7111420612813371,0.12201331766549157
5107,0.7112813370473537,0.12218523595065596
5108,0.7114206128133704,0.12216131558339859
5109,0.7115598885793872,0.12233313760031317
5110,0.7116991643454039,0.12250489236790607
5111,0.7118384401114206,0.12248092349833692
5112,0.7119777158774373,0.12245696400625979
5113,0.712116991643454,0.1224330138861725
5114,0.7122562674094708,0.12240907313257723
5115,0.7123955431754875,0.12258064516129032
5116,0.7125348189415042,0.122556684910086
5117,0.7126740947075209,0.1225327340238421
5118,0.7128133704735377,0.12250879249706917
5119,0.7129526462395543,0.12248486032428209
5120,0.713091922005571,0.1224609375
5121,0.7132311977715877,0.12243702401874634
5122,0.7133704735376044,0.12241311987504881
5123,0.7135097493036212,0.12258442318953738
5124,0.7136490250696379,0.12275565964090554
5125,0.7137883008356546,0.12292682926829268
5126,0.7139275766016713,0.12290284822473664
5127,0.7140668523676881,0.12307392237175736
5128,0.7142061281337048,0.12304992199687988
5129,0.7143454038997215,0.12302593098069799
5130,0.7144846796657381,0.12300194931773879
5131,0.7146239554317548,0.12297797700253361
5132,0.7147632311977716,0.12295401402961809
5133,0.7149025069637883,0.12293006039353205
5134,0.715041782729805,0.12310089598753408
5135,0.7151810584958217,0.12307692307692308
5136,0.7153203342618384,0.12305295950155763
5137,0.7154596100278552,0.12302900525598598
5138,0.7155988857938719,0.12300506033476061
5139,0.7157381615598886,0.12317571511967308
5140,0.7158774373259053,0.12315175097276265
5141,0.716016713091922,0.12312779614860922
5142,0.7161559888579387,0.12310385064177364
5143,0.7162952646239554,0.12327435349018083
5144,0.7164345403899721,0.12325038880248834
5145,0.7165738161559888,0.12322643343051506
5146,0.7167130919220056,0.12339681305868636
5147,0.7168523676880223,0.12337283854672625
5148,0.716991643454039,0.12354312354312354
5149,0.7171309192200557,0.12351912992814139
5150,0.7172701949860725,0.12349514563106796
5151,0.7174094707520892,0.12347117064647642
5152,0.7175487465181059,0.1234472049689441
5153,0.7176880222841225,0.12342324859305259
5154,0.7178272980501392,0.12359332557237097
5155,0.717966573816156,0.12356935014548981
5156,0.7181058495821727,0.12354538401861909
5157,0.7182451253481894,0.12352142718634865
5158,0.7183844011142061,0.12349747964327258
5159,0.7185236768802229,0.12347354138398914
5160,0.7186629526462396,0.12344961240310078
5161,0.7188022284122563,0.12342569269521411
5162,0.718941504178273,0.12359550561797752
5163,0.7190807799442896,0.12357156691845826
5164,0.7192200557103064,0.12354763749031758
5165,0.7193593314763231,0.12371732817037755
5166,0.7194986072423398,0.12369337979094076
5167,0.7196378830083565,0.12366944068124637
5168,0.7197771587743732,0.12364551083591331
5169,0.71991643454039,0.12362159024956472
5170,0.7200557103064067,0.12359767891682785
5171,0.7201949860724234,0.12357377683233417
5172,0.7203342618384401,0.12354988399071926
5173,0.7204735376044569,0.12371931181132804
5174,0.7206128133704736,0.12369540007730963
5175,0.7207520891364902,0.12367149758454106
5176,0.7208913649025069,0.12364760432766615
5177,0.7210306406685236,0.12362372030133281
5178,0.7211699164345404,0.12359984550019312
5179,0.7213091922005571,0.12376906738752655
5180,0.7214484679665738,0.12374517374517374
5181,0.7215877437325905,0.1239143022582513
5182,0.7217270194986073,0.12389038981088382
5183,0.721866295264624,0.12405942504341115
5184,0.7220055710306407,0.12422839506172839
5185,0.7221448467966574,0.12420443587270974
5186,0.722284122562674,0.12418048592364057
5187,0.7224233983286908,0.1241565452091768
5188,0.7225626740947075,0.12432536622976098
5189,0.7227019498607242,0.12430140682212372
5190,0.7228412256267409,0.12427745664739884
5191,0.7229805013927577,0.12425351570025044
5192,0.7231197771587744,0.12422958397534668
5193,0.7232590529247911,0.12420566146735991
5194,0.7233983286908078,0.12437427801309203
5195,0.7235376044568245,0.12454282964388835
5196,0.7236768802228413,0.12451886066204773
5197,0.723816155988858,0.1244949009043679
5198,0.7239554317548746,0.1244709503655252
5199,0.7240947075208913,0.12444700904020004
5200,0.724233983286908,0.12461538461538461
5201,0.7243732590529248,0.12459142472601423
5202,0.7245125348189415,0.1247597078046905
5203,0.7246518105849582,0.12473572938689217
5204,0.7247910863509749,0.12471176018447348
5205,0.7249303621169917,0.12487992315081652
5206,0.7250696378830084,0.12485593545908567
5207,0.7252089136490251,0.12502400614557327
5208,0.7253481894150418,0.125
5209,0.7254874651810584,0.12516797849875216
5210,0.7256267409470752,0.12514395393474087
5211,0.7257660167130919,0.1251199385914412
5212,0.7259052924791086,0.125287797390637
5213,0.7260445682451253,0.12545559178975638
5214,0.7261838440111421,0.12543153049482164
5215,0.7263231197771588,0.12559923298178333
5216,0.7264623955431755,0.12557515337423314
5217,0.7266016713091922,0.1255510829978915
5218,0.7267409470752089,0.12552702184745113
5219,0.7268802228412257,0.12569457750526922
5220,0.7270194986072424,0.12586206896551724
5221,0.727158774373259,0.1260294962650833
5222,0.7272980501392757,0.12619685944082726
5223,0.7274373259052925,0.12617269768332376
5224,0.7275766016713092,0.12614854517611027
5225,0.7277158774373259,0.1261244019138756
5226,0.7278551532033426,0.12610026789131268
5227,0.7279944289693593,0.12607614310311843
5228,0.7281337047353761,0.1260520275439939
5229,0.7282729805013928,0.1260279212086441
5230,0.7284122562674095,0.1260038240917782
5231,0.7285515320334262,0.1261709042248136
5232,0.728690807799443,0.12614678899082568
5233,0.7288300835654596,0.1261226829734378
5234,0.7289693593314763,0.12609858616736722
5235,0.729108635097493,0.12607449856733524
5236,0.7292479108635097,0.12605042016806722
5237,0.7293871866295265,0.12602635096429254
5238,0.7295264623955432,0.12600229095074456
5239,0.7296657381615599,0.12616911624355792
5240,0.7298050139275766,0.12614503816793893
5241,0.7299442896935933,0.12631177256248807
5242,0.7300835654596101,0.12628767645936664
5243,0.7302228412256268,0.1262635895479687
5244,0.7303621169916434,0.12643020594965676
5245,0.7305013927576601,0.12640610104861774
5246,0.7306406685236769,0.12638200533739993
5247,0.7307799442896936,0.1265485039069945
5248,0.7309192200557103,0.12671493902439024
5249,0.731058495821727,0.12669079824728519
5250,0.7311977715877437,0.12685714285714286
5251,0.7313370473537605,0.1270234241096934
5252,0.7314763231197772,0.12718964204112718
5253,0.7316155988857939,0.12716542927850752
5254,0.7317548746518105,0.12714122573277503
5255,0.7318941504178273,0.12730732635585157
5256,0.732033426183844,0.12728310502283105
5257,0.7321727019498607,0.1272588929046985
5258,0.7323119777158774,0.12742487637885128
5259,0.7324512534818941,0.12740064651074348
5260,0.7325905292479109,0.12737642585551331
5261,0.7327298050139276,0.12754229233985934
5262,0.7328690807799443,0.12751805397187382
5263,0.733008356545961,0.12768383051491544
5264,0.7331476323119778,0.1276595744680851
5265,0.7332869080779945,0.1278252611585945
5266,0.7334261838440111,0.12780098746676793
5267,0.7335654596100278,0.12777672299221568
5268,0.7337047353760445,0.12794229309035687
5269,0.7338440111420613,0.12791801100778136
5270,0.733983286908078,0.12789373814041746
5271,0.7341225626740947,0.1278694744830203
5272,0.7342618384401114,0.1280349013657056
5273,0.7344011142061281,0.12801062014033757
5274,0.7345403899721449,0.12817595752749336
5275,0.7346796657381616,0.1281516587677725
5276,0.7348189415041783,0.128316906747536
5277,0.734958217270195,0.12829259048701913
5278,0.7350974930362117,0.12826828344069724
5279,0.7352367688022284,0.12824398560333397
5280,0.7353760445682451,0.12840909090909092
5281,0.7355153203342618,0.12857413368680173
5282,0.7356545961002785,0.12873911397198032
5283,0.7357938718662953,0.12890403180011356
5284,0.735933147632312,0.12887963663890992
5285,0.7360724233983287,0.12885525070955534
5286,0.7362116991643454,0.12883087400681045
5287,0.7363509749303622,0.12880650652543976
5288,0.7364902506963789,0.1287821482602118
5289,0.7366295264623955,0.12875779920589903
5290,0.7367688022284122,0.1287334593572779
5291,0.7369080779944289,0.1288981288981289
5292,0.7370473537604457,0.12906273620559336
5293,0.7371866295264624,0.129038352541092
5294,0.7373259052924791,0.12901397808840195
5295,0.7374651810584958,0.12898961284230406
5296,0.7376044568245126,0.12896525679758308
5297,0.7377437325905293,0.12894090994902774
5298,0.737883008356546,0.12891657229143072
5299,0.7380222841225627,0.12908095867144745
5300,0.7381615598885793,0.1290566037735849
5301,0.7383008356545961,0.12903225806451613
5302,0.7384401114206128,0.12919652961146738
5303,0.7385793871866295,0.12917216669809542
5304,0.7387186629526462,0.12933634992458523
5305,0.7388579387186629,0.1293119698397738
5306,0.7389972144846797,0.12928759894459102
5307,0.7391364902506964,0.12945166760881854
5308,0.7392757660167131,0.1294272795779955
5309,0.7394150417827298,0.1295912601243172
5310,0.7395543175487466,0.1295668549905838
5311,0.7396935933147633,0.12954245904726042
5312,0.7398328690807799,0.12951807228915663
5313,0.7399721448467966,0.12949369471108602
5314,0.7401114206128133,0.129469326307866
5315,0.7402506963788301,0.12944496707431796
5316,0.7403899721448468,0.12960872836719337
5317,0.7405292479108635,0.1295843520782396
5318,0.7406685236768802,0.12974802557352388
5319,0.740807799442897,0.12991163752585072
5320,0.7409470752089137,0.13007518796992482
5321,0.7410863509749304,0.1300507423416651
5322,0.741225626740947,0.13002630590003758
5323,0.7413649025069637,0.13000187863986473
5324,0.7415041782729805,0.12997746055597295
5325,0.7416434540389972,0.12995305164319249
5326,0.7417827298050139,0.1299286518963575
5327,0.7419220055710306,0.129904261310306
5328,0.7420612813370474,0.12987987987987987
5329,0.7422005571030641,0.1300431600675549
5330,0.7423398328690808,0.1302063789868668
5331,0.7424791086350975,0.13018195460513976
5332,0.7426183844011142,0.1301575393848462
5333,0.742757660167131,0.13032064504031501
5334,0.7428969359331477,0.13048368953880765
5335,0.7430362116991643,0.13045923149015934
5336,0.743175487465181,0.13043478260869565
5337,0.7433147632311977,0.1305977140715758
5338,0.7434540389972145,0.1305732484076433
5339,0.7435933147632312,0.1305487919085971
5340,0.7437325905292479,0.1307116104868914
5341,0.7438718662952646,0.1308743680958622
5342,0.7440111420612814,0.13084986896293524
5343,0.7441504178272981,0.13101253977166386
5344,0.7442896935933148,0.1309880239520958
5345,0.7444289693593314,0.13096351730589337
5346,0.7445682451253481,0.13112607557052003
5347,0.7447075208913649,0.13110155227230222
5348,0.7448467966573816,0.131264023934181
5349,0.7449860724233983,0.13123948401570387
5350,0.745125348189415,0.1314018691588785
5351,0.7452646239554318,0.13156419360867128
5352,0.7454038997214485,0.13153961136023917
5353,0.7455431754874652,0.13170184943022603
5354,0.7456824512534819,0.13167725065371685
5355,0.7458217270194986,0.13165266106442577
5356,0.7459610027855154,0.13181478715459297
5357,0.746100278551532,0.13179018107149523
5358,0.7462395543175487,0.13195222097797685
5359,0.7463788300835654,0.1319275984325434
5360,0.7465181058495822,0.13190298507462686
5361,0.7466573816155989,0.131878380899086
5362,0.7467966573816156,0.13185378590078328
5363,0.7469359331476323,0.13182920007458512
5364,0.747075208913649,0.13180462341536167
5365,0.7472144846796658,0.13196644920782852
5366,0.7473537604456825,0.13212821468505404
5367,0.7474930362116992,0.1321035960499348
5368,0.7476323119777158,0.1320789865871833
5369,0.7477715877437325,0.13205438629167443
5370,0.7479108635097493,0.13221601489757914
5371,0.748050139275766,0.13219139824986037
5372,0.7481894150417827,0.1323529411764706
5373,0.7483286908077994,0.1323283082077052
5374,0.7484679665738162,0.1323036844064012
5375,0.7486072423398329,0.13227906976744186
5376,0.7487465181058496,0.13225446428571427
5377,0.7488857938718663,0.13222986795610936
5378,0.749025069637883,0.13239122350316102
5379,0.7491643454038998,0.13255251905558654
5380,0.7493036211699164,0.1325278810408922
5381,0.7494428969359331,0.1326890912469801
5382,0.7495821727019498,0.1326644370122631
5383,0.7497214484679666,0.13263979193758127
5384,0.7498607242339833,0.13280089153046062
5385,0.75,0.1327762302692665
5386,0.7501392757660167,0.13275157816561456
5387,0.7502785515320334,0.13291256729162798
5388,0.7504178272980502,0.13288789903489234
5389,0.7505571030640669,0.13286323993319726
5390,0.7506963788300836,0.13302411873840445
5391,0.7508356545961002,0.13299944351697274
5392,0.750974930362117,0.1329747774480712
5393,0.7511142061281337,0.13295012052660857
5394,0.7512534818941504,0.13292547274749722
5395,0.7513927576601671,0.13290083410565337
5396,0.7515320334261838,0.13287620459599703
5397,0.7516713091922006,0.13285158421345192
5398,0.7518105849582173,0.13282697295294554
5399,0.751949860724234,0.13280237080940915
5400,0.7520891364902507,0.13296296296296295
5401,0.7522284122562675,0.13293834475097205
5402,0.7523676880222842,0.13291373565346168
5403,0.7525069637883008,0.13307421802702202
5404,0.7526462395543175,0.13304959289415247
5405,0.7527855153203342,0.1330249768732655
5406,0.752924791086351,0.13318534961154274
5407,0.7530640668523677,0.13334566302940631
5408,0.7532033426183844,0.13332100591715976
5409,0.7533426183844011,0.13329635792198188
5410,0.7534818941504178,0.13327171903881702
5411,0.7536211699164346,0.1334318979855849
5412,0.7537604456824513,0.13359201773835921
5413,0.753899721448468,0.13356733789026418
5414,0.7540389972144846,0.13354266715921684
5415,0.7541782729805014,0.1335180055401662
5416,0.7543175487465181,0.133493353028065
5417,0.7544568245125348,0.13346870961786966
5418,0.7545961002785515,0.13344407530454042
5419,0.7547353760445682,0.13341945008304115
5420,0.754874651810585,0.13357933579335793
5421,0.7550139275766017,0.13355469470577383
5422,0.7551532033426184,0.13353006270748802
5423,0.7552924791086351,0.13368983957219252
5424,0.7554317548746519,0.1338495575221239
5425,0.7555710306406686,0.13382488479262672
5426,0.7557103064066852,0.13380022115739035
5427,0.7558495821727019,0.1337755666113875
5428,0.7559888579387186,0.1337509211495947
5429,0.7561281337047354,0.13372628476699208
5430,0.7562674094707521,0.13370165745856355
5431,0.7564066852367688,0.13367703921929663
5432,0.7565459610027855,0.13365243004418262
5433,0.7566852367688023,0.13362782992821645
5434,0.756824512534819,0.13360323886639677
5435,0.7569637883008357,0.13357865685372586
5436,0.7571030640668523,0.1335540838852097
5437,0.757242339832869,0.1337134449144749
5438,0.7573816155988858,0.1336888561971313
5439,0.7575208913649025,0.13366427652141938
5440,0.7576601671309192,0.13363970588235294
5441,0.7577994428969359,0.13361514427494947
5442,0.7579387186629526,0.13377434766629914
5443,0.7580779944289694,0.13374977034723498
5444,0.7582172701949861,0.13390889052167523
5445,0.7583565459610028,0.13388429752066117
5446,0.7584958217270195,0.13385971355123025
5447,0.7586350974930363,0.1338351386084083
5448,0.758774373259053,0.13399412628487517
5449,0.7589136490250696,0.13396953569462286
5450,0.7590529247910863,0.13394495412844037
5451,0.759192200557103,0.13392038158136121
5452,0.7593314763231198,0.13407923697725604
5453,0.7594707520891365,0.1342380341096644
5454,0.7596100278551532,0.1343967730106344
5455,0.7597493036211699,0.13437213565536205
5456,0.7598885793871867,0.1343475073313783
5457,0.7600278551532034,0.13432288803371817
5458,0.7601671309192201,0.1342982777574203
5459,0.7603064066852367,0.13427367649752703
5460,0.7604456824512534,0.13424908424908424
5461,0.7605849582172702,0.13422450100714156
5462,0.7607242339832869,0.1341999267667521
5463,0.7608635097493036,0.13435841112941607
5464,0.7610027855153203,0.13451683748169838
5465,0.7611420612813371,0.1344922232387923
5466,0.7612813370473538,0.13465056714233442
5467,0.7614206128133705,0.13462593744283885
5468,0.7615598885793872,0.1346013167520117
5469,0.7616991643454039,0.13457670506491132
5470,0.7618384401114207,0.13455210237659965
5471,0.7619777158774373,0.1345275086821422
5472,0.762116991643454,0.13450292397660818
5473,0.7622562674094707,0.13447834825507035
5474,0.7623955431754874,0.13445378151260504
5475,0.7625348189415042,0.13442922374429223
5476,0.7626740947075209,0.1344046749452155
5477,0.7628133704735376,0.13456271681577506
5478,0.7629526462395543,0.13472070098576122
5479,0.7630919220055711,0.13487862748676765
5480,0.7632311977715878,0.13503649635036497
5481,0.7633704735376045,0.1350118591497902
5482,0.7635097493036211,0.134987230937614
5483,0.7636490250696378,0.13496261170891846
5484,0.7637883008356546,0.1349380014587892
5485,0.7639275766016713,0.13509571558796718
5486,0.764066852367688,0.13525337222019687
5487,0.7642061281337047,0.135228722434846
5488,0.7643454038997215,0.13520408163265307
5489,0.7644846796657382,0.13517944980870833
5490,0.7646239554317549,0.13515482695810566
5491,0.7647632311977716,0.13531232926607176
5492,0.7649025069637883,0.13546977421704298
5493,0.765041782729805,0.13544511196067724
5494,0.7651810584958217,0.13542045868219876
5495,0.7653203342618384,0.1353958143767061
5496,0.7654596100278551,0.13555312954876272
5497,0.7655988857938719,0.13552847007458613
5498,0.7657381615598886,0.135503819570753
5499,0.7658774373259053,0.13547917803236953
5500,0.766016713091922,0.13545454545454547
5501,0.7661559888579387,0.1356117069623705
5502,0.7662952646239555,0.1355870592511814
5503,0.7664345403899722,0.13556242049791023
5504,0.7665738161559889,0.13571947674418605
5505,0.7667130919220055,0.13569482288828338
5506,0.7668523676880222,0.13567017798764983
5507,0.766991643454039,0.13564554203740695
5508,0.7671309192200557,0.13562091503267973
5509,0.7672701949860724,0.1357778181158105
5510,0.7674094707520891,0.13575317604355716
5511,0.7675487465181059,0.13572854291417166
5512,0.7676880222841226,0.13570391872278664
5513,0.7678272980501393,0.13567930346453835
5514,0.767966573816156,0.1358360536815379
5515,0.7681058495821727,0.1358114233907525
5516,0.7682451253481895,0.13578680203045684
5517,0.7683844011142061,0.13594344752582926
5518,0.7685236768802228,0.13591881116346502
5519,0.7686629526462395,0.1360753759739083
5520,0.7688022284122563,0.13605072463768117
5521,0.768941504178273,0.1360260822314798
5522,0.7690807799442897,0.13600144875045272
5523,0.7692200557103064,0.13615788520731487
5524,0.7693593314763231,0.13631426502534397
5525,0.7694986072423399,0.136289592760181
5526,0.7696378830083566,0.13626492942453855
5527,0.7697771587743732,0.13624027501356975
5528,0.7699164345403899,0.13621562952243127
5529,0.7700557103064067,0.13637185747874842
5530,0.7701949860724234,0.13634719710669077
5531,0.7703342618384401,0.13632254565178087
5532,0.7704735376044568,0.13647866955892987
5533,0.7706128133704735,0.13663473703235135
5534,0.7707520891364903,0.1366100469822913
5535,0.770891364902507,0.13676603432700993
5536,0.7710306406685237,0.1369219653179191
5537,0.7711699164345404,0.13689723677081453
5538,0.771309192200557,0.13705308775731312
5539,0.7714484679665738,0.1370283444665102
5540,0.7715877437325905,0.13700361010830325
5541,0.7717270194986072,0.13715935751669373
5542,0.7718662952646239,0.13713460844460484
5543,0.7720055710306407,0.13710986830236335
5544,0.7721448467966574,0.1370851370851371
5545,0.7722841225626741,0.13706041478809738
5546,0.7724233983286908,0.13721601153984853
5547,0.7725626740947075,0.13737155219037317
5548,0.7727019498607243,0.1373467916366258
5549,0.772841225626741,0.13732204000720852
5550,0.7729805013927576,0.1372972972972973
5551,0.7731197771587743,0.1372725635020717
5552,0.7732590529247911,0.1372478386167147
5553,0.7733983286908078,0.13722312263641276
5554,0.7735376044568245,0.13719841555635579
5555,0.7736768802228412,0.13735373537353734
5556,0.7738161559888579,0.13732901367890568
5557,0.7739554317548747,0.13730430088177073
5558,0.7740947075208914,0.13727959697732997
5559,0.7742339832869081,0.13725490196078433
5560,0.7743732590529248,0.13723021582733813
5561,0.7745125348189416,0.13720553857219925
5562,0.7746518105849582,0.13718087019057892
5563,0.7747910863509749,0.1371562106776919
5564,0.7749303621169916,0.1371315600287563
5565,0.7750696378830083,0.1371069182389937
5566,0.7752089136490251,0.13708228530362918
5567,0.7753481894150418,0.13705766121789115
5568,0.7754874651810585,0.1370330459770115
5569,0.7756267409470752,0.13700843957622552
5570,0.775766016713092,0.13716337522441652
5571,0.7759052924791087,0.13713875426314845
5572,0.7760445682451254,0.13711414213926776
5573,0.776183844011142,0.13726897541719002
5574,0.7763231197771587,0.1374237531395766
5575,0.7764623955431755,0.13739910313901346
5576,0.7766016713091922,0.1375538020086083
5577,0.7767409470752089,0.13752913752913754
5578,0.7768802228412256,0.13768375761921836
5579,0.7770194986072423,0.1378383222799785
5580,0.7771587743732591,0.13799283154121864
5581,0.7772980501392758,0.13796810607418025
5582,0.7774373259052925,0.13794338946614118
5583,0.7775766016713092,0.13791868171234103
5584,0.777715877437326,0.13789398280802292
5585,0.7778551532033426,0.1378692927484333
5586,0.7779944289693593,0.13784461152882205
5587,0.778133704735376,0.13799892607839628
5588,0.7782729805013927,0.13797423049391552
5589,0.7784122562674095,0.1381284666308821
5590,0.7785515320334262,0.13828264758497316
5591,0.7786908077994429,0.1382579145054552
5592,0.7788300835654596,0.13841201716738197
5593,0.7789693593314764,0.13838726980153765
5594,0.7791086350974931,0.13854129424383269
5595,0.7792479108635098,0.1386952636282395
5596,0.7793871866295264,0.13867047891350964
5597,0.7795264623955431,0.13882437019832053
5598,0.7796657381615599,0.13897820650232226
5599,0.7798050139275766,0.1389533845329523
5600,0.7799442896935933,0.13910714285714285
5601,0.78008356545961,0.1390823067309409
5602,0.7802228412256268,0.13905747947161728
5603,0.7803621169916435,0.1390326610744244
5604,0.7805013927576602,0.13900785153461814
5605,0.7806406685236769,0.13898305084745763
5606,0.7807799442896936,0.13913663931501963
5607,0.7809192200557104,0.13929017299803817
5608,0.781058495821727,0.13944365192582026
5609,0.7811977715877437,0.13941879122838297
5610,0.7813370473537604,0.139572192513369
5611,0.7814763231197771,0.1395473177686687
5612,0.7816155988857939,0.13952245188880968
5613,0.7817548746518106,0.13949759486905397
5614,0.7818941504178273,0.13947274670466692
5615,0.782033426183844,0.1394479073909172
5616,0.7821727019498608,0.13942307692307693
5617,0.7823119777158775,0.13957628627381163
5618,0.7824512534818941,0.13955144179423282
5619,0.7825905292479108,0.1395266061576793
5620,0.7827298050139275,0.13950177935943062
5621,0.7828690807799443,0.13947696139476962
5622,0.783008356545961,0.13945215225898258
5623,0.7831476323119777,0.13942735194735906
5624,0.7832869080779944,0.13940256045519203
5625,0.7834261838440112,0.13937777777777777
5626,0.7835654596100279,0.13953075008887308
5627,0.7837047353760446,0.13950595343877734
5628,0.7838440111420613,0.13948116560056859
5629,0.783983286908078,0.13963403801740984
5630,0.7841225626740947,0.13960923623445826
5631,0.7842618384401114,0.1395844432605221
5632,0.7844011142061281,0.1397372159090909
5633,0.7845403899721448,0.1397124090182851
5634,0.7846796657381616,0.1396876109336173
5635,0.7848189415041783,0.13984028393966283
5636,0.784958217270195,0.13981547196593327
5637,0.7850974930362117,0.13979066879545857
5638,0.7852367688022284,0.13976587442355445
5639,0.7853760445682452,0.13974108884553998
5640,0.7855153203342619,0.1398936170212766
5641,0.7856545961002785,0.1398688175855345
5642,0.7857938718662952,0.13984402694080114
5643,0.7859331476323119,0.13999645578592948
5644,0.7860724233983287,0.13997165131112685
5645,0.7862116991643454,0.13994685562444642
5646,0.7863509749303621,0.13992206872121857
5647,0.7864902506963788,0.14007437577474766
5648,0.7866295264623956,0.14004957507082152
5649,0.7867688022284123,0.14020180562931492
5650,0.786908077994429,0.14017699115044246
5651,0.7870473537604457,0.14015218545390196
5652,0.7871866295264623,0.14012738853503184
5653,0.7873259052924791,0.14010260038917388
5654,0.7874651810584958,0.14025468694729396
5655,0.7876044568245125,0.14022988505747128
5656,0.7877437325905292,0.1402050919377652
5657,0.787883008356546,0.14018030758352484
5658,0.7880222841225627,0.14033227288794628
5659,0.7881615598885794,0.1403074748188726
5660,0.7883008356545961,0.14045936395759717
5661,0.7884401114206128,0.14061119943472886
5662,0.7885793871866296,0.1407629812787001
5663,0.7887186629526463,0.14091470951792337
5664,0.7888579387186629,0.1408898305084746
5665,0.7889972144846796,0.140864960282436
5666,0.7891364902506964,0.14101659018708082
5667,0.7892757660167131,0.14116816657843656
5668,0.7894150417827298,0.1413196894848271
5669,0.7895543175487465,0.14147115893455636
5670,0.7896935933147632,0.14144620811287478
5671,0.78983286908078,0.14159760183389172
5672,0.7899721448467967,0.14174894217207334
5673,0.7901114206128134,0.1417239555790587
5674,0.79025069637883,0.14187522030313712
5675,0.7903899721448467,0.14185022026431718
5676,0.7905292479108635,0.14200140944326992
5677,0.7906685236768802,0.14197639598379425
5678,0.7908077994428969,0.1419513913349771
5679,0.7909470752089136,0.14192639549216413
5680,0.7910863509749304,0.14190140845070423
5681,0.7912256267409471,0.14187643020594964
5682,0.7913649025069638,0.1418514607532559
5683,0.7915041782729805,0.1418265000879817
5684,0.7916434540389972,0.14197748064743138
5685,0.791782729805014,0.14195250659630607
5686,0.7919220055710307,0.1421034118888498
5687,0.7920612813370473,0.14225426411113065
5688,0.792200557103064,0.14222925457102673
5689,0.7923398328690808,0.1422042538231675
5690,0.7924791086350975,0.1421792618629174
5691,0.7926183844011142,0.142154278685644
5692,0.7927576601671309,0.1421293042867182
5693,0.7928969359331476,0.14210433866151415
5694,0.7930362116991644,0.1422550052687039
5695,0.7931754874651811,0.14223002633889376
5696,0.7933147632311978,0.1423806179775281
5697,0.7934540389972145,0.14253115674916622
5698,0.7935933147632313,0.14268164268164268
5699,0.7937325905292479,0.1428320758027724
5700,0.7938718662952646,0.14280701754385966
5701,0.7940111420612813,0.14278196807577617
5702,0.794150417827298,0.14275692739389687
5703,0.7942896935933148,0.14290724180256006
5704,0.7944289693593315,0.1428821879382889
5705,0.7945682451253482,0.14285714285714285
5706,0.7947075208913649,0.14283210655450404
5707,0.7948467966573816,0.1429823024356054
5708,0.7949860724233984,0.1431324456902593
5709,0.795125348189415,0.14310737432124715
5710,0.7952646239554317,0.14325744308231173
5711,0.7954038997214484,0.14323235860619857
5712,0.7955431754874652,0.14320728291316526
5713,0.7956824512534819,0.14335725538246105
5714,0.7958217270194986,0.14333216660833042
5715,0.7959610027855153,0.14330708661417324
5716,0.796100278551532,0.14345696291112667
5717,0.7962395543175488,0.14360678677628128
5718,0.7963788300835655,0.14375655823714587
5719,0.7965181058495822,0.14373142157719881
5720,0.7966573816155988,0.1437062937062937
5721,0.7967966573816156,0.14385596923614752
5722,0.7969359331476323,0.14400559245019223
5723,0.797075208913649,0.14415516337585182
5724,0.7972144846796657,0.1441299790356394
5725,0.7973537604456824,0.14427947598253274
5726,0.7974930362116992,0.1444289207125393
5727,0.7976323119777159,0.14457831325301204
5728,0.7977715877437326,0.14455307262569833
5729,0.7979108635097493,0.1447023913422936
5730,0.7980501392757661,0.14485165794066318
5731,0.7981894150417828,0.14500087244808935
5732,0.7983286908077994,0.1451500348918353
5733,0.7984679665738161,0.14512471655328799
5734,0.7986072423398328,0.14509940704569235
5735,0.7987465181058496,0.14507410636442894
5736,0.7988857938718663,0.14504881450488144
5737,0.799025069637883,0.14502353146243682
5738,0.7991643454038997,0.1449982572324852
5739,0.7993036211699165,0.14514723819480746
5740,0.7994428969359332,0.14512195121951219
5741,0.7995821727019499,0.145096673053475
5742,0.7997214484679666,0.14507140369209334
5743,0.7998607242339832,0.14522026815253353
5744,0.8,0.1451949860724234
5745,0.8001392757660167,0.1453437771975631
5746,0.8002785515320334,0.14531848242255482
5747,0.8004178272980501,0.1452931964503219
5748,0.8005571030640668,0.14526791927627
5749,0.8006963788300836,0.14524265089580796
5750,0.8008356545961003,0.14521739130434783
5751,0.800974930362117,0.1451921404973048
5752,0.8011142061281337,0.14534075104311545
5753,0.8012534818941505,0.14531548757170173
5754,0.8013927576601672,0.14529023288147375
5755,0.8015320334261838,0.14526498696785403
5756,0.8016713091922005,0.14541348158443362
5757,0.8018105849582172,0.14556192461351397
5758,0.801949860724234,0.1457103160819729
5759,0.8020891364902507,0.14568501475950685
5760,0.8022284122562674,0.14583333333333334
5761,0.8023676880222841,0.14580801944106925
5762,0.8025069637883009,0.1459562651856994
5763,0.8026462395543176,0.1461044594829082
5764,0.8027855153203343,0.1460791117279667
5765,0.802924791086351,0.14622723330442325
5766,0.8030640668523676,0.14637530350329517
5767,0.8032033426183844,0.14634992196982832
5768,0.8033426183844011,0.1463245492371706
5769,0.8034818941504178,0.14629918530074537
5770,0.8036211699164345,0.1464471403812825
5771,0.8037604456824513,0.14642176399237566
5772,0.803899721448468,0.1463963963963964
5773,0.8040389972144847,0.14637103758877534
5774,0.8041782729805014,0.14651887772774505
5775,0.8043175487465181,0.14649350649350648
5776,0.8044568245125349,0.14646814404432132
5777,0.8045961002785516,0.1464427903756275
5778,0.8047353760445682,0.14641744548286603
5779,0.8048746518105849,0.14639210936148123
5780,0.8050139275766016,0.1463667820069204
5781,0.8051532033426184,0.14634146341463414
5782,0.8052924791086351,0.14648910411622276
5783,0.8054317548746518,0.14663669375756527
5784,0.8055710306406685,0.14678423236514523
5785,0.8057103064066853,0.1467588591184097
5786,0.805849582172702,0.1467334946422399
5787,0.8059888579387187,0.14670813893208917
5788,0.8061281337047354,0.14685556323427781
5789,0.806267409470752,0.14683019519778892
5790,0.8064066852367688,0.14680483592400692
5791,0.8065459610027855,0.14677948540839234
5792,0.8066852367688022,0.14675414364640885
5793,0.8068245125348189,0.14672881063352322
5794,0.8069637883008357,0.1467034863652054
5795,0.8071030640668524,0.1468507333908542
5796,0.8072423398328691,0.14699792960662525
5797,0.8073816155988858,0.14697257202001035
5798,0.8075208913649025,0.14694722318040704
5799,0.8076601671309193,0.14709432660803587
5800,0.807799442896936,0.14724137931034484
5801,0.8079387186629526,0.14738838131356663
5802,0.8080779944289693,0.14736297828335057
5803,0.8082172701949861,0.14733758400827157
5804,0.8083565459610028,0.14731219848380428
5805,0.8084958217270195,0.14745908699397073
5806,0.8086350974930362,0.1476059249052704
5807,0.8087743732590529,0.14775271224384365
5808,0.8089136490250697,0.14789944903581267
5809,0.8090529247910864,0.14787398863831985
5810,0.8091922005571031,0.14802065404475043
5811,0.8093314763231197,0.14799518155222854
5812,0.8094707520891364,0.1481417756366139
5813,0.8096100278551532,0.14828831928436265
5814,0.8097493036211699,0.14843481252149981
5815,0.8098885793871866,0.14858125537403266
5816,0.8100278551532033,0.1485557083906465
5817,0.8101671309192201,0.14853017019082002
5818,0.8103064066852368,0.14850464077002407
5819,0.8104456824512535,0.1484791201237326
5820,0.8105849582172702,0.14845360824742268
5821,0.8107242339832869,0.14842810513657448
5822,0.8108635097493037,0.14857437306767435
5823,0.8110027855153203,0.1485488579769878
5824,0.811142061281337,0.14852335164835165
5825,0.8112813370473537,0.1486695278969957
5826,0.8114206128133705,0.14864400961208377
5827,0.8115598885793872,0.14861850008580746
5828,0.8116991643454039,0.14876458476321208
5829,0.8118384401114206,0.1487390633041688
5830,0.8119777158774373,0.14871355060034305
5831,0.8121169916434541,0.14868804664723032
5832,0.8122562674094708,0.14866255144032922
5833,0.8123955431754875,0.14863706497514143
5834,0.8125348189415041,0.14861158724717174
5835,0.8126740947075209,0.14858611825192802
5836,0.8128133704735376,0.14856065798492119
5837,0.8129526462395543,0.148706527325681
5838,0.813091922005571,0.1486810551558753
5839,0.8132311977715877,0.14882685391334133
5840,0.8133704735376045,0.1488013698630137
5841,0.8135097493036212,0.14894709809964046
5842,0.8136490250696379,0.14892160219103046
5843,0.8137883008356546,0.1490672599691939
5844,0.8139275766016713,0.14904175222450378
5845,0.814066852367688,0.1491873396065013
5846,0.8142061281337047,0.14933287718097846
5847,0.8143454038997214,0.14930733709594665
5848,0.8144846796657381,0.14945280437756497
5849,0.8146239554317549,0.1494272525217986
5850,0.8147632311977716,0.14957264957264957
5851,0.8149025069637883,0.1497179969236028
5852,0.815041782729805,0.1498632946001367
5853,0.8151810584958217,0.1500085426277123
5854,0.8153203342618385,0.15015374103177315
5855,0.8154596100278552,0.15012809564474808
5856,0.8155988857938719,0.15027322404371585
5857,0.8157381615598885,0.1502475670138296
5858,0.8158774373259053,0.1502219187435985
5859,0.816016713091922,0.1501962792285373
5860,0.8161559888579387,0.15034129692832765
5861,0.8162952646239554,0.15031564579423307
5862,0.8164345403899721,0.150460593654043
5863,0.8165738161559889,0.1506054920689067
5864,0.8167130919220056,0.15057980900409276
5865,0.8168523676880223,0.1505541346973572
5866,0.816991643454039,0.15052846914422094
5867,0.8171309192200558,0.15067325720129537
5868,0.8172701949860725,0.15064758009543286
5869,0.8174094707520891,0.15079229851763504
5870,0.8175487465181058,0.15076660988074958
5871,0.8176880222841225,0.15091125872934763
5872,0.8178272980501393,0.15088555858310626
5873,0.817966573816156,0.15085986718883024
5874,0.8181058495821727,0.15100442628532515
5875,0.8182451253481894,0.15097872340425533
5876,0.8183844011142062,0.15095302927161333
5877,0.8185236768802229,0.15092734388293347
5878,0.8186629526462396,0.1510717931269139
5879,0.8188022284122562,0.15121619323014118
5880,0.8189415041782729,0.15119047619047618
5881,0.8190807799442897,0.15116476789661623
5882,0.8192200557103064,0.15113906834410065
5883,0.8193593314763231,0.15111337752847187
5884,0.8194986072423398,0.1510876954452753
5885,0.8196378830083565,0.15123194562446898
5886,0.8197771587743733,0.15120625212368333
5887,0.81991643454039,0.15135043315780533
5888,0.8200557103064067,0.15132472826086957
5889,0.8201949860724234,0.15129903209373408
5890,0.8203342618384402,0.15127334465195247
5891,0.8204735376044568,0.1512476659310813
5892,0.8206128133704735,0.1513917175831636
5893,0.8207520891364902,0.15153572034617344
5894,0.8208913649025069,0.15151001017984392
5895,0.8210306406685237,0.15148430873621713
5896,0.8211699164345404,0.1514586160108548
5897,0.8213091922005571,0.1514329319993217
5898,0.8214484679665738,0.1515768056968464
5899,0.8215877437325906,0.15155111035768776
5900,0.8217270194986073,0.15169491525423728
5901,0.821866295264624,0.15183867141162516
5902,0.8220055710306406,0.15181294476448662
5903,0.8221448467966573,0.15178722683381332
5904,0.8222841225626741,0.15176151761517614
5905,0.8224233983286908,0.1519051651143099
5906,0.8225626740947075,0.15204876396884523
5907,0.8227019498607242,0.15202302353140343
5908,0.822841225626741,0.1521665538253216
5909,0.8229805013927577,0.15214080216618717
5910,0.8231197771587744,0.15228426395939088
5911,0.8232590529247911,0.15242767721197767
5912,0.8233983286908078,0.15240189445196212
5913,0.8235376044568246,0.15254523930323016
5914,0.8236768802228412,0.15268853567805207
5915,0.8238161559888579,0.15283178360101438
5916,0.8239554317548746,0.15297498309668695
5917,0.8240947075208913,0.15294912962649992
5918,0.8242339832869081,0.15309226089895234
5919,0.8243732590529248,0.15306639635073493
5920,0.8245125348189415,0.15304054054054053
5921,0.8246518105849582,0.1531835838540787
5922,0.824791086350975,0.15315771698750422
5923,0.8249303621169917,0.1531318588553098
5924,0.8250696378830084,0.15310600945307226
5925,0.825208913649025,0.15308016877637132
5926,0.8253481894150417,0.15305433682078973
5927,0.8254874651810585,0.15319723300151847
5928,0.8256267409470752,0.15317139001349528
5929,0.8257660167130919,0.15314555574295835
5930,0.8259052924791086,0.15328836424957842
5931,0.8260445682451254,0.15326251896813353
5932,0.8261838440111421,0.15323668240053945
5933,0.8263231197771588,0.15321085454239003
5934,0.8264623955431755,0.1531850353892821
5935,0.8266016713091922,0.15332771693344566
5936,0.826740947075209,0.15347035040431267
5937,0.8268802228412256,0.15361293582617483
5938,0.8270194986072423,0.15358706635230718
5939,0.827158774373259,0.1535612055901667
5940,0.8272980501392758,0.1537037037037037
5941,0.8274373259052925,0.15384615384615385
5942,0.8275766016713092,0.15398855604173678
5943,0.8277158774373259,0.15396264512872287
5944,0.8278551532033426,0.15393674293405116
5945,0.8279944289693594,0.15407905803195962
5946,0.8281337047353761,0.15422132526067944
5947,0.8282729805013928,0.15419539263494197
5948,0.8284122562674094,0.15433759246805648
5949,0.8285515320334261,0.15431164901664146
5950,0.8286908077994429,0.15445378151260505
5951,0.8288300835654596,0.1545958662409679
5952,0.8289693593314763,0.15456989247311828
5953,0.829108635097493,0.15471190996136402
5954,0.8292479108635098,0.15485387974470943
5955,0.8293871866295265,0.15499580184718723
5956,0.8295264623955432,0.15513767629281397
5957,0.8296657381615599,0.15527950310559005
5958,0.8298050139275766,0.15542128230949984
5959,0.8299442896935934,0.1555630139285115
5960,0.83008356545961,0.15553691275167786
5961,0.8302228412256267,0.155678577419896
5962,0.8303621169916434,0.15582019456558202
5963,0.8305013927576602,0.15579406339091062
5964,0.8306406685236769,0.1557679409792086
5965,0.8307799442896936,0.15590947191953058
5966,0.8309192200557103,0.15588333892054979
5967,0.831058495821727,0.1558572146807441
5968,0.8311977715877438,0.15583109919571045
5969,0.8313370473537605,0.15580499246104876
5970,0.8314763231197771,0.1559463986599665
5971,0.8316155988857938,0.15608775749455703
5972,0.8317548746518106,0.15606162089752176
5973,0.8318941504178273,0.15603549305206763
5974,0.832033426183844,0.1560093739537998
5975,0.8321727019498607,0.15598326359832637
5976,0.8323119777158774,0.15595716198125836
5977,0.8324512534818942,0.1559310690982098
5978,0.8325905292479109,0.1559049849447976
5979,0.8327298050139276,0.15587890951664157
5980,0.8328690807799443,0.15585284280936454
5981,0.833008356545961,0.15582678481859222
5982,0.8331476323119777,0.1559679037111334
5983,0.8332869080779944,0.15594183519973256
5984,0.8334261838440111,0.15608288770053477
5985,0.8335654596100278,0.15622389306599832
5986,0.8337047353760446,0.15619779485466087
5987,0.8338440111420613,0.15633873392350092
5988,0.833983286908078,0.156312625250501
5989,0.8341225626740947,0.15645349807981299
5990,0.8342618384401114,0.15642737896494158
5991,0.8344011142061282,0.15640126856952094
5992,0.8345403899721449,0.15654205607476634
5993,0.8346796657381615,0.15651593525780078
5994,0.8348189415041782,0.15648982315648982
5995,0.834958217270195,0.15663052543786488
5996,0.8350974930362117,0.15677118078719146
5997,0.8352367688022284,0.1567450391862598
5998,0.8353760445682451,0.15688562854284763
5999,0.8355153203342618,0.15685947657942992
6000,0.8356545961002786,0.15683333333333332
6001,0.8357938718662953,0.15697383769371773
6002,0.835933147632312,0.15711429523492168
6003,0.8360724233983287,0.15708812260536398
6004,0.8362116991643455,0.15706195869420386
6005,0.8363509749303621,0.15703580349708576
6006,0.8364902506963788,0.15717615717615718
6007,0.8366295264623955,0.1573164641251873
6008,0.8367688022284122,0.15729027962716377
6009,0.836908077994429,0.15743052088533865
6010,0.8370473537604457,0.15740432612312813
6011,0.8371866295264624,0.15754450174679754
6012,0.8373259052924791,0.15751829673985362
6013,0.8374651810584958,0.15749210044902712
6014,0.8376044568245126,0.1576321915530429
6015,0.8377437325905293,0.15777223607647547
6016,0.8378830083565459,0.15774601063829788
6017,0.8380222841225626,0.1577197939172345
6018,0.8381615598885794,0.15769358590893984
6019,0.8383008356545961,0.15783352716398072
6020,0.8384401114206128,0.15780730897009967
6021,0.8385793871866295,0.15778109948513536
6022,0.8387186629526462,0.15775489870474926
6023,0.838857938718663,0.15789473684210525
6024,0.8389972144846797,0.15803452855245684
6025,0.8391364902506964,0.1580082987551867
6026,0.839275766016713,0.1581480252240292
6027,0.8394150417827299,0.15828770532603284
6028,0.8395543175487465,0.1584273390842734
6029,0.8396935933147632,0.15856692652181126
6030,0.8398328690807799,0.15854063018242123
6031,0.8399721448467966,0.1585143425634223
6032,0.8401114206128134,0.15848806366047746
6033,0.8402506963788301,0.15846179346925243
6034,0.8403899721448468,0.15860125952933377
6035,0.8405292479108635,0.15857497928748965
6036,0.8406685236768803,0.15854870775347912
6037,0.840807799442897,0.158522444922975
6038,0.8409470752089137,0.1586618085458761
6039,0.8410863509749303,0.158635535684716
6040,0.841225626740947,0.1587748344370861
6041,0.8413649025069638,0.15874855156431056
6042,0.8415041782729805,0.15888778550148958
6043,0.8416434540389972,0.15902697335760385
6044,0.8417827298050139,0.15900066181336864
6045,0.8419220055710307,0.15913978494623657
6046,0.8420612813370474,0.15927886205755873
6047,0.8422005571030641,0.15925252191169176
6048,0.8423398328690808,0.1593915343915344
6049,0.8424791086350975,0.1593651843279881
6050,0.8426183844011143,0.15933884297520662
6051,0.8427576601671309,0.15947777226904644
6052,0.8428969359331476,0.15945142101784535
6053,0.8430362116991643,0.15942507847348422
6054,0.843175487465181,0.1595639246778989
6055,0.8433147632311978,0.15953757225433526
6056,0.8434540389972145,0.1595112285336856
6057,0.8435933147632312,0.15964999174508832
6058,0.8437325905292479,0.15978870914493232
6059,0.8438718662952647,0.1597623370193101
6060,0.8440111420612814,0.1599009900990099
6061,0.844150417827298,0.15987460815047022
6062,0.8442896935933147,0.15984823490597164
6063,0.8444289693593314,0.15982187036120732
6064,0.8445682451253482,0.15979551451187335
6065,0.8447075208913649,0.15976916735366858
6066,0.8448467966573816,0.15974282888229477
6067,0.8449860724233983,0.1597164990934564
6068,0.8451253481894151,0.15985497692814765
6069,0.8452646239554318,0.15982863733728786
6070,0.8454038997214485,0.15980230642504117
6071,0.8455431754874652,0.15977598418711908
6072,0.8456824512534818,0.15991436100131753
6073,0.8458217270194986,0.16005269224436028
6074,0.8459610027855153,0.1600263417846559
6075,0.846100278551532,0.16016460905349794
6076,0.8462395543175487,0.16013824884792627
6077,0.8463788300835655,0.16027645219680764
6078,0.8465181058495822,0.1602500822639026
6079,0.8466573816155989,0.16022372100674453
6080,0.8467966573816156,0.16019736842105264
6081,0.8469359331476323,0.16017102450254891
6082,0.8470752089136491,0.16014468924695824
6083,0.8472144846796658,0.16011836265000823
6084,0.8473537604456824,0.16009204470742933
6085,0.8474930362116991,0.1600657354149548
6086,0.8476323119777158,0.16003943476832075
6087,0.8477715877437326,0.16001314276326598
6088,0.8479108635097493,0.16015111695137976
6089,0.848050139275766,0.1601248152405978
6090,0.8481894150417827,0.16009852216748768
6091,0.8483286908077995,0.1602364143818749
6092,0.8484679665738162,0.16021011162179907
6093,0.8486072423398329,0.16018381749548663
6094,0.8487465181058496,0.1603216278306531
6095,0.8488857938718662,0.16045939294503692
6096,0.849025069637883,0.1605971128608924
6097,0.8491643454038997,0.16057077251107102
6098,0.8493036211699164,0.1607084289931125
6099,0.8494428969359331,0.16068207902934908
6100,0.8495821727019499,0.16065573770491803
6101,0.8497214484679666,0.16079331257170956
6102,0.8498607242339833,0.1607669616519174
6103,0.85,0.16090447320989676
6104,0.8501392757660167,0.16087811271297509
6105,0.8502785515320335,0.16085176085176084
6106,0.8504178272980502,0.16098919095971176
6107,0.8505571030640668,0.1609628295398723
6108,0.8506963788300835,0.16093647675180092
6109,0.8508356545961003,0.1609101325912588
6110,0.850974930362117,0.16088379705400982
6111,0.8511142061281337,0.16102110947471773
6112,0.8512534818941504,0.16115837696335078
6113,0.8513927576601671,0.16113201374120725
6114,0.8515320334261839,0.1611056591429506
6115,0.8516713091922006,0.16107931316434995
6116,0.8518105849582173,0.16121648136036626
6117,0.851949860724234,0.16119012587869871
6118,0.8520891364902506,0.16116377901274925
6119,0.8522284122562674,0.16113744075829384
6120,0.8523676880222841,0.16111111111111112
6121,0.8525069637883008,0.16124816206502204
6122,0.8526462395543175,0.1612218229336818
6123,0.8527855153203343,0.16119549240568348
6124,0.852924791086351,0.16133246244284782
6125,0.8530640668523677,0.16146938775510203
6126,0.8532033426183844,0.1616062683643487
6127,0.8533426183844011,0.16174310429247593
6128,0.8534818941504179,0.1618798955613577
6129,0.8536211699164346,0.16185348343938652
6130,0.8537604456824512,0.16199021207177813
6131,0.8538997214484679,0.16212689610177786
6132,0.8540389972144847,0.16210045662100456
6133,0.8541782729805014,0.16223707810207078
6134,0.8543175487465181,0.16221062927942614
6135,0.8544568245125348,0.1621841890790546
6136,0.8545961002785515,0.1623207301173403
6137,0.8547353760445683,0.1624572266579762
6138,0.854874651810585,0.16243075920495276
6139,0.8550139275766017,0.16256719335396644
6140,0.8551532033426184,0.16254071661237784
6141,0.8552924791086352,0.1626770884220811
6142,0.8554317548746518,0.16265060240963855
6143,0.8555710306406685,0.16278691193228065
6144,0.8557103064066852,0.16292317708333334
6145,0.8558495821727019,0.1628966639544345
6146,0.8559888579387187,0.16303286690530427
6147,0.8561281337047354,0.16316902554091428
6148,0.8562674094707521,0.16314248536109305
6149,0.8564066852367688,0.16311595381362823
6150,0.8565459610027855,0.1632520325203252
6151,0.8566852367688023,0.16322549178995285
6152,0.856824512534819,0.16336150845253575
6153,0.8569637883008356,0.16333495855680155
6154,0.8571030640668523,0.16347091322716933
6155,0.8572423398328691,0.16344435418359057
6156,0.8573816155988858,0.16341780376868095
6157,0.8575208913649025,0.16339126197823614
6158,0.8576601671309192,0.16352711919454369
6159,0.8577994428969359,0.16350056827407047
6160,0.8579387186629527,0.16347402597402597
6161,0.8580779944289694,0.16360980360331115
6162,0.8582172701949861,0.16358325219084713
6163,0.8583565459610027,0.16371896803504787
6164,0.8584958217270195,0.16385463984425697
6165,0.8586350974930362,0.16382806163828062
6166,0.8587743732590529,0.16380149205319494
6167,0.8589136490250696,0.1639370844819199
6168,0.8590529247910863,0.16391050583657588
6169,0.8591922005571031,0.16404603663478684
6170,0.8593314763231198,0.1640194489465154
6171,0.8594707520891365,0.16415491816561334
6172,0.8596100278551532,0.1642903434867142
6173,0.85974930362117,0.16426372914304227
6174,0.8598885793871867,0.16439909297052155
6175,0.8600278551532033,0.16437246963562754
6176,0.86016713091922,0.1643458549222798
6177,0.8603064066852367,0.1643192488262911
6178,0.8604456824512535,0.16429265134347684
6179,0.8605849582172702,0.16442790095484705
6180,0.8607242339832869,0.16440129449838187
6181,0.8608635097493036,0.16437469665102733
6182,0.8610027855153203,0.16434810740860564
6183,0.8611420612813371,0.16448326055312956
6184,0.8612813370473538,0.1646183699870634
6185,0.8614206128133705,0.16459175424413905
6186,0.8615598885793871,0.16456514710636921
6187,0.861699164345404,0.16470017779214483
6188,0.8618384401114206,0.16467356173238526
6189,0.8619777158774373,0.16480853126514786
6190,0.862116991643454,0.16494345718901454
6191,0.8622562674094707,0.1650783395251171
6192,0.8623955431754875,0.16521317829457363
6193,0.8625348189415042,0.16518650088809947
6194,0.8626740947075209,0.16515983209557636
6195,0.8628133704735376,0.16513317191283294
6196,0.8629526462395544,0.16526791478373143
6197,0.863091922005571,0.1654026141681459
6198,0.8632311977715877,0.16553727008712488
6199,0.8633704735376044,0.16551056622035812
6200,0.8635097493036211,0.16548387096774195
6201,0.8636490250696379,0.16545718432510886
6202,0.8637883008356546,0.1655917445985166
6203,0.8639275766016713,0.16572626148637756
6204,0.864066852367688,0.1658607350096712
6205,0.8642061281337048,0.16583400483481064
6206,0.8643454038997215,0.16596841766032872
6207,0.8644846796657382,0.1661027871757693
6208,0.8646239554317549,0.16607603092783504
6209,0.8647632311977715,0.16621033982928007
6210,0.8649025069637883,0.16634460547504026
6211,0.865041782729805,0.1663178232168733
6212,0.8651810584958217,0.16645202833226014
6213,0.8653203342618384,0.1664252374054402
6214,0.8654596100278552,0.1665593820405536
6215,0.8655988857938719,0.1666934835076428
6216,0.8657381615598886,0.16682754182754184
6217,0.8658774373259053,0.16696155702107127
6218,0.866016713091922,0.16693470569314892
6219,0.8661559888579388,0.16690786300048238
6220,0.8662952646239555,0.16688102893890674
6221,0.8664345403899721,0.16685420350425975
6222,0.8665738161559888,0.16682738669238187
6223,0.8667130919220055,0.16680057849911617
6224,0.8668523676880223,0.1669344473007712
6225,0.866991643454039,0.1670682730923695
6226,0.8671309192200557,0.1672020558946354
6227,0.8672701949860724,0.16733579572828008
6228,0.8674094707520892,0.16730892742453435
6229,0.8675487465181059,0.16728206774763205
6230,0.8676880222841226,0.16725521669341895
6231,0.8678272980501393,0.16722837425774353
6232,0.8679665738161559,0.167201540436457
6233,0.8681058495821727,0.16717471522541313
6234,0.8682451253481894,0.1671478986204684
6235,0.8683844011142061,0.16728147554129913
6236,0.8685236768802228,0.16741500962155229
6237,0.8686629526462396,0.1675485008818342
6238,0.8688022284122563,0.16768194934273806
6239,0.868941504178273,0.16781535502484374
6240,0.8690807799442897,0.16778846153846153
6241,0.8692200557103064,0.16792180740265983
6242,0.8693593314763232,0.1680551105414931
6243,0.8694986072423398,0.16818837097549255
6244,0.8696378830083565,0.1681614349775785
6245,0.8697771587743732,0.16829463570856684
6246,0.86991643454039,0.16826769132244637
6247,0.8700557103064067,0.16824075556267007
6248,0.8701949860724234,0.16821382842509602
6249,0.8703342618384401,0.16834693550968155
6250,0.8704735376044568,0.16832
6251,0.8706128133704736,0.168453047512398
6252,0.8707520891364903,0.16842610364683303
6253,0.870891364902507,0.1683991683991684
6254,0.8710306406685236,0.1685321394307643
6255,0.8711699164345403,0.16866506794564348
6256,0.8713091922005571,0.1686381074168798
6257,0.8714484679665738,0.16861115550583347
6258,0.8715877437325905,0.16858421220837327
6259,0.8717270194986072,0.1687170474516696
6260,0.871866295264624,0.16884984025559105
6261,0.8720055710306407,0.16898259064047277
6262,0.8721448467966574,0.16895560523794315
6263,0.8722841225626741,0.1690882963436053
6264,0.8724233983286908,0.16922094508301405
6265,0.8725626740947076,0.1693535514764565
6266,0.8727019498607242,0.16932652409830834
6267,0.8728412256267409,0.1694590713259933
6268,0.8729805013927576,0.1694320357370772
6269,0.8731197771587744,0.1694050087733291
6270,0.8732590529247911,0.16953748006379585
6271,0.8733983286908078,0.16966990910540583
6272,0.8735376044568245,0.16980229591836735
6273,0.8736768802228412,0.16977522716403634
6274,0.873816155988858,0.16974816703857187
6275,0.8739554317548747,0.1698804780876494
6276,0.8740947075208914,0.1698534098151689
6277,0.874233983286908,0.1699856619404174
6278,0.8743732590529248,0.16995858553679516
6279,0.8745125348189415,0.17009077878643097
6280,0.8746518105849582,0.17022292993630572
6281,0.8747910863509749,0.17035503900652763
6282,0.8749303621169916,0.17048710601719197
6283,0.8750696378830084,0.17061913098838136
6284,0.8752089136490251,0.1707511139401655
6285,0.8753481894150418,0.17088305489260144
6286,0.8754874651810585,0.17085587018771875
6287,0.8756267409470752,0.1709877525051694
6288,0.875766016713092,0.17111959287531806
6289,0.8759052924791086,0.1712513913181746
6290,0.8760445682451253,0.1713831478537361
6291,0.876183844011142,0.17135590526148467
6292,0.8763231197771588,0.17132867132867133
6293,0.8764623955431755,0.1714603527729223
6294,0.8766016713091922,0.17159199237368922
6295,0.8767409470752089,0.1715647339158062
6296,0.8768802228412256,0.17169631512071157
6297,0.8770194986072424,0.17166904875337463
6298,0.8771587743732591,0.17164179104477612
6299,0.8772980501392758,0.17161454199079218
6300,0.8774373259052924,0.17174603174603176
6301,0.8775766016713092,0.17187747976511664
6302,0.8777158774373259,0.17200888606791495
6303,0.8778551532033426,0.1721402506742821
6304,0.8779944289693593,0.17211294416243655
6305,0.878133704735376,0.17208564631245044
6306,0.8782729805013928,0.17221693625118933
6307,0.8784122562674095,0.17234818455684162
6308,0.8785515320334262,0.17247939124920736
6309,0.8786908077994429,0.17245205262323665
6310,0.8788300835654597,0.17258320126782883
6311,0.8789693593314764,0.17255585485659958
6312,0.879108635097493,0.1726869455006337
6313,0.8792479108635097,0.17265959131949946
6314,0.8793871866295264,0.1727906240101362
6315,0.8795264623955432,0.17292161520190025
6316,0.8796657381615599,0.17289423685877137
6317,0.8798050139275766,0.17286686718378977
6318,0.8799442896935933,0.1728395061728395
6319,0.88008356545961,0.17281215382180726
6320,0.8802228412256268,0.17278481012658228
6321,0.8803621169916435,0.17275747508305647
6322,0.8805013927576602,0.17273014868712433
6323,0.8806406685236768,0.17286098371026412
6324,0.8807799442896936,0.1728336495888678
6325,0.8809192200557103,0.17280632411067193
6326,0.881058495821727,0.17293708504584254
6327,0.8811977715877437,0.173067804646752
6328,0.8813370473537604,0.17304045512010113
6329,0.8814763231197772,0.17301311423605625
6330,0.8816155988857939,0.1731437598736177
6331,0.8817548746518106,0.17311641130942979
6332,0.8818941504178273,0.17308907138344914
6333,0.8820334261838441,0.1732196431391126
6334,0.8821727019498607,0.1733501736659299
6335,0.8823119777158774,0.17332280978689818
6336,0.8824512534818941,0.17329545454545456
6337,0.8825905292479108,0.17326810793750985
6338,0.8827298050139276,0.17339854843799304
6339,0.8828690807799443,0.17352894778356207
6340,0.883008356545961,0.17365930599369084
6341,0.8831476323119777,0.17363191925563792
6342,0.8832869080779945,0.17360454115421003
6343,0.8834261838440112,0.1737348257922119
6344,0.8835654596100279,0.17386506935687263
6345,0.8837047353760445,0.17383766745468873
6346,0.8838440111420612,0.17381027418846517
6347,0.883983286908078,0.17378288955412005
6348,0.8841225626740947,0.17391304347826086
6349,0.8842618384401114,0.17404315640258308
6350,0.8844011142061281,0.17401574803149605
6351,0.8845403899721448,0.17414580381042355
6352,0.8846796657381616,0.1742758186397985
6353,0.8848189415041783,0.17424838658901307
6354,0.884958217270195,0.17437834435001573
6355,0.8850974930362117,0.17450826121164437
6356,0.8852367688022285,0.17463813719320329
6357,0.8853760445682451,0.1746106654082114
6358,0.8855153203342618,0.17458320226486315
6359,0.8856545961002785,0.17455574775908161
6360,0.8857938718662952,0.17468553459119496
6361,0.885933147632312,0.17481528061625531
6362,0.8860724233983287,0.1747878025778057
6363,0.8862116991643454,0.17476033317617476
6364,0.8863509749303621,0.17489000628535512
6365,0.8864902506963789,0.17501963864886097
6366,0.8866295264623956,0.17499214577442665
6367,0.8867688022284123,0.17496466153604523
6368,0.886908077994429,0.17509422110552764
6369,0.8870473537604456,0.17522373999057936
6370,0.8871866295264624,0.17535321821036107
6371,0.8873259052924791,0.1753256945534453
6372,0.8874651810584958,0.17545511613308223
6373,0.8876044568245125,0.1755844970971285
6374,0.8877437325905293,0.17555695010982114
6375,0.887883008356546,0.17552941176470588
6376,0.8880222841225627,0.17550188205771644
6377,0.8881615598885794,0.17547436098478908
6378,0.888300835654596,0.17544684854186265
6379,0.8884401114206129,0.1754193447248785
6380,0.8885793871866295,0.1755485893416928
6381,0.8887186629526462,0.17552107820090895
6382,0.8888579387186629,0.17565026637417738
6383,0.8889972144846797,0.1756227479241736
6384,0.8891364902506964,0.17559523809523808
6385,0.8892757660167131,0.17556773688332028
6386,0.8894150417827298,0.17569683683056686
6387,0.8895543175487465,0.1756693283231564
6388,0.8896935933147633,0.17564182842830306
6389,0.88983286908078,0.17561433714196276
6390,0.8899721448467967,0.1757433489827856
6391,0.8901114206128133,0.1758723204506337
6392,0.89025069637883,0.17584480600750937
6393,0.8903899721448468,0.1758173001720632
6394,0.8905292479108635,0.17578980294025648
6395,0.8906685236768802,0.17576231430805317
6396,0.8908077994428969,0.17589118198874296
6397,0.8909470752089137,0.1758636861028607
6398,0.8910863509749304,0.17583619881212878
6399,0.8912256267409471,0.17580872011251758
6400,0.8913649025069638,0.17578125
6401,0.8915041782729805,0.17575378847055148
6402,0.8916434540389973,0.17572633552014996
6403,0.8917827298050139,0.17585506793690459
6404,0.8919220055710306,0.1759837601499063
6405,0.8920612813370473,0.17595628415300546
6406,0.8922005571030641,0.17608492038713705
6407,0.8923398328690808,0.1762135164663649
6408,0.8924791086350975,0.17634207240948813
6409,0.8926183844011142,0.17631455765330004
6410,0.8927576601671309,0.1764430577223089
6411,0.8928969359331477,0.17641553579784744
6412,0.8930362116991644,0.17638802245789145
6413,0.893175487465181,0.17651645095898955
6414,0.8933147632311977,0.17648893046460867
6415,0.8934540389972145,0.17661730319563523
6416,0.8935933147632312,0.17658977556109726
6417,0.8937325905292479,0.17656225650615553
6418,0.8938718662952646,0.17669055780617016
6419,0.8940111420612813,0.1768188191307057
6420,0.8941504178272981,0.17679127725856697
6421,0.8942896935933148,0.17676374396511446
6422,0.8944289693593315,0.1767362192463407
6423,0.8945682451253482,0.17686439358555192
6424,0.8947075208913648,0.1769925280199253
6425,0.8948467966573816,0.17696498054474707
6426,0.8949860724233983,0.17709305944600062
6427,0.895125348189415,0.1772210984907422
6428,0.8952646239554317,0.17734909769757312
6429,0.8954038997214485,0.1774770570850832
6430,0.8955431754874652,0.17744945567651632
6431,0.8956824512534819,0.17742186285181155
6432,0.8958217270194986,0.17754975124378108
6433,0.8959610027855153,0.17752215140680863
6434,0.8961002785515321,0.17764998445756916
6435,0.8962395543175488,0.17777777777777778
6436,0.8963788300835654,0.17775015537600994
6437,0.8965181058495821,0.17772254155662576
6438,0.8966573816155989,0.17769493631562597
6439,0.8967966573816156,0.17766733964901382
6440,0.8969359331476323,0.17763975155279504
6441,0.897075208913649,0.17776742741810278
6442,0.8972144846796657,0.1778950636448308
6443,0.8973537604456825,0.17786745304982152
6444,0.8974930362116992,0.17799503414028553
6445,0.8976323119777159,0.17796741660201706
6446,0.8977715877437326,0.1779398076326404
6447,0.8979108635097494,0.1780673181324647
6448,0.898050139275766,0.17819478908188585
6449,0.8981894150417827,0.17832222049930221
6450,0.8983286908077994,0.17844961240310078
6451,0.8984679665738161,0.1784219500852581
6452,0.8986072423398329,0.17854928704277742
6453,0.8987465181058496,0.1786765845343251
6454,0.8988857938718663,0.17880384257824605
6455,0.899025069637883,0.17893106119287375
6456,0.8991643454038997,0.17905824039653037
6457,0.8993036211699165,0.179030509524547
6458,0.8994428969359332,0.17900278724063176
6459,0.8995821727019498,0.17912989626877227
6460,0.8997214484679665,0.17925696594427246
6461,0.8998607242339833,0.17938399628540475
6462,0.9,0.17935623645930052
6463,0.9001392757660167,0.17932848522358039
6464,0.9002785515320334,0.17945544554455445
6465,0.9004178272980501,0.17958236658932714
6466,0.9005571030640669,0.17970924837612126
6467,0.9006963788300836,0.17983609092314828
6468,0.9008356545961003,0.1798082869511441
6469,0.900974930362117,0.17978049157520481
6470,0.9011142061281338,0.17975270479134467
6471,0.9012534818941504,0.1797249265955803
6472,0.9013927576601671,0.17969715698393077
6473,0.9015320334261838,0.17966939595241774
6474,0.9016713091922005,0.17979610750695088
6475,0.9018105849582173,0.17976833976833978
6476,0.901949860724234,0.17974058060531192
6477,0.9020891364902507,0.17971283001389532
6478,0.9022284122562674,0.17983945662241432
6479,0.9023676880222842,0.1799660441426146
6480,0.9025069637883009,0.18009259259259258
6481,0.9026462395543176,0.1802191019904336
6482,0.9027855153203342,0.18019129898179576
6483,0.9029247910863509,0.18016350455036248
6484,0.9030640668523677,0.18028994447871685
6485,0.9032033426183844,0.18041634541249035
6486,0.9033426183844011,0.1805427073697194
6487,0.9034818941504178,0.18066903036842916
6488,0.9036211699164345,0.1807953144266338
6489,0.9037604456824513,0.18092155956233627
6490,0.903899721448468,0.18089368258859784
6491,0.9040389972144847,0.18086581420428285
6492,0.9041782729805014,0.18099199014171288
6493,0.9043175487465182,0.18111812721392268
6494,0.9044568245125348,0.18124422543886665
6495,0.9045961002785515,0.18121632024634335
6496,0.9047353760445682,0.1813423645320197
6497,0.9048746518105849,0.1814683700169309
6498,0.9050139275766017,0.1814404432132964
6499,0.9051532033426184,0.18141252500384675
6500,0.9052924791086351,0.18153846153846154
6501,0.9054317548746518,0.18151053684048607
6502,0.9055710306406686,0.18148262073208243
6503,0.9057103064066853,0.18160848838997387
6504,0.905849582172702,0.18158056580565807
6505,0.9059888579387186,0.18155265180630284
6506,0.9061281337047353,0.18152474638794958
6507,0.9062674094707521,0.18149684954664208
6508,0.9064066852367688,0.18146896127842654
6509,0.9065459610027855,0.18159471500998617
6510,0.9066852367688022,0.1817204301075269
6511,0.906824512534819,0.18184610658884964
6512,0.9069637883008357,0.18181818181818182
6513,0.9071030640668524,0.18179026562260095
6514,0.9072423398328691,0.18191587350322383
6515,0.9073816155988857,0.18188795088257867
6516,0.9075208913649025,0.18201350521792511
6517,0.9076601671309192,0.1821390210219426
6518,0.9077994428969359,0.18211107701749002
6519,0.9079387186629526,0.18208314158613284
6520,0.9080779944289693,0.18205521472392638
6521,0.9082172701949861,0.1821806471400092
6522,0.9083565459610028,0.18215271389144433
6523,0.9084958217270195,0.18227809290203895
6524,0.9086350974930362,0.18240343347639484
6525,0.908774373259053,0.1825287356321839
6526,0.9089136490250697,0.1825007661661048
6527,0.9090529247910863,0.1824728052704152
6528,0.909192200557103,0.18259803921568626
6529,0.9093314763231197,0.1827232347985909
6530,0.9094707520891365,0.18284839203675343
6531,0.9096100278551532,0.18282039503904457
6532,0.9097493036211699,0.1829454990814452
6533,0.9098885793871866,0.18307056482473597
6534,0.9100278551532034,0.18319559228650137
6535,0.9101671309192201,0.18316755929609793
6536,0.9103064066852368,0.18329253365973072
6537,0.9104456824512535,0.18341746978736423
6538,0.9105849582172701,0.18338941572346285
6539,0.910724233983287,0.1835142988224499
6540,0.9108635097493036,0.1834862385321101
6541,0.9110027855153203,0.18361106864393822
6542,0.911142061281337,0.18358300214001835
6543,0.9112813370473538,0.1837077793061287
6544,0.9114206128133705,0.18383251833740832
6545,0.9115598885793872,0.1838044308632544
6546,0.9116991643454039,0.18392911701802628
6547,0.9118384401114206,0.18405376508324423
6548,0.9119777158774374,0.1841783750763592
6549,0.9121169916434541,0.1841502519468621
6550,0.9122562674094707,0.18427480916030534
6551,0.9123955431754874,0.18424667989619906
6552,0.9125348189415042,0.18437118437118438
6553,0.9126740947075209,0.18434304898519763
6554,0.9128133704735376,0.18431492218492523
6555,0.9129526462395543,0.18443935926773455
6556,0.913091922005571,0.18456375838926176
6557,0.9132311977715878,0.18453561079762087
6558,0.9133704735376045,0.18465995730405613
6559,0.9135097493036212,0.1847842658941912
6560,0.9136490250696379,0.1847560975609756
6561,0.9137883008356545,0.18488035360463345
6562,0.9139275766016713,0.18500457177689728
6563,0.914066852367688,0.18512875209507848
6564,0.9142061281337047,0.18525289457647776
6565,0.9143454038997214,0.18522467631378522
6566,0.9144846796657382,0.18519646664636003
6567,0.9146239554317549,0.1853205421044617
6568,0.9147632311977716,0.1852923264311815
6569,0.9149025069637883,0.18526411934845485
6570,0.915041782729805,0.1852359208523592
6571,0.9151810584958218,0.18520773093897427
6572,0.9153203342618385,0.18533171028606207
6573,0.9154596100278551,0.1853035143769968
6574,0.9155988857938718,0.18542744143595985
6575,0.9157381615598886,0.18539923954372622
6576,0.9158774373259053,0.18552311435523114
6577,0.916016713091922,0.1856469514976433
6578,0.9161559888579387,0.1857707509881423
6579,0.9162952646239554,0.18589451284389724
6580,0.9164345403899722,0.1858662613981763
6581,0.9165738161559889,0.18598997112900775
6582,0.9167130919220056,0.18596171376481313
6583,0.9168523676880223,0.1859334649855689
6584,0.916991643454039,0.1859052247873633
6585,0.9171309192200557,0.18602885345482156
6586,0.9172701949860724,0.18600060734892196
6587,0.9174094707520891,0.1861241839987855
6588,0.9175487465181058,0.18609593199757135
6589,0.9176880222841226,0.1860676885718622
6590,0.9178272980501393,0.18603945371775418
6591,0.917966573816156,0.18616294947655895
6592,0.9181058495821727,0.18613470873786409
6593,0.9182451253481894,0.18610647656605492
6594,0.9183844011142062,0.1862299059751289
6595,0.9185236768802229,0.18635329795299468
6596,0.9186629526462395,0.18632504548211037
6597,0.9188022284122562,0.18644838562983174
6598,0.918941504178273,0.18657168839042135
6599,0.9190807799442897,0.1866949537808759
6600,0.9192200557103064,0.18681818181818183
6601,0.9193593314763231,0.18678988032116345
6602,0.9194986072423398,0.18676158739775825
6603,0.9196378830083566,0.18673330304407088
6604,0.9197771587743733,0.18670502725620836
6605,0.91991643454039,0.18682816048448145
6606,0.9200557103064066,0.18695125643354527
6607,0.9201949860724234,0.18707431512032693
6608,0.9203342618384401,0.18719733656174334
6609,0.9204735376044568,0.18716901195339689
6610,0.9206128133704735,0.18729198184568835
6611,0.9207520891364902,0.187263651489941
6612,0.920891364902507,0.18738656987295826
6613,0.9210306406685237,0.18735823378194466
6614,0.9211699164345404,0.1874811006954944
6615,0.9213091922005571,0.18760393046107332
6616,0.9214484679665739,0.18757557436517533
6617,0.9215877437325906,0.1875472268399577
6618,0.9217270194986072,0.18766999093381687
6619,0.9218662952646239,0.18779271793322255
6620,0.9220055710306406,0.1879154078549849
6621,0.9221448467966574,0.18803806071590395
6622,0.9222841225626741,0.1880096647538508
6623,0.9224233983286908,0.18813226634455685
6624,0.9225626740947075,0.1882548309178744
6625,0.9227019498607242,0.18837735849056603
6626,0.922841225626741,0.18849984907938425
6627,0.9229805013927577,0.1884714048589105
6628,0.9231197771587744,0.18859384429692214
6629,0.923259052924791,0.18871624679438828
6630,0.9233983286908078,0.18883861236802413
6631,0.9235376044568245,0.18881013421806667
6632,0.9236768802228412,0.1887816646562123
6633,0.9238161559888579,0.188903965023368
6634,0.9239554317548746,0.18902622851974676
6635,0.9240947075208914,0.18899773926149208
6636,0.9242339832869081,0.18896925858951175
6637,0.9243732590529248,0.18894078649992466
6638,0.9245125348189415,0.18906297077432963
6639,0.9246518105849583,0.1890344931465582
6640,0.924791086350975,0.1891566265060241
6641,0.9249303621169916,0.18927872308387292
6642,0.9250696378830083,0.18940078289671786
6643,0.925208913649025,0.18952280596116214
6644,0.9253481894150418,0.1896447922937989
6645,0.9254874651810585,0.18976674191121143
6646,0.9256267409470752,0.18973818838399037
6647,0.9257660167130919,0.18986008725740935
6648,0.9259052924791087,0.18998194945848376
6649,0.9260445682451254,0.18995337644758611
6650,0.9261838440111421,0.1900751879699248
6651,0.9263231197771588,0.19004660953240116
6652,0.9264623955431754,0.1900180396873121
6653,0.9266016713091922,0.19013978656245303
6654,0.9267409470752089,0.1901112113014728
6655,0.9268802228412256,0.1902329075882795
6656,0.9270194986072423,0.19020432692307693
6657,0.927158774373259,0.19032597266035753
6658,0.9272980501392758,0.19044758185641333
6659,0.9274373259052925,0.19041898182910347
6660,0.9275766016713092,0.19054054054054054
6661,0.9277158774373259,0.19066206275334033
6662,0.9278551532033427,0.19063344341038727
6663,0.9279944289693594,0.19075491520336185
6664,0.928133704735376,0.1908763505402161
6665,0.9282729805013927,0.19099774943735934
6666,0.9284122562674094,0.19111911191119113
6667,0.9285515320334262,0.19124043797810109
6668,0.9286908077994429,0.19121175764847032
6669,0.9288300835654596,0.1913330334382966
6670,0.9289693593314763,0.19145427286356823
6671,0.9291086350974931,0.1915754759406386
6672,0.9292479108635098,0.19154676258992806
6673,0.9293871866295265,0.19166791548029372
6674,0.9295264623955432,0.1917890320647288
6675,0.9296657381615598,0.19191011235955055
6676,0.9298050139275766,0.19188136608747752
6677,0.9299442896935933,0.19185262842593978
6678,0.93008356545961,0.19197364480383347
6679,0.9302228412256267,0.19194490193142685
6680,0.9303621169916435,0.19206586826347305
6681,0.9305013927576602,0.19203712019158808
6682,0.9306406685236769,0.19215803651601318
6683,0.9307799442896936,0.19227891665419722
6684,0.9309192200557103,0.19225014961101136
6685,0.9310584958217271,0.19237097980553478
6686,0.9311977715877438,0.1923422075979659
6687,0.9313370473537604,0.19246298788694483
6688,0.9314763231197771,0.19258373205741627
6689,0.9316155988857938,0.1925549409478248
6690,0.9317548746518106,0.19252615844544096
6691,0.9318941504178273,0.1924973845464056
6692,0.932033426183844,0.19246861924686193
6693,0.9321727019498607,0.19243986254295534
6694,0.9323119777158775,0.19256050194203764
6695,0.9324512534818942,0.19268110530246452
6696,0.9325905292479109,0.1928016726403823
6697,0.9327298050139275,0.19292220397192772
6698,0.9328690807799442,0.19304269931322782
6699,0.933008356545961,0.1930138826690551
6700,0.9331476323119777,0.19313432835820896
6701,0.9332869080779944,0.19310550664079987
6702,0.9334261838440111,0.19322590271560727
6703,0.9335654596100279,0.19334626286737283
6704,0.9337047353760446,0.19331742243436753
6705,0.9338440111420613,0.19328859060402684
6706,0.933983286908078,0.19325976737250225
6707,0.9341225626740947,0.1933800506933055
6708,0.9342618384401115,0.19335122242098987
6709,0.9344011142061281,0.19332240274258458
6710,0.9345403899721448,0.19344262295081968
6711,0.9346796657381615,0.19341379824169275
6712,0.9348189415041783,0.19353396901072706
6713,0.934958217270195,0.19365410397735736
6714,0.9350974930362117,0.19377420315758118
6715,0.9352367688022284,0.19374534623976172
6716,0.9353760445682451,0.19371649791542586
6717,0.9355153203342619,0.19383653416703886
6718,0.9356545961002786,0.19395653468294136
6719,0.9357938718662953,0.19392766780770948
6720,0.935933147632312,0.19404761904761905
6721,0.9360724233983287,0.19401874721023657
6722,0.9362116991643454,0.1939898839631062
6723,0.9363509749303621,0.19410977242302543
6724,0.9364902506963788,0.19408090422367638
6725,0.9366295264623955,0.1942007434944238
6726,0.9367688022284123,0.19417187035385072
6727,0.936908077994429,0.19429166047272187
6728,0.9370473537604457,0.1942627824019025
6729,0.9371866295264624,0.19423391291425174
6730,0.9373259052924791,0.19420505200594354
6731,0.9374651810584959,0.1943247660080226
6732,0.9376044568245125,0.19444444444444445
6733,0.9377437325905292,0.19456408733105598
6734,0.9378830083565459,0.19468369468369467
6735,0.9380222841225627,0.19465478841870823
6736,0.9381615598885794,0.19477434679334918
6737,0.9383008356545961,0.1948938696749295
6738,0.9384401114206128,0.19486494508756308
6739,0.9385793871866295,0.194984419053272
6740,0.9387186629526463,0.19510385756676557
6741,0.938857938718663,0.19507491470108293
6742,0.9389972144846797,0.19519430436072382
6743,0.9391364902506963,0.19516535666617232
6744,0.9392757660167131,0.1952846975088968
6745,0.9394150417827298,0.19525574499629356
6746,0.9395543175487465,0.19537503705899792
6747,0.9396935933147632,0.19534607973914334
6748,0.9398328690807799,0.19546532305868405
6749,0.9399721448467967,0.19558453104163578
6750,0.9401114206128134,0.1957037037037037
6751,0.9402506963788301,0.19582284106058362
6752,0.9403899721448468,0.1959419431279621
6753,0.9405292479108636,0.19606100992151637
6754,0.9406685236768803,0.1960319810482677
6755,0.9408077994428969,0.19600296076980014
6756,0.9409470752089136,0.1959739490822972
6757,0.9410863509749303,0.19609294065413646
6758,0.9412256267409471,0.19606392423794022
6759,0.9413649025069638,0.19618286728806036
6760,0.9415041782729805,0.19615384615384615
6761,0.9416434540389972,0.19627274071882858
6762,0.9417827298050139,0.1963916001183082
6763,0.9419220055710307,0.19651042436788407
6764,0.9420612813370474,0.19648137196924897
6765,0.942200557103064,0.19660014781966
6766,0.9423398328690807,0.1967188885604493
6767,0.9424791086350975,0.19683759420718192
6768,0.9426183844011142,0.19695626477541373
6769,0.9427576601671309,0.1969271679716354
6770,0.9428969359331476,0.19704579025110783
6771,0.9430362116991643,0.19716437749224636
6772,0.9431754874651811,0.19713526284701713
6773,0.9433147632311978,0.19710615679905508
6774,0.9434540389972145,0.1970770593445527
6775,0.9435933147632312,0.1970479704797048
6776,0.943732590529248,0.19701889020070837
6777,0.9438718662952646,0.19698981850376274
6778,0.9440111420612813,0.1971082915314252
6779,0.944150417827298,0.1972267296061366
6780,0.9442896935933147,0.1971976401179941
6781,0.9444289693593315,0.1973160300840584
6782,0.9445682451253482,0.1974343851371277
6783,0.9447075208913649,0.19740527790063395
6784,0.9448467966573816,0.19752358490566038
6785,0.9449860724233984,0.19749447310243184
6786,0.9451253481894151,0.197465369879163
6787,0.9452646239554318,0.19743627523206128
6788,0.9454038997214484,0.1974071891573365
6789,0.9455431754874651,0.19737811165120048
6790,0.9456824512534819,0.19734904270986744
6791,0.9458217270194986,0.19746723604771022
6792,0.9459610027855153,0.197585394581861
6793,0.946100278551532,0.19770351832769026
6794,0.9462395543175487,0.1978216073005593
6795,0.9463788300835655,0.1977924944812362
6796,0.9465181058495822,0.19791053560918187
6797,0.9466573816155989,0.19802854200382522
6798,0.9467966573816156,0.1979994115916446
6799,0.9469359331476324,0.19811737020150022
6800,0.947075208913649,0.19823529411764707
6801,0.9472144846796657,0.1983531833553889
6802,0.9473537604456824,0.19847103793002058
6803,0.9474930362116991,0.19858885785682787
6804,0.9476323119777159,0.1987066431510876
6805,0.9477715877437326,0.19867744305657606
6806,0.9479108635097493,0.19879518072289157
6807,0.948050139275766,0.19891288379609226
6808,0.9481894150417828,0.19903055229142186
6809,0.9483286908077995,0.19914818622411515
6810,0.9484679665738162,0.19926578560939795
6811,0.9486072423398328,0.19923652914403173
6812,0.9487465181058495,0.19920728126834997
6813,0.9488857938718663,0.19932482019668282
6814,0.949025069637883,0.19929556794834166
6815,0.9491643454038997,0.19941305942773294
6816,0.9493036211699164,0.19953051643192488
6817,0.9494428969359332,0.19964793897608918
6818,0.9495821727019499,0.1996186564975066
6819,0.9497214484679666,0.19973603167619886
6820,0.9498607242339833,0.1998533724340176
6821,0.95,0.19997067878610175
6822,0.9501392757660168,0.20008795074758134
6823,0.9502785515320334,0.20020518833357762
6824,0.9504178272980501,0.20017584994138335
6825,0.9505571030640668,0.2002930402930403
6826,0.9506963788300835,0.20041019630823323
6827,0.9508356545961003,0.20052731800205068
6828,0.950974930362117,0.200497949619215
6829,0.9511142061281337,0.2006150241616635
6830,0.9512534818941504,0.2007320644216691
6831,0.9513927576601672,0.20084907041428782
6832,0.9515320334261839,0.20096604215456673
6833,0.9516713091922006,0.20093663105517343
6834,0.9518105849582172,0.20105355575065847
6835,0.9519498607242339,0.2011704462326262
6836,0.9520891364902507,0.20128730251609128
6837,0.9522284122562674,0.20140412461605967
6838,0.9523676880222841,0.20152091254752852
6839,0.9525069637883008,0.2014914461178535
6840,0.9526462395543176,0.20160818713450293
6841,0.9527855153203343,0.20157871656190615
6842,0.952924791086351,0.20169541069862612
6843,0.9530640668523677,0.20166593599298555
6844,0.9532033426183844,0.20178258328462886
6845,0.9533426183844012,0.20175310445580716
6846,0.9534818941504178,0.2018697049371896
6847,0.9536211699164345,0.20184022199503432
6848,0.9537604456824512,0.2019567757009346
6849,0.953899721448468,0.20192728865527815
6850,0.9540389972144847,0.2018978102189781
6851,0.9541782729805014,0.20201430448109764
6852,0.9543175487465181,0.20198482194979567
6853,0.9544568245125348,0.20195534802276374
6854,0.9545961002785516,0.20192588269623576
6855,0.9547353760445683,0.20204230488694383
6856,0.954874651810585,0.20215869311551926
6857,0.9550139275766016,0.20227504739682076
6858,0.9551532033426184,0.20224555263925342
6859,0.9552924791086351,0.20221606648199447
6860,0.9554317548746518,0.2021865889212828
6861,0.9555710306406685,0.20215711995335958
6862,0.9557103064066852,0.20212765957446807
6863,0.955849582172702,0.20209820778085386
6864,0.9559888579387187,0.20206876456876458
6865,0.9561281337047354,0.20203932993445012
6866,0.9562674094707521,0.20200990387416254
6867,0.9564066852367687,0.2019804863841561
6868,0.9565459610027855,0.20195107746068724
6869,0.9566852367688022,0.2020672586985005
6870,0.9568245125348189,0.20203784570596797
6871,0.9569637883008356,0.20215398049774413
6872,0.9571030640668524,0.2021245634458673
6873,0.9572423398328691,0.20224065182598575
6874,0.9573816155988858,0.202211230724469
6875,0.9575208913649025,0.20232727272727272
6876,0.9576601671309192,0.2024432809773124
6877,0.957799442896936,0.20241384324560127
6878,0.9579387186629527,0.20238441407385868
6879,0.9580779944289693,0.2023549934583515
6880,0.958217270194986,0.20247093023255813
6881,0.9583565459610028,0.20258683330911204
6882,0.9584958217270195,0.20255739610578322
6883,0.9586350974930362,0.20252796745605114
6884,0.9587743732590529,0.20249854735618827
6885,0.9589136490250696,0.20261437908496732
6886,0.9590529247910864,0.20273017717107175
6887,0.9591922005571031,0.202700740525628
6888,0.9593314763231198,0.2028164924506388
6889,0.9594707520891365,0.202932210770794
6890,0.9596100278551533,0.2030478955007257
6891,0.95974930362117,0.203018429836018
6892,0.9598885793871866,0.2029889727219965
6893,0.9600278551532033,0.20310459886841722
6894,0.96016713091922,0.20322019147084422
6895,0.9603064066852368,0.20333575054387237
6896,0.9604456824512535,0.2033062645011601
6897,0.9605849582172702,0.2032767870088444
6898,0.9607242339832869,0.20339228761959988
6899,0.9608635097493036,0.20336280620379765
6900,0.9610027855153204,0.20347826086956522
6901,0.9611420612813371,0.2035936820750616
6902,0.9612813370473537,0.20370906983483048
6903,0.9614206128133704,0.2038244241634072
6904,0.9615598885793872,0.20393974507531865
6905,0.9616991643454039,0.20391020999275888
6906,0.9618384401114206,0.2038806834636548
6907,0.9619777158774373,0.2039959461415955
6908,0.962116991643454,0.20411117544875507
6909,0.9622562674094708,0.20408163265306123
6910,0.9623955431754875,0.20419681620839364
6911,0.9625348189415042,0.20431196643032845
6912,0.9626740947075209,0.2042824074074074
6913,0.9628133704735377,0.20425285693620715
6914,0.9629526462395543,0.20422331501301708
6915,0.963091922005571,0.2041937816341287
6916,0.9632311977715877,0.20416425679583575
6917,0.9633704735376044,0.20427931184039325
6918,0.9635097493036212,0.20439433362243423
6919,0.9636490250696379,0.20436479260008672
6920,0.9637883008356546,0.20447976878612717
6921,0.9639275766016713,0.2044502239560757
6922,0.9640668523676881,0.20442068766252527
6923,0.9642061281337048,0.2043911599017767
6924,0.9643454038997215,0.2045060658578856
6925,0.9644846796657381,0.20462093862815883
6926,0.9646239554317548,0.20459139474444124
6927,0.9647632311977716,0.2047062220297387
6928,0.9649025069637883,0.20482101616628176
6929,0.965041782729805,0.20493577716842257
6930,0.9651810584958217,0.20505050505050504
6931,0.9653203342618384,0.20502092050209206
6932,0.9654596100278552,0.20513560300057704
6933,0.9655988857938719,0.20525025241598155
6934,0.9657381615598886,0.20522065186039803
6935,0.9658774373259053,0.2053352559480894
6936,0.966016713091922,0.2054498269896194
6937,0.9661559888579387,0.20556436499927921
6938,0.9662952646239554,0.205678869991352
6939,0.9664345403899721,0.2056492289955325
6940,0.9665738161559888,0.20561959654178674
6941,0.9667130919220056,0.2055899726264227
6942,0.9668523676880223,0.20570440795159897
6943,0.966991643454039,0.205818810312545
6944,0.9671309192200557,0.2059331797235023
6945,0.9672701949860725,0.2060475161987041
6946,0.9674094707520892,0.20601785200115175
6947,0.9675487465181059,0.2061321433712394
6948,0.9676880222841225,0.20610247553252733
6949,0.9678272980501392,0.2062167218304792
6950,0.967966573816156,0.20633093525179855
6951,0.9681058495821727,0.20630125161847215
6952,0.9682451253481894,0.20627157652474107
6953,0.9683844011142061,0.20624190996692077
6954,0.9685236768802229,0.20635605406960023
6955,0.9686629526462396,0.20632638389647737
6956,0.9688022284122563,0.20629672225416906
6957,0.968941504178273,0.2064108092568636
6958,0.9690807799442896,0.20638114400689853
6959,0.9692200557103064,0.20649518608995546
6960,0.9693593314763231,0.20646551724137932
6961,0.9694986072423398,0.2064358569171096
6962,0.9696378830083565,0.20654984199942544
6963,0.9697771587743732,0.20666379434151946
6964,0.96991643454039,0.20663411832280298
6965,0.9700557103064067,0.20660445082555634
6966,0.9701949860724234,0.20671834625322996
6967,0.9703342618384401,0.2066886751830056
6968,0.9704735376044569,0.20680252583237657
6969,0.9706128133704736,0.2067728511981633
6970,0.9707520891364902,0.20674318507890962
6971,0.9708913649025069,0.20685697891263807
6972,0.9710306406685236,0.2069707401032702
6973,0.9711699164345404,0.20708446866485014
6974,0.9713091922005571,0.20719816461141383
6975,0.9714484679665738,0.207168458781362
6976,0.9715877437325905,0.2071387614678899
6977,0.9717270194986073,0.20710907266733553
6978,0.971866295264624,0.20722269991401548
6979,0.9720055710306407,0.20733629459807995
6980,0.9721448467966574,0.20730659025787965
6981,0.972284122562674,0.20727689442773242
6982,0.9724233983286908,0.20739043254081924
6983,0.9725626740947075,0.2073607332092224
6984,0.9727019498607242,0.20747422680412372
6985,0.9728412256267409,0.20758768790264853
6986,0.9729805013927577,0.20770111651875178
6987,0.9731197771587744,0.20781451266638043
6988,0.9732590529247911,0.20792787635947338
6989,0.9733983286908078,0.20804120761196165
6990,0.9735376044568245,0.20815450643776823
6991,0.9736768802228413,0.20812473179802604
6992,0.973816155988858,0.20823798627002288
6993,0.9739554317548746,0.2082082082082082
6994,0.9740947075208913,0.20832141835859308
6995,0.974233983286908,0.20843459614010007
6996,0.9743732590529248,0.2085477415666095
6997,0.9745125348189415,0.20851793625839646
6998,0.9746518105849582,0.20863103743926836
6999,0.9747910863509749,0.20874410630090012
7000,0.9749303621169917,0.20885714285714285
7001,0.9750696378830084,0.20882731038423083
7002,0.9752089136490251,0.20894030277063697
7003,0.9753481894150418,0.20891046694273882
7004,0.9754874651810584,0.20888063963449457
7005,0.9756267409470752,0.20899357601713062
7006,0.9757660167130919,0.20910648015986297
7007,0.9759052924791086,0.20907663764806622
7008,0.9760445682451253,0.209189497716895
7009,0.9761838440111421,0.20915965187615923
7010,0.9763231197771588,0.20927246790299572
7011,0.9764623955431755,0.2093852517472543
7012,0.9766016713091922,0.20949800342270394
7013,0.9767409470752089,0.20946813061457292
7014,0.9768802228412257,0.20943826632449386
7015,0.9770194986072424,0.20955096222380612
7016,0.977158774373259,0.20952109464082097
7017,0.9772980501392757,0.2096337466153627
7018,0.9774373259052925,0.2097463664861784
7019,0.9775766016713092,0.20971648382960537
7020,0.9777158774373259,0.20968660968660968
7021,0.9778551532033426,0.20979917390685088
7022,0.9779944289693593,0.20976929649672457
7023,0.9781337047353761,0.20973942759504485
7024,0.9782729805013928,0.20970956719817768
7025,0.9784122562674095,0.2096797153024911
7026,0.9785515320334262,0.20964987190435525
7027,0.978690807799443,0.2096200370001423
7028,0.9788300835654596,0.2097324985771201
7029,0.9789693593314763,0.2098449281547873
7030,0.979108635097493,0.20981507823613088
7031,0.9792479108635097,0.209927464087612
7032,0.9793871866295265,0.21003981797497157
7033,0.9795264623955432,0.21015213991184417
7034,0.9796657381615599,0.2102644299118567
7035,0.9798050139275766,0.2103766879886283
7036,0.9799442896935933,0.21034678794769757
7037,0.9800835654596101,0.21031689640471793
7038,0.9802228412256268,0.21042909917590225
7039,0.9803621169916434,0.21054127006677084
7040,0.9805013927576601,0.2106534090909091
7041,0.9806406685236769,0.21076551626189463
7042,0.9807799442896936,0.21087759159329736
7043,0.9809192200557103,0.21098963509867955
7044,0.981058495821727,0.21095968199886428
7045,0.9811977715877437,0.21107168204400284
7046,0.9813370473537605,0.21118365029804145
7047,0.9814763231197772,0.211295586774514
7048,0.9816155988857939,0.21140749148694665
7049,0.9817548746518105,0.211519364448858
7050,0.9818941504178273,0.21148936170212765
7051,0.982033426183844,0.21160119132038008
7052,0.9821727019498607,0.21171298922291548
7053,0.9823119777158774,0.21182475542322415
7054,0.9824512534818941,0.21179472639637084
7055,0.9825905292479109,0.21176470588235294
7056,0.9827298050139276,0.2118764172335601
7057,0.9828690807799443,0.21184639365169336
7058,0.983008356545961,0.2119580617738736
7059,0.9831476323119778,0.21206969825754357
7060,0.9832869080779945,0.21203966005665723
7061,0.9834261838440111,0.21215125336354623
7062,0.9835654596100278,0.2122628150665534
7063,0.9837047353760445,0.2122327622823163
7064,0.9838440111420613,0.21234428086070214
7065,0.983983286908078,0.2124557678697806
7066,0.9841225626740947,0.2124257005377866
7067,0.9842618384401114,0.21239564171501343
7068,0.9844011142061281,0.21236559139784947
7069,0.9845403899721449,0.21233554958268497
7070,0.9846796657381616,0.2123055162659123
7071,0.9848189415041783,0.2122754914439259
7072,0.984958217270195,0.21224547511312217
7073,0.9850974930362117,0.21221546726989962
7074,0.9852367688022284,0.21218546791065876
7075,0.9853760445682451,0.21229681978798587
7076,0.9855153203342618,0.21240814019219897
7077,0.9856545961002785,0.21251942913663982
7078,0.9857938718662953,0.21263068663464255
7079,0.985933147632312,0.2126006498092951
7080,0.9860724233983287,0.21271186440677967
7081,0.9862116991643454,0.212823047592148
7082,0.9863509749303622,0.21293419937870658
7083,0.9864902506963789,0.21290413666525485
7084,0.9866295264623955,0.21301524562394128
7085,0.9867688022284122,0.21298517995765703
7086,0.9869080779944289,0.2130962461191081
7087,0.9870473537604457,0.21306617750811344
7088,0.9871866295264624,0.21317720090293454
7089,0.9873259052924791,0.21314712935533925
7090,0.9874651810584958,0.21311706629055008
7091,0.9876044568245126,0.21322803553800593
7092,0.9877437325905293,0.21333897349125774
7093,0.987883008356546,0.2133088960947413
7094,0.9880222841225627,0.21341979137299125
7095,0.9881615598885793,0.21338971106412966
7096,0.9883008356545961,0.21350056369785794
7097,0.9884401114206128,0.21347048048471184
7098,0.9885793871866295,0.21358129050436742
7099,0.9887186629526462,0.2135512043949852
7100,0.9888579387186629,0.21366197183098593
7101,0.9889972144846797,0.21363188283340376
7102,0.9891364902506964,0.21360180230920867
7103,0.9892757660167131,0.21371251583837814
7104,0.9894150417827298,0.2138231981981982
7105,0.9895543175487466,0.21379310344827587
7106,0.9896935933147633,0.21376301716858992
7107,0.9898328690807799,0.21387364570142114
7108,0.9899721448467966,0.21398424310635902
7109,0.9901114206128133,0.2140948093965396
7110,0.9902506963788301,0.2142053445850914
7111,0.9903899721448468,0.2143158486851357
7112,0.9905292479108635,0.21428571428571427
7113,0.9906685236768802,0.21439617601574582
7114,0.990807799442897,0.21450660669103178
7115,0.9909470752089137,0.2146170063246662
7116,0.9910863509749304,0.21472737492973581
7117,0.991225626740947,0.2146972038780385
7118,0.9913649025069637,0.214667041303737
7119,0.9915041782729805,0.21477735637027673
7120,0.9916434540389972,0.2148876404494382
7121,0.9917827298050139,0.2149978935542761
7122,0.9919220055710306,0.2151081156978377
7123,0.9920612813370474,0.21507791660817072
7124,0.9922005571030641,0.21518809657495788
7125,0.9923398328690808,0.2152982456140351
7126,0.9924791086350975,0.21540836373842268
7127,0.9926183844011142,0.21551845096113373
7128,0.992757660167131,0.21562850729517397
7129,0.9928969359331477,0.21559826062561369
7130,0.9930362116991643,0.21570827489481065
7131,0.993175487465181,0.2158182583087926
7132,0.9933147632311977,0.21578799775659002
7133,0.9934540389972145,0.21589793915603533
7134,0.9935933147632312,0.21600784973366974
7135,0.9937325905292479,0.21597757533286616
7136,0.9938718662952646,0.21608744394618834
7137,0.9940111420612814,0.216057166876839
7138,0.9941504178272981,0.21602689829083777
7139,0.9942896935933148,0.21613671382546576
7140,0.9944289693593314,0.21610644257703082
7141,0.9945682451253481,0.21607617980674976
7142,0.9947075208913649,0.21604592551106133
7143,0.9948467966573816,0.21615567688646228
7144,0.9949860724233983,0.21626539753639418
7145,0.995125348189415,0.21637508747375786
7146,0.9952646239554318,0.21648474671144696
7147,0.9954038997214485,0.21659437526234784
7148,0.9955431754874652,0.2165640738668159
7149,0.9956824512534819,0.2166736606518394
7150,0.9958217270194986,0.21678321678321677
7151,0.9959610027855154,0.21675290169207104
7152,0.996100278551532,0.21686241610738255
7153,0.9962395543175487,0.21697189990213897
7154,0.9963788300835654,0.2170813530891809
7155,0.9965181058495822,0.2171907756813417
7156,0.9966573816155989,0.21730016769144775
7157,0.9967966573816156,0.217409529132318
7158,0.9969359331476323,0.21751886001676446
7159,0.997075208913649,0.21762816035759183
7160,0.9972144846796658,0.2175977653631285
7161,0.9973537604456825,0.21770702415863707
7162,0.9974930362116992,0.2176766266406032
7163,0.9976323119777158,0.21764623760993998
7164,0.9977715877437325,0.21775544388609716
7165,0.9979108635097493,0.21786461967899512
7166,0.998050139275766,0.21797376500139548
7167,0.9981894150417827,0.21808287986605274
7168,0.9983286908077994,0.21805245535714285
7169,0.9984679665738162,0.21816152880457526
7170,0.9986072423398329,0.21827057182705717
7171,0.9987465181058496,0.21837958443731698
7172,0.9988857938718663,0.21834913552704963
7173,0.999025069637883,0.21845810678934896
7174,0.9991643454038998,0.21856704767214943
7175,0.9993036211699164,0.2186759581881533
7176,0.9994428969359331,0.21864548494983277
7177,0.9995821727019498,0.21875435418698622
7178,0.9997214484679666,0.21872387851769295
7179,0.9998607242339833,0.21883270650508427
7180,1.0,0.21880222841225627
