accepted,coverage,risk
1,0.0001392757660167131,0.0
2,0.0002785515320334262,0.0
3,0.00041782729805013927,0.0
4,0.0005571030640668524,0.0
5,0.0006963788300835655,0.0
6,0.0008356545961002785,0.0
7,0.0009749303621169916,0.0
8,0.0011142061281337048,0.0
9,0.0012534818941504179,0.0
10,0.001392757660167131,0.0
11,0.001532033426183844,0.0
12,0.001671309192200557,0.0
13,0.0018105849582172701,0.0
14,0.0019498607242339832,0.0
15,0.0020891364902506965,0.0
16,0.0022284122562674096,0.0
17,0.0023676880222841226,0.0
18,0.0025069637883008357,0.0
19,0.0026462395543175488,0.0
20,0.002785515320334262,0.0
21,0.002924791086350975,0.0
22,0.003064066852367688,0.0
23,0.003203342618384401,0.0
24,0.003342618384401114,0.0
25,0.003481894150417827,0.0
26,0.0036211699164345403,0.0
27,0.0037604456824512533,0.0
28,0.0038997214484679664,0.0
29,0.00403899721448468,0.0
30,0.004178272980501393,0.0
31,0.004317548746518106,0.0
32,0.004456824512534819,0.0
33,0.004596100278551532,0.0
34,0.004735376044568245,0.0
35,0.004874651810584958,0.0
36,0.005013927576601671,0.0
37,0.0051532033426183845,0.0
38,0.0052924791086350976,0.0
39,0.005431754874651811,0.0
40,0.005571030640668524,0.0
41,0.005710306406685237,0.0
42,0.00584958217270195,0.0
43,0.005988857938718663,0.0
44,0.006128133704735376,0.0
45,0.006267409470752089,0.0
46,0.006406685236768802,0.0
47,0.006545961002785515,0.0
48,0.006685236768802228,0.0
49,0.006824512534818941,0.0
50,0.006963788300835654,0.0
51,0.0071030640668523675,0.0
52,0.0072423398328690805,0.0
53,0.007381615598885794,0.0
54,0.007520891364902507,0.0
55,0.00766016713091922,0.0
56,0.007799442896935933,0.0
57,0.007938718662952647,0.0
58,0.00807799442896936,0.0
59,0.008217270194986073,0.0
60,0.008356545961002786,0.0
61,0.008495821727019499,0.0
62,0.008635097493036212,0.0
63,0.008774373259052925,0.0
64,0.008913649025069638,0.0
65,0.009052924791086351,0.0
66,0.009192200557103064,0.0
67,0.009331476323119777,0.0
68,0.00947075208913649,0.0
69,0.009610027855153204,0.0
70,0.009749303621169917,0.0
71,0.00988857938718663,0.0
72,0.010027855153203343,0.0
73,0.010167130919220056,0.0
74,0.010306406685236769,0.0
75,0.010445682451253482,0.0
76,0.010584958217270195,0.0
77,0.010724233983286908,0.0
78,0.010863509749303621,0.0
79,0.011002785515320334,0.0
80,0.011142061281337047,0.0
81,0.01128133704735376,0.0
82,0.011420612813370474,0.0
83,0.011559888579387187,0.0
84,0.0116991643454039,0.0
85,0.011838440111420613,0.0
86,0.011977715877437326,0.0
87,0.012116991643454039,0.0
88,0.012256267409470752,0.0
89,0.012395543175487465,0.0
90,0.012534818941504178,0.0
91,0.012674094707520891,0.0
92,0.012813370473537604,0.0
93,0.012952646239554317,0.0
94,0.01309192200557103,0.0
95,0.013231197771587743,0.0
96,0.013370473537604457,0.0
97,0.01350974930362117,0.0
98,0.013649025069637883,0.0
99,0.013788300835654596,0.0
100,0.013927576601671309,0.0
101,0.014066852367688022,0.0
102,0.014206128133704735,0.0
103,0.014345403899721448,0.0
104,0.014484679665738161,0.0
105,0.014623955431754874,0.0
106,0.014763231197771587,0.0
107,0.0149025069637883,0.0
108,0.015041782729805013,0.0
109,0.015181058495821726,0.0
110,0.01532033426183844,0.0
111,0.015459610027855153,0.0
112,0.015598885793871866,0.0
113,0.01573816155988858,0.0
114,0.015877437325905294,0.0
115,0.016016713091922007,0.0
116,0.01615598885793872,0.0
117,0.016295264623955433,0.0
118,0.016434540389972146,0.0
119,0.01657381615598886,0.0
120,0.016713091922005572,0.0
121,0.016852367688022285,0.0
122,0.016991643454038998,0.0
123,0.01713091922005571,0.0
124,0.017270194986072424,0.0
125,0.017409470752089137,0.0
126,0.01754874651810585,0.0
127,0.017688022284122563,0.0
128,0.017827298050139277,0.0
129,0.01796657381615599,0.0
130,0.018105849582172703,0.0
131,0.018245125348189416,0.0
132,0.01838440111420613,0.0
133,0.018523676880222842,0.0
134,0.018662952646239555,0.0
135,0.018802228412256268,0.0
136,0.01894150417827298,0.0
137,0.019080779944289694,0.0
138,0.019220055710306407,0.0
139,0.01935933147632312,0.0
140,0.019498607242339833,0.0
141,0.019637883008356546,0.0
142,0.01977715877437326,0.0
143,0.019916434540389973,0.0
144,0.020055710306406686,0.0
145,0.0201949860724234,0.0
146,0.020334261838440112,0.0
147,0.020473537604456825,0.0
148,0.020612813370473538,0.0
149,0.02075208913649025,0.0
150,0.020891364902506964,0.0
151,0.021030640668523677,0.0
152,0.02116991643454039,0.0
153,0.021309192200557103,0.0
154,0.021448467966573816,0.0
155,0.02158774373259053,0.0
156,0.021727019498607242,0.0
157,0.021866295264623956,0.0
158,0.02200557103064067,0.0
159,0.02214484679665738,0.0
160,0.022284122562674095,0.0
161,0.022423398328690808,0.0
162,0.02256267409470752,0.0
163,0.022701949860724234,0.0
164,0.022841225626740947,0.0
165,0.02298050139275766,0.0
166,0.023119777158774373,0.0
167,0.023259052924791086,0.0
168,0.0233983286908078,0.0
169,0.023537604456824512,0.0
170,0.023676880222841225,0.0
171,0.02381615598885794,0.0
172,0.02395543175487465,0.0
173,0.024094707520891365,0.0
174,0.024233983286908078,0.0
175,0.02437325905292479,0.0
176,0.024512534818941504,0.0
177,0.024651810584958217,0.0
178,0.02479108635097493,0.0
179,0.024930362116991643,0.0
180,0.025069637883008356,0.0
181,0.02520891364902507,0.0
182,0.025348189415041782,0.0
183,0.025487465181058495,0.0
184,0.02562674094707521,0.0
185,0.02576601671309192,0.0
186,0.025905292479108635,0.0
187,0.026044568245125348,0.0
188,0.02618384401114206,0.0
189,0.026323119777158774,0.0
190,0.026462395543175487,0.0
191,0.0266016713091922,0.0
192,0.026740947075208913,0.0
193,0.026880222841225626,0.0
194,0.02701949860724234,0.0
195,0.027158774373259052,0.0
196,0.027298050139275765,0.0
197,0.02743732590529248,0.0
198,0.02757660167130919,0.0
199,0.027715877437325905,0.0
200,0.027855153203342618,0.0
201,0.02799442896935933,0.0
202,0.028133704735376044,0.0
203,0.028272980501392757,0.0
204,0.02841225626740947,0.0
205,0.028551532033426183,0.0
206,0.028690807799442896,0.0
207,0.02883008356545961,0.0
208,0.028969359331476322,0.0
209,0.029108635097493035,0.0
210,0.02924791086350975,0.0
211,0.02938718662952646,0.0
212,0.029526462395543174,0.0
213,0.029665738161559888,0.0
214,0.0298050139275766,0.0
215,0.029944289693593314,0.0
216,0.030083565459610027,0.0
217,0.03022284122562674,0.0
218,0.030362116991643453,0.0
219,0.030501392757660166,0.0
220,0.03064066852367688,0.0
221,0.030779944289693592,0.0
222,0.030919220055710305,0.0
223,0.031058495821727018,0.0
224,0.03119777158774373,0.0
225,0.031337047353760444,0.0
226,0.03147632311977716,0.0
227,0.03161559888579387,0.0
228,0.03175487465181059,0.0
229,0.0318941504178273,0.0
230,0.03203342618384401,0.0
231,0.03217270194986072,0.0
232,0.03231197771587744,0.0
233,0.03245125348189415,0.0
234,0.032590529247910865,0.0
235,0.032729805013927575,0.0
236,0.03286908077994429,0.0
237,0.033008356545961,0.0
238,0.03314763231197772,0.0
239,0.03328690807799443,0.0
240,0.033426183844011144,0.0
241,0.033565459610027853,0.0
242,0.03370473537604457,0.0
243,0.03384401114206128,0.0
244,0.033983286908077996,0.0
245,0.034122562674094706,0.0
246,0.03426183844011142,0.0
247,0.03440111420612813,0.0
248,0.03454038997214485,0.0
249,0.03467966573816156,0.0
250,0.034818941504178275,0.0
251,0.034958217270194984,0.0
252,0.0350974930362117,0.0
253,0.03523676880222841,0.0
254,0.03537604456824513,0.0
255,0.035515320334261836,0.0
256,0.03565459610027855,0.0
257,0.03579387186629526,0.0
258,0.03593314763231198,0.0
259,0.03607242339832869,0.0
260,0.036211699164345405,0.0
261,0.036350974930362115,0.0
262,0.03649025069637883,0.0
263,0.03662952646239554,0.0
264,0.03676880222841226,0.0
265,0.03690807799442897,0.0
266,0.037047353760445684,0.0
267,0.03718662952646239,0.0
268,0.03732590529247911,0.0
269,0.03746518105849582,0.0
270,0.037604456824512536,0.0
271,0.037743732590529246,0.0
272,0.03788300835654596,0.0
273,0.03802228412256267,0.0
274,0.03816155988857939,0.0
275,0.0383008356545961,0.0
276,0.038440111420612814,0.0
277,0.038579387186629524,0.0
278,0.03871866295264624,0.0
279,0.03885793871866295,0.0
280,0.03899721448467967,0.0
281,0.039136490250696376,0.0
282,0.03927576601671309,0.0
283,0.0394150417827298,0.0
284,0.03955431754874652,0.0
285,0.03969359331476323,0.0
286,0.039832869080779945,0.0
287,0.039972144846796655,0.0
288,0.04011142061281337,0.0
289,0.04025069637883008,0.0
290,0.0403899721448468,0.0
291,0.04052924791086351,0.0
292,0.040668523676880224,0.0
293,0.04080779944289693,0.0
294,0.04094707520891365,0.0
295,0.04108635097493036,0.0
296,0.041225626740947076,0.0
297,0.041364902506963785,0.0
298,0.0415041782729805,0.0
299,0.04164345403899721,0.0
300,0.04178272980501393,0.0
301,0.04192200557103064,0.0
302,0.042061281337047354,0.0
303,0.042200557103064064,0.0
304,0.04233983286908078,0.0
305,0.04247910863509749,0.0
306,0.04261838440111421,0.0
307,0.042757660167130916,0.0
308,0.04289693593314763,0.0
309,0.04303621169916434,0.0
310,0.04317548746518106,0.0
311,0.04331476323119777,0.0
312,0.043454038997214485,0.0
313,0.043593314763231195,0.0
314,0.04373259052924791,0.0
315,0.04387186629526462,0.0
316,0.04401114206128134,0.0
317,0.04415041782729805,0.0
318,0.04428969359331476,0.0
319,0.04442896935933147,0.0
320,0.04456824512534819,0.0
321,0.0447075208913649,0.0
322,0.044846796657381616,0.0
323,0.044986072423398325,0.0
324,0.04512534818941504,0.0
325,0.04526462395543175,0.0
326,0.04540389972144847,0.0
327,0.045543175487465185,0.0
328,0.045682451253481894,0.0
329,0.04582172701949861,0.0
330,0.04596100278551532,0.0
331,0.04610027855153204,0.0
332,0.046239554317548746,0.0
333,0.04637883008356546,0.0
334,0.04651810584958217,0.0
335,0.04665738161559889,0.0
336,0.0467966573816156,0.0
337,0.046935933147632315,0.0
338,0.047075208913649025,0.0
339,0.04721448467966574,0.0
340,0.04735376044568245,0.0
341,0.04749303621169917,0.0
342,0.04763231197771588,0.0
343,0.047771587743732594,0.0
344,0.0479108635097493,0.0
345,0.04805013927576602,0.0
346,0.04818941504178273,0.0
347,0.048328690807799446,0.0
348,0.048467966573816156,0.0
349,0.04860724233983287,0.0
350,0.04874651810584958,0.0
351,0.0488857938718663,0.0
352,0.04902506963788301,0.0
353,0.049164345403899724,0.0
354,0.049303621169916434,0.0
355,0.04944289693593315,0.0
356,0.04958217270194986,0.0
357,0.04972144846796658,0.0
358,0.049860724233983286,0.0
359,0.05,0.0
360,0.05013927576601671,0.0
361,0.05027855153203343,0.0
362,0.05041782729805014,0.0
363,0.050557103064066855,0.0
364,0.050696378830083565,0.0
365,0.05083565459610028,0.0
366,0.05097493036211699,0.0
367,0.05111420612813371,0.0
368,0.05125348189415042,0.0
369,0.051392757660167133,0.0
370,0.05153203342618384,0.0
371,0.05167130919220056,0.0
372,0.05181058495821727,0.0
373,0.051949860724233986,0.0
374,0.052089136490250695,0.0
375,0.05222841225626741,0.0
376,0.05236768802228412,0.0
377,0.05250696378830084,0.0
378,0.05264623955431755,0.0
379,0.052785515320334264,0.0
380,0.052924791086350974,0.0
381,0.05306406685236769,0.0
382,0.0532033426183844,0.0
383,0.053342618384401116,0.0
384,0.053481894150417826,0.0
385,0.05362116991643454,0.0
386,0.05376044568245125,0.0
387,0.05389972144846797,0.0
388,0.05403899721448468,0.0
389,0.054178272980501395,0.0
390,0.054317548746518104,0.0
391,0.05445682451253482,0.0
392,0.05459610027855153,0.0
393,0.05473537604456825,0.0
394,0.05487465181058496,0.0
395,0.05501392757660167,0.0
396,0.05515320334261838,0.0
397,0.0552924791086351,0.0
398,0.05543175487465181,0.0
399,0.055571030640668526,0.0
400,0.055710306406685235,0.0
401,0.05584958217270195,0.0
402,0.05598885793871866,0.0
403,0.05612813370473538,0.0
404,0.05626740947075209,0.0
405,0.056406685236768804,0.0
406,0.056545961002785514,0.0
407,0.05668523676880223,0.0
408,0.05682451253481894,0.0
409,0.056963788300835656,0.0
410,0.057103064066852366,0.0
411,0.05724233983286908,0.0
412,0.05738161559888579,0.0
413,0.05752089136490251,0.0
414,0.05766016713091922,0.0
415,0.057799442896935935,0.0
416,0.057938718662952644,0.0
417,0.05807799442896936,0.0
418,0.05821727019498607,0.0
419,0.05835654596100279,0.0
420,0.0584958217270195,0.0
421,0.05863509749303621,0.0
422,0.05877437325905292,0.0
423,0.05891364902506964,0.0
424,0.05905292479108635,0.0
425,0.059192200557103065,0.0
426,0.059331476323119775,0.0
427,0.05947075208913649,0.0
428,0.0596100278551532,0.0
429,0.05974930362116992,0.0
430,0.05988857938718663,0.0
431,0.060027855153203344,0.0
432,0.06016713091922005,0.0
433,0.06030640668523677,0.0
434,0.06044568245125348,0.0
435,0.060584958217270196,0.0
436,0.060724233983286906,0.0
437,0.06086350974930362,0.0
438,0.06100278551532033,0.0
439,0.06114206128133705,0.0
440,0.06128133704735376,0.0
441,0.061420612813370475,0.0
442,0.061559888579387184,0.0
443,0.0616991643454039,0.0
444,0.06183844011142061,0.0
445,0.06197771587743733,0.0
446,0.062116991643454036,0.0
447,0.06225626740947075,0.0
448,0.06239554317548746,0.0
449,0.06253481894150417,0.0
450,0.06267409470752089,0.0
451,0.0628133704735376,0.0
452,0.06295264623955432,0.0
453,0.06309192200557102,0.0
454,0.06323119777158774,0.0
455,0.06337047353760446,0.0
456,0.06350974930362117,0.0
457,0.06364902506963788,0.0
458,0.0637883008356546,0.0
459,0.06392757660167131,0.0
460,0.06406685236768803,0.0
461,0.06420612813370473,0.0
462,0.06434540389972145,0.0
463,0.06448467966573816,0.0
464,0.06462395543175488,0.0
465,0.06476323119777158,0.0
466,0.0649025069637883,0.0
467,0.06504178272980501,0.0
468,0.06518105849582173,0.0
469,0.06532033426183843,0.0
470,0.06545961002785515,0.0
471,0.06559888579387187,0.0
472,0.06573816155988858,0.0
473,0.06587743732590529,0.0
474,0.066016713091922,0.0
475,0.06615598885793872,0.0
476,0.06629526462395544,0.0
477,0.06643454038997214,0.0
478,0.06657381615598885,0.0
479,0.06671309192200557,0.0
480,0.06685236768802229,0.0
481,0.06699164345403899,0.0
482,0.06713091922005571,0.0
483,0.06727019498607242,0.0
484,0.06740947075208914,0.0
485,0.06754874651810584,0.0
486,0.06768802228412256,0.0
487,0.06782729805013928,0.0
488,0.06796657381615599,0.0
489,0.0681058495821727,0.0
490,0.06824512534818941,0.0
491,0.06838440111420613,0.0
492,0.06852367688022284,0.0
493,0.06866295264623956,0.0
494,0.06880222841225626,0.0
495,0.06894150417827298,0.0
496,0.0690807799442897,0.0
497,0.06922005571030641,0.0
498,0.06935933147632312,0.0
499,0.06949860724233983,0.0
500,0.06963788300835655,0.0
501,0.06977715877437327,0.0
502,0.06991643454038997,0.0
503,0.07005571030640668,0.0
504,0.0701949860724234,0.0
505,0.07033426183844012,0.0
506,0.07047353760445682,0.0
507,0.07061281337047354,0.0
508,0.07075208913649025,0.0
509,0.07089136490250697,0.0
510,0.07103064066852367,0.0
511,0.07116991643454039,0.0
512,0.0713091922005571,0.0
513,0.07144846796657382,0.0
514,0.07158774373259053,0.0
515,0.07172701949860724,0.0
516,0.07186629526462396,0.0
517,0.07200557103064067,0.0
518,0.07214484679665738,0.0
519,0.0722841225626741,0.0
520,0.07242339832869081,0.0
521,0.07256267409470753,0.0
522,0.07270194986072423,0.0
523,0.07284122562674095,0.0
524,0.07298050139275766,0.0
525,0.07311977715877438,0.0
526,0.07325905292479108,0.0
527,0.0733983286908078,0.0
528,0.07353760445682452,0.0
529,0.07367688022284123,0.0
530,0.07381615598885793,0.0
531,0.07395543175487465,0.0
532,0.07409470752089137,0.0
533,0.07423398328690808,0.0
534,0.07437325905292479,0.0
535,0.0745125348189415,0.0
536,0.07465181058495822,0.0
537,0.07479108635097494,0.0
538,0.07493036211699164,0.0
539,0.07506963788300836,0.0
540,0.07520891364902507,0.0
541,0.07534818941504179,0.0
542,0.07548746518105849,0.0
543,0.07562674094707521,0.0
544,0.07576601671309192,0.0
545,0.07590529247910864,0.0
546,0.07604456824512534,0.0
547,0.07618384401114206,0.0
548,0.07632311977715878,0.0
549,0.0764623955431755,0.0
550,0.0766016713091922,0.0
551,0.07674094707520891,0.0
552,0.07688022284122563,0.0
553,0.07701949860724235,0.0
554,0.07715877437325905,0.0
555,0.07729805013927576,0.0
556,0.07743732590529248,0.0
557,0.0775766016713092,0.0
558,0.0777158774373259,0.0
559,0.07785515320334262,0.0
560,0.07799442896935933,0.0
561,0.07813370473537605,0.0
562,0.07827298050139275,0.0
563,0.07841225626740947,0.0
564,0.07855153203342619,0.0
565,0.0786908077994429,0.0
566,0.0788300835654596,0.0
567,0.07896935933147632,0.0
568,0.07910863509749304,0.0
569,0.07924791086350975,0.0
570,0.07938718662952646,0.0
571,0.07952646239554317,0.0
572,0.07966573816155989,0.0
573,0.0798050139275766,0.0
574,0.07994428969359331,0.0
575,0.08008356545961003,0.0
576,0.08022284122562674,0.0
577,0.08036211699164346,0.0
578,0.08050139275766016,0.0
579,0.08064066852367688,0.0
580,0.0807799442896936,0.0
581,0.08091922005571031,0.0
582,0.08105849582172701,0.0
583,0.08119777158774373,0.0
584,0.08133704735376045,0.0
585,0.08147632311977716,0.0
586,0.08161559888579387,0.0
587,0.08175487465181058,0.0
588,0.0818941504178273,0.0
589,0.08203342618384402,0.0
590,0.08217270194986072,0.0
591,0.08231197771587744,0.0
592,0.08245125348189415,0.0
593,0.08259052924791087,0.0
594,0.08272980501392757,0.0
595,0.08286908077994429,0.0
596,0.083008356545961,0.0
597,0.08314763231197772,0.0
598,0.08328690807799442,0.0
599,0.08342618384401114,0.0
600,0.08356545961002786,0.0
601,0.08370473537604457,0.0
602,0.08384401114206128,0.0
603,0.08398328690807799,0.0
604,0.08412256267409471,0.0
605,0.08426183844011143,0.0
606,0.08440111420612813,0.0
607,0.08454038997214484,0.0
608,0.08467966573816156,0.0
609,0.08481894150417828,0.0
610,0.08495821727019498,0.0
611,0.0850974930362117,0.0
612,0.08523676880222841,0.0
613,0.08537604456824513,0.0
614,0.08551532033426183,0.0
615,0.08565459610027855,0.0
616,0.08579387186629527,0.0
617,0.08593314763231198,0.0
618,0.08607242339832868,0.0
619,0.0862116991643454,0.0
620,0.08635097493036212,0.0
621,0.08649025069637883,0.0
622,0.08662952646239554,0.0
623,0.08676880222841225,0.0
624,0.08690807799442897,0.0
625,0.08704735376044569,0.0
626,0.08718662952646239,0.0
627,0.0873259052924791,0.0
628,0.08746518105849582,0.0
629,0.08760445682451254,0.0
630,0.08774373259052924,0.0
631,0.08788300835654596,0.0
632,0.08802228412256267,0.0
633,0.08816155988857939,0.0
634,0.0883008356545961,0.0
635,0.08844011142061281,0.0
636,0.08857938718662953,0.0
637,0.08871866295264624,0.0
638,0.08885793871866295,0.0
639,0.08899721448467966,0.0
640,0.08913649025069638,0.0
641,0.0892757660167131,0.0
642,0.0894150417827298,0.0
643,0.08955431754874651,0.0
644,0.08969359331476323,0.0
645,0.08983286908077995,0.0
646,0.08997214484679665,0.0
647,0.09011142061281337,0.0
648,0.09025069637883008,0.0
649,0.0903899721448468,0.0
650,0.0905292479108635,0.0
651,0.09066852367688022,0.0
652,0.09080779944289694,0.0
653,0.09094707520891365,0.0
654,0.09108635097493037,0.0
655,0.09122562674094707,0.0
656,0.09136490250696379,0.0
657,0.0915041782729805,0.0
658,0.09164345403899722,0.0
659,0.09178272980501392,0.0
660,0.09192200557103064,0.0
661,0.09206128133704736,0.0
662,0.09220055710306407,0.0
663,0.09233983286908078,0.0
664,0.09247910863509749,0.0
665,0.09261838440111421,0.0
666,0.09275766016713093,0.0
667,0.09289693593314763,0.0
668,0.09303621169916435,0.0
669,0.09317548746518106,0.0
670,0.09331476323119778,0.0
671,0.09345403899721448,0.0
672,0.0935933147632312,0.0
673,0.09373259052924791,0.0
674,0.09387186629526463,0.0
675,0.09401114206128133,0.0
676,0.09415041782729805,0.0
677,0.09428969359331477,0.0
678,0.09442896935933148,0.0
679,0.09456824512534819,0.0
680,0.0947075208913649,0.0
681,0.09484679665738162,0.0
682,0.09498607242339834,0.0
683,0.09512534818941504,0.0
684,0.09526462395543175,0.0
685,0.09540389972144847,0.0
686,0.09554317548746519,0.0
687,0.09568245125348189,0.0
688,0.0958217270194986,0.0
689,0.09596100278551532,0.0
690,0.09610027855153204,0.0
691,0.09623955431754874,0.0
692,0.09637883008356546,0.0
693,0.09651810584958218,0.0
694,0.09665738161559889,0.0
695,0.0967966573816156,0.0
696,0.09693593314763231,0.0
697,0.09707520891364903,0.0
698,0.09721448467966574,0.0
699,0.09735376044568245,0.0
700,0.09749303621169916,0.0
701,0.09763231197771588,0.0
702,0.0977715877437326,0.0
703,0.0979108635097493,0.0
704,0.09805013927576602,0.0
705,0.09818941504178273,0.0
706,0.09832869080779945,0.0
707,0.09846796657381615,0.0
708,0.09860724233983287,0.0
709,0.09874651810584958,0.0
710,0.0988857938718663,0.0014084507042253522
711,0.099025069637883,0.0028129395218002813
712,0.09916434540389972,0.0028089887640449437
713,0.09930362116991644,0.002805049088359046
714,0.09944289693593315,0.0028011204481792717
715,0.09958217270194986,0.002797202797202797
716,0.09972144846796657,0.002793296089385475
717,0.09986072423398329,0.002789400278940028
718,0.1,0.002785515320334262
719,0.10013927576601671,0.0027816411682892906
720,0.10027855153203342,0.002777777777777778
721,0.10041782729805014,0.0027739251040221915
722,0.10055710306406686,0.002770083102493075
723,0.10069637883008356,0.0027662517289073307
724,0.10083565459610028,0.0027624309392265192
725,0.100974930362117,0.002758620689655172
726,0.10111420612813371,0.0027548209366391185
727,0.10125348189415041,0.002751031636863824
728,0.10139275766016713,0.0027472527472527475
729,0.10153203342618385,0.0027434842249657062
730,0.10167130919220056,0.0027397260273972603
731,0.10181058495821727,0.004103967168262654
732,0.10194986072423398,0.004098360655737705
733,0.1020891364902507,0.004092769440654843
734,0.10222841225626741,0.004087193460490463
735,0.10236768802228412,0.004081632653061225
736,0.10250696378830083,0.004076086956521739
737,0.10264623955431755,0.004070556309362279
738,0.10278551532033427,0.0040650406504065045
739,0.10292479108635097,0.0040595399188092015
740,0.10306406685236769,0.004054054054054054
741,0.1032033426183844,0.004048582995951417
742,0.10334261838440112,0.005390835579514825
743,0.10348189415041782,0.005383580080753701
744,0.10362116991643454,0.005376344086021506
745,0.10376044568245125,0.005369127516778523
746,0.10389972144846797,0.005361930294906166
747,0.10403899721448467,0.00535475234270415
748,0.10417827298050139,0.0053475935828877
749,0.10431754874651811,0.0053404539385847796
750,0.10445682451253482,0.005333333333333333
751,0.10459610027855153,0.005326231691078562
752,0.10473537604456824,0.005319148936170213
753,0.10487465181058496,0.005312084993359893
754,0.10501392757660168,0.005305039787798408
755,0.10515320334261838,0.005298013245033113
756,0.1052924791086351,0.005291005291005291
757,0.10543175487465181,0.005284015852047556
758,0.10557103064066853,0.005277044854881266
759,0.10571030640668523,0.005270092226613966
760,0.10584958217270195,0.005263157894736842
761,0.10598885793871866,0.005256241787122208
762,0.10612813370473538,0.005249343832020997
763,0.10626740947075208,0.005242463958060288
764,0.1064066852367688,0.005235602094240838
765,0.10654596100278552,0.00522875816993464
766,0.10668523676880223,0.005221932114882507
767,0.10682451253481894,0.005215123859191656
768,0.10696378830083565,0.005208333333333333
769,0.10710306406685237,0.005201560468140442
770,0.10724233983286909,0.005194805194805195
771,0.10738161559888579,0.005188067444876783
772,0.1075208913649025,0.0051813471502590676
773,0.10766016713091922,0.00517464424320828
774,0.10779944289693594,0.00516795865633075
775,0.10793871866295264,0.005161290322580645
776,0.10807799442896936,0.005154639175257732
777,0.10821727019498607,0.005148005148005148
778,0.10835654596100279,0.005141388174807198
779,0.10849582172701949,0.005134788189987163
780,0.10863509749303621,0.005128205128205128
781,0.10877437325905293,0.005121638924455826
782,0.10891364902506964,0.005115089514066497
783,0.10905292479108634,0.005108556832694764
784,0.10919220055710306,0.00510204081632653
785,0.10933147632311978,0.005095541401273885
786,0.1094707520891365,0.005089058524173028
787,0.1096100278551532,0.005082592121982211
788,0.10974930362116991,0.005076142131979695
789,0.10988857938718663,0.005069708491761723
790,0.11002785515320335,0.005063291139240506
791,0.11016713091922005,0.0050568900126422255
792,0.11030640668523677,0.005050505050505051
793,0.11044568245125348,0.005044136191677175
794,0.1105849582172702,0.005037783375314861
795,0.1107242339832869,0.005031446540880503
796,0.11086350974930362,0.005025125628140704
797,0.11100278551532033,0.005018820577164366
798,0.11114206128133705,0.005012531328320802
799,0.11128133704735375,0.0050062578222778474
800,0.11142061281337047,0.005
801,0.11155988857938719,0.004993757802746567
802,0.1116991643454039,0.004987531172069825
803,0.1118384401114206,0.0049813200498132005
804,0.11197771587743732,0.004975124378109453
805,0.11211699164345404,0.004968944099378882
806,0.11225626740947076,0.004962779156327543
807,0.11239554317548746,0.004956629491945477
808,0.11253481894150417,0.0049504950495049506
809,0.11267409470752089,0.004944375772558714
810,0.11281337047353761,0.0049382716049382715
811,0.11295264623955431,0.004932182490752158
812,0.11309192200557103,0.0049261083743842365
813,0.11323119777158774,0.004920049200492005
814,0.11337047353760446,0.004914004914004914
815,0.11350974930362116,0.0049079754601227
816,0.11364902506963788,0.004901960784313725
817,0.1137883008356546,0.004895960832313341
818,0.11392757660167131,0.004889975550122249
819,0.11406685236768803,0.004884004884004884
820,0.11420612813370473,0.004878048780487805
821,0.11434540389972145,0.0048721071863581
822,0.11448467966573816,0.004866180048661801
823,0.11462395543175488,0.004860267314702308
824,0.11476323119777158,0.0048543689320388345
825,0.1149025069637883,0.0048484848484848485
826,0.11504178272980502,0.004842615012106538
827,0.11518105849582173,0.0048367593712212815
828,0.11532033426183844,0.004830917874396135
829,0.11545961002785515,0.0048250904704463205
830,0.11559888579387187,0.004819277108433735
831,0.11573816155988859,0.0048134777376654635
832,0.11587743732590529,0.004807692307692308
833,0.116016713091922,0.004801920768307323
834,0.11615598885793872,0.004796163069544364
835,0.11629526462395544,0.004790419161676647
836,0.11643454038997214,0.005980861244019139
837,0.11657381615598886,0.005973715651135006
838,0.11671309192200557,0.0059665871121718375
839,0.11685236768802229,0.0059594755661501785
840,0.116991643454039,0.005952380952380952
841,0.11713091922005571,0.005945303210463734
842,0.11727019498607243,0.0059382422802850355
843,0.11740947075208914,0.0071174377224199285
844,0.11754874651810585,0.0071090047393364926
845,0.11768802228412256,0.007100591715976331
846,0.11782729805013928,0.0070921985815602835
847,0.117966573816156,0.0070838252656434475
848,0.1181058495821727,0.007075471698113208
849,0.11824512534818941,0.007067137809187279
850,0.11838440111420613,0.007058823529411765
851,0.11852367688022285,0.008225616921269096
852,0.11866295264623955,0.008215962441314555
853,0.11880222841225627,0.008206330597889801
854,0.11894150417827298,0.00819672131147541
855,0.1190807799442897,0.008187134502923977
856,0.1192200557103064,0.008177570093457943
857,0.11935933147632312,0.008168028004667444
858,0.11949860724233984,0.008158508158508158
859,0.11963788300835655,0.008149010477299184
860,0.11977715877437325,0.00813953488372093
861,0.11991643454038997,0.008130081300813009
862,0.12005571030640669,0.008120649651972157
863,0.1201949860724234,0.008111239860950173
864,0.1203342618384401,0.009259259259259259
865,0.12047353760445682,0.010404624277456647
866,0.12061281337047354,0.010392609699769052
867,0.12075208913649026,0.010380622837370242
868,0.12089136490250696,0.010368663594470046
869,0.12103064066852368,0.010356731875719217
870,0.12116991643454039,0.010344827586206896
871,0.12130919220055711,0.011481056257175661
872,0.12144846796657381,0.011467889908256881
873,0.12158774373259053,0.011454753722794959
874,0.12172701949860724,0.012585812356979404
875,0.12186629526462396,0.013714285714285714
876,0.12200557103064066,0.0136986301369863
877,0.12214484679665738,0.014823261117445839
878,0.1222841225626741,0.014806378132118452
879,0.12242339832869081,0.015927189988623434
880,0.12256267409470752,0.017045454545454544
881,0.12270194986072423,0.018161180476730987
882,0.12284122562674095,0.01927437641723356
883,0.12298050139275767,0.020385050962627407
884,0.12311977715877437,0.021493212669683258
885,0.12325905292479108,0.021468926553672316
886,0.1233983286908078,0.02144469525959368
887,0.12353760445682452,0.02254791431792559
888,0.12367688022284122,0.02364864864864865
889,0.12381615598885794,0.024746906636670417
890,0.12395543175487465,0.025842696629213482
891,0.12409470752089137,0.025813692480359147
892,0.12423398328690807,0.0257847533632287
893,0.12437325905292479,0.025755879059350503
894,0.1245125348189415,0.026845637583892617
895,0.12465181058495822,0.026815642458100558
896,0.12479108635097493,0.026785714285714284
897,0.12493036211699164,0.026755852842809364
898,0.12506963788300834,0.026726057906458798
899,0.12520891364902506,0.026696329254727477
900,0.12534818941504178,0.027777777777777776
901,0.1254874651810585,0.02885682574916759
902,0.1256267409470752,0.028824833702882482
903,0.12576601671309193,0.028792912513842746
904,0.12590529247910864,0.028761061946902654
905,0.12604456824512536,0.02983425414364641
906,0.12618384401114205,0.029801324503311258
907,0.12632311977715877,0.030871003307607496
908,0.12646239554317548,0.030837004405286344
909,0.1266016713091922,0.0319031903190319
910,0.12674094707520892,0.03296703296703297
911,0.12688022284122563,0.03293084522502744
912,0.12701949860724235,0.03399122807017544
913,0.12715877437325906,0.03504928806133625
914,0.12729805013927575,0.0350109409190372
915,0.12743732590529247,0.036065573770491806
916,0.1275766016713092,0.03711790393013101
917,0.1277158774373259,0.03707742639040349
918,0.12785515320334262,0.037037037037037035
919,0.12799442896935934,0.03808487486398259
920,0.12813370473537605,0.03804347826086957
921,0.12827298050139277,0.03908794788273615
922,0.12841225626740946,0.039045553145336226
923,0.12855153203342617,0.04008667388949079
924,0.1286908077994429,0.04004329004329004
925,0.1288300835654596,0.04108108108108108
926,0.12896935933147632,0.042116630669546434
927,0.12910863509749304,0.042071197411003236
928,0.12924791086350976,0.04310344827586207
929,0.12938718662952647,0.04413347685683531
930,0.12952646239554316,0.04408602150537634
931,0.12966573816155988,0.04403866809881848
932,0.1298050139275766,0.043991416309012876
933,0.1299442896935933,0.04394426580921758
934,0.13008356545961003,0.044967880085653104
935,0.13022284122562675,0.044919786096256686
936,0.13036211699164346,0.045940170940170943
937,0.13050139275766018,0.04589114194236926
938,0.13064066852367687,0.04584221748400853
939,0.13077994428969358,0.04579339723109691
940,0.1309192200557103,0.04680851063829787
941,0.13105849582172702,0.04782146652497343
942,0.13119777158774373,0.04883227176220807
943,0.13133704735376045,0.04984093319194061
944,0.13147632311977717,0.04978813559322034
945,0.13161559888579388,0.04973544973544974
946,0.13175487465181057,0.049682875264270614
947,0.1318941504178273,0.04963041182682154
948,0.132033426183844,0.049578059071729956
949,0.13217270194986072,0.0505795574288725
950,0.13231197771587744,0.05157894736842105
951,0.13245125348189415,0.052576235541535225
952,0.13259052924791087,0.05357142857142857
953,0.1327298050139276,0.053515215110178385
954,0.13286908077994428,0.05450733752620545
955,0.133008356545961,0.05445026178010471
956,0.1331476323119777,0.05543933054393305
957,0.13328690807799443,0.055381400208986416
958,0.13342618384401114,0.055323590814196244
959,0.13356545961002786,0.05526590198123045
960,0.13370473537604458,0.05520833333333333
961,0.1338440111420613,0.05619146722164412
962,0.13398328690807798,0.057172557172557176
963,0.1341225626740947,0.058151609553478714
964,0.13426183844011141,0.05912863070539419
965,0.13440111420612813,0.05906735751295337
966,0.13454038997214485,0.059006211180124224
967,0.13467966573816156,0.05997931747673216
968,0.13481894150417828,0.05991735537190083
969,0.134958217270195,0.0608875128998968
970,0.13509749303621169,0.061855670103092786
971,0.1352367688022284,0.061791967044284246
972,0.13537604456824512,0.06275720164609054
973,0.13551532033426184,0.06372045220966084
974,0.13565459610027855,0.06365503080082136
975,0.13579387186629527,0.06358974358974359
976,0.13593314763231198,0.06454918032786885
977,0.1360724233983287,0.06448311156601842
978,0.1362116991643454,0.06441717791411043
979,0.1363509749303621,0.06537282941777324
980,0.13649025069637882,0.0663265306122449
981,0.13662952646239554,0.06625891946992865
982,0.13676880222841226,0.06619144602851323
983,0.13690807799442897,0.06612410986775177
984,0.1370473537604457,0.06605691056910569
985,0.1371866295264624,0.06700507614213198
986,0.13732590529247912,0.06693711967545639
987,0.1374651810584958,0.0668693009118541
988,0.13760445682451253,0.06680161943319839
989,0.13774373259052924,0.06774519716885744
990,0.13788300835654596,0.06767676767676768
991,0.13802228412256268,0.06760847628657922
992,0.1381615598885794,0.06854838709677419
993,0.1383008356545961,0.06948640483383686
994,0.13844011142061283,0.06941649899396378
995,0.13857938718662952,0.07035175879396985
996,0.13871866295264623,0.07028112449799197
997,0.13885793871866295,0.07021063189568706
998,0.13899721448467967,0.07114228456913828
999,0.13913649025069638,0.07207207207207207
1000,0.1392757660167131,0.072
1001,0.13941504178272981,0.07192807192807193
1002,0.13955431754874653,0.07285429141716566
1003,0.13969359331476322,0.07377866400797607
1004,0.13983286908077994,0.07370517928286853
1005,0.13997214484679665,0.07462686567164178
1006,0.14011142061281337,0.07554671968190854
1007,0.1402506963788301,0.07646474677259185
1008,0.1403899721448468,0.07738095238095238
1009,0.14052924791086352,0.07730426164519326
1010,0.14066852367688024,0.07821782178217822
1011,0.14080779944289692,0.0791295746785361
1012,0.14094707520891364,0.07905138339920949
1013,0.14108635097493036,0.07897334649555775
1014,0.14122562674094707,0.07889546351084813
1015,0.1413649025069638,0.07881773399014778
1016,0.1415041782729805,0.07874015748031496
1017,0.14164345403899722,0.07964601769911504
1018,0.14178272980501394,0.07956777996070727
1019,0.14192200557103063,0.08047105004906771
1020,0.14206128133704735,0.08137254901960785
1021,0.14220055710306406,0.08129285014691479
1022,0.14233983286908078,0.0821917808219178
1023,0.1424791086350975,0.08211143695014662
1024,0.1426183844011142,0.0830078125
1025,0.14275766016713093,0.08390243902439025
1026,0.14289693593314765,0.0847953216374269
1027,0.14303621169916433,0.08471275559883155
1028,0.14317548746518105,0.08560311284046693
1029,0.14331476323119777,0.08551992225461613
1030,0.14345403899721448,0.0854368932038835
1031,0.1435933147632312,0.0863239573229874
1032,0.14373259052924792,0.08624031007751938
1033,0.14387186629526463,0.08712487899322362
1034,0.14401114206128135,0.08704061895551257
1035,0.14415041782729804,0.08792270531400966
1036,0.14428969359331476,0.0888030888030888
1037,0.14442896935933147,0.08968177434908389
1038,0.1445682451253482,0.0905587668593449
1039,0.1447075208913649,0.0904716073147257
1040,0.14484679665738162,0.09038461538461538
1041,0.14498607242339834,0.09029779058597502
1042,0.14512534818941505,0.09117082533589252
1043,0.14526462395543174,0.09108341323106424
1044,0.14540389972144846,0.09195402298850575
1045,0.14554317548746518,0.09186602870813397
1046,0.1456824512534819,0.09273422562141491
1047,0.1458217270194986,0.0936007640878701
1048,0.14596100278551533,0.09446564885496184
1049,0.14610027855153204,0.09437559580552908
1050,0.14623955431754876,0.09523809523809523
1051,0.14637883008356545,0.09514747859181731
1052,0.14651810584958216,0.09600760456273764
1053,0.14665738161559888,0.09591642924976258
1054,0.1467966573816156,0.0967741935483871
1055,0.1469359331476323,0.0966824644549763
1056,0.14707520891364903,0.09753787878787878
1057,0.14721448467966575,0.09744560075685904
1058,0.14735376044568246,0.09735349716446125
1059,0.14749303621169915,0.09820585457979225
1060,0.14763231197771587,0.09811320754716982
1061,0.14777158774373259,0.09896324222431668
1062,0.1479108635097493,0.09887005649717515
1063,0.14805013927576602,0.09877704609595485
1064,0.14818941504178273,0.09962406015037593
1065,0.14832869080779945,0.09953051643192488
1066,0.14846796657381617,0.10037523452157598
1067,0.14860724233983286,0.10121836925960637
1068,0.14874651810584957,0.10112359550561797
1069,0.1488857938718663,0.10102899906454631
1070,0.149025069637883,0.10093457943925234
1071,0.14916434540389972,0.10084033613445378
1072,0.14930362116991644,0.10167910447761194
1073,0.14944289693593316,0.1015843429636533
1074,0.14958217270194987,0.10148975791433892
1075,0.14972144846796656,0.1013953488372093
1076,0.14986072423398328,0.10223048327137546
1077,0.15,0.10306406685236769
1078,0.1501392757660167,0.10296846011131726
1079,0.15027855153203343,0.10287303058387395
1080,0.15041782729805014,0.10277777777777777
1081,0.15055710306406686,0.1036077705827937
1082,0.15069637883008358,0.10351201478743069
1083,0.15083565459610027,0.10341643582640812
1084,0.15097493036211698,0.10424354243542436
1085,0.1511142061281337,0.10506912442396313
1086,0.15125348189415042,0.10589318600368323
1087,0.15139275766016713,0.10671573137074516
1088,0.15153203342618385,0.10753676470588236
1089,0.15167130919220057,0.10743801652892562
1090,0.15181058495821728,0.10733944954128441
1091,0.15194986072423397,0.10815765352887259
1092,0.1520891364902507,0.10805860805860806
1093,0.1522284122562674,0.10887465690759378
1094,0.15236768802228412,0.10877513711151737
1095,0.15250696378830084,0.108675799086758
1096,0.15264623955431755,0.10857664233576643
1097,0.15278551532033427,0.10938924339106655
1098,0.152924791086351,0.1092896174863388
1099,0.15306406685236768,0.11010009099181074
1100,0.1532033426183844,0.11
1101,0.1533426183844011,0.11080835603996367
1102,0.15348189415041782,0.11070780399274047
1103,0.15362116991643454,0.11060743427017226
1104,0.15376044568245126,0.1105072463768116
1105,0.15389972144846797,0.11131221719457013
1106,0.1540389972144847,0.11211573236889692
1107,0.15417827298050138,0.11291779584462511
1108,0.1543175487465181,0.11371841155234658
1109,0.1544568245125348,0.11361587015329125
1110,0.15459610027855153,0.11441441441441441
1111,0.15473537604456825,0.11431143114311432
1112,0.15487465181058496,0.11510791366906475
1113,0.15501392757660168,0.11500449236298294
1114,0.1551532033426184,0.11579892280071813
1115,0.15529247910863508,0.11659192825112108
1116,0.1554317548746518,0.11738351254480286
1117,0.15557103064066852,0.11727842435094002
1118,0.15571030640668523,0.11806797853309481
1119,0.15584958217270195,0.11796246648793565
1120,0.15598885793871867,0.11785714285714285
1121,0.15612813370473538,0.11864406779661017
1122,0.1562674094707521,0.11942959001782531
1123,0.1564066852367688,0.11932324131789848
1124,0.1565459610027855,0.11921708185053381
1125,0.15668523676880222,0.11911111111111111
1126,0.15682451253481894,0.11900532859680284
1127,0.15696378830083565,0.11978704525288376
1128,0.15710306406685237,0.12056737588652482
1129,0.1572423398328691,0.12134632418069087
1130,0.1573816155988858,0.12123893805309735
1131,0.1575208913649025,0.121131741821397
1132,0.1576601671309192,0.12190812720848057
1133,0.15779944289693593,0.12268314210061783
1134,0.15793871866295264,0.12257495590828923
1135,0.15807799442896936,0.12334801762114538
1136,0.15821727019498608,0.12323943661971831
1137,0.1583565459610028,0.12401055408970976
1138,0.1584958217270195,0.12478031634446397
1139,0.1586350974930362,0.12467076382791922
1140,0.15877437325905291,0.12456140350877193
1141,0.15891364902506963,0.12445223488168274
1142,0.15905292479108635,0.12521891418563924
1143,0.15919220055710306,0.12598425196850394
1144,0.15933147632311978,0.1258741258741259
1145,0.1594707520891365,0.125764192139738
1146,0.1596100278551532,0.1256544502617801
1147,0.15974930362116993,0.12641673931996514
1148,0.15988857938718662,0.12630662020905922
1149,0.16002785515320334,0.12619669277632725
1150,0.16016713091922005,0.12608695652173912
1151,0.16030640668523677,0.1259774109470026
1152,0.16044568245125349,0.12586805555555555
1153,0.1605849582172702,0.1266261925411969
1154,0.16072423398328692,0.1265164644714038
1155,0.16086350974930363,0.1264069264069264
1156,0.16100278551532032,0.12629757785467127
1157,0.16114206128133704,0.12618841832324978
1158,0.16128133704735376,0.12694300518134716
1159,0.16142061281337047,0.1276962899050906
1160,0.1615598885793872,0.12844827586206897
1161,0.1616991643454039,0.12833763996554695
1162,0.16183844011142062,0.12822719449225473
1163,0.16197771587743734,0.1289767841788478
1164,0.16211699164345403,0.12886597938144329
1165,0.16225626740947074,0.12875536480686695
1166,0.16239554317548746,0.12950257289879932
1167,0.16253481894150418,0.1293916023993145
1168,0.1626740947075209,0.1292808219178082
1169,0.1628133704735376,0.1300256629597947
1170,0.16295264623955433,0.12991452991452992
1171,0.16309192200557104,0.12980358667805295
1172,0.16323119777158773,0.13054607508532423
1173,0.16337047353760445,0.13128729752770674
1174,0.16350974930362117,0.131175468483816
1175,0.16364902506963788,0.13106382978723405
1176,0.1637883008356546,0.13095238095238096
1177,0.16392757660167132,0.13169073916737467
1178,0.16406685236768803,0.13157894736842105
1179,0.16420612813370475,0.13231552162849872
1180,0.16434540389972144,0.13220338983050847
1181,0.16448467966573815,0.13209144792548688
1182,0.16462395543175487,0.1319796954314721
1183,0.1647632311977716,0.13186813186813187
1184,0.1649025069637883,0.13175675675675674
1185,0.16504178272980502,0.13164556962025317
1186,0.16518105849582174,0.1315345699831366
1187,0.16532033426183845,0.13142375737152484
1188,0.16545961002785514,0.13131313131313133
1189,0.16559888579387186,0.13204373423044574
1190,0.16573816155988857,0.1319327731092437
1191,0.1658774373259053,0.13266162888329136
1192,0.166016713091922,0.1325503355704698
1193,0.16615598885793872,0.13327745180217937
1194,0.16629526462395544,0.13316582914572864
1195,0.16643454038997216,0.13305439330543933
1196,0.16657381615598885,0.13294314381270902
1197,0.16671309192200556,0.13283208020050125
1198,0.16685236768802228,0.1327212020033389
1199,0.166991643454039,0.13261050875729774
1200,0.1671309192200557,0.1325
1201,0.16727019498607243,0.13238967527060783
1202,0.16740947075208915,0.13311148086522462
1203,0.16754874651810586,0.13300083125519535
1204,0.16768802228412255,0.132890365448505
1205,0.16782729805013927,0.13278008298755187
1206,0.16796657381615598,0.13266998341625208
1207,0.1681058495821727,0.13256006628003314
1208,0.16824512534818942,0.13245033112582782
1209,0.16838440111420613,0.13234077750206782
1210,0.16852367688022285,0.1322314049586777
1211,0.16866295264623957,0.13212221304706853
1212,0.16880222841225626,0.13283828382838284
1213,0.16894150417827297,0.13355317394888705
1214,0.1690807799442897,0.13344316309719934
1215,0.1692200557103064,0.13333333333333333
1216,0.16935933147632312,0.13322368421052633
1217,0.16949860724233984,0.13311421528348397
1218,0.16963788300835655,0.1330049261083744
1219,0.16977715877437327,0.13289581624282198
1220,0.16991643454038996,0.13278688524590163
1221,0.17005571030640668,0.13267813267813267
1222,0.1701949860724234,0.132569558101473
1223,0.1703342618384401,0.13246116107931316
1224,0.17047353760445683,0.1323529411764706
1225,0.17061281337047354,0.13224489795918368
1226,0.17075208913649026,0.13213703099510604
1227,0.17089136490250698,0.1328443357783211
1228,0.17103064066852366,0.13273615635179153
1229,0.17116991643454038,0.13262815296989422
1230,0.1713091922005571,0.13252032520325202
1231,0.17144846796657381,0.132412672623883
1232,0.17158774373259053,0.1331168831168831
1233,0.17172701949860725,0.1330089213300892
1234,0.17186629526462396,0.13290113452188007
1235,0.17200557103064068,0.13279352226720648
1236,0.17214484679665737,0.13268608414239483
1237,0.17228412256267409,0.13257881972514146
1238,0.1724233983286908,0.13247172859450726
1239,0.17256267409470752,0.13236481033091202
1240,0.17270194986072424,0.13225806451612904
1241,0.17284122562674095,0.13215149073327961
1242,0.17298050139275767,0.1320450885668277
1243,0.17311977715877438,0.13274336283185842
1244,0.17325905292479107,0.13344051446945338
1245,0.1733983286908078,0.13333333333333333
1246,0.1735376044568245,0.1332263242375602
1247,0.17367688022284122,0.13311948676824378
1248,0.17381615598885794,0.1330128205128205
1249,0.17395543175487466,0.13290632506004804
1250,0.17409470752089137,0.1328
1251,0.1742339832869081,0.13269384492406075
1252,0.17437325905292478,0.13258785942492013
1253,0.1745125348189415,0.13248204309656825
1254,0.1746518105849582,0.13237639553429026
1255,0.17479108635097493,0.13227091633466134
1256,0.17493036211699164,0.1321656050955414
1257,0.17506963788300836,0.13206046141607
1258,0.17520891364902508,0.13195548489666137
1259,0.1753481894150418,0.1318506751389992
1260,0.17548746518105848,0.13174603174603175
1261,0.1756267409470752,0.1316415543219667
1262,0.17576601671309192,0.13153724247226625
1263,0.17590529247910863,0.13222486144101345
1264,0.17604456824512535,0.13212025316455697
1265,0.17618384401114207,0.13201581027667983
1266,0.17632311977715878,0.13270142180094788
1267,0.1764623955431755,0.13259668508287292
1268,0.1766016713091922,0.13249211356466878
1269,0.1767409470752089,0.13238770685579196
1270,0.17688022284122562,0.13228346456692913
1271,0.17701949860724234,0.13217938630999213
1272,0.17715877437325905,0.1320754716981132
1273,0.17729805013927577,0.13197172034564023
1274,0.1774373259052925,0.1326530612244898
1275,0.1775766016713092,0.13254901960784313
1276,0.1777158774373259,0.13244514106583072
1277,0.1778551532033426,0.13234142521534847
1278,0.17799442896935933,0.1322378716744914
1279,0.17813370473537604,0.13213448006254885
1280,0.17827298050139276,0.13203125
1281,0.17841225626740947,0.13192818110850899
1282,0.1785515320334262,0.13182527301092042
1283,0.1786908077994429,0.13172252533125486
1284,0.1788300835654596,0.13239875389408098
1285,0.1789693593314763,0.13229571984435798
1286,0.17910863509749303,0.13297045101088648
1287,0.17924791086350975,0.13364413364413363
1288,0.17938718662952646,0.13354037267080746
1289,0.17952646239554318,0.13343677269200932
1290,0.1796657381615599,0.13333333333333333
1291,0.1798050139275766,0.1332300542215337
1292,0.1799442896935933,0.13312693498452013
1293,0.18008356545961002,0.13302397525135345
1294,0.18022284122562673,0.13292117465224113
1295,0.18036211699164345,0.13281853281853281
1296,0.18050139275766017,0.13271604938271606
1297,0.18064066852367688,0.13261372397841173
1298,0.1807799442896936,0.1325115562403698
1299,0.18091922005571032,0.13240954580446498
1300,0.181058495821727,0.13230769230769232
1301,0.18119777158774372,0.13220599538816294
1302,0.18133704735376044,0.13210445468509985
1303,0.18147632311977716,0.13277052954719878
1304,0.18161559888579387,0.13266871165644173
1305,0.1817548746518106,0.13256704980842912
1306,0.1818941504178273,0.1324655436447167
1307,0.18203342618384402,0.13236419280795717
1308,0.18217270194986074,0.13302752293577982
1309,0.18231197771587743,0.13368983957219252
1310,0.18245125348189414,0.13435114503816795
1311,0.18259052924791086,0.13424866514111367
1312,0.18272980501392758,0.13414634146341464
1313,0.1828690807799443,0.13480578827113482
1314,0.183008356545961,0.13470319634703196
1315,0.18314763231197773,0.13460076045627375
1316,0.18328690807799444,0.1344984802431611
1317,0.18342618384401113,0.13515565679574792
1318,0.18356545961002785,0.13581183611532624
1319,0.18370473537604456,0.13570887035633056
1320,0.18384401114206128,0.13560606060606062
1321,0.183983286908078,0.13550340651021953
1322,0.18412256267409471,0.13540090771558244
1323,0.18426183844011143,0.13529856386999245
1324,0.18440111420612815,0.1351963746223565
1325,0.18454038997214484,0.1350943396226415
1326,0.18467966573816155,0.13499245852187028
1327,0.18481894150417827,0.13489073097211757
1328,0.18495821727019499,0.13478915662650603
1329,0.1850974930362117,0.1346877351392024
1330,0.18523676880222842,0.13458646616541353
1331,0.18537604456824514,0.13448534936138243
1332,0.18551532033426185,0.13438438438438438
1333,0.18565459610027854,0.1342835708927232
1334,0.18579387186629526,0.13418290854572715
1335,0.18593314763231197,0.13408239700374533
1336,0.1860724233983287,0.1347305389221557
1337,0.1862116991643454,0.13462976813762154
1338,0.18635097493036212,0.13452914798206278
1339,0.18649025069637884,0.13517550410754295
1340,0.18662952646239556,0.13507462686567165
1341,0.18676880222841225,0.13497390007457122
1342,0.18690807799442896,0.13561847988077497
1343,0.18704735376044568,0.1355174981384959
1344,0.1871866295264624,0.13541666666666666
1345,0.1873259052924791,0.13531598513011153
1346,0.18746518105849583,0.1352154531946508
1347,0.18760445682451254,0.13511507052709726
1348,0.18774373259052926,0.13501483679525222
1349,0.18788300835654595,0.13491475166790215
1350,0.18802228412256267,0.1348148148148148
1351,0.18816155988857938,0.13471502590673576
1352,0.1883008356545961,0.1346153846153846
1353,0.18844011142061282,0.1352549889135255
1354,0.18857938718662953,0.13515509601181683
1355,0.18871866295264625,0.13505535055350554
1356,0.18885793871866297,0.13495575221238937
1357,0.18899721448467965,0.1348563006632277
1358,0.18913649025069637,0.13549337260677466
1359,0.1892757660167131,0.13539367181751288
1360,0.1894150417827298,0.13529411764705881
1361,0.18955431754874652,0.1351947097722263
1362,0.18969359331476324,0.13582966226138032
1363,0.18983286908077995,0.13573000733675716
1364,0.18997214484679667,0.13563049853372433
1365,0.19011142061281336,0.13553113553113552
1366,0.19025069637883008,0.13543191800878476
1367,0.1903899721448468,0.13606437454279444
1368,0.1905292479108635,0.13596491228070176
1369,0.19066852367688022,0.13659605551497445
1370,0.19080779944289694,0.1364963503649635
1371,0.19094707520891366,0.1363967906637491
1372,0.19108635097493037,0.13629737609329445
1373,0.19122562674094706,0.13619810633648943
1374,0.19136490250696378,0.13609898107714702
1375,0.1915041782729805,0.136
1376,0.1916434540389972,0.13590116279069767
1377,0.19178272980501393,0.13580246913580246
1378,0.19192200557103065,0.13570391872278664
1379,0.19206128133704736,0.135605511240029
1380,0.19220055710306408,0.1355072463768116
1381,0.19233983286908077,0.13540912382331644
1382,0.19247910863509748,0.1353111432706223
1383,0.1926183844011142,0.13521330441070137
1384,0.19275766016713092,0.1351156069364162
1385,0.19289693593314763,0.13501805054151625
1386,0.19303621169916435,0.1349206349206349
1387,0.19317548746518107,0.13554434030281182
1388,0.19331476323119778,0.13544668587896252
1389,0.19345403899721447,0.1353491720662347
1390,0.1935933147632312,0.13525179856115108
1391,0.1937325905292479,0.13515456506110712
1392,0.19387186629526462,0.13505747126436782
1393,0.19401114206128134,0.1349605168700646
1394,0.19415041782729806,0.13486370157819225
1395,0.19428969359331477,0.13476702508960572
1396,0.1944289693593315,0.1346704871060172
1397,0.19456824512534818,0.13457408732999285
1398,0.1947075208913649,0.13447782546494993
1399,0.1948467966573816,0.1343817012151537
1400,0.19498607242339833,0.13428571428571429
1401,0.19512534818941504,0.13418986438258387
1402,0.19526462395543176,0.1340941512125535
1403,0.19540389972144848,0.13399857448325017
1404,0.1955431754874652,0.1339031339031339
1405,0.19568245125348188,0.13451957295373665
1406,0.1958217270194986,0.13442389758179232
1407,0.19596100278551531,0.13503909026297087
1408,0.19610027855153203,0.13494318181818182
1409,0.19623955431754875,0.13484740951029098
1410,0.19637883008356546,0.1347517730496454
1411,0.19651810584958218,0.13536498936924168
1412,0.1966573816155989,0.13526912181303116
1413,0.1967966573816156,0.13517338995046002
1414,0.1969359331476323,0.13507779349363508
1415,0.19707520891364902,0.13498233215547703
1416,0.19721448467966574,0.1348870056497175
1417,0.19735376044568245,0.13479181369089627
1418,0.19749303621169917,0.13469675599435826
1419,0.19763231197771589,0.13530655391120508
1420,0.1977715877437326,0.1352112676056338
1421,0.1979108635097493,0.13511611541168192
1422,0.198050139275766,0.1350210970464135
1423,0.19818941504178272,0.13562895291637386
1424,0.19832869080779944,0.13553370786516855
1425,0.19846796657381616,0.13543859649122808
1426,0.19860724233983287,0.135343618513324
1427,0.1987465181058496,0.13524877365101612
1428,0.1988857938718663,0.13515406162464985
1429,0.199025069637883,0.1357592722183345
1430,0.1991643454038997,0.13566433566433567
1431,0.19930362116991643,0.13556953179594688
1432,0.19944289693593314,0.13547486033519554
1433,0.19958217270194986,0.13538032100488487
1434,0.19972144846796658,0.13528591352859135
1435,0.1998607242339833,0.13519163763066203
1436,0.2,0.13509749303621169
1437,0.2001392757660167,0.13569937369519833
1438,0.20027855153203342,0.1356050069541029
1439,0.20041782729805013,0.13551077136900624
1440,0.20055710306406685,0.13541666666666666
1441,0.20069637883008357,0.13532269257460097
1442,0.20083565459610028,0.13522884882108183
1443,0.200974930362117,0.13513513513513514
1444,0.20111420612813372,0.13504155124653738
1445,0.2012534818941504,0.13494809688581316
1446,0.20139275766016712,0.13485477178423236
1447,0.20153203342618384,0.13476157567380787
1448,0.20167130919220055,0.13466850828729282
1449,0.20181058495821727,0.13457556935817805
1450,0.201949860724234,0.13448275862068965
1451,0.2020891364902507,0.13439007580978635
1452,0.20222841225626742,0.13429752066115702
1453,0.2023676880222841,0.13420509291121818
1454,0.20250696378830083,0.13411279229711143
1455,0.20264623955431754,0.13402061855670103
1456,0.20278551532033426,0.13392857142857142
1457,0.20292479108635098,0.13452299245024021
1458,0.2030640668523677,0.13443072702331962
1459,0.2032033426183844,0.1343385880740233
1460,0.20334261838440112,0.13424657534246576
1461,0.2034818941504178,0.13415468856947296
1462,0.20362116991643453,0.13406292749658003
1463,0.20376044568245125,0.1339712918660287
1464,0.20389972144846796,0.13456284153005466
1465,0.20403899721448468,0.13515358361774743
1466,0.2041782729805014,0.13506139154160982
1467,0.2043175487465181,0.13496932515337423
1468,0.20445682451253483,0.13487738419618528
1469,0.20459610027855155,0.134785568413887
1470,0.20473537604456823,0.1346938775510204
1471,0.20487465181058495,0.13460231135282122
1472,0.20501392757660167,0.13451086956521738
1473,0.20515320334261838,0.13441955193482688
1474,0.2052924791086351,0.13432835820895522
1475,0.20543175487465182,0.1342372881355932
1476,0.20557103064066853,0.13414634146341464
1477,0.20571030640668525,0.13405551794177387
1478,0.20584958217270194,0.13396481732070364
1479,0.20598885793871866,0.13387423935091278
1480,0.20612813370473537,0.13378378378378378
1481,0.2062674094707521,0.1336934503713707
1482,0.2064066852367688,0.13360323886639677
1483,0.20654596100278552,0.1341874578556979
1484,0.20668523676880224,0.13409703504043127
1485,0.20682451253481896,0.13400673400673402
1486,0.20696378830083564,0.13458950201884254
1487,0.20710306406685236,0.13449899125756556
1488,0.20724233983286908,0.13440860215053763
1489,0.2073816155988858,0.1343183344526528
1490,0.2075208913649025,0.1342281879194631
1491,0.20766016713091923,0.1341381623071764
1492,0.20779944289693594,0.13404825737265416
1493,0.20793871866295266,0.13395847287340926
1494,0.20807799442896935,0.13453815261044177
1495,0.20821727019498606,0.13444816053511705
1496,0.20835654596100278,0.13502673796791445
1497,0.2084958217270195,0.134936539746159
1498,0.20863509749303621,0.1348464619492657
1499,0.20877437325905293,0.13475650433622416
1500,0.20891364902506965,0.13533333333333333
1501,0.20905292479108636,0.13524317121918722
1502,0.20919220055710305,0.13515312916111852
1503,0.20933147632311977,0.13506320691949433
1504,0.20947075208913649,0.13497340425531915
1505,0.2096100278551532,0.13488372093023257
1506,0.20974930362116992,0.1347941567065073
1507,0.20988857938718664,0.13470471134704712
1508,0.21002785515320335,0.1346153846153846
1509,0.21016713091922007,0.13452617627567925
1510,0.21030640668523676,0.13443708609271524
1511,0.21044568245125347,0.1343481138318994
1512,0.2105849582172702,0.13425925925925927
1513,0.2107242339832869,0.13417052214144085
1514,0.21086350974930362,0.13408190224570674
1515,0.21100278551532034,0.13399339933993398
1516,0.21114206128133706,0.13390501319261214
1517,0.21128133704735377,0.13447593935398813
1518,0.21142061281337046,0.13438735177865613
1519,0.21155988857938718,0.13429888084265965
1520,0.2116991643454039,0.13421052631578947
1521,0.2118384401114206,0.1341222879684418
1522,0.21197771587743733,0.1340341655716163
1523,0.21211699164345404,0.133946158896914
1524,0.21225626740947076,0.13385826771653545
1525,0.21239554317548748,0.13377049180327868
1526,0.21253481894150417,0.1343381389252949
1527,0.21267409470752088,0.13425016371971185
1528,0.2128133704735376,0.13416230366492146
1529,0.21295264623955432,0.1340745585349902
1530,0.21309192200557103,0.13398692810457516
1531,0.21323119777158775,0.13455258001306336
1532,0.21337047353760447,0.13446475195822455
1533,0.21350974930362118,0.13437703848662752
1534,0.21364902506963787,0.13428943937418514
1535,0.2137883008356546,0.13420195439739413
1536,0.2139275766016713,0.13411458333333334
1537,0.21406685236768802,0.1340273259596617
1538,0.21420612813370474,0.13394018205461639
1539,0.21434540389972145,0.13385315139701104
1540,0.21448467966573817,0.13376623376623376
1541,0.2146239554317549,0.1336794289422453
1542,0.21476323119777158,0.13359273670557717
1543,0.2149025069637883,0.1335061568373299
1544,0.215041782729805,0.133419689119171
1545,0.21518105849582173,0.13398058252427184
1546,0.21532033426183844,0.13389391979301424
1547,0.21545961002785516,0.13380736910148675
1548,0.21559888579387188,0.1343669250645995
1549,0.2157381615598886,0.1342801807617818
1550,0.21587743732590528,0.13419354838709677
1551,0.216016713091922,0.134107027724049
1552,0.2161559888579387,0.13402061855670103
1553,0.21629526462395543,0.13457823567289118
1554,0.21643454038997215,0.13449163449163448
1555,0.21657381615598886,0.13440514469453377
1556,0.21671309192200558,0.13431876606683804
1557,0.2168523676880223,0.13423249839434812
1558,0.21699164345403898,0.13414634146341464
1559,0.2171309192200557,0.1340602950609365
1560,0.21727019498607242,0.13397435897435897
1561,0.21740947075208913,0.13452914798206278
1562,0.21754874651810585,0.1350832266325224
1563,0.21768802228412257,0.13499680102367242
1564,0.21782729805013928,0.13491048593350383
1565,0.217966573816156,0.13482428115015974
1566,0.2181058495821727,0.13537675606641125
1567,0.2182451253481894,0.13529036375239312
1568,0.21838440111420612,0.13520408163265307
1569,0.21852367688022284,0.13511790949649458
1570,0.21866295264623956,0.13503184713375796
1571,0.21880222841225627,0.1349458943348186
1572,0.218941504178273,0.13549618320610687
1573,0.2190807799442897,0.1354100445009536
1574,0.2192200557103064,0.13532401524777637
1575,0.2193593314763231,0.13523809523809524
1576,0.21949860724233983,0.1351522842639594
1577,0.21963788300835654,0.13506658211794548
1578,0.21977715877437326,0.13498098859315588
1579,0.21991643454038998,0.13489550348321722
1580,0.2200557103064067,0.13481012658227848
1581,0.2201949860724234,0.13535736875395318
1582,0.2203342618384401,0.13527180783817952
1583,0.22047353760445682,0.1351863550221099
1584,0.22061281337047353,0.1351010101010101
1585,0.22075208913649025,0.13501577287066246
1586,0.22089136490250696,0.13493064312736444
1587,0.22103064066852368,0.1348456206679269
1588,0.2211699164345404,0.13476070528967254
1589,0.22130919220055711,0.13467589679043424
1590,0.2214484679665738,0.13459119496855346
1591,0.22158774373259052,0.1345065996228787
1592,0.22172701949860724,0.13442211055276382
1593,0.22186629526462395,0.13433772755806653
1594,0.22200557103064067,0.1342534504391468
1595,0.22214484679665739,0.1341692789968652
1596,0.2222841225626741,0.13408521303258145
1597,0.22242339832869082,0.1340012523481528
1598,0.2225626740947075,0.13391739674593242
1599,0.22270194986072422,0.1344590368980613
1600,0.22284122562674094,0.134375
1601,0.22298050139275766,0.13429106808244848
1602,0.22311977715877437,0.13420724094881398
1603,0.2232590529247911,0.13412351840299438
1604,0.2233983286908078,0.13403990024937656
1605,0.22353760445682452,0.13395638629283488
1606,0.2236768802228412,0.13387297633872977
1607,0.22381615598885793,0.13378967019290602
1608,0.22395543175487465,0.13370646766169153
1609,0.22409470752089136,0.13362336855189558
1610,0.22423398328690808,0.13354037267080746
1611,0.2243732590529248,0.1334574798261949
1612,0.2245125348189415,0.13337468982630274
1613,0.22465181058495823,0.1332920024798512
1614,0.22479108635097492,0.13382899628252787
1615,0.22493036211699163,0.13374613003095975
1616,0.22506963788300835,0.13366336633663367
1617,0.22520891364902507,0.13358070500927643
1618,0.22534818941504178,0.1334981458590853
1619,0.2254874651810585,0.13341568869672638
1620,0.22562674094707522,0.13333333333333333
1621,0.22576601671309193,0.13325107958050586
1622,0.22590529247910862,0.13316892725030827
1623,0.22604456824512534,0.133086876155268
1624,0.22618384401114205,0.1330049261083744
1625,0.22632311977715877,0.13292307692307692
1626,0.2264623955431755,0.13284132841328414
1627,0.2266016713091922,0.1333743085433313
1628,0.22674094707520892,0.1332923832923833
1629,0.22688022284122564,0.13321055862492326
1630,0.22701949860724233,0.13374233128834356
1631,0.22715877437325904,0.1336603310852238
1632,0.22729805013927576,0.13357843137254902
1633,0.22743732590529248,0.1334966319657073
1634,0.2275766016713092,0.13402692778457773
1635,0.2277158774373259,0.13394495412844037
1636,0.22785515320334263,0.13386308068459657
1637,0.22799442896935934,0.13378130726939524
1638,0.22813370473537606,0.1343101343101343
1639,0.22827298050139275,0.1342281879194631
1640,0.22841225626740946,0.13414634146341464
1641,0.22855153203342618,0.1340645947592931
1642,0.2286908077994429,0.13398294762484775
1643,0.2288300835654596,0.13390139987827146
1644,0.22896935933147633,0.13381995133819952
1645,0.22910863509749305,0.1337386018237082
1646,0.22924791086350976,0.1336573511543135
1647,0.22938718662952645,0.13357619914996965
1648,0.22952646239554317,0.13349514563106796
1649,0.22966573816155988,0.1334141904184354
1650,0.2298050139275766,0.13333333333333333
1651,0.22994428969359332,0.1332525741974561
1652,0.23008356545961003,0.13317191283292978
1653,0.23022284122562675,0.13309134906231096
1654,0.23036211699164347,0.13301088270858524
1655,0.23050139275766016,0.13293051359516617
1656,0.23064066852367687,0.13285024154589373
1657,0.2307799442896936,0.1327700663850332
1658,0.2309192200557103,0.13268998793727382
1659,0.23105849582172702,0.13261000602772754
1660,0.23119777158774374,0.13253012048192772
1661,0.23133704735376046,0.13245033112582782
1662,0.23147632311977717,0.13237063778580024
1663,0.23161559888579386,0.132291040288635
1664,0.23175487465181058,0.13221153846153846
1665,0.2318941504178273,0.13213213213213212
1666,0.232033426183844,0.13205282112845138
1667,0.23217270194986073,0.13197360527894422
1668,0.23231197771587744,0.13189448441247004
1669,0.23245125348189416,0.1318154583582984
1670,0.23259052924791088,0.1317365269461078
1671,0.23272980501392757,0.13165769000598443
1672,0.23286908077994428,0.13157894736842105
1673,0.233008356545961,0.1315002988643156
1674,0.23314763231197771,0.13142174432497014
1675,0.23328690807799443,0.13134328358208955
1676,0.23342618384401115,0.13126491646778043
1677,0.23356545961002786,0.13118664281454978
1678,0.23370473537604458,0.13110846245530394
1679,0.23384401114206127,0.13103037522334723
1680,0.233983286908078,0.13095238095238096
1681,0.2341225626740947,0.13087447947650208
1682,0.23426183844011142,0.13079667063020214
1683,0.23440111420612814,0.13071895424836602
1684,0.23454038997214485,0.13064133016627077
1685,0.23467966573816157,0.13056379821958458
1686,0.23481894150417829,0.13048635824436536
1687,0.23495821727019497,0.13040901007705988
1688,0.2350974930362117,0.13033175355450238
1689,0.2352367688022284,0.13025458851391356
1690,0.23537604456824512,0.1301775147928994
1691,0.23551532033426184,0.13010053222945003
1692,0.23565459610027856,0.13002364066193853
1693,0.23579387186629527,0.1299468399291199
1694,0.235933147632312,0.12987012987012986
1695,0.23607242339832868,0.13038348082595871
1696,0.2362116991643454,0.1303066037735849
1697,0.2363509749303621,0.13022981732469063
1698,0.23649025069637883,0.13015312131919907
1699,0.23662952646239555,0.13007651559741024
1700,0.23676880222841226,0.13
1701,0.23690807799442898,0.12992357436801882
1702,0.2370473537604457,0.1298472385428907
1703,0.23718662952646238,0.1297709923664122
1704,0.2373259052924791,0.12969483568075119
1705,0.23746518105849582,0.12961876832844574
1706,0.23760445682451253,0.13012895662368112
1707,0.23774373259052925,0.13005272407732865
1708,0.23788300835654597,0.12997658079625293
1709,0.23802228412256268,0.1299005266237566
1710,0.2381615598885794,0.12982456140350876
1711,0.2383008356545961,0.12974868497954412
1712,0.2384401114206128,0.12967289719626168
1713,0.23857938718662952,0.1295971978984238
1714,0.23871866295264624,0.1295215869311552
1715,0.23885793871866295,0.1294460641399417
1716,0.23899721448467967,0.12937062937062938
1717,0.2391364902506964,0.1292952824694234
1718,0.2392757660167131,0.12922002328288706
1719,0.2394150417827298,0.12914485165794065
1720,0.2395543175487465,0.12906976744186047
1721,0.23969359331476323,0.12899477048227775
1722,0.23983286908077994,0.1289198606271777
1723,0.23997214484679666,0.12884503772489844
1724,0.24011142061281338,0.12877030162412992
1725,0.2402506963788301,0.12869565217391304
1726,0.2403899721448468,0.12862108922363846
1727,0.2405292479108635,0.12854661262304573
1728,0.2406685236768802,0.1284722222222222
1729,0.24080779944289693,0.12839791787160207
1730,0.24094707520891365,0.12890173410404623
1731,0.24108635097493036,0.1288272674754477
1732,0.24122562674094708,0.1287528868360277
1733,0.2413649025069638,0.1286785920369302
1734,0.2415041782729805,0.12860438292964244
1735,0.2416434540389972,0.12853025936599424
1736,0.24178272980501392,0.1284562211981567
1737,0.24192200557103063,0.12838226827864133
1738,0.24206128133704735,0.1283084004602992
1739,0.24220055710306407,0.1282346175963197
1740,0.24233983286908078,0.12816091954022987
1741,0.2424791086350975,0.12808730614589317
1742,0.24261838440111422,0.12801377726750862
1743,0.2427576601671309,0.12794033275960986
1744,0.24289693593314762,0.12786697247706422
1745,0.24303621169916434,0.12779369627507164
1746,0.24317548746518106,0.1277205040091638
1747,0.24331476323119777,0.1276473955352032
1748,0.2434540389972145,0.12757437070938216
1749,0.2435933147632312,0.12750142938822184
1750,0.24373259052924792,0.128
1751,0.2438718662952646,0.12792689891490577
1752,0.24401114206128133,0.1278538812785388
1753,0.24415041782729804,0.127780946948089
1754,0.24428969359331476,0.12770809578107184
1755,0.24442896935933148,0.12763532763532764
1756,0.2445682451253482,0.12813211845102507
1757,0.2447075208913649,0.12805919180421171
1758,0.24484679665738163,0.12798634812286688
1759,0.24498607242339832,0.12848209209778283
1760,0.24512534818941503,0.12840909090909092
1761,0.24526462395543175,0.12833617262918795
1762,0.24540389972144847,0.1282633371169126
1763,0.24554317548746518,0.1281905842314237
1764,0.2456824512534819,0.12811791383219956
1765,0.24582172701949861,0.12804532577903682
1766,0.24596100278551533,0.12797281993204984
1767,0.24610027855153202,0.1279003961516695
1768,0.24623955431754874,0.12782805429864252
1769,0.24637883008356545,0.12775579423403052
1770,0.24651810584958217,0.12824858757062146
1771,0.2466573816155989,0.1281761716544325
1772,0.2467966573816156,0.1281038374717833
1773,0.24693593314763232,0.12803158488437677
1774,0.24707520891364904,0.12795941375422773
1775,0.24721448467966572,0.12788732394366198
1776,0.24735376044568244,0.12837837837837837
1777,0.24749303621169916,0.1288688801350591
1778,0.24763231197771587,0.12879640044994375
1779,0.2477715877437326,0.12872400224845418
1780,0.2479108635097493,0.1286516853932584
1781,0.24805013927576602,0.12857944974733296
1782,0.24818941504178274,0.12850729517396184
1783,0.24832869080779943,0.12843522153673584
1784,0.24846796657381615,0.12836322869955158
1785,0.24860724233983286,0.12829131652661063
1786,0.24874651810584958,0.1282194848824188
1787,0.2488857938718663,0.1281477336317851
1788,0.249025069637883,0.12807606263982102
1789,0.24916434540389973,0.12800447177193963
1790,0.24930362116991645,0.12793296089385475
1791,0.24944289693593313,0.12786152987158012
1792,0.24958217270194985,0.12779017857142858
1793,0.24972144846796657,0.12771890686001117
1794,0.24986072423398328,0.12764771460423635
1795,0.25,0.1275766016713092
1796,0.2501392757660167,0.12750556792873052
1797,0.25027855153203343,0.12743461324429606
1798,0.2504178272980501,0.12736373748609567
1799,0.25055710306406687,0.1272929405225125
1800,0.25069637883008355,0.1272222222222222
1801,0.2508356545961003,0.1271515824541921
1802,0.250974930362117,0.12763596004439512
1803,0.25111420612813373,0.12756516916250693
1804,0.2512534818941504,0.12749445676274945
1805,0.2513927576601671,0.12742382271468145
1806,0.25153203342618385,0.1273532668881506
1807,0.25167130919220054,0.12728278915329275
1808,0.2518105849582173,0.12721238938053098
1809,0.251949860724234,0.1271420674405749
1810,0.2520891364902507,0.1270718232044199
1811,0.2522284122562674,0.12700165654334622
1812,0.2523676880222841,0.12693156732891833
1813,0.25250696378830084,0.126861555432984
1814,0.25264623955431753,0.12679162072767364
1815,0.2527855153203343,0.12672176308539945
1816,0.25292479108635096,0.12665198237885464
1817,0.2530640668523677,0.12658227848101267
1818,0.2532033426183844,0.1265126512651265
1819,0.25334261838440114,0.12644310060472788
1820,0.25348189415041783,0.12637362637362637
1821,0.2536211699164345,0.12630422844590883
1822,0.25376044568245126,0.12623490669593854
1823,0.25389972144846795,0.12616566099835436
1824,0.2540389972144847,0.12609649122807018
1825,0.2541782729805014,0.12602739726027398
1826,0.25431754874651813,0.12650602409638553
1827,0.2544568245125348,0.12643678160919541
1828,0.2545961002785515,0.1263676148796499
1829,0.25473537604456825,0.12629852378348824
1830,0.25487465181058494,0.12622950819672132
1831,0.2550139275766017,0.1261605679956308
1832,0.2551532033426184,0.12609170305676856
1833,0.2552924791086351,0.1260229132569558
1834,0.2554317548746518,0.12595419847328243
1835,0.25557103064066855,0.12588555858310627
1836,0.25571030640668524,0.12581699346405228
1837,0.25584958217270193,0.12574850299401197
1838,0.2559888579387187,0.12568008705114256
1839,0.25612813370473536,0.12561174551386622
1840,0.2562674094707521,0.12554347826086956
1841,0.2564066852367688,0.12547528517110265
1842,0.25654596100278554,0.1254071661237785
1843,0.2566852367688022,0.12533912099837222
1844,0.2568245125348189,0.12527114967462039
1845,0.25696378830083566,0.12520325203252033
1846,0.25710306406685235,0.12513542795232935
1847,0.2572423398328691,0.12506767731456417
1848,0.2573816155988858,0.125
1849,0.2575208913649025,0.12493239588967009
1850,0.2576601671309192,0.12486486486486487
1851,0.25779944289693596,0.12479740680713128
1852,0.25793871866295265,0.12473002159827214
1853,0.25807799442896934,0.12466270912034538
1854,0.2582172701949861,0.12459546925566344
1855,0.25835654596100277,0.12452830188679245
1856,0.2584958217270195,0.12446120689655173
1857,0.2586350974930362,0.12439418416801293
1858,0.25877437325905295,0.12432723358449946
1859,0.25891364902506964,0.1242603550295858
1860,0.2590529247910863,0.12419354838709677
1861,0.25919220055710307,0.12412681354110693
1862,0.25933147632311976,0.12406015037593984
1863,0.2594707520891365,0.12399355877616747
1864,0.2596100278551532,0.12392703862660945
1865,0.25974930362116994,0.12386058981233244
1866,0.2598885793871866,0.12379421221864952
1867,0.26002785515320337,0.12372790573111944
1868,0.26016713091922006,0.12366167023554604
1869,0.26030640668523675,0.12359550561797752
1870,0.2604456824512535,0.12352941176470589
1871,0.2605849582172702,0.12346338856226617
1872,0.2607242339832869,0.1233974358974359
1873,0.2608635097493036,0.12333155365723439
1874,0.26100278551532036,0.12326574172892209
1875,0.26114206128133705,0.1232
1876,0.26128133704735373,0.12366737739872068
1877,0.2614206128133705,0.12360149174214172
1878,0.26155988857938717,0.1235356762513312
1879,0.2616991643454039,0.12346993081426291
1880,0.2618384401114206,0.12340425531914893
1881,0.26197771587743734,0.12333864965443912
1882,0.26211699164345403,0.12327311370882041
1883,0.2622562674094708,0.12320764737121614
1884,0.26239554317548747,0.12367303609341826
1885,0.26253481894150416,0.12360742705570292
1886,0.2626740947075209,0.12407211028632026
1887,0.2628133704735376,0.12400635930047695
1888,0.26295264623955433,0.1239406779661017
1889,0.263091922005571,0.12387506617257808
1890,0.26323119777158777,0.12380952380952381
1891,0.26337047353760445,0.12374405076679006
1892,0.26350974930362114,0.12367864693446089
1893,0.2636490250696379,0.12361331220285261
1894,0.2637883008356546,0.1235480464625132
1895,0.2639275766016713,0.12348284960422164
1896,0.264066852367688,0.12341772151898735
1897,0.26420612813370475,0.12335266209804956
1898,0.26434540389972144,0.1232876712328767
1899,0.2644846796657382,0.12322274881516587
1900,0.2646239554317549,0.1231578947368421
1901,0.26476323119777156,0.12361914781693846
1902,0.2649025069637883,0.12355415352260778
1903,0.265041782729805,0.12348922753547031
1904,0.26518105849582174,0.12342436974789917
1905,0.26532033426183843,0.12335958005249344
1906,0.2654596100278552,0.12329485834207765
1907,0.26559888579387186,0.1232302045097011
1908,0.26573816155988855,0.12316561844863731
1909,0.2658774373259053,0.12310110005238345
1910,0.266016713091922,0.12303664921465969
1911,0.26615598885793873,0.12297226582940869
1912,0.2662952646239554,0.12343096234309624
1913,0.26643454038997216,0.12388917929952953
1914,0.26657381615598885,0.1238244514106583
1915,0.2667130919220056,0.1237597911227154
1916,0.2668523676880223,0.12369519832985386
1917,0.266991643454039,0.12415232133541992
1918,0.2671309192200557,0.12408759124087591
1919,0.2672701949860724,0.12402292860865034
1920,0.26740947075208915,0.12395833333333334
1921,0.26754874651810584,0.12441436751691827
1922,0.2676880222841226,0.12434963579604578
1923,0.2678272980501393,0.12428497139885596
1924,0.26796657381615596,0.12422037422037423
1925,0.2681058495821727,0.12415584415584416
1926,0.2682451253481894,0.1240913811007269
1927,0.26838440111420614,0.12402698495070057
1928,0.26852367688022283,0.12396265560165975
1929,0.2686629526462396,0.12441679626749612
1930,0.26880222841225626,0.12435233160621761
1931,0.268941504178273,0.12428793371310203
1932,0.2690807799442897,0.12422360248447205
1933,0.2692200557103064,0.12415933781686497
1934,0.2693593314763231,0.12409513960703206
1935,0.2694986072423398,0.12403100775193798
1936,0.26963788300835656,0.12396694214876033
1937,0.26977715877437325,0.12390294269488901
1938,0.26991643454039,0.1238390092879257
1939,0.2700557103064067,0.12429087158329036
1940,0.27019498607242337,0.12422680412371134
1941,0.2703342618384401,0.12416280267903143
1942,0.2704735376044568,0.12409886714727085
1943,0.27061281337047355,0.1240349974266598
1944,0.27075208913649024,0.12397119341563786
1945,0.270891364902507,0.12390745501285347
1946,0.27103064066852367,0.12384378211716342
1947,0.2711699164345404,0.12378017462763226
1948,0.2713091922005571,0.12371663244353183
1949,0.2714484679665738,0.12365315546434069
1950,0.27158774373259054,0.12358974358974359
1951,0.2717270194986072,0.12352639671963096
1952,0.27186629526462397,0.12346311475409837
1953,0.27200557103064066,0.12339989759344598
1954,0.2721448467966574,0.12333674513817809
1955,0.2722841225626741,0.12327365728900255
1956,0.2724233983286908,0.12321063394683027
1957,0.2725626740947075,0.12365866121614716
1958,0.2727019498607242,0.12359550561797752
1959,0.27284122562674096,0.12353241449719245
1960,0.27298050139275765,0.12346938775510204
1961,0.2731197771587744,0.12340642529321774
1962,0.2732590529247911,0.12334352701325178
1963,0.2733983286908078,0.12328069281711666
1964,0.2735376044568245,0.12321792260692464
1965,0.2736768802228412,0.12366412213740458
1966,0.27381615598885795,0.12360122075279756
1967,0.27395543175487463,0.1235383833248602
1968,0.2740947075208914,0.12347560975609756
1969,0.27423398328690807,0.1234128999492128
1970,0.2743732590529248,0.1233502538071066
1971,0.2745125348189415,0.1232876712328767
1972,0.27465181058495824,0.12322515212981744
1973,0.27479108635097493,0.12316269640141916
1974,0.2749303621169916,0.12310030395136778
1975,0.27506963788300837,0.1230379746835443
1976,0.27520891364902506,0.12297570850202429
1977,0.2753481894150418,0.12291350531107739
1978,0.2754874651810585,0.12285136501516683
1979,0.27562674094707523,0.12278928751894896
1980,0.2757660167130919,0.12272727272727273
1981,0.2759052924791086,0.1226653205451792
1982,0.27604456824512535,0.12260343087790111
1983,0.27618384401114204,0.12254160363086233
1984,0.2763231197771588,0.12247983870967742
1985,0.2764623955431755,0.12292191435768261
1986,0.2766016713091922,0.1228600201409869
1987,0.2767409470752089,0.12279818822345244
1988,0.27688022284122565,0.1227364185110664
1989,0.27701949860724234,0.12267471091000502
1990,0.27715877437325903,0.12261306532663317
1991,0.2772980501392758,0.12255148166750376
1992,0.27743732590529246,0.12248995983935743
1993,0.2775766016713092,0.12242849974912193
1994,0.2777158774373259,0.12236710130391174
1995,0.27785515320334264,0.12230576441102757
1996,0.27799442896935933,0.12224448897795591
1997,0.278133704735376,0.12218327491236855
1998,0.27827298050139276,0.12212212212212212
1999,0.27841225626740945,0.12206103051525763
2000,0.2785515320334262,0.122
2001,0.2786908077994429,0.12193903048475763
2002,0.27883008356545963,0.12187812187812187
2003,0.2789693593314763,0.1218172740888667
2004,0.27910863509749306,0.1217564870259481
2005,0.27924791086350975,0.12169576059850375
2006,0.27938718662952644,0.12163509471585245
2007,0.2795264623955432,0.12157448928749377
2008,0.2796657381615599,0.12151394422310757
2009,0.2798050139275766,0.1214534594325535
2010,0.2799442896935933,0.12139303482587065
2011,0.28008356545961005,0.12133267031327698
2012,0.28022284122562674,0.12127236580516898
2013,0.28036211699164343,0.12121212121212122
2014,0.2805013927576602,0.12164846077457796
2015,0.28064066852367686,0.12158808933002481
2016,0.2807799442896936,0.12152777777777778
2017,0.2809192200557103,0.12146752602875557
2018,0.28105849582172704,0.12140733399405351
2019,0.28119777158774373,0.12134720158494304
2020,0.28133704735376047,0.12128712871287128
2021,0.28147632311977716,0.12122711528946066
2022,0.28161559888579385,0.12166172106824925
2023,0.2817548746518106,0.12160158180919427
2024,0.2818941504178273,0.12154150197628459
2025,0.282033426183844,0.12148148148148148
2026,0.2821727019498607,0.12142152023692004
2027,0.28231197771587746,0.12136161815490873
2028,0.28245125348189415,0.12130177514792899
2029,0.28259052924791084,0.12124199112863479
2030,0.2827298050139276,0.12118226600985221
2031,0.28286908077994427,0.12112259970457903
2032,0.283008356545961,0.12155511811023623
2033,0.2831476323119777,0.12149532710280374
2034,0.28328690807799445,0.12143559488692232
2035,0.28342618384401114,0.12137592137592138
2036,0.2835654596100279,0.12131630648330059
2037,0.28370473537604457,0.1212567501227295
2038,0.28384401114206126,0.1211972522080471
2039,0.283983286908078,0.1211378126532614
2040,0.2841225626740947,0.12107843137254902
2041,0.28426183844011144,0.12101910828025478
2042,0.2844011142061281,0.12095984329089128
2043,0.28454038997214487,0.12090063631913853
2044,0.28467966573816156,0.12084148727984344
2045,0.28481894150417825,0.12078239608801956
2046,0.284958217270195,0.12072336265884653
2047,0.2850974930362117,0.12066438690766976
2048,0.2852367688022284,0.12060546875
2049,0.2853760445682451,0.12054660810151294
2050,0.28551532033426186,0.12048780487804878
2051,0.28565459610027855,0.12042905899561189
2052,0.2857938718662953,0.12037037037037036
2053,0.285933147632312,0.12031173891865563
2054,0.28607242339832867,0.12025316455696203
2055,0.2862116991643454,0.12019464720194648
2056,0.2863509749303621,0.12062256809338522
2057,0.28649025069637885,0.12056392805055907
2058,0.28662952646239553,0.12050534499514091
2059,0.2867688022284123,0.12044681884409908
2060,0.28690807799442897,0.12087378640776698
2061,0.28704735376044566,0.12081513828238719
2062,0.2871866295264624,0.12075654704170707
2063,0.2873259052924791,0.12069801260300533
2064,0.28746518105849583,0.12063953488372094
2065,0.2876044568245125,0.12058111380145278
2066,0.28774373259052927,0.12052274927395934
2067,0.28788300835654596,0.1204644412191582
2068,0.2880222841225627,0.12040618955512572
2069,0.2881615598885794,0.12034799420009666
2070,0.2883008356545961,0.12028985507246377
2071,0.2884401114206128,0.1202317720907774
2072,0.2885793871866295,0.12017374517374517
2073,0.28871866295264625,0.12011577424023155
2074,0.28885793871866294,0.12005785920925748
2075,0.2889972144846797,0.12
2076,0.2891364902506964,0.1199421965317919
2077,0.28927576601671307,0.11988444872412132
2078,0.2894150417827298,0.11982675649663138
2079,0.2895543175487465,0.11976911976911978
2080,0.28969359331476324,0.11971153846153847
2081,0.28983286908077993,0.11965401249399327
2082,0.2899721448467967,0.11959654178674352
2083,0.29011142061281336,0.11953912626020163
2084,0.2902506963788301,0.11948176583493282
2085,0.2903899721448468,0.11942446043165468
2086,0.2905292479108635,0.11984659635666348
2087,0.29066852367688023,0.11978917105893627
2088,0.2908077994428969,0.11973180076628352
2089,0.29094707520891366,0.11967448539971279
2090,0.29108635097493035,0.11961722488038277
2091,0.2912256267409471,0.11956001912960305
2092,0.2913649025069638,0.11950286806883365
2093,0.2915041782729805,0.11944577161968466
2094,0.2916434540389972,0.11938872970391595
2095,0.2917827298050139,0.11933174224343675
2096,0.29192200557103065,0.11927480916030535
2097,0.29206128133704734,0.11921793037672866
2098,0.2922005571030641,0.11963775023832221
2099,0.2923398328690808,0.11958075273939972
2100,0.2924791086350975,0.11952380952380952
2101,0.2926183844011142,0.11946692051404094
2102,0.2927576601671309,0.11941008563273073
2103,0.29289693593314764,0.11935330480266286
2104,0.29303621169916433,0.11977186311787072
2105,0.2931754874651811,0.11971496437054632
2106,0.29331476323119776,0.11965811965811966
2107,0.2934540389972145,0.11960132890365449
2108,0.2935933147632312,0.12001897533206832
2109,0.2937325905292479,0.11996206733048838
2110,0.2938718662952646,0.11990521327014218
2111,0.2940111420612813,0.11984841307437233
2112,0.29415041782729806,0.12026515151515152
2113,0.29428969359331475,0.12020823473734027
2114,0.2944289693593315,0.12015137180700095
2115,0.2945682451253482,0.12056737588652482
2116,0.2947075208913649,0.12051039697542533
2117,0.2948467966573816,0.1204534718941899
2118,0.2949860724233983,0.12039660056657224
2119,0.29512534818941505,0.12033978291647003
2120,0.29526462395543174,0.12028301886792453
2121,0.2954038997214485,0.12022630834512023
2122,0.29554317548746517,0.12016965127238455
2123,0.2956824512534819,0.12011304757418748
2124,0.2958217270194986,0.12005649717514125
2125,0.29596100278551535,0.12
2126,0.29610027855153204,0.11994355597365945
2127,0.2962395543175487,0.11988716502115655
2128,0.29637883008356547,0.11983082706766918
2129,0.29651810584958216,0.11977454203851573
2130,0.2966573816155989,0.11971830985915492
2131,0.2967966573816156,0.11966213045518535
2132,0.29693593314763234,0.11960600375234522
2133,0.297075208913649,0.11954992967651196
2134,0.2972144846796657,0.11949390815370196
2135,0.29735376044568246,0.11943793911007025
2136,0.29749303621169915,0.11938202247191011
2137,0.2976323119777159,0.11932615816565278
2138,0.2977715877437326,0.11927034611786716
2139,0.2979108635097493,0.11921458625525946
2140,0.298050139275766,0.1191588785046729
2141,0.29818941504178276,0.11957029425502101
2142,0.29832869080779945,0.11951447245564893
2143,0.29846796657381613,0.11992533831077928
2144,0.2986072423398329,0.11986940298507463
2145,0.29874651810584957,0.12027972027972028
2146,0.2988857938718663,0.12022367194780988
2147,0.299025069637883,0.12016767582673497
2148,0.29916434540389975,0.12011173184357542
2149,0.29930362116991643,0.12005583992554676
2150,0.2994428969359331,0.12
2151,0.29958217270194987,0.1199442119944212
2152,0.29972144846796656,0.11988847583643122
2153,0.2998607242339833,0.11983279145378542
2154,0.3,0.11977715877437325
2155,0.30013927576601673,0.1197215777262181
2156,0.3002785515320334,0.11966604823747681
2157,0.30041782729805017,0.11961057023643949
2158,0.30055710306406686,0.1195551436515292
2159,0.30069637883008354,0.11949976841130153
2160,0.3008356545961003,0.11944444444444445
2161,0.300974930362117,0.11938917167977788
2162,0.3011142061281337,0.11933395004625347
2163,0.3012534818941504,0.11927877947295423
2164,0.30139275766016715,0.11922365988909427
2165,0.30153203342618384,0.11916859122401847
2166,0.30167130919220053,0.11911357340720222
2167,0.3018105849582173,0.11905860636825104
2168,0.30194986072423396,0.11900369003690037
2169,0.3020891364902507,0.11894882434301521
2170,0.3022284122562674,0.11889400921658987
2171,0.30236768802228414,0.11883924458774758
2172,0.30250696378830083,0.11878453038674033
2173,0.3026462395543176,0.11872986654394846
2174,0.30278551532033426,0.11867525298988041
2175,0.30292479108635095,0.11862068965517242
2176,0.3030640668523677,0.11856617647058823
2177,0.3032033426183844,0.11851171336701884
2178,0.30334261838440113,0.1184573002754821
2179,0.3034818941504178,0.11840293712712253
2180,0.30362116991643456,0.11834862385321102
2181,0.30376044568245125,0.11829436038514443
2182,0.30389972144846794,0.11824014665444546
2183,0.3040389972144847,0.11818598259276225
2184,0.3041782729805014,0.11813186813186813
2185,0.3043175487465181,0.11807780320366133
2186,0.3044568245125348,0.11802378774016468
2187,0.30459610027855155,0.11796982167352538
2188,0.30473537604456824,0.11791590493601463
2189,0.304874651810585,0.11786203746002741
2190,0.3050139275766017,0.1178082191780822
2191,0.30515320334261836,0.11775445002282063
2192,0.3052924791086351,0.1177007299270073
2193,0.3054317548746518,0.11764705882352941
2194,0.30557103064066854,0.11759343664539654
2195,0.30571030640668523,0.11753986332574032
2196,0.305849582172702,0.11748633879781421
2197,0.30598885793871866,0.11743286299499317
2198,0.30612813370473535,0.11737943585077343
2199,0.3062674094707521,0.11732605729877217
2200,0.3064066852367688,0.11772727272727272
2201,0.3065459610027855,0.11767378464334394
2202,0.3066852367688022,0.11762034514078111
2203,0.30682451253481896,0.11756695415342715
2204,0.30696378830083565,0.11751361161524501
2205,0.3071030640668524,0.11746031746031746
2206,0.3072423398328691,0.11740707162284678
2207,0.30738161559888577,0.11735387403715451
2208,0.3075208913649025,0.11730072463768115
2209,0.3076601671309192,0.11724762335898596
2210,0.30779944289693595,0.1171945701357466
2211,0.30793871866295264,0.11714156490275893
2212,0.3080779944289694,0.11708860759493671
2213,0.30821727019498607,0.1174875734297334
2214,0.30835654596100276,0.11743450767841011
2215,0.3084958217270195,0.11738148984198646
2216,0.3086350974930362,0.11732851985559567
2217,0.30877437325905294,0.11727559765448804
2218,0.3089136490250696,0.11722272317403065
2219,0.30905292479108637,0.11716989634970708
2220,0.30919220055710306,0.11711711711711711
2221,0.3093314763231198,0.11706438541197658
2222,0.3094707520891365,0.11701170117011701
2223,0.3096100278551532,0.11695906432748537
2224,0.3097493036211699,0.11690647482014388
2225,0.3098885793871866,0.11685393258426967
2226,0.31002785515320336,0.11680143755615453
2227,0.31016713091922005,0.11674898967220476
2228,0.3103064066852368,0.11669658886894076
2229,0.3104456824512535,0.11664423508299686
2230,0.31058495821727017,0.11659192825112108
2231,0.3107242339832869,0.11653966831017482
2232,0.3108635097493036,0.11648745519713262
2233,0.31100278551532035,0.11643528884908196
2234,0.31114206128133703,0.11638316920322292
2235,0.3112813370473538,0.116331096196868
2236,0.31142061281337047,0.11627906976744186
2237,0.3115598885793872,0.11622708985248101
2238,0.3116991643454039,0.1161751563896336
2239,0.3118384401114206,0.11612326931665923
2240,0.31197771587743733,0.11607142857142858
2241,0.312116991643454,0.11601963409192324
2242,0.31225626740947077,0.1159678858162355
2243,0.31239554317548746,0.115916183682568
2244,0.3125348189415042,0.11586452762923351
2245,0.3126740947075209,0.11581291759465479
2246,0.3128133704735376,0.1157613535173642
2247,0.3129526462395543,0.11570983533600356
2248,0.313091922005571,0.11565836298932385
2249,0.31323119777158775,0.11560693641618497
2250,0.31337047353760444,0.11555555555555555
2251,0.3135097493036212,0.11550422034651266
2252,0.3136490250696379,0.11545293072824156
2253,0.3137883008356546,0.11540168664003551
2254,0.3139275766016713,0.11535048802129548
2255,0.314066852367688,0.11529933481152993
2256,0.31420612813370474,0.11524822695035461
2257,0.31434540389972143,0.11519716437749225
2258,0.3144846796657382,0.11514614703277236
2259,0.31462395543175486,0.11509517485613104
2260,0.3147632311977716,0.11504424778761062
2261,0.3149025069637883,0.11499336576735958
2262,0.315041782729805,0.11494252873563218
2263,0.31518105849582173,0.11489173663278833
2264,0.3153203342618384,0.11528268551236749
2265,0.31545961002785516,0.1152317880794702
2266,0.31559888579387185,0.11518093556928509
2267,0.3157381615598886,0.11513012792236436
2268,0.3158774373259053,0.11552028218694885
2269,0.31601671309192203,0.11546936976641692
2270,0.3161559888579387,0.11541850220264317
2271,0.3162952646239554,0.11536767943637165
2272,0.31643454038997215,0.1153169014084507
2273,0.31657381615598884,0.11526616805983282
2274,0.3167130919220056,0.11521547933157432
2275,0.3168523676880223,0.11516483516483517
2276,0.316991643454039,0.11511423550087874
2277,0.3171309192200557,0.11506368028107158
2278,0.3172701949860724,0.11501316944688324
2279,0.31740947075208914,0.11496270293988592
2280,0.31754874651810583,0.11491228070175438
2281,0.3176880222841226,0.11486190267426567
2282,0.31782729805013926,0.11481156879929887
2283,0.317966573816156,0.11476127901883487
2284,0.3181058495821727,0.11471103327495621
2285,0.31824512534818944,0.11466083150984682
2286,0.31838440111420613,0.11461067366579178
2287,0.3185236768802228,0.11456055968517709
2288,0.31866295264623956,0.1145104895104895
2289,0.31880222841225625,0.11446046308431629
2290,0.318941504178273,0.11441048034934498
2291,0.3190807799442897,0.11436054124836316
2292,0.3192200557103064,0.1143106457242583
2293,0.3193593314763231,0.11426079372001745
2294,0.31949860724233986,0.11421098517872712
2295,0.31963788300835655,0.11416122004357299
2296,0.31977715877437324,0.11411149825783973
2297,0.31991643454039,0.11406181976491075
2298,0.32005571030640667,0.11401218450826806
2299,0.3201949860724234,0.11396259243149195
2300,0.3203342618384401,0.11391304347826087
2301,0.32047353760445685,0.11386353759235116
2302,0.32061281337047354,0.11381407471763684
2303,0.3207520891364902,0.11376465479808945
2304,0.32089136490250697,0.11371527777777778
2305,0.32103064066852366,0.11366594360086768
2306,0.3211699164345404,0.11361665221162186
2307,0.3213091922005571,0.11356740355439965
2308,0.32144846796657384,0.11351819757365685
2309,0.3215877437325905,0.11346903421394543
2310,0.32172701949860727,0.11341991341991342
2311,0.32186629526462396,0.11337083513630462
2312,0.32200557103064065,0.11332179930795848
2313,0.3221448467966574,0.11327280587980977
2314,0.3222841225626741,0.1132238547968885
2315,0.3224233983286908,0.11317494600431965
2316,0.3225626740947075,0.11312607944732297
2317,0.32270194986072426,0.11307725507121277
2318,0.32284122562674095,0.11302847282139776
2319,0.32298050139275764,0.11297973264338076
2320,0.3231197771587744,0.11293103448275862
2321,0.32325905292479107,0.1128823782852219
2322,0.3233983286908078,0.11283376399655469
2323,0.3235376044568245,0.11278519156263453
2324,0.32367688022284125,0.11273666092943202
2325,0.32381615598885793,0.11268817204301075
2326,0.3239554317548747,0.11263972484952708
2327,0.32409470752089137,0.1125913192952299
2328,0.32423398328690806,0.11254295532646048
2329,0.3243732590529248,0.11249463288965221
2330,0.3245125348189415,0.11244635193133047
2331,0.32465181058495823,0.1123981123981124
2332,0.3247910863509749,0.11234991423670669
2333,0.32493036211699167,0.11230175739391342
2334,0.32506963788300836,0.11225364181662383
2335,0.32520891364902504,0.1126338329764454
2336,0.3253481894150418,0.11258561643835617
2337,0.3254874651810585,0.11296534017971759
2338,0.3256267409470752,0.11291702309666382
2339,0.3257660167130919,0.11286874732791792
2340,0.32590529247910865,0.11282051282051282
2341,0.32604456824512534,0.11277231952157198
2342,0.3261838440111421,0.11272416737830913
2343,0.3263231197771588,0.11267605633802817
2344,0.32646239554317547,0.11262798634812286
2345,0.3266016713091922,0.11257995735607676
2346,0.3267409470752089,0.11253196930946291
2347,0.32688022284122564,0.11248402215594376
2348,0.32701949860724233,0.11243611584327087
2349,0.3271587743732591,0.1123882503192848
2350,0.32729805013927576,0.1123404255319149
2351,0.32743732590529245,0.11229264142917907
2352,0.3275766016713092,0.11224489795918367
2353,0.3277158774373259,0.11219719507012324
2354,0.32785515320334263,0.11214953271028037
2355,0.3279944289693593,0.11210191082802548
2356,0.32813370473537606,0.11205432937181664
2357,0.32827298050139275,0.1120067882901994
2358,0.3284122562674095,0.11195928753180662
2359,0.3285515320334262,0.11191182704535821
2360,0.3286908077994429,0.11186440677966102
2361,0.3288300835654596,0.11181702668360864
2362,0.3289693593314763,0.1117696867061812
2363,0.32910863509749305,0.1117223867964452
2364,0.32924791086350974,0.1116751269035533
2365,0.3293871866295265,0.11162790697674418
2366,0.3295264623955432,0.11158072696534235
2367,0.32966573816155986,0.11153358681875793
2368,0.3298050139275766,0.11148648648648649
2369,0.3299442896935933,0.1114394259181089
2370,0.33008356545961004,0.11139240506329114
2371,0.33022284122562673,0.11134542387178406
2372,0.3303621169916435,0.11129848229342328
2373,0.33050139275766016,0.11125158027812895
2374,0.3306406685236769,0.11120471777590564
2375,0.3307799442896936,0.11157894736842106
2376,0.3309192200557103,0.11153198653198654
2377,0.33105849582172703,0.11148506520824569
2378,0.3311977715877437,0.11143818334735071
2379,0.33133704735376046,0.11139134089953762
2380,0.33147632311977715,0.11134453781512606
2381,0.3316155988857939,0.11129777404451911
2382,0.3317548746518106,0.1112510495382032
2383,0.33189415041782727,0.1112043642467478
2384,0.332033426183844,0.11115771812080537
2385,0.3321727019498607,0.1111111111111111
2386,0.33231197771587745,0.11106454316848281
2387,0.33245125348189414,0.1110180142438207
2388,0.3325905292479109,0.1109715242881072
2389,0.33272980501392757,0.11092507325240686
2390,0.3328690807799443,0.1108786610878661
2391,0.333008356545961,0.11083228774571309
2392,0.3331476323119777,0.11078595317725752
2393,0.33328690807799444,0.11073965733389052
2394,0.3334261838440111,0.11069340016708437
2395,0.33356545961002787,0.11064718162839249
2396,0.33370473537604456,0.11060100166944908
2397,0.3338440111420613,0.11055486024196913
2398,0.333983286908078,0.11050875729774812
2399,0.3341225626740947,0.11046269278866194
2400,0.3342618384401114,0.11041666666666666
2401,0.3344011142061281,0.11037067888379842
2402,0.33454038997214486,0.1103247293921732
2403,0.33467966573816155,0.11027881814398668
2404,0.3348189415041783,0.11023294509151414
2405,0.334958217270195,0.1101871101871102
2406,0.3350974930362117,0.11014131338320865
2407,0.3352367688022284,0.11009555463232239
2408,0.3353760445682451,0.11004983388704319
2409,0.33551532033426185,0.11000415110004151
2410,0.33565459610027853,0.10995850622406639
2411,0.3357938718662953,0.10991289921194525
2412,0.33593314763231197,0.10986733001658375
2413,0.3360724233983287,0.10982179859096561
2414,0.3362116991643454,0.10977630488815245
2415,0.3363509749303621,0.10973084886128365
2416,0.33649025069637883,0.10968543046357616
2417,0.3366295264623955,0.10964004964832437
2418,0.33676880222841227,0.10959470636889991
2419,0.33690807799442896,0.10954940057875155
2420,0.3370473537604457,0.10950413223140495
2421,0.3371866295264624,0.10945890128046262
2422,0.33732590529247913,0.10941370767960364
2423,0.3374651810584958,0.10936855138258357
2424,0.3376044568245125,0.10932343234323433
2425,0.33774373259052926,0.10927835051546392
2426,0.33788300835654594,0.10923330585325638
2427,0.3380222841225627,0.10918829831067162
2428,0.3381615598885794,0.10914332784184513
2429,0.3383008356545961,0.10909839440098806
2430,0.3384401114206128,0.10905349794238683
2431,0.3385793871866295,0.10900863842040312
2432,0.33871866295264624,0.10896381578947369
2433,0.33885793871866293,0.10891903000411016
2434,0.3389972144846797,0.10887428101889893
2435,0.33913649025069637,0.10882956878850103
2436,0.3392757660167131,0.1087848932676519
2437,0.3394150417827298,0.10874025441116127
2438,0.33955431754874654,0.10869565217391304
2439,0.33969359331476323,0.1090610906109061
2440,0.3398328690807799,0.10901639344262296
2441,0.33997214484679666,0.10897173289635395
2442,0.34011142061281335,0.10892710892710893
2443,0.3402506963788301,0.10888252148997135
2444,0.3403899721448468,0.1088379705400982
2445,0.34052924791086353,0.10879345603271984
2446,0.3406685236768802,0.10874897792313983
2447,0.3408077994428969,0.10870453616673478
2448,0.34094707520891365,0.10866013071895425
2449,0.34108635097493034,0.10861576153532054
2450,0.3412256267409471,0.10857142857142857
2451,0.3413649025069638,0.10852713178294573
2452,0.3415041782729805,0.10848287112561175
2453,0.3416434540389972,0.10843864655523848
2454,0.34178272980501395,0.10839445802770986
2455,0.34192200557103064,0.10835030549898167
2456,0.34206128133704733,0.10830618892508144
2457,0.3422005571030641,0.10826210826210826
2458,0.34233983286908076,0.10862489829129374
2459,0.3424791086350975,0.10858072387149248
2460,0.3426183844011142,0.10853658536585366
2461,0.34275766016713094,0.10849248273059732
2462,0.34289693593314763,0.10844841592201462
2463,0.3430362116991644,0.10840438489646773
2464,0.34317548746518106,0.10836038961038962
2465,0.34331476323119775,0.10872210953346856
2466,0.3434540389972145,0.10867802108678021
2467,0.3435933147632312,0.10863396838265099
2468,0.34373259052924793,0.1085899513776337
2469,0.3438718662952646,0.10895099230457675
2470,0.34401114206128136,0.10890688259109312
2471,0.34415041782729805,0.10886280857952246
2472,0.34428969359331474,0.10881877022653721
2473,0.3444289693593315,0.1087747674888799
2474,0.34456824512534817,0.10873080032336298
2475,0.3447075208913649,0.10868686868686869
2476,0.3448467966573816,0.10864297253634896
2477,0.34498607242339835,0.10859911182882519
2478,0.34512534818941504,0.10855528652138821
2479,0.3452646239554318,0.10851149657119806
2480,0.34540389972144847,0.10846774193548388
2481,0.34554317548746516,0.10842402257154374
2482,0.3456824512534819,0.10838033843674456
2483,0.3458217270194986,0.10833668948852195
2484,0.34596100278551534,0.10829307568438003
2485,0.346100278551532,0.10824949698189135
2486,0.34623955431754877,0.1082059533386967
2487,0.34637883008356546,0.10816244471250502
2488,0.34651810584958215,0.10811897106109325
2489,0.3466573816155989,0.10807553234230614
2490,0.3467966573816156,0.10803212851405622
2491,0.3469359331476323,0.10798875953432356
2492,0.347075208913649,0.1079454253611557
2493,0.34721448467966576,0.10790212595266747
2494,0.34735376044568245,0.1078588612670409
2495,0.3474930362116992,0.10781563126252505
2496,0.3476323119777159,0.1077724358974359
2497,0.34777158774373257,0.10772927513015619
2498,0.3479108635097493,0.1076861489191353
2499,0.348050139275766,0.10764305722288915
2500,0.34818941504178275,0.1076
2501,0.34832869080779943,0.10755697720911635
2502,0.3484679665738162,0.10751398880895284
2503,0.34860724233983287,0.10747103475829005
2504,0.34874651810584956,0.10742811501597443
2505,0.3488857938718663,0.10738522954091817
2506,0.349025069637883,0.10734237829209896
2507,0.34916434540389973,0.10769844435580375
2508,0.3493036211699164,0.1076555023923445
2509,0.34944289693593317,0.10761259465922679
2510,0.34958217270194986,0.10756972111553785
2511,0.3497214484679666,0.10752688172043011
2512,0.3498607242339833,0.10748407643312102
2513,0.35,0.10744130521289295
2514,0.3501392757660167,0.10739856801909307
2515,0.3502785515320334,0.1073558648111332
2516,0.35041782729805016,0.10731319554848967
2517,0.35055710306406684,0.10727056019070322
2518,0.3506963788300836,0.10722795869737888
2519,0.3508356545961003,0.10718539102818579
2520,0.35097493036211697,0.10714285714285714
2521,0.3511142061281337,0.1074970249900833
2522,0.3512534818941504,0.10745440126883427
2523,0.35139275766016714,0.10741181133571145
2524,0.35153203342618383,0.10736925515055468
2525,0.3516713091922006,0.10732673267326732
2526,0.35181058495821727,0.10728424386381631
2527,0.351949860724234,0.1072417886822319
2528,0.3520891364902507,0.1071993670886076
2529,0.3522284122562674,0.10715697904310004
2530,0.35236768802228413,0.10711462450592886
2531,0.3525069637883008,0.10707230343737653
2532,0.35264623955431756,0.10703001579778831
2533,0.35278551532033425,0.10698776154757204
2534,0.352924791086351,0.1069455406471981
2535,0.3530640668523677,0.10690335305719921
2536,0.3532033426183844,0.10686119873817035
2537,0.3533426183844011,0.10721324398896334
2538,0.3534818941504178,0.10717100078802207
2539,0.35362116991643455,0.10712879086254432
2540,0.35376044568245124,0.10708661417322834
2541,0.353899721448468,0.10704447068083432
2542,0.3540389972144847,0.10700236034618411
2543,0.3541782729805014,0.10696028313016123
2544,0.3543175487465181,0.1069182389937107
2545,0.3544568245125348,0.1068762278978389
2546,0.35459610027855154,0.10683424980361352
2547,0.35473537604456823,0.10679230467216333
2548,0.354874651810585,0.10675039246467818
2549,0.35501392757660166,0.10670851314240878
2550,0.3551532033426184,0.10666666666666667
2551,0.3552924791086351,0.10662485299882399
2552,0.3554317548746518,0.10658307210031348
2553,0.35557103064066853,0.10654132393262829
2554,0.3557103064066852,0.10649960845732184
2555,0.35584958217270196,0.10645792563600782
2556,0.35598885793871865,0.10641627543035993
2557,0.3561281337047354,0.10637465780211185
2558,0.3562674094707521,0.10633307271305707
2559,0.3564066852367688,0.10629152012504885
2560,0.3565459610027855,0.10625
2561,0.3566852367688022,0.10620851229988286
2562,0.35682451253481895,0.10616705698672912
2563,0.35696378830083564,0.10612563402262973
2564,0.3571030640668524,0.1060842433697348
2565,0.35724233983286907,0.1064327485380117
2566,0.3573816155988858,0.1063912704598597
2567,0.3575208913649025,0.10634982469809116
2568,0.3576601671309192,0.10630841121495327
2569,0.35779944289693594,0.10626702997275204
2570,0.3579387186629526,0.10622568093385214
2571,0.35807799442896937,0.10618436406067679
2572,0.35821727019498606,0.10614307931570761
2573,0.3583565459610028,0.10610182666148466
2574,0.3584958217270195,0.10606060606060606
2575,0.35863509749303624,0.10601941747572816
2576,0.3587743732590529,0.10597826086956522
2577,0.3589136490250696,0.10632518432285604
2578,0.35905292479108636,0.10628394103956555
2579,0.35919220055710305,0.10624272974020939
2580,0.3593314763231198,0.1065891472868217
2581,0.3594707520891365,0.10654784967067028
2582,0.3596100278551532,0.10650658404337723
2583,0.3597493036211699,0.1064653503677894
2584,0.3598885793871866,0.10642414860681114
2585,0.36002785515320335,0.10638297872340426
2586,0.36016713091922004,0.10634184068058777
2587,0.3603064066852368,0.10630073444143796
2588,0.36044568245125347,0.1062596599690881
2589,0.3605849582172702,0.10621861722672847
2590,0.3607242339832869,0.10617760617760617
2591,0.36086350974930365,0.10613662678502508
2592,0.36100278551532033,0.10609567901234568
2593,0.361142061281337,0.10605476282298495
2594,0.36128133704735377,0.10601387818041634
2595,0.36142061281337046,0.10597302504816955
2596,0.3615598885793872,0.1059322033898305
2597,0.3616991643454039,0.1058914131690412
2598,0.36183844011142063,0.10585065434949961
2599,0.3619777158774373,0.1058099268949596
2600,0.362116991643454,0.10576923076923077
2601,0.36225626740947076,0.1057285659361784
2602,0.36239554317548744,0.10568793235972329
2603,0.3625348189415042,0.10564733000384172
2604,0.3626740947075209,0.10560675883256529
2605,0.3628133704735376,0.10556621880998081
2606,0.3629526462395543,0.10590943975441289
2607,0.36309192200557106,0.10586881472957423
2608,0.36323119777158774,0.1058282208588957
2609,0.36337047353760443,0.10578765810655423
2610,0.3635097493036212,0.10613026819923371
2611,0.36364902506963787,0.10608962083492915
2612,0.3637883008356546,0.1060490045941807
2613,0.3639275766016713,0.10600841944125526
2614,0.36406685236768804,0.10596786534047437
2615,0.36420612813370473,0.10592734225621415
2616,0.3643454038997215,0.1058868501529052
2617,0.36448467966573816,0.10584638899503249
2618,0.36462395543175485,0.10580595874713522
2619,0.3647632311977716,0.1057655593738068
2620,0.3649025069637883,0.10572519083969466
2621,0.36504178272980503,0.1056848531095002
2622,0.3651810584958217,0.10564454614797865
2623,0.36532033426183846,0.105604269919939
2624,0.36545961002785515,0.1055640243902439
2625,0.36559888579387184,0.10552380952380952
2626,0.3657381615598886,0.10548362528560548
2627,0.3658774373259053,0.10544347164065473
2628,0.366016713091922,0.10540334855403348
2629,0.3661559888579387,0.10536325599087105
2630,0.36629526462395545,0.10532319391634981
2631,0.36643454038997214,0.10528316229570506
2632,0.3665738161559889,0.10524316109422492
2633,0.3667130919220056,0.10520319027725028
2634,0.36685236768802226,0.10516324981017464
2635,0.366991643454039,0.10512333965844402
2636,0.3671309192200557,0.1050834597875569
2637,0.36727019498607244,0.10504361016306409
2638,0.36740947075208913,0.10538286580742987
2639,0.3675487465181059,0.10534293292913982
2640,0.36768802228412256,0.1053030303030303
2641,0.36782729805013925,0.10564180234759561
2642,0.367966573816156,0.10560181680545042
2643,0.3681058495821727,0.10556186152099886
2644,0.36824512534818943,0.10552193645990923
2645,0.3683844011142061,0.1054820415879017
2646,0.36852367688022286,0.1054421768707483
2647,0.36866295264623955,0.10540234227427277
2648,0.3688022284122563,0.10536253776435045
2649,0.368941504178273,0.10532276330690826
2650,0.36908077994428967,0.10528301886792453
2651,0.3692200557103064,0.1052433044134289
2652,0.3693593314763231,0.10520361990950226
2653,0.36949860724233985,0.10516396532227666
2654,0.36963788300835654,0.10512434061793519
2655,0.3697771587743733,0.10508474576271186
2656,0.36991643454038997,0.10504518072289157
2657,0.37005571030640666,0.10500564546480994
2658,0.3701949860724234,0.1053423626787058
2659,0.3703342618384401,0.10567882662655133
2660,0.37047353760445684,0.10563909774436091
2661,0.3706128133704735,0.10559939872228485
2662,0.37075208913649027,0.10555972952667167
2663,0.37089136490250696,0.10552009012392038
2664,0.3710306406685237,0.10585585585585586
2665,0.3711699164345404,0.10581613508442776
2666,0.3713091922005571,0.10577644411102775
2667,0.3714484679665738,0.10573678290213723
2668,0.3715877437325905,0.10569715142428786
2669,0.37172701949860726,0.10565754964406145
2670,0.37186629526462395,0.10561797752808989
2671,0.3720055710306407,0.10557843504305503
2672,0.3721448467966574,0.10553892215568862
2673,0.37228412256267407,0.10549943883277217
2674,0.3724233983286908,0.10545998504113688
2675,0.3725626740947075,0.10542056074766355
2676,0.37270194986072425,0.10538116591928251
2677,0.37284122562674094,0.10534180052297348
2678,0.3729805013927577,0.1053024645257655
2679,0.37311977715877437,0.10526315789473684
2680,0.3732590529247911,0.10522388059701493
2681,0.3733983286908078,0.1051846325997762
2682,0.3735376044568245,0.10514541387024609
2683,0.37367688022284123,0.10510622437569885
2684,0.3738161559888579,0.10506706408345752
2685,0.37395543175487467,0.10502793296089385
2686,0.37409470752089136,0.10498883097542815
2687,0.3742339832869081,0.10494975809452921
2688,0.3743732590529248,0.10491071428571429
2689,0.3745125348189415,0.1048716995165489
2690,0.3746518105849582,0.10483271375464684
2691,0.3747910863509749,0.10479375696767002
2692,0.37493036211699166,0.10475482912332838
2693,0.37506963788300834,0.10471593018937987
2694,0.3752089136490251,0.10467706013363029
2695,0.3753481894150418,0.10463821892393321
2696,0.3754874651810585,0.10459940652818991
2697,0.3756267409470752,0.10456062291434928
2698,0.3757660167130919,0.10452186805040771
2699,0.37590529247910864,0.10448314190440904
2700,0.37604456824512533,0.10444444444444445
2701,0.3761838440111421,0.10440577563865235
2702,0.37632311977715877,0.10436713545521836
2703,0.3764623955431755,0.10432852386237514
2704,0.3766016713091922,0.10428994082840237
2705,0.3767409470752089,0.10425138632162662
2706,0.37688022284122563,0.10421286031042129
2707,0.3770194986072423,0.1041743627632065
2708,0.37715877437325906,0.10413589364844904
2709,0.37729805013927575,0.10409745293466224
2710,0.3774373259052925,0.10405904059040591
2711,0.3775766016713092,0.10402065658428625
2712,0.37771587743732593,0.10398230088495575
2713,0.3778551532033426,0.10394397346111316
2714,0.3779944289693593,0.10390567428150331
2715,0.37813370473537605,0.10386740331491713
2716,0.37827298050139274,0.10382916053019146
2717,0.3784122562674095,0.10379094589620906
2718,0.3785515320334262,0.10412067696835908
2719,0.3786908077994429,0.10408238322912836
2720,0.3788300835654596,0.10404411764705883
2721,0.3789693593314763,0.10400588019110621
2722,0.37910863509749304,0.10396767083027186
2723,0.37924791086350973,0.10392948953360265
2724,0.3793871866295265,0.1038913362701909
2725,0.37952646239554316,0.10385321100917431
2726,0.3796657381615599,0.10381511371973588
2727,0.3798050139275766,0.10377704437110377
2728,0.37994428969359334,0.10373900293255132
2729,0.38008356545961003,0.10370098937339685
2730,0.3802228412256267,0.10366300366300367
2731,0.38036211699164346,0.10362504577077994
2732,0.38050139275766015,0.10358711566617862
2733,0.3806406685236769,0.1035492133186974
2734,0.3807799442896936,0.10351133869787857
2735,0.38091922005571033,0.10347349177330896
2736,0.381058495821727,0.10343567251461988
2737,0.3811977715877437,0.10339788089148703
2738,0.38133704735376045,0.10336011687363039
2739,0.38147632311977714,0.10332238043081417
2740,0.3816155988857939,0.10364963503649635
2741,0.38175487465181057,0.10361182050346589
2742,0.3818941504178273,0.10357403355215171
2743,0.382033426183844,0.10353627415238789
2744,0.38217270194986075,0.10349854227405247
2745,0.38231197771587744,0.10346083788706739
2746,0.3824512534818941,0.10342316096139839
2747,0.38259052924791087,0.10338551146705496
2748,0.38272980501392756,0.10334788937409024
2749,0.3828690807799443,0.10331029465260094
2750,0.383008356545961,0.10363636363636364
2751,0.38314763231197774,0.10359869138495092
2752,0.3832869080779944,0.10356104651162791
2753,0.3834261838440111,0.10352342898656011
2754,0.38356545961002786,0.10348583877995643
2755,0.38370473537604455,0.10344827586206896
2756,0.3838440111420613,0.10341074020319303
2757,0.383983286908078,0.10337323177366703
2758,0.3841225626740947,0.10333575054387237
2759,0.3842618384401114,0.10329829648423342
2760,0.38440111420612816,0.10326086956521739
2761,0.38454038997214485,0.1032234697573343
2762,0.38467966573816154,0.10318609703113686
2763,0.3848189415041783,0.10314875135722042
2764,0.38495821727019497,0.10311143270622286
2765,0.3850974930362117,0.10307414104882459
2766,0.3852367688022284,0.10303687635574837
2767,0.38537604456824515,0.1029996385977593
2768,0.38551532033426184,0.10296242774566473
2769,0.3856545961002785,0.10292524377031419
2770,0.38579387186629527,0.10288808664259928
2771,0.38593314763231196,0.10285095633345363
2772,0.3860724233983287,0.10281385281385282
2773,0.3862116991643454,0.10277677605481428
2774,0.38635097493036213,0.10273972602739725
2775,0.3864902506963788,0.10270270270270271
2776,0.38662952646239557,0.1026657060518732
2777,0.38676880222841226,0.1026287360460929
2778,0.38690807799442894,0.10259179265658748
2779,0.3870473537604457,0.10255487585462396
2780,0.3871866295264624,0.10251798561151079
2781,0.3873259052924791,0.10248112189859762
2782,0.3874651810584958,0.10244428468727534
2783,0.38760445682451256,0.10240747394897592
2784,0.38774373259052924,0.10272988505747127
2785,0.387883008356546,0.10305206463195692
2786,0.3880222841225627,0.10301507537688442
2787,0.38816155988857937,0.10297811266594904
2788,0.3883008356545961,0.10294117647058823
2789,0.3884401114206128,0.10290426676228039
2790,0.38857938718662954,0.1028673835125448
2791,0.38871866295264623,0.10318882121103547
2792,0.388857938718663,0.10315186246418338
2793,0.38899721448467967,0.10311493018259936
2794,0.38913649025069635,0.10307802433786686
2795,0.3892757660167131,0.10304114490161002
2796,0.3894150417827298,0.10300429184549356
2797,0.38955431754874653,0.10296746514122274
2798,0.3896935933147632,0.10293066476054324
2799,0.38983286908077996,0.10289389067524116
2800,0.38997214484679665,0.10321428571428572
2801,0.3901114206128134,0.10317743662977508
2802,0.3902506963788301,0.10314061384725197
2803,0.3903899721448468,0.10310381733856583
2804,0.3905292479108635,0.10306704707560628
2805,0.3906685236768802,0.10303030303030303
2806,0.39080779944289695,0.1029935851746258
2807,0.39094707520891364,0.10331314570716067
2808,0.3910863509749304,0.10327635327635327
2809,0.3912256267409471,0.10359558561765753
2810,0.39136490250696376,0.10355871886120996
2811,0.3915041782729805,0.10352187833511206
2812,0.3916434540389972,0.1034850640113798
2813,0.39178272980501394,0.10344827586206896
2814,0.39192200557103063,0.10341151385927505
2815,0.3920612813370474,0.10337477797513321
2816,0.39220055710306406,0.10333806818181818
2817,0.3923398328690808,0.1033013844515442
2818,0.3924791086350975,0.10326472675656494
2819,0.3926183844011142,0.10322809506917346
2820,0.39275766016713093,0.10319148936170212
2821,0.3928969359331476,0.10315490960652252
2822,0.39303621169916436,0.10311835577604536
2823,0.39317548746518105,0.1030818278427205
2824,0.3933147632311978,0.10304532577903683
2825,0.3934540389972145,0.10300884955752213
2826,0.3935933147632312,0.1029723991507431
2827,0.3937325905292479,0.10293597453130528
2828,0.3938718662952646,0.1028995756718529
2829,0.39401114206128135,0.10286320254506894
2830,0.39415041782729804,0.10282685512367491
2831,0.3942896935933148,0.10314376545390322
2832,0.39442896935933147,0.10310734463276836
2833,0.3945682451253482,0.10307094952347334
2834,0.3947075208913649,0.10303458009880029
2835,0.3948467966573816,0.10299823633156967
2836,0.39498607242339834,0.10296191819464035
2837,0.395125348189415,0.10292562566090942
2838,0.39526462395543177,0.10288935870331219
2839,0.39540389972144846,0.10285311729482212
2840,0.3955431754874652,0.1028169014084507
2841,0.3956824512534819,0.10278071101724745
2842,0.3958217270194986,0.10274454609429978
2843,0.3959610027855153,0.10270840661273303
2844,0.396100278551532,0.10267229254571027
2845,0.39623955431754876,0.10263620386643234
2846,0.39637883008356545,0.10260014054813774
2847,0.3965181058495822,0.10256410256410256
2848,0.3966573816155989,0.10252808988764045
2849,0.3967966573816156,0.10249210249210249
2850,0.3969359331476323,0.10245614035087719
2851,0.397075208913649,0.10242020343739039
2852,0.39721448467966575,0.10238429172510519
2853,0.39735376044568244,0.1023484051875219
2854,0.3974930362116992,0.102312543798178
2855,0.39763231197771587,0.10227670753064799
2856,0.3977715877437326,0.10224089635854341
2857,0.3979108635097493,0.10220511025551278
2858,0.398050139275766,0.10216934919524143
2859,0.39818941504178273,0.10213361315145156
2860,0.3983286908077994,0.1020979020979021
2861,0.39846796657381617,0.10206221600838868
2862,0.39860724233983286,0.10202655485674354
2863,0.3987465181058496,0.10199091861683549
2864,0.3988857938718663,0.10195530726256984
2865,0.39902506963788303,0.10191972076788831
2866,0.3991643454038997,0.1022330774598744
2867,0.3993036211699164,0.10219741890477851
2868,0.39944289693593316,0.10216178521617852
2869,0.39958217270194984,0.1021261763680725
2870,0.3997214484679666,0.1024390243902439
2871,0.3998607242339833,0.10240334378265413
2872,0.4,0.10271587743732591
2873,0.4001392757660167,0.1026801253045597
2874,0.4002785515320334,0.10264439805149617
2875,0.40041782729805014,0.10260869565217391
2876,0.40055710306406683,0.10292072322670376
2877,0.4006963788300836,0.1032325338894682
2878,0.40083565459610027,0.10319666435024323
2879,0.400974930362117,0.1031608197290726
2880,0.4011142061281337,0.10347222222222222
2881,0.40125348189415044,0.1034363068379035
2882,0.40139275766016713,0.10340041637751561
2883,0.4015320334261838,0.10336455081512314
2884,0.40167130919220057,0.10332871012482663
2885,0.40181058495821725,0.10329289428076256
2886,0.401949860724234,0.10325710325710326
2887,0.4020891364902507,0.1032213370280568
2888,0.40222841225626743,0.10353185595567867
2889,0.4023676880222841,0.10349601938386985
2890,0.4025069637883008,0.10346020761245675
2891,0.40264623955431755,0.10342442061570391
2892,0.40278551532033424,0.10338865836791147
2893,0.402924791086351,0.10335292084341514
2894,0.4030640668523677,0.10331720801658605
2895,0.4032033426183844,0.10328151986183075
2896,0.4033426183844011,0.10324585635359115
2897,0.40348189415041785,0.1032102174663445
2898,0.40362116991643454,0.10317460317460317
2899,0.40376044568245123,0.1031390134529148
2900,0.403899721448468,0.10310344827586207
2901,0.40403899721448466,0.10306790761806274
2902,0.4041782729805014,0.10303239145416954
2903,0.4043175487465181,0.10299689975887014
2904,0.40445682451253484,0.10296143250688705
2905,0.40459610027855153,0.10292598967297763
2906,0.4047353760445682,0.10289057123193393
2907,0.40487465181058496,0.10285517715858274
2908,0.40501392757660165,0.10281980742778542
2909,0.4051532033426184,0.10278446201443796
2910,0.4052924791086351,0.10274914089347079
2911,0.40543175487465183,0.10271384403984885
2912,0.4055710306406685,0.10267857142857142
2913,0.40571030640668526,0.10298661174047374
2914,0.40584958217270195,0.1029512697323267
2915,0.40598885793871864,0.10291595197255575
2916,0.4061281337047354,0.102880658436214
2917,0.40626740947075207,0.10284538909838875
2918,0.4064066852367688,0.10281014393420151
2919,0.4065459610027855,0.10277492291880781
2920,0.40668523676880225,0.10273972602739725
2921,0.40682451253481894,0.10270455323519342
2922,0.4069637883008356,0.1026694045174538
2923,0.40710306406685237,0.10263427984946973
2924,0.40724233983286906,0.10259917920656635
2925,0.4073816155988858,0.10256410256410256
2926,0.4075208913649025,0.10252904989747096
2927,0.40766016713091924,0.10249402118209772
2928,0.4077994428969359,0.10245901639344263
2929,0.40793871866295267,0.10242403550699898
2930,0.40807799442896936,0.10238907849829351
2931,0.40821727019498605,0.1023541453428864
2932,0.4083565459610028,0.10231923601637108
2933,0.4084958217270195,0.10228435049437436
2934,0.4086350974930362,0.10224948875255624
2935,0.4087743732590529,0.10221465076660988
2936,0.40891364902506966,0.10217983651226158
2937,0.40905292479108635,0.10214504596527069
2938,0.4091922005571031,0.10211027910142954
2939,0.4093314763231198,0.10207553589656346
2940,0.40947075208913647,0.10204081632653061
2941,0.4096100278551532,0.10200612036722204
2942,0.4097493036211699,0.10197144799456152
2943,0.40988857938718665,0.1019367991845056
2944,0.41002785515320334,0.10190217391304347
2945,0.4101671309192201,0.10186757215619695
2946,0.41030640668523677,0.10183299389002037
2947,0.41044568245125346,0.10179843909060061
2948,0.4105849582172702,0.10176390773405698
2949,0.4107242339832869,0.1017293997965412
2950,0.41086350974930363,0.1016949152542373
2951,0.4110027855153203,0.10166045408336158
2952,0.41114206128133707,0.1016260162601626
2953,0.41128133704735376,0.1015916017609211
2954,0.4114206128133705,0.1015572105619499
2955,0.4115598885793872,0.10152284263959391
2956,0.4116991643454039,0.10148849797023005
2957,0.4118384401114206,0.10145417653026716
2958,0.4119777158774373,0.10141987829614604
2959,0.41211699164345406,0.1013856032443393
2960,0.41225626740947074,0.10135135135135136
2961,0.4123955431754875,0.1016548463356974
2962,0.4125348189415042,0.10162052667116812
2963,0.41267409470752087,0.10158623017212284
2964,0.4128133704735376,0.10155195681511471
2965,0.4129526462395543,0.1015177065767285
2966,0.41309192200557104,0.10148347943358058
2967,0.41323119777158773,0.10144927536231885
2968,0.4133704735376045,0.10141509433962265
2969,0.41350974930362117,0.10138093634220276
2970,0.4136490250696379,0.10134680134680135
2971,0.4137883008356546,0.10131268933019186
2972,0.4139275766016713,0.10127860026917901
2973,0.41406685236768803,0.10124453414059872
2974,0.4142061281337047,0.10121049092131809
2975,0.41434540389972147,0.1011764705882353
2976,0.41448467966573815,0.10114247311827956
2977,0.4146239554317549,0.10110849848841115
2978,0.4147632311977716,0.10107454667562123
2979,0.4149025069637883,0.10104061765693186
2980,0.415041782729805,0.10100671140939597
2981,0.4151810584958217,0.10097282791009728
2982,0.41532033426183845,0.10127431254191818
2983,0.41545961002785514,0.10157559503855179
2984,0.4155988857938719,0.10154155495978552
2985,0.4157381615598886,0.10150753768844221
2986,0.4158774373259053,0.10147354320160751
2987,0.416016713091922,0.10143957147639772
2988,0.4161559888579387,0.10174029451137885
2989,0.41629526462395544,0.101706256273001
2990,0.41643454038997213,0.10167224080267559
2991,0.4165738161559889,0.10163824807756604
2992,0.41671309192200556,0.10160427807486631
2993,0.4168523676880223,0.10157033077180087
2994,0.416991643454039,0.10153640614562458
2995,0.4171309192200557,0.1015025041736227
2996,0.41727019498607243,0.10146862483311081
2997,0.4174094707520891,0.10143476810143477
2998,0.41754874651810586,0.10140093395597065
2999,0.41768802228412255,0.10136712237412471
3000,0.4178272980501393,0.10133333333333333
3001,0.417966573816156,0.10129956681106297
3002,0.41810584958217273,0.10126582278481013
3003,0.4182451253481894,0.10123210123210123
3004,0.4183844011142061,0.10119840213049268
3005,0.41852367688022285,0.10116472545757071
3006,0.41866295264623954,0.10113107119095142
3007,0.4188022284122563,0.10109743930828068
3008,0.41894150417827297,0.10106382978723404
3009,0.4190807799442897,0.10103024260551678
3010,0.4192200557103064,0.1009966777408638
3011,0.4193593314763231,0.10129525074726005
3012,0.41949860724233984,0.10159362549800798
3013,0.4196378830083565,0.10155990706936609
3014,0.41977715877437327,0.10152621101526212
3015,0.41991643454038996,0.10149253731343283
3016,0.4200557103064067,0.10145888594164457
3017,0.4201949860724234,0.10142525687769308
3018,0.42033426183844014,0.10139165009940358
3019,0.4204735376044568,0.10135806558463067
3020,0.4206128133704735,0.10132450331125828
3021,0.42075208913649026,0.1012909632571996
3022,0.42089136490250695,0.10125744540039709
3023,0.4210306406685237,0.10122394971882236
3024,0.4211699164345404,0.10119047619047619
3025,0.4213091922005571,0.10115702479338844
3026,0.4214484679665738,0.10112359550561797
3027,0.4215877437325905,0.10109018830525272
3028,0.42172701949860725,0.1010568031704095
3029,0.42186629526462394,0.10102344007923407
3030,0.4220055710306407,0.100990099009901
3031,0.42214484679665737,0.10095677994061365
3032,0.4222841225626741,0.10092348284960422
3033,0.4224233983286908,0.10089020771513353
3034,0.42256267409470755,0.1008569545154911
3035,0.42270194986072424,0.10082372322899506
3036,0.4228412256267409,0.10111989459815547
3037,0.42298050139275767,0.10108659861705631
3038,0.42311977715877436,0.10105332455562871
3039,0.4232590529247911,0.10102007239223429
3040,0.4233983286908078,0.10098684210526315
3041,0.42353760445682453,0.10095363367313384
3042,0.4236768802228412,0.10092044707429323
3043,0.4238161559888579,0.10088728228721656
3044,0.42395543175487466,0.10085413929040736
3045,0.42409470752089135,0.10082101806239738
3046,0.4242339832869081,0.10078791858174656
3047,0.4243732590529248,0.10075484082704299
3048,0.4245125348189415,0.10072178477690288
3049,0.4246518105849582,0.10068875040997048
3050,0.42479108635097496,0.10065573770491804
3051,0.42493036211699164,0.10062274664044575
3052,0.42506963788300833,0.10058977719528178
3053,0.4252089136490251,0.10055682934818212
3054,0.42534818941504177,0.10052390307793058
3055,0.4254874651810585,0.10049099836333879
3056,0.4256267409470752,0.10045811518324607
3057,0.42576601671309194,0.10042525351651946
3058,0.42590529247910863,0.10039241334205364
3059,0.4260445682451253,0.10035959463877084
3060,0.42618384401114207,0.10032679738562092
3061,0.42632311977715875,0.10062071218556028
3062,0.4264623955431755,0.10058785107772697
3063,0.4266016713091922,0.10055501142670584
3064,0.42674094707520893,0.10052219321148825
3065,0.4268802228412256,0.10048939641109299
3066,0.42701949860724236,0.1004566210045662
3067,0.42715877437325905,0.10042386697098142
3068,0.42729805013927574,0.10039113428943937
3069,0.4274373259052925,0.1003584229390681
3070,0.4275766016713092,0.1003257328990228
3071,0.4277158774373259,0.10029306414848584
3072,0.4278551532033426,0.10026041666666667
3073,0.42799442896935935,0.10022779043280182
3074,0.42813370473537604,0.10019518542615485
3075,0.42827298050139273,0.10016260162601626
3076,0.4284122562674095,0.10013003901170352
3077,0.42855153203342616,0.10009749756256094
3078,0.4286908077994429,0.10006497725795971
3079,0.4288300835654596,0.10003247807729783
3080,0.42896935933147634,0.1
3081,0.42910863509749303,0.09996754300551769
3082,0.4292479108635098,0.099935107073329
3083,0.42938718662952646,0.0999026921829387
3084,0.42952646239554315,0.09987029831387809
3085,0.4296657381615599,0.09983792544570502
3086,0.4298050139275766,0.09980557355800389
3087,0.42994428969359333,0.09977324263038549
3088,0.43008356545961,0.09974093264248704
3089,0.43022284122562676,0.09970864357397216
3090,0.43036211699164345,0.09967637540453074
3091,0.43050139275766014,0.099644128113879
3092,0.4306406685236769,0.09961190168175937
3093,0.4307799442896936,0.09957969608794051
3094,0.4309192200557103,0.09954751131221719
3095,0.431058495821727,0.0998384491114701
3096,0.43119777158774375,0.0998062015503876
3097,0.43133704735376044,0.09977397481433646
3098,0.4314763231197772,0.09974176888315042
3099,0.43161559888579387,0.09970958373668926
3100,0.43175487465181056,0.0996774193548387
3101,0.4318941504178273,0.09964527571751049
3102,0.432033426183844,0.09961315280464217
3103,0.43217270194986074,0.09958105059619723
3104,0.4323119777158774,0.09954896907216494
3105,0.43245125348189417,0.0998389694041868
3106,0.43259052924791086,0.10012878300064391
3107,0.4327298050139276,0.10009655616350177
3108,0.4328690807799443,0.10006435006435006
3109,0.433008356545961,0.10003216468317787
3110,0.4331476323119777,0.1
3111,0.4332869080779944,0.09996785599485696
3112,0.43342618384401116,0.09993573264781491
3113,0.43356545961002785,0.09990362993896562
3114,0.4337047353760446,0.09987154784842646
3115,0.4338440111420613,0.0998394863563403
3116,0.43398328690807797,0.10012836970474968
3117,0.4341225626740947,0.10009624639076034
3118,0.4342618384401114,0.10038486209108403
3119,0.43440111420612815,0.10035267714010901
3120,0.43454038997214484,0.10032051282051282
3121,0.4346796657381616,0.10028836911246396
3122,0.43481894150417827,0.1005765534913517
3123,0.434958217270195,0.1005443483829651
3124,0.4350974930362117,0.10051216389244558
3125,0.4352367688022284,0.10048
3126,0.43537604456824514,0.10044785668586052
3127,0.4355153203342618,0.10041573393028462
3128,0.43565459610027857,0.100383631713555
3129,0.43579387186629526,0.10035155001597955
3130,0.435933147632312,0.10031948881789138
3131,0.4360724233983287,0.10028744809964868
3132,0.4362116991643454,0.10025542784163474
3133,0.4363509749303621,0.1005426109160549
3134,0.4364902506963788,0.10051052967453733
3135,0.43662952646239556,0.10047846889952153
3136,0.43676880222841225,0.10044642857142858
3137,0.436908077994429,0.10073318457124641
3138,0.4370473537604457,0.10101975780752072
3139,0.4371866295264624,0.10098757566103855
3140,0.4373259052924791,0.10095541401273886
3141,0.4374651810584958,0.10092327284304362
3142,0.43760445682451254,0.10089115213239974
3143,0.43774373259052923,0.10085905186127904
3144,0.437883008356546,0.10082697201017812
3145,0.43802228412256267,0.10079491255961844
3146,0.4381615598885794,0.10076287349014622
3147,0.4383008356545961,0.10073085478233237
3148,0.4384401114206128,0.10069885641677255
3149,0.43857938718662953,0.10066687837408701
3150,0.4387186629526462,0.10063492063492063
3151,0.43885793871866297,0.10060298317994287
3152,0.43899721448467965,0.10057106598984772
3153,0.4391364902506964,0.10053916904535364
3154,0.4392757660167131,0.10050729232720355
3155,0.43941504178272983,0.10047543581616482
3156,0.4395543175487465,0.10044359949302915
3157,0.4396935933147632,0.1004117833386126
3158,0.43983286908077995,0.10037998733375554
3159,0.43997214484679664,0.10034821145932257
3160,0.4401114206128134,0.10031645569620253
3161,0.4402506963788301,0.10028472002530844
3162,0.4403899721448468,0.10025300442757748
3163,0.4405292479108635,0.10022130888397092
3164,0.4406685236768802,0.10018963337547408
3165,0.44080779944289694,0.10015797788309637
3166,0.44094707520891363,0.10012634238787113
3167,0.4410863509749304,0.1000947268708557
3168,0.44122562674094706,0.10006313131313131
3169,0.4413649025069638,0.10003155569580309
3170,0.4415041782729805,0.1
3171,0.44164345403899724,0.0999684642068748
3172,0.44178272980501393,0.09993694829760404
3173,0.4419220055710306,0.09990545225338796
3174,0.44206128133704736,0.09987397605545054
3175,0.44220055710306405,0.09984251968503936
3176,0.4423398328690808,0.0998110831234257
3177,0.4424791086350975,0.09977966635190431
3178,0.44261838440111423,0.09974826935179358
3179,0.4427576601671309,0.09971689210443535
3180,0.4428969359331476,0.09968553459119497
3181,0.44303621169916435,0.09965419679346117
3182,0.44317548746518104,0.09962287869264613
3183,0.4433147632311978,0.09959158027018536
3184,0.4434540389972145,0.09956030150753768
3185,0.4435933147632312,0.09952904238618525
3186,0.4437325905292479,0.0994978028876334
3187,0.44387186629526465,0.09946658299341073
3188,0.44401114206128134,0.099435382685069
3189,0.444150417827298,0.09940420194418313
3190,0.44428969359331477,0.0993730407523511
3191,0.44442896935933146,0.09934189909119398
3192,0.4445682451253482,0.09931077694235589
3193,0.4447075208913649,0.09927967428750391
3194,0.44484679665738164,0.09924859110832812
3195,0.4449860724233983,0.09921752738654147
3196,0.445125348189415,0.09918648310387986
3197,0.44526462395543176,0.0994682514857679
3198,0.44540389972144845,0.09943714821763602
3199,0.4455431754874652,0.09940606439512348
3200,0.4456824512534819,0.099375
3201,0.4458217270194986,0.09934395501405811
3202,0.4459610027855153,0.09931292941911306
3203,0.44610027855153206,0.09928192319700281
3204,0.44623955431754875,0.09925093632958802
3205,0.44637883008356544,0.09921996879875195
3206,0.4465181058495822,0.0991890205864005
3207,0.44665738161559887,0.09915809167446211
3208,0.4467966573816156,0.09912718204488778
3209,0.4469359331476323,0.09909629167965098
3210,0.44707520891364905,0.09906542056074766
3211,0.44721448467966574,0.09903456867019621
3212,0.4473537604456824,0.09900373599003735
3213,0.44749303621169917,0.09897292250233426
3214,0.44763231197771586,0.09894212818917238
3215,0.4477715877437326,0.09891135303265941
3216,0.4479108635097493,0.09888059701492537
3217,0.44805013927576604,0.09884986011812247
3218,0.4481894150417827,0.09881914232442511
3219,0.44832869080779947,0.09878844361602983
3220,0.44846796657381616,0.09875776397515527
3221,0.44860724233983285,0.09872710338404223
3222,0.4487465181058496,0.09869646182495345
3223,0.4488857938718663,0.09866583928017375
3224,0.449025069637883,0.09863523573200993
3225,0.4491643454038997,0.0986046511627907
3226,0.44930362116991646,0.09857408555486671
3227,0.44944289693593314,0.09854353889061047
3228,0.44958217270194983,0.09851301115241635
3229,0.4497214484679666,0.09848250232270053
3230,0.44986072423398327,0.09845201238390093
3231,0.45,0.09842154131847725
3232,0.4501392757660167,0.0983910891089109
3233,0.45027855153203344,0.09836065573770492
3234,0.45041782729805013,0.09833024118738404
3235,0.4505571030640669,0.0982998454404946
3236,0.45069637883008357,0.09826946847960445
3237,0.45083565459610025,0.09823911028730306
3238,0.450974930362117,0.09820877084620136
3239,0.4511142061281337,0.09817845013893177
3240,0.45125348189415043,0.09814814814814815
3241,0.4513927576601671,0.09811786485652577
3242,0.45153203342618387,0.09808760024676126
3243,0.45167130919220055,0.09805735430157261
3244,0.45181058495821724,0.09802712700369914
3245,0.451949860724234,0.09799691833590139
3246,0.4520891364902507,0.09796672828096119
3247,0.4522284122562674,0.09793655682168155
3248,0.4523676880222841,0.09821428571428571
3249,0.45250696378830085,0.09849184364419822
3250,0.45264623955431754,0.09846153846153846
3251,0.4527855153203343,0.09843125192248539
3252,0.452924791086351,0.0984009840098401
3253,0.45306406685236766,0.09867814325238242
3254,0.4532033426183844,0.0986478180700676
3255,0.4533426183844011,0.09861751152073733
3256,0.45348189415041784,0.09858722358722359
3257,0.45362116991643453,0.0985569542523795
3258,0.4537604456824513,0.09852670349907919
3259,0.45389972144846796,0.09849647131021785
3260,0.45403899721448465,0.09846625766871166
3261,0.4541782729805014,0.0984360625574977
3262,0.4543175487465181,0.09840588595953403
3263,0.45445682451253483,0.09837572785779958
3264,0.4545961002785515,0.09834558823529412
3265,0.45473537604456826,0.09831546707503828
3266,0.45487465181058495,0.09859154929577464
3267,0.4550139275766017,0.09856137128864402
3268,0.4551532033426184,0.09853121175030599
3269,0.4552924791086351,0.09850107066381156
3270,0.4554317548746518,0.09847094801223241
3271,0.4555710306406685,0.09844084377866096
3272,0.45571030640668525,0.09841075794621026
3273,0.45584958217270194,0.09838069049801405
3274,0.4559888579387187,0.09835064141722663
3275,0.4561281337047354,0.0983206106870229
3276,0.4562674094707521,0.09829059829059829
3277,0.4564066852367688,0.09856576136710406
3278,0.4565459610027855,0.09853569249542404
3279,0.45668523676880224,0.09850564196401342
3280,0.4568245125348189,0.09847560975609757
3281,0.45696378830083567,0.0987503809814081
3282,0.45710306406685236,0.09872029250457039
3283,0.4572423398328691,0.09869022235759975
3284,0.4573816155988858,0.09866017052375152
3285,0.4575208913649025,0.09863013698630137
3286,0.4576601671309192,0.09860012172854535
3287,0.4577994428969359,0.09857012473379982
3288,0.45793871866295266,0.09854014598540146
3289,0.45807799442896935,0.0985101854667072
3290,0.4582172701949861,0.09848024316109423
3291,0.4583565459610028,0.09845031905195989
3292,0.4584958217270195,0.09842041312272175
3293,0.4586350974930362,0.09839052535681748
3294,0.4587743732590529,0.09836065573770492
3295,0.45891364902506965,0.09833080424886191
3296,0.45905292479108634,0.0983009708737864
3297,0.4591922005571031,0.09827115559599636
3298,0.45933147632311977,0.09824135839902971
3299,0.4594707520891365,0.09821157926644437
3300,0.4596100278551532,0.09818181818181818
3301,0.4597493036211699,0.09815207512874886
3302,0.45988857938718664,0.09812235009085403
3303,0.4600278551532033,0.09809264305177112
3304,0.46016713091922007,0.09806295399515738
3305,0.46030640668523676,0.09833585476550681
3306,0.4604456824512535,0.09830611010284332
3307,0.4605849582172702,0.09827638342908981
3308,0.46072423398328693,0.09824667472793229
3309,0.4608635097493036,0.09821698398307646
3310,0.4610027855153203,0.09818731117824774
3311,0.46114206128133706,0.09815765629719118
3312,0.46128133704735375,0.0981280193236715
3313,0.4614206128133705,0.09809840024147298
3314,0.4615598885793872,0.09806879903439952
3315,0.4616991643454039,0.09803921568627451
3316,0.4618384401114206,0.09800965018094089
3317,0.4619777158774373,0.09798010250226108
3318,0.46211699164345404,0.09795057263411694
3319,0.46225626740947073,0.09822235613136487
3320,0.4623955431754875,0.09819277108433735
3321,0.46253481894150417,0.09816320385426076
3322,0.4626740947075209,0.09843467790487657
3323,0.4628133704735376,0.098405055672585
3324,0.46295264623955434,0.0983754512635379
3325,0.46309192200557103,0.09834586466165414
3326,0.4632311977715877,0.09831629585087191
3327,0.46337047353760447,0.09828674481514878
3328,0.46350974930362115,0.09825721153846154
3329,0.4636490250696379,0.09822769600480624
3330,0.4637883008356546,0.0981981981981982
3331,0.46392757660167133,0.09816871810267187
3332,0.464066852367688,0.09813925570228091
3333,0.4642061281337047,0.09810981098109811
3334,0.46434540389972145,0.09808038392321536
3335,0.46448467966573814,0.09805097451274362
3336,0.4646239554317549,0.09802158273381295
3337,0.4647632311977716,0.09799220857057236
3338,0.4649025069637883,0.09796285200718993
3339,0.465041782729805,0.09793351302785265
3340,0.46518105849582175,0.09790419161676647
3341,0.46532033426183844,0.09787488775815624
3342,0.46545961002785513,0.09784560143626571
3343,0.4655988857938719,0.09781633263535747
3344,0.46573816155988856,0.09778708133971292
3345,0.4658774373259053,0.09775784753363229
3346,0.466016713091922,0.09802749551703527
3347,0.46615598885793874,0.09799820734986556
3348,0.46629526462395543,0.0979689366786141
3349,0.4664345403899721,0.09793968348760825
3350,0.46657381615598886,0.09791044776119404
3351,0.46671309192200555,0.0978812294837362
3352,0.4668523676880223,0.09785202863961814
3353,0.466991643454039,0.09782284521324187
3354,0.46713091922005573,0.09779367918902802
3355,0.4672701949860724,0.0977645305514158
3356,0.46740947075208916,0.09773539928486293
3357,0.46754874651810585,0.0977062853738457
3358,0.46768802228412254,0.09767718880285885
3359,0.4678272980501393,0.0976481095564156
3360,0.467966573816156,0.09761904761904762
3361,0.4681058495821727,0.09759000297530497
3362,0.4682451253481894,0.0975609756097561
3363,0.46838440111420615,0.09753196550698781
3364,0.46852367688022284,0.09750297265160524
3365,0.46866295264623953,0.09777117384843982
3366,0.46880222841225627,0.09774212715389186
3367,0.46894150417827296,0.09771309771309772
3368,0.4690807799442897,0.09768408551068884
3369,0.4692200557103064,0.09765509053131494
3370,0.46935933147632314,0.09762611275964392
3371,0.4694986072423398,0.09759715218036191
3372,0.46963788300835657,0.0975682087781732
3373,0.46977715877437326,0.09753928253780018
3374,0.46991643454038995,0.0975103734439834
3375,0.4700557103064067,0.09748148148148149
3376,0.4701949860724234,0.09745260663507109
3377,0.4703342618384401,0.09742374888954694
3378,0.4704735376044568,0.09739490822972173
3379,0.47061281337047356,0.09736608464042616
3380,0.47075208913649025,0.09733727810650887
3381,0.47089136490250694,0.09730848861283643
3382,0.4710306406685237,0.09727971614429332
3383,0.47116991643454037,0.09725096068578185
3384,0.4713091922005571,0.09722222222222222
3385,0.4714484679665738,0.09719350073855244
3386,0.47158774373259055,0.09716479621972829
3387,0.47172701949860724,0.09713610865072335
3388,0.471866295264624,0.09710743801652892
3389,0.47200557103064067,0.09707878430215403
3390,0.47214484679665736,0.09705014749262537
3391,0.4722841225626741,0.09702152757298732
3392,0.4724233983286908,0.09699292452830188
3393,0.47256267409470754,0.09696433834364869
3394,0.4727019498607242,0.09693576900412493
3395,0.47284122562674097,0.09690721649484536
3396,0.47298050139275766,0.09717314487632508
3397,0.47311977715877435,0.09714453929938181
3398,0.4732590529247911,0.09711595055915244
3399,0.4733983286908078,0.0970873786407767
3400,0.4735376044568245,0.09705882352941177
3401,0.4736768802228412,0.09732431637753602
3402,0.47381615598885796,0.09729570840681952
3403,0.47395543175487465,0.09726711724948575
3404,0.4740947075208914,0.0972385428907168
3405,0.4742339832869081,0.09720998531571219
3406,0.47437325905292477,0.09718144450968878
3407,0.4745125348189415,0.09715292045788083
3408,0.4746518105849582,0.0971244131455399
3409,0.47479108635097494,0.09709592255793488
3410,0.47493036211699163,0.0970674486803519
3411,0.4750696378830084,0.0970389914980944
3412,0.47520891364902507,0.097010550996483
3413,0.47534818941504176,0.09698212716085555
3414,0.4754874651810585,0.09695371997656707
3415,0.4756267409470752,0.09692532942898975
3416,0.47576601671309193,0.09718969555035128
3417,0.4759052924791086,0.09716125256072579
3418,0.47604456824512537,0.09713282621416033
3419,0.47618384401114205,0.09710441649605148
3420,0.4763231197771588,0.09707602339181287
3421,0.4764623955431755,0.09704764688687519
3422,0.4766016713091922,0.09701928696668614
3423,0.4767409470752089,0.09699094361671048
3424,0.4768802228412256,0.0969626168224299
3425,0.47701949860724235,0.09693430656934307
3426,0.47715877437325904,0.09690601284296556
3427,0.4772980501392758,0.09687773562882988
3428,0.4774373259052925,0.09684947491248541
3429,0.4775766016713092,0.0968212306794984
3430,0.4777158774373259,0.09708454810495627
3431,0.4778551532033426,0.09705625182162635
3432,0.47799442896935934,0.09702797202797203
3433,0.47813370473537603,0.09729099912612875
3434,0.4782729805013928,0.0972626674432149
3435,0.47841225626740946,0.09723435225618632
3436,0.4785515320334262,0.09720605355064028
3437,0.4786908077994429,0.09717777131219087
3438,0.4788300835654596,0.09714950552646888
3439,0.47896935933147633,0.09712125617912183
3440,0.479108635097493,0.09709302325581395
3441,0.47924791086350976,0.0970648067422261
3442,0.47938718662952645,0.09732713538640325
3443,0.4795264623955432,0.09729886726691839
3444,0.4796657381615599,0.0972706155632985
3445,0.47980501392757663,0.09724238026124818
3446,0.4799442896935933,0.0975043528728961
3447,0.48008356545961,0.09747606614447346
3448,0.48022284122562675,0.09744779582366589
3449,0.48036211699164344,0.09741954189620179
3450,0.4805013927576602,0.09739130434782609
3451,0.4806406685236769,0.0973630831643002
3452,0.4807799442896936,0.09733487833140209
3453,0.4809192200557103,0.09730668983492616
3454,0.481058495821727,0.09727851766068327
3455,0.48119777158774374,0.09725036179450072
3456,0.4813370473537604,0.09722222222222222
3457,0.48147632311977717,0.09719409892970785
3458,0.48161559888579386,0.09716599190283401
3459,0.4817548746518106,0.09742700202370627
3460,0.4818941504178273,0.09739884393063585
3461,0.48203342618384404,0.09737070210921699
3462,0.4821727019498607,0.09734257654534952
3463,0.4823119777158774,0.09731446722494946
3464,0.48245125348189416,0.0972863741339492
3465,0.48259052924791085,0.09725829725829725
3466,0.4827298050139276,0.09751875360646278
3467,0.4828690807799443,0.09749062590135564
3468,0.483008356545961,0.09775086505190311
3469,0.4831476323119777,0.09801095416546556
3470,0.4832869080779944,0.09798270893371758
3471,0.48342618384401115,0.09795447997695189
3472,0.48356545961002784,0.097926267281106
3473,0.4837047353760446,0.0978980708321336
3474,0.48384401114206127,0.09786989061600461
3475,0.483983286908078,0.09784172661870504
3476,0.4841225626740947,0.09781357882623705
3477,0.48426183844011145,0.09778544722461892
3478,0.48440111420612814,0.0980448533640023
3479,0.4845403899721448,0.09801667145731532
3480,0.48467966573816157,0.09798850574712643
3481,0.48481894150417826,0.09796035621947716
3482,0.484958217270195,0.09793222286042505
3483,0.4850974930362117,0.09790410565604364
3484,0.48523676880222844,0.0978760045924225
3485,0.4853760445682451,0.09784791965566715
3486,0.4855153203342618,0.09781985083189902
3487,0.48565459610027856,0.09779179810725552
3488,0.48579387186629525,0.09776376146788991
3489,0.485933147632312,0.09773574089997134
3490,0.4860724233983287,0.09770773638968482
3491,0.4862116991643454,0.09796619879690634
3492,0.4863509749303621,0.0979381443298969
3493,0.48649025069637886,0.097910105926138
3494,0.48662952646239555,0.09788208357183743
3495,0.48676880222841223,0.09785407725321889
3496,0.486908077994429,0.09811212814645309
3497,0.48704735376044567,0.09808407206176722
3498,0.4871866295264624,0.09805603201829617
3499,0.4873259052924791,0.09802800800228637
3500,0.48746518105849584,0.098
3501,0.48760445682451253,0.09797200799771494
3502,0.4877437325905292,0.09794403198172473
3503,0.48788300835654597,0.09791607193833857
3504,0.48802228412256266,0.09788812785388128
3505,0.4881615598885794,0.0978601997146933
3506,0.4883008356545961,0.09783228750713063
3507,0.48844011142061283,0.09780439121756487
3508,0.4885793871866295,0.09777651083238312
3509,0.48871866295264627,0.09774864633798803
3510,0.48885793871866295,0.098005698005698
3511,0.48899721448467964,0.0982626032469382
3512,0.4891364902506964,0.09823462414578588
3513,0.4892757660167131,0.0982066609735269
3514,0.4894150417827298,0.09817871371656232
3515,0.4895543175487465,0.09815078236130868
3516,0.48969359331476325,0.09812286689419795
3517,0.48983286908077994,0.09809496730167756
3518,0.48997214484679663,0.09835133598635588
3519,0.4901114206128134,0.09860755896561524
3520,0.49025069637883006,0.09857954545454546
3521,0.4903899721448468,0.09883555808009088
3522,0.4905292479108635,0.09880749574105621
3523,0.49066852367688024,0.09877944933295486
3524,0.49080779944289693,0.09875141884222474
3525,0.4909470752089137,0.09872340425531916
3526,0.49108635097493036,0.09869540555870675
3527,0.49122562674094705,0.09866742273887157
3528,0.4913649025069638,0.09863945578231292
3529,0.4915041782729805,0.09861150467554548
3530,0.49164345403899723,0.09858356940509914
3531,0.4917827298050139,0.09855564995751911
3532,0.49192200557103066,0.0985277463193658
3533,0.49206128133704735,0.09878290404755166
3534,0.49220055710306404,0.0987549518958687
3535,0.4923398328690808,0.09872701555869873
3536,0.4924791086350975,0.09869909502262443
3537,0.4926183844011142,0.0986711902742437
3538,0.4927576601671309,0.09864330130016959
3539,0.49289693593314765,0.09861542808703024
3540,0.49303621169916434,0.09858757062146893
3541,0.4931754874651811,0.09855972889014403
3542,0.4933147632311978,0.09853190287972896
3543,0.49345403899721446,0.09850409257691223
3544,0.4935933147632312,0.0984762979683973
3545,0.4937325905292479,0.09844851904090268
3546,0.49387186629526464,0.09870276367738297
3547,0.4940111420612813,0.0986749365661122
3548,0.49415041782729807,0.09864712514092447
3549,0.49428969359331476,0.09861932938856016
3550,0.49442896935933145,0.09859154929577464
3551,0.4945682451253482,0.09856378484933821
3552,0.4947075208913649,0.09853603603603604
3553,0.4948467966573816,0.09878975513650436
3554,0.4949860724233983,0.09904333145751266
3555,0.49512534818941506,0.0990154711673699
3556,0.49526462395543175,0.09898762654668167
3557,0.4954038997214485,0.09895979758223222
3558,0.4955431754874652,0.09893198426082069
3559,0.49568245125348187,0.09890418656926103
3560,0.4958217270194986,0.09887640449438202
3561,0.4959610027855153,0.09912945801741084
3562,0.49610027855153205,0.0991016282987086
3563,0.49623955431754874,0.09907381420151558
3564,0.4963788300835655,0.09904601571268237
3565,0.49651810584958217,0.09901823281907433
3566,0.49665738161559886,0.09899046550757151
3567,0.4967966573816156,0.09896271376506868
3568,0.4969359331476323,0.09893497757847533
3569,0.49707520891364904,0.09918744746427571
3570,0.4972144846796657,0.09943977591036414
3571,0.49735376044568247,0.09969196303556427
3572,0.49749303621169916,0.09966405375139978
3573,0.4976323119777159,0.0996361600895606
3574,0.4977715877437326,0.09988808058198097
3575,0.4979108635097493,0.09986013986013986
3576,0.498050139275766,0.09983221476510067
3577,0.4981894150417827,0.09980430528375733
3578,0.49832869080779946,0.10005589714924538
3579,0.49846796657381615,0.10030734842134674
3580,0.4986072423398329,0.10027932960893855
3581,0.4987465181058496,0.1005305780508238
3582,0.49888579387186627,0.10050251256281408
3583,0.499025069637883,0.10047446274072007
3584,0.4991643454038997,0.10044642857142858
3585,0.49930362116991645,0.100418410041841
3586,0.49944289693593313,0.1003904071388734
3587,0.4995821727019499,0.10036241984945637
3588,0.49972144846796657,0.10033444816053512
3589,0.4998607242339833,0.10030649205906939
3590,0.5,0.10027855153203342
3591,0.5001392757660167,0.10025062656641603
3592,0.5002785515320334,0.10022271714922049
3593,0.5004178272980502,0.10019482326746451
3594,0.5005571030640669,0.1001669449081803
3595,0.5006963788300836,0.10013908205841446
3596,0.5008356545961002,0.10011123470522804
3597,0.500974930362117,0.10036141228801779
3598,0.5011142061281337,0.10033351862145637
3599,0.5012534818941504,0.10030564045568213
3600,0.5013927576601671,0.10027777777777777
3601,0.5015320334261838,0.10024993057484032
3602,0.5016713091922006,0.10022209883398112
3603,0.5018105849582173,0.10019428254232583
3604,0.501949860724234,0.10016648168701443
3605,0.5020891364902507,0.10013869625520111
3606,0.5022284122562675,0.10011092623405435
3607,0.5023676880222842,0.10008317161075686
3608,0.5025069637883008,0.10005543237250554
3609,0.5026462395543175,0.10002770850651149
3610,0.5027855153203342,0.1
3611,0.502924791086351,0.09997230684021047
3612,0.5030640668523677,0.09994462901439645
3613,0.5032033426183844,0.09991696650982564
3614,0.5033426183844011,0.09988931931377974
3615,0.5034818941504178,0.09986168741355464
3616,0.5036211699164346,0.09983407079646017
3617,0.5037604456824513,0.09980646944982029
3618,0.503899721448468,0.09977888336097292
3619,0.5040389972144846,0.09975131251726996
3620,0.5041782729805014,0.09972375690607735
3621,0.5043175487465181,0.09969621651477492
3622,0.5044568245125348,0.09966869133075648
3623,0.5045961002785515,0.09964118134142975
3624,0.5047353760445682,0.09961368653421633
3625,0.504874651810585,0.09958620689655172
3626,0.5050139275766017,0.09955874241588528
3627,0.5051532033426184,0.09953129307968017
3628,0.5052924791086351,0.09977949283351709
3629,0.5054317548746519,0.09975199779553597
3630,0.5055710306406686,0.09972451790633609
3631,0.5057103064066852,0.09997245937758194
3632,0.5058495821727019,0.09994493392070485
3633,0.5059888579387186,0.09991742361684558
3634,0.5061281337047354,0.09988992845349477
3635,0.5062674094707521,0.09986244841815681
3636,0.5064066852367688,0.09983498349834984
3637,0.5065459610027855,0.09980753368160572
3638,0.5066852367688023,0.09978009895547003
3639,0.506824512534819,0.09975267930750206
3640,0.5069637883008357,0.09972527472527473
3641,0.5071030640668523,0.09969788519637462
3642,0.507242339832869,0.09967051070840198
3643,0.5073816155988858,0.09964315124897064
3644,0.5075208913649025,0.09961580680570802
3645,0.5076601671309192,0.09958847736625515
3646,0.5077994428969359,0.0995611629182666
3647,0.5079387186629526,0.09953386344941048
3648,0.5080779944289694,0.09950657894736842
3649,0.5082172701949861,0.09947930939983557
3650,0.5083565459610028,0.09945205479452054
3651,0.5084958217270195,0.09942481511914544
3652,0.5086350974930363,0.09939759036144578
3653,0.508774373259053,0.09937038050917055
3654,0.5089136490250696,0.0993431855500821
3655,0.5090529247910863,0.09931600547195622
3656,0.509192200557103,0.09956236323851203
3657,0.5093314763231198,0.09953513809133169
3658,0.5094707520891365,0.09950792782941498
3659,0.5096100278551532,0.09948073244055752
3660,0.5097493036211699,0.0994535519125683
3661,0.5098885793871867,0.0994263862332696
3662,0.5100278551532034,0.099399235390497
3663,0.5101671309192201,0.09937209937209937
3664,0.5103064066852367,0.09934497816593886
3665,0.5104456824512534,0.09931787175989086
3666,0.5105849582172702,0.09929078014184398
3667,0.5107242339832869,0.09926370329970002
3668,0.5108635097493036,0.09923664122137404
3669,0.5110027855153203,0.09920959389479422
3670,0.5111420612813371,0.0991825613079019
3671,0.5112813370473538,0.09915554344865159
3672,0.5114206128133705,0.09912854030501089
3673,0.5115598885793872,0.09910155186496052
3674,0.5116991643454039,0.09907457811649428
3675,0.5118384401114207,0.09904761904761905
3676,0.5119777158774373,0.09902067464635474
3677,0.512116991643454,0.09899374490073429
3678,0.5122562674094707,0.0989668297988037
3679,0.5123955431754874,0.0989399293286219
3680,0.5125348189415042,0.09891304347826087
3681,0.5126740947075209,0.0988861722358055
3682,0.5128133704735376,0.09885931558935361
3683,0.5129526462395543,0.09883247352701602
3684,0.5130919220055711,0.0988056460369164
3685,0.5132311977715878,0.09877883310719132
3686,0.5133704735376045,0.09875203472599023
3687,0.5135097493036211,0.09899647409818281
3688,0.5136490250696378,0.09896963123644252
3689,0.5137883008356546,0.0992138791000271
3690,0.5139275766016713,0.0994579945799458
3691,0.514066852367688,0.09943104849634246
3692,0.5142061281337047,0.09940411700975081
3693,0.5143454038997215,0.09964798266991606
3694,0.5144846796657382,0.09962100703844072
3695,0.5146239554317549,0.09959404600811908
3696,0.5147632311977716,0.09956709956709957
3697,0.5149025069637883,0.09954016770354342
3698,0.515041782729805,0.09951325040562466
3699,0.5151810584958217,0.09948634766153014
3700,0.5153203342618384,0.09945945945945946
3701,0.5154596100278551,0.09943258578762497
3702,0.5155988857938719,0.09940572663425176
3703,0.5157381615598886,0.09937888198757763
3704,0.5158774373259053,0.09935205183585313
3705,0.516016713091922,0.09932523616734143
3706,0.5161559888579387,0.0992984349703184
3707,0.5162952646239555,0.09927164823307257
3708,0.5164345403899722,0.09951456310679611
3709,0.5165738161559889,0.09948773254246428
3710,0.5167130919220055,0.09946091644204852
3711,0.5168523676880222,0.09943411479385611
3712,0.516991643454039,0.09940732758620689
3713,0.5171309192200557,0.09938055480743334
3714,0.5172701949860724,0.0996230479267636
3715,0.5174094707520891,0.09959623149394348
3716,0.5175487465181059,0.09956942949407965
3717,0.5176880222841226,0.09954264191552327
3718,0.5178272980501393,0.09951586874663798
3719,0.517966573816156,0.09948910997579995
3720,0.5181058495821727,0.09946236559139784
3721,0.5182451253481895,0.09943563558183284
3722,0.5183844011142061,0.09940891993551854
3723,0.5185236768802228,0.09938221864088101
3724,0.5186629526462395,0.09935553168635876
3725,0.5188022284122563,0.09932885906040269
3726,0.518941504178273,0.09930220075147611
3727,0.5190807799442897,0.09927555674805473
3728,0.5192200557103064,0.0992489270386266
3729,0.5193593314763231,0.09922231161169215
3730,0.5194986072423399,0.09919571045576407
3731,0.5196378830083566,0.09916912355936747
3732,0.5197771587743732,0.09914255091103966
3733,0.5199164345403899,0.0991159924993303
3734,0.5200557103064067,0.09908944831280128
3735,0.5201949860724234,0.09933065595716198
3736,0.5203342618384401,0.09930406852248394
3737,0.5204735376044568,0.09927749531709927
3738,0.5206128133704735,0.09925093632958802
3739,0.5207520891364903,0.09922439154854239
3740,0.520891364902507,0.09919786096256684
3741,0.5210306406685237,0.099171344560278
3742,0.5211699164345404,0.09914484233030466
3743,0.521309192200557,0.09911835426128773
3744,0.5214484679665738,0.09909188034188034
3745,0.5215877437325905,0.09906542056074766
3746,0.5217270194986072,0.099038974906567
3747,0.5218662952646239,0.09901254336802776
3748,0.5220055710306407,0.09898612593383138
3749,0.5221448467966574,0.09895972259269138
3750,0.5222841225626741,0.09893333333333333
3751,0.5224233983286908,0.09890695814449481
3752,0.5225626740947075,0.09888059701492537
3753,0.5227019498607243,0.0991207034372502
3754,0.522841225626741,0.09909429941395845
3755,0.5229805013927576,0.09906790945406126
3756,0.5231197771587743,0.09904153354632587
3757,0.5232590529247911,0.09901517167953154
3758,0.5233983286908078,0.0989888238424694
3759,0.5235376044568245,0.09922851822293163
3760,0.5236768802228412,0.09946808510638298
3761,0.5238161559888579,0.09944163786227067
3762,0.5239554317548747,0.09941520467836257
3763,0.5240947075208914,0.09938878554344938
3764,0.5242339832869081,0.09962805526036132
3765,0.5243732590529248,0.099601593625498
3766,0.5245125348189416,0.09957514604354753
3767,0.5246518105849582,0.09954871250331829
3768,0.5247910863509749,0.09952229299363058
3769,0.5249303621169916,0.09949588750331653
3770,0.5250696378830083,0.09946949602122016
3771,0.5252089136490251,0.09944311853619729
3772,0.5253481894150418,0.09941675503711558
3773,0.5254874651810585,0.0993904055128545
3774,0.5256267409470752,0.09936406995230525
3775,0.525766016713092,0.09933774834437085
3776,0.5259052924791087,0.0993114406779661
3777,0.5260445682451254,0.09928514694201747
3778,0.526183844011142,0.09925886712546321
3779,0.5263231197771587,0.09949722148716592
3780,0.5264623955431755,0.09973544973544973
3781,0.5266016713091922,0.09970907167416028
3782,0.5267409470752089,0.09968270756213643
3783,0.5268802228412256,0.09965635738831616
3784,0.5270194986072423,0.09963002114164905
3785,0.5271587743732591,0.09960369881109643
3786,0.5272980501392758,0.09957739038563128
3787,0.5274373259052925,0.09955109585423819
3788,0.5275766016713092,0.09952481520591341
3789,0.527715877437326,0.09949854842966482
3790,0.5278551532033426,0.09947229551451188
3791,0.5279944289693593,0.09944605644948562
3792,0.528133704735376,0.09968354430379747
3793,0.5282729805013927,0.09965726337991036
3794,0.5284122562674095,0.0996309963099631
3795,0.5285515320334262,0.09960474308300395
3796,0.5286908077994429,0.09957850368809273
3797,0.5288300835654596,0.09981564392941795
3798,0.5289693593314764,0.09978936282253818
3799,0.5291086350974931,0.09976309555146091
3800,0.5292479108635098,0.09973684210526315
3801,0.5293871866295264,0.09971060247303341
3802,0.5295264623955431,0.09968437664387164
3803,0.5296657381615599,0.09992111490928214
3804,0.5298050139275766,0.10015772870662461
3805,0.5299442896935933,0.10013140604467806
3806,0.53008356545961,0.1001050972149238
3807,0.5302228412256268,0.10007880220646179
3808,0.5303621169916435,0.10005252100840337
3809,0.5305013927576602,0.10002625360987136
3810,0.5306406685236769,0.1
3811,0.5307799442896936,0.09997376016793492
3812,0.5309192200557104,0.09994753410283316
3813,0.531058495821727,0.0999213217938631
3814,0.5311977715877437,0.09989512323020451
3815,0.5313370473537604,0.09986893840104849
3816,0.5314763231197771,0.09984276729559749
3817,0.5316155988857939,0.09981660990306523
3818,0.5317548746518106,0.0997904662126768
3819,0.5318941504178273,0.0997643362136685
3820,0.532033426183844,0.09973821989528796
3821,0.5321727019498608,0.09971211724679403
3822,0.5323119777158775,0.09968602825745683
3823,0.5324512534818941,0.09965995291655767
3824,0.5325905292479108,0.09963389121338913
3825,0.5327298050139275,0.09986928104575163
3826,0.5328690807799443,0.09984317825405123
3827,0.533008356545961,0.09981708910373661
3828,0.5331476323119777,0.09979101358411703
3829,0.5332869080779944,0.09976495168451292
3830,0.5334261838440112,0.09973890339425587
3831,0.5335654596100279,0.0997128687026886
3832,0.5337047353760446,0.09968684759916492
3833,0.5338440111420613,0.09966084007304983
3834,0.533983286908078,0.09963484611371935
3835,0.5341225626740947,0.09960886571056063
3836,0.5342618384401114,0.09958289885297185
3837,0.5344011142061281,0.09955694553036226
3838,0.5345403899721448,0.09953100573215216
3839,0.5346796657381616,0.09950507944777286
3840,0.5348189415041783,0.09947916666666666
3841,0.534958217270195,0.09971361624576933
3842,0.5350974930362117,0.09994794377928162
3843,0.5352367688022284,0.09992193598750976
3844,0.5353760445682452,0.09989594172736732
3845,0.5355153203342619,0.0998699609882965
3846,0.5356545961002785,0.0998439937597504
3847,0.5357938718662952,0.09981804003119314
3848,0.5359331476323119,0.0997920997920998
3849,0.5360724233983287,0.09976617303195635
3850,0.5362116991643454,0.1
3851,0.5363509749303621,0.09997403271877435
3852,0.5364902506963788,0.09994807892004154
3853,0.5366295264623956,0.09992213859330391
3854,0.5367688022284123,0.09989621172807472
3855,0.536908077994429,0.09987029831387809
3856,0.5370473537604457,0.09984439834024897
3857,0.5371866295264623,0.1000777806585429
3858,0.5373259052924791,0.10005184033177812
3859,0.5374651810584958,0.10002591344908007
3860,0.5376044568245125,0.1
3861,0.5377437325905292,0.09997409997409998
3862,0.537883008356546,0.09994821336095287
3863,0.5380222841225627,0.10018120631633445
3864,0.5381615598885794,0.10015527950310558
3865,0.5383008356545961,0.10012936610608021
3866,0.5384401114206128,0.10036213140196586
3867,0.5385793871866296,0.10033617791569692
3868,0.5387186629526463,0.10031023784901758
3869,0.5388579387186629,0.10028431119152235
3870,0.5389972144846796,0.10025839793281653
3871,0.5391364902506964,0.10023249806251615
3872,0.5392757660167131,0.10046487603305786
3873,0.5394150417827298,0.10043893622514846
3874,0.5395543175487465,0.10041300980898296
3875,0.5396935933147632,0.10064516129032258
3876,0.53983286908078,0.10087719298245613
3877,0.5399721448467967,0.10085117358782564
3878,0.5401114206128134,0.10082516761217122
3879,0.54025069637883,0.10079917504511472
3880,0.5403899721448467,0.10077319587628866
3881,0.5405292479108635,0.10074723009533626
3882,0.5406685236768802,0.10072127769191139
3883,0.5408077994428969,0.1006953386556786
3884,0.5409470752089136,0.10066941297631309
3885,0.5410863509749304,0.10064350064350064
3886,0.5412256267409471,0.10061760164693773
3887,0.5413649025069638,0.10059171597633136
3888,0.5415041782729805,0.10056584362139917
3889,0.5416434540389972,0.10053998457186937
3890,0.541782729805014,0.10051413881748072
3891,0.5419220055710307,0.10048830634798252
3892,0.5420612813370473,0.10046248715313463
3893,0.542200557103064,0.10043668122270742
3894,0.5423398328690808,0.10041088854648177
3895,0.5424791086350975,0.10038510911424904
3896,0.5426183844011142,0.10035934291581108
3897,0.5427576601671309,0.10033358994098024
3898,0.5428969359331476,0.10030785017957927
3899,0.5430362116991644,0.1002821236214414
3900,0.5431754874651811,0.10051282051282051
3901,0.5433147632311978,0.10048705460138425
3902,0.5434540389972145,0.10046130189646335
3903,0.5435933147632313,0.10043556238790674
3904,0.5437325905292479,0.10040983606557377
3905,0.5438718662952646,0.10038412291933418
3906,0.5440111420612813,0.10061443932411675
3907,0.544150417827298,0.10058868697210135
3908,0.5442896935933148,0.10056294779938588
3909,0.5444289693593315,0.10053722179585571
3910,0.5445682451253482,0.10051150895140665
3911,0.5447075208913649,0.10048580925594477
3912,0.5448467966573816,0.1004601226993865
3913,0.5449860724233984,0.10043444927165858
3914,0.545125348189415,0.100408788962698
3915,0.5452646239554317,0.10063856960408685
3916,0.5454038997214484,0.10061287027579162
3917,0.5455431754874652,0.1005871840694409
3918,0.5456824512534819,0.10056151097498724
3919,0.5458217270194986,0.10053585098239347
3920,0.5459610027855153,0.10051020408163265
3921,0.546100278551532,0.10048457026268809
3922,0.5462395543175488,0.10071392146863845
3923,0.5463788300835655,0.10068824878919194
3924,0.5465181058495822,0.10091743119266056
3925,0.5466573816155988,0.10089171974522293
3926,0.5467966573816156,0.10086602139582272
3927,0.5469359331476323,0.10084033613445378
3928,0.547075208913649,0.10081466395112017
3929,0.5472144846796657,0.1007890048358361
3930,0.5473537604456824,0.10076335877862595
3931,0.5474930362116992,0.10073772576952429
3932,0.5476323119777159,0.10071210579857579
3933,0.5477715877437326,0.10068649885583524
3934,0.5479108635097493,0.10066090493136756
3935,0.5480501392757661,0.10063532401524777
3936,0.5481894150417828,0.10060975609756098
3937,0.5483286908077994,0.10058420116840233
3938,0.5484679665738161,0.10081259522600304
3939,0.5486072423398328,0.10078700177710079
3940,0.5487465181058496,0.10076142131979696
3941,0.5488857938718663,0.10073585384420197
3942,0.549025069637883,0.10071029934043632
3943,0.5491643454038997,0.10093837179812326
3944,0.5493036211699165,0.10091277890466531
3945,0.5494428969359332,0.1008871989860583
3946,0.5495821727019499,0.10111505321844906
3947,0.5497214484679666,0.10108943501393464
3948,0.5498607242339832,0.10131712259371833
3949,0.55,0.10129146619397315
3950,0.5501392757660167,0.10126582278481013
3951,0.5502785515320334,0.10124019235636547
3952,0.5504178272980501,0.10121457489878542
3953,0.5505571030640668,0.10118897040222616
3954,0.5506963788300836,0.10116337885685382
3955,0.5508356545961003,0.1011378002528445
3956,0.550974930362117,0.10111223458038422
3957,0.5511142061281337,0.10108668182966894
3958,0.5512534818941505,0.10106114199090449
3959,0.5513927576601672,0.10103561505430664
3960,0.5515320334261838,0.10126262626262626
3961,0.5516713091922005,0.1012370613481444
3962,0.5518105849582172,0.10121150933871782
3963,0.551949860724234,0.10118597022457734
3964,0.5520891364902507,0.10116044399596368
3965,0.5522284122562674,0.10113493064312737
3966,0.5523676880222841,0.1011094301563288
3967,0.5525069637883009,0.10108394252583816
3968,0.5526462395543176,0.10105846774193548
3969,0.5527855153203343,0.10103300579491056
3970,0.552924791086351,0.10100755667506298
3971,0.5530640668523676,0.10123394610929237
3972,0.5532033426183844,0.10120845921450151
3973,0.5533426183844011,0.10143468411779512
3974,0.5534818941504178,0.10140915953699044
3975,0.5536211699164345,0.10138364779874214
3976,0.5537604456824513,0.10135814889336016
3977,0.553899721448468,0.1015841086245914
3978,0.5540389972144847,0.10155857214680744
3979,0.5541782729805014,0.10178436793164111
3980,0.5543175487465181,0.10175879396984924
3981,0.5544568245125349,0.10173323285606632
3982,0.5545961002785516,0.10170768458061276
3983,0.5547353760445682,0.10168214913381873
3984,0.5548746518105849,0.1016566265060241
3985,0.5550139275766016,0.10163111668757842
3986,0.5551532033426184,0.10160561966884095
3987,0.5552924791086351,0.10158013544018059
3988,0.5554317548746518,0.10155466399197592
3989,0.5555710306406685,0.10152920531461519
3990,0.5557103064066853,0.10150375939849623
3991,0.555849582172702,0.10172889000250564
3992,0.5559888579387187,0.10170340681362726
3993,0.5561281337047354,0.1016779363886802
3994,0.556267409470752,0.10165247871807712
3995,0.5564066852367688,0.10187734668335419
3996,0.5565459610027855,0.10185185185185185
3997,0.5566852367688022,0.101826369777333
3998,0.5568245125348189,0.1018009004502251
3999,0.5569637883008357,0.10177544386096524
4000,0.5571030640668524,0.10175
4001,0.5572423398328691,0.10172456885778555
4002,0.5573816155988858,0.10169915042478761
4003,0.5575208913649025,0.10167374469148138
4004,0.5576601671309193,0.10164835164835165
4005,0.557799442896936,0.10162297128589264
4006,0.5579387186629526,0.1015976035946081
4007,0.5580779944289693,0.10157224856501124
4008,0.5582172701949861,0.10154690618762476
4009,0.5583565459610028,0.10177101521576452
4010,0.5584958217270195,0.10174563591022444
4011,0.5586350974930362,0.10172026925953627
4012,0.5587743732590529,0.10194416749750748
4013,0.5589136490250697,0.10191876401694493
4014,0.5590529247910864,0.10189337319382162
4015,0.5591922005571031,0.10186799501867995
4016,0.5593314763231197,0.10184262948207172
4017,0.5594707520891364,0.10181727657455812
4018,0.5596100278551532,0.10204081632653061
4019,0.5597493036211699,0.10201542672306543
4020,0.5598885793871866,0.10199004975124377
4021,0.5600278551532033,0.10196468540164139
4022,0.5601671309192201,0.10193933366484337
4023,0.5603064066852368,0.1019139945314442
4024,0.5604456824512535,0.10188866799204771
4025,0.5605849582172702,0.10186335403726708
4026,0.5607242339832869,0.10183805265772479
4027,0.5608635097493037,0.10181276384405265
4028,0.5610027855153203,0.10178748758689175
4029,0.561142061281337,0.10176222387689253
4030,0.5612813370473537,0.10173697270471464
4031,0.5614206128133705,0.10171173406102704
4032,0.5615598885793872,0.10168650793650794
4033,0.5616991643454039,0.10166129432184479
4034,0.5618384401114206,0.10163609320773426
4035,0.5619777158774373,0.10161090458488228
4036,0.5621169916434541,0.10158572844400396
4037,0.5622562674094708,0.10156056477582363
4038,0.5623955431754875,0.10153541357107479
4039,0.5625348189415041,0.10175786085664769
4040,0.5626740947075209,0.10173267326732673
4041,0.5628133704735376,0.10170749814402376
4042,0.5629526462395543,0.1016823354774864
4043,0.563091922005571,0.10165718525847144
4044,0.5632311977715877,0.1016320474777448
4045,0.5633704735376045,0.10160692212608158
4046,0.5635097493036212,0.10158180919426595
4047,0.5636490250696379,0.10155670867309118
4048,0.5637883008356546,0.10153162055335968
4049,0.5639275766016713,0.10150654482588294
4050,0.564066852367688,0.10148148148148148
4051,0.5642061281337047,0.10145643051098494
4052,0.5643454038997214,0.10143139190523198
4053,0.5644846796657381,0.10140636565507032
4054,0.5646239554317549,0.10138135175135668
4055,0.5647632311977716,0.10160295930949445
4056,0.5649025069637883,0.10157790927021697
4057,0.565041782729805,0.10155287157998522
4058,0.5651810584958217,0.10152784622966979
4059,0.5653203342618385,0.10174919931017493
4060,0.5654596100278552,0.10172413793103448
4061,0.5655988857938719,0.10194533366165968
4062,0.5657381615598885,0.1019202363367799
4063,0.5658774373259053,0.10189515136598573
4064,0.566016713091922,0.10187007874015748
4065,0.5661559888579387,0.10209102091020911
4066,0.5662952646239554,0.10206591244466307
4067,0.5664345403899721,0.10204081632653061
4068,0.5665738161559889,0.102015732546706
4069,0.5667130919220056,0.10199066109609241
4070,0.5668523676880223,0.10221130221130222
4071,0.566991643454039,0.10218619503807419
4072,0.5671309192200558,0.10216110019646366
4073,0.5672701949860725,0.10213601767738767
4074,0.5674094707520891,0.10211094747177221
4075,0.5675487465181058,0.10208588957055215
4076,0.5676880222841225,0.10206084396467124
4077,0.5678272980501393,0.10203581064508217
4078,0.567966573816156,0.10201078960274644
4079,0.5681058495821727,0.10223093895562638
4080,0.5682451253481894,0.10220588235294117
4081,0.5683844011142062,0.10218083802989464
4082,0.5685236768802229,0.10215580597746203
4083,0.5686629526462396,0.10213078618662748
4084,0.5688022284122562,0.10210577864838394
4085,0.5689415041782729,0.10208078335373318
4086,0.5690807799442897,0.10205580029368576
4087,0.5692200557103064,0.10203082945926108
4088,0.5693593314763231,0.1022504892367906
4089,0.5694986072423398,0.10222548300317927
4090,0.5696378830083565,0.10220048899755502
4091,0.5697771587743733,0.10217550721095087
4092,0.56991643454039,0.10215053763440861
4093,0.5700557103064067,0.10212558025897875
4094,0.5701949860724234,0.10210063507572056
4095,0.5703342618384402,0.10231990231990232
4096,0.5704735376044568,0.102294921875
4097,0.5706128133704735,0.10226995362460337
4098,0.5707520891364902,0.10224499755978526
4099,0.5708913649025069,0.10222005367162723
4100,0.5710306406685237,0.1021951219512195
4101,0.5711699164345404,0.10217020238966106
4102,0.5713091922005571,0.10214529497805948
4103,0.5714484679665738,0.10212039970753108
4104,0.5715877437325906,0.10209551656920078
4105,0.5717270194986073,0.10207064555420219
4106,0.571866295264624,0.10204578665367754
4107,0.5720055710306406,0.10202093985877769
4108,0.5721448467966573,0.10199610516066213
4109,0.5722841225626741,0.1019712825504989
4110,0.5724233983286908,0.10194647201946472
4111,0.5725626740947075,0.10192167355874483
4112,0.5727019498607242,0.10214007782101167
4113,0.572841225626741,0.10211524434719182
4114,0.5729805013927577,0.10233349538162373
4115,0.5731197771587744,0.10230862697448359
4116,0.5732590529247911,0.10228377065111759
4117,0.5733983286908078,0.10225892640272043
4118,0.5735376044568246,0.10223409422049538
4119,0.5736768802228412,0.10220927409565428
4120,0.5738161559888579,0.10218446601941747
4121,0.5739554317548746,0.10215966998301383
4122,0.5740947075208913,0.10213488597768074
4123,0.5742339832869081,0.10211011399466408
4124,0.5743732590529248,0.1023278370514064
4125,0.5745125348189415,0.1023030303030303
4126,0.5746518105849582,0.10252060106640815
4127,0.574791086350975,0.10249575963169373
4128,0.5749303621169917,0.10247093023255814
4129,0.5750696378830084,0.10244611286025672
4130,0.575208913649025,0.10242130750605327
4131,0.5753481894150417,0.10239651416122005
4132,0.5754874651810585,0.10237173281703775
4133,0.5756267409470752,0.10234696346479555
4134,0.5757660167130919,0.102322206095791
4135,0.5759052924791086,0.10229746070133011
4136,0.5760445682451254,0.10227272727272728
4137,0.5761838440111421,0.10224800580130529
4138,0.5763231197771588,0.10222329627839535
4139,0.5764623955431755,0.10219859869533704
4140,0.5766016713091922,0.10217391304347827
4141,0.576740947075209,0.10214923931417531
4142,0.5768802228412256,0.10212457749879285
4143,0.5770194986072423,0.10209992758870384
4144,0.577158774373259,0.10207528957528958
4145,0.5772980501392758,0.10205066344993968
4146,0.5774373259052925,0.1020260492040521
4147,0.5775766016713092,0.10200144682903303
4148,0.5777158774373259,0.10197685631629701
4149,0.5778551532033426,0.10219329959026272
4150,0.5779944289693594,0.10216867469879518
4151,0.5781337047353761,0.10214406167188629
4152,0.5782729805013928,0.10211946050096339
4153,0.5784122562674094,0.10233566096797496
4154,0.5785515320334261,0.10231102551757343
4155,0.5786908077994429,0.1022864019253911
4156,0.5788300835654596,0.10226179018286814
4157,0.5789693593314763,0.10223719028145298
4158,0.579108635097493,0.10221260221260221
4159,0.5792479108635098,0.10218802596778072
4160,0.5793871866295265,0.10240384615384615
4161,0.5795264623955432,0.10261956260514299
4162,0.5796657381615599,0.10259490629505046
4163,0.5798050139275766,0.10257026183041076
4164,0.5799442896935934,0.10254562920268973
4165,0.58008356545961,0.10252100840336134
4166,0.5802228412256267,0.1027364378300528
4167,0.5803621169916434,0.10271178305735541
4168,0.5805013927576602,0.10292706333973128
4169,0.5806406685236769,0.10290237467018469
4170,0.5807799442896936,0.10287769784172662
4171,0.5809192200557103,0.10285303284584033
4172,0.581058495821727,0.10282837967401726
4173,0.5811977715877438,0.102803738317757
4174,0.5813370473537605,0.10277910876856731
4175,0.5814763231197771,0.10275449101796408
4176,0.5816155988857938,0.10272988505747127
4177,0.5817548746518106,0.10270529087862101
4178,0.5818941504178273,0.10268070847295356
4179,0.582033426183844,0.10265613783201723
4180,0.5821727019498607,0.10287081339712918
4181,0.5823119777158774,0.10308538627122697
4182,0.5824512534818942,0.10306073648971784
4183,0.5825905292479109,0.1030360984939039
4184,0.5827298050139276,0.10301147227533461
4185,0.5828690807799443,0.1029868578255675
4186,0.583008356545961,0.10296225513616818
4187,0.5831476323119777,0.1029376641987103
4188,0.5832869080779944,0.10291308500477554
4189,0.5834261838440111,0.10288851754595368
4190,0.5835654596100278,0.10286396181384248
4191,0.5837047353760446,0.10283941780004772
4192,0.5838440111420613,0.1028148854961832
4193,0.583983286908078,0.10279036489387074
4194,0.5841225626740947,0.1027658559847401
4195,0.5842618384401114,0.10274135876042909
4196,0.5844011142061282,0.10271687321258341
4197,0.5845403899721449,0.1026923993328568
4198,0.5846796657381615,0.1026679371129109
4199,0.5848189415041782,0.10264348654441534
4200,0.584958217270195,0.10285714285714286
4201,0.5850974930362117,0.1028326588907403
4202,0.5852367688022284,0.10280818657782008
4203,0.5853760445682451,0.10302165120152272
4204,0.5855153203342618,0.10299714557564224
4205,0.5856545961002786,0.10321046373365042
4206,0.5857938718662953,0.10318592486923443
4207,0.585933147632312,0.10316139767054909
4208,0.5860724233983287,0.10313688212927756
4209,0.5862116991643455,0.10311237823711095
4210,0.5863509749303621,0.10332541567695962
4211,0.5864902506963788,0.10353835193540727
4212,0.5866295264623955,0.10375118708452041
4213,0.5867688022284122,0.10396392119629717
4214,0.586908077994429,0.10393925011865211
4215,0.5870473537604457,0.10391459074733096
4216,0.5871866295264624,0.1038899430740038
4217,0.5873259052924791,0.1038653070903486
4218,0.5874651810584958,0.10384068278805121
4219,0.5876044568245126,0.10381607015880541
4220,0.5877437325905293,0.1037914691943128
4221,0.5878830083565459,0.10376687988628287
4222,0.5880222841225626,0.10374230222643296
4223,0.5881615598885794,0.10371773620648828
4224,0.5883008356545961,0.10392992424242424
4225,0.5884401114206128,0.10390532544378699
4226,0.5885793871866295,0.10388073828679602
4227,0.5887186629526462,0.10385616276318903
4228,0.588857938718663,0.10383159886471145
4229,0.5889972144846797,0.10380704658311658
4230,0.5891364902506964,0.10378250591016548
4231,0.589275766016713,0.10375797683762704
4232,0.5894150417827299,0.10396975425330812
4233,0.5895543175487465,0.10394519253484526
4234,0.5896935933147632,0.10392064241851677
4235,0.5898328690807799,0.1038961038961039
4236,0.5899721448467966,0.10387157695939565
4237,0.5901114206128134,0.10384706160018882
4238,0.5902506963788301,0.10382255781028787
4239,0.5903899721448468,0.10379806558150508
4240,0.5905292479108635,0.10377358490566038
4241,0.5906685236768803,0.10374911577458147
4242,0.590807799442897,0.10372465818010372
4243,0.5909470752089137,0.10393589441432949
4244,0.5910863509749303,0.10391140433553252
4245,0.591225626740947,0.103886925795053
4246,0.5913649025069638,0.10386245878473858
4247,0.5915041782729805,0.10383800329644455
4248,0.5916434540389972,0.1038135593220339
4249,0.5917827298050139,0.10378912685337727
4250,0.5919220055710307,0.10376470588235294
4251,0.5920612813370474,0.10397553516819572
4252,0.5922005571030641,0.1039510818438382
4253,0.5923398328690808,0.10392664001881025
4254,0.5924791086350975,0.10390220968500236
4255,0.5926183844011143,0.10387779083431257
4256,0.5927576601671309,0.10385338345864661
4257,0.5928969359331476,0.10382898754991778
4258,0.5930362116991643,0.10403945514325974
4259,0.593175487465181,0.10401502700164358
4260,0.5933147632311978,0.1039906103286385
4261,0.5934540389972145,0.1042008918094344
4262,0.5935933147632312,0.10417644298451431
4263,0.5937325905292479,0.10415200562983815
4264,0.5938718662952647,0.10436210131332083
4265,0.5940111420612814,0.10433763188745604
4266,0.594150417827298,0.1043131739334271
4267,0.5942896935933147,0.10452308413405202
4268,0.5944289693593314,0.10449859418931584
4269,0.5945682451253482,0.10447411571796673
4270,0.5947075208913649,0.10468384074941452
4271,0.5948467966573816,0.10465933036759541
4272,0.5949860724233983,0.10463483146067416
4273,0.5951253481894151,0.10461034402059444
4274,0.5952646239554318,0.10458586803930744
4275,0.5954038997214485,0.10456140350877192
4276,0.5955431754874652,0.10477081384471469
4277,0.5956824512534818,0.10474631751227496
4278,0.5958217270194986,0.10472183263207106
4279,0.5959610027855153,0.10469735919607386
4280,0.596100278551532,0.10490654205607476
4281,0.5962395543175487,0.10488203690726466
4282,0.5963788300835655,0.10485754320411023
4283,0.5965181058495822,0.10483306093859444
4284,0.5966573816155989,0.10480859010270775
4285,0.5967966573816156,0.10478413068844808
4286,0.5969359331476323,0.10475968268782081
4287,0.5970752089136491,0.10473524609283881
4288,0.5972144846796658,0.10471082089552239
4289,0.5973537604456824,0.1049195616693868
4290,0.5974930362116991,0.10512820512820513
4291,0.5976323119777158,0.1051037054299697
4292,0.5977715877437326,0.10507921714818266
4293,0.5979108635097493,0.10505474027486605
4294,0.598050139275766,0.10503027480204936
4295,0.5981894150417827,0.1050058207217695
4296,0.5983286908077995,0.10498137802607076
4297,0.5984679665738162,0.10495694670700488
4298,0.5986072423398329,0.10493252675663099
4299,0.5987465181058496,0.10490811816701559
4300,0.5988857938718662,0.10488372093023256
4301,0.599025069637883,0.10485933503836317
4302,0.5991643454038997,0.10506741050674105
4303,0.5993036211699164,0.10504299326051592
4304,0.5994428969359331,0.1050185873605948
4305,0.5995821727019499,0.10499419279907085
4306,0.5997214484679666,0.1049698095680446
4307,0.5998607242339833,0.10494543765962387
4308,0.6,0.10492107706592387
4309,0.6001392757660167,0.10489672777906707
4310,0.6002785515320335,0.1048723897911833
4311,0.6004178272980502,0.10484806309440965
4312,0.6005571030640668,0.10482374768089053
4313,0.6006963788300835,0.10479944354277765
4314,0.6008356545961003,0.10477515067222995
4315,0.600974930362117,0.10475086906141368
4316,0.6011142061281337,0.10472659870250231
4317,0.6012534818941504,0.10470233958767662
4318,0.6013927576601671,0.1046780917091246
4319,0.6015320334261839,0.10465385505904144
4320,0.6016713091922006,0.10462962962962963
4321,0.6018105849582173,0.10460541541309883
4322,0.601949860724234,0.1045812124016659
4323,0.6020891364902506,0.10455702058755494
4324,0.6022284122562674,0.10453283996299723
4325,0.6023676880222841,0.10473988439306359
4326,0.6025069637883008,0.10471567267683772
4327,0.6026462395543175,0.1046914721516062
4328,0.6027855153203343,0.10466728280961184
4329,0.602924791086351,0.10464310464310464
4330,0.6030640668523677,0.1046189376443418
4331,0.6032033426183844,0.10459478180558762
4332,0.6033426183844011,0.10457063711911357
4333,0.6034818941504179,0.10454650357719825
4334,0.6036211699164346,0.10452238117212737
4335,0.6037604456824512,0.10472895040369089
4336,0.6038997214484679,0.10493542435424354
4337,0.6040389972144847,0.10491122896011068
4338,0.6041782729805014,0.10488704472106962
4339,0.6043175487465181,0.1048628716294077
4340,0.6044568245125348,0.10483870967741936
4341,0.6045961002785515,0.10481455885740613
4342,0.6047353760445683,0.10479041916167664
4343,0.604874651810585,0.10476629058254662
4344,0.6050139275766017,0.10474217311233885
4345,0.6051532033426184,0.1047180667433832
4346,0.6052924791086352,0.10469397146801657
4347,0.6054317548746518,0.10466988727858294
4348,0.6055710306406685,0.10487580496780129
4349,0.6057103064066852,0.1048516900436882
4350,0.6058495821727019,0.10482758620689656
4351,0.6059888579387187,0.10480349344978165
4352,0.6061281337047354,0.10500919117647059
4353,0.6062674094707521,0.10498506776935447
4354,0.6064066852367688,0.10496095544327055
4355,0.6065459610027855,0.10493685419058553
4356,0.6066852367688023,0.1049127640036731
4357,0.606824512534819,0.10488868487491393
4358,0.6069637883008356,0.10509407985314365
4359,0.6071030640668523,0.10506997017664602
4360,0.6072423398328691,0.10504587155963303
4361,0.6073816155988858,0.10502178399449667
4362,0.6075208913649025,0.10499770747363595
4363,0.6076601671309192,0.1049736419894568
4364,0.6077994428969359,0.10494958753437214
4365,0.6079387186629527,0.10492554410080183
4366,0.6080779944289694,0.1049015116811727
4367,0.6082172701949861,0.10487749026791848
4368,0.6083565459610027,0.10508241758241758
4369,0.6084958217270195,0.10528725108720531
4370,0.6086350974930362,0.10549199084668193
4371,0.6087743732590529,0.10546785632578358
4372,0.6089136490250696,0.1054437328453797
4373,0.6090529247910863,0.10564829636405214
4374,0.6091922005571031,0.1058527663465935
4375,0.6093314763231198,0.10582857142857142
4376,0.6094707520891365,0.10580438756855576
4377,0.6096100278551532,0.10578021475896733
4378,0.60974930362117,0.1057560529922339
4379,0.6098885793871867,0.10596026490066225
4380,0.6100278551532033,0.10593607305936073
4381,0.61016713091922,0.10591189226204063
4382,0.6103064066852367,0.10588772250114104
4383,0.6104456824512535,0.10609171800136892
4384,0.6105849582172702,0.10606751824817519
4385,0.6107242339832869,0.10604332953249715
4386,0.6108635097493036,0.10601915184678523
4387,0.6110027855153203,0.10599498518349669
4388,0.6111420612813371,0.10597082953509572
4389,0.6112813370473538,0.10594668489405332
4390,0.6114206128133705,0.10592255125284739
4391,0.6115598885793871,0.10589842860396265
4392,0.611699164345404,0.10587431693989072
4393,0.6118384401114206,0.10607785112679262
4394,0.6119777158774373,0.10605370960400547
4395,0.612116991643454,0.10602957906712172
4396,0.6122562674094707,0.10600545950864422
4397,0.6123955431754875,0.10598135092108256
4398,0.6125348189415042,0.10595725329695316
4399,0.6126740947075209,0.10593316662877927
4400,0.6128133704735376,0.10590909090909091
4401,0.6129526462395544,0.1058850261304249
4402,0.613091922005571,0.10586097228532486
4403,0.6132311977715877,0.10583692936634113
4404,0.6133704735376044,0.10581289736603088
4405,0.6135097493036211,0.105788876276958
4406,0.6136490250696379,0.10576486609169315
4407,0.6137883008356546,0.10574086680281371
4408,0.6139275766016713,0.10571687840290381
4409,0.614066852367688,0.10569290088455432
4410,0.6142061281337048,0.1056689342403628
4411,0.6143454038997215,0.10564497846293358
4412,0.6144846796657382,0.1056210335448776
4413,0.6146239554317549,0.1055970994788126
4414,0.6147632311977715,0.10557317625736294
4415,0.6149025069637883,0.10554926387315969
4416,0.615041782729805,0.10552536231884058
4417,0.6151810584958217,0.10550147158705003
4418,0.6153203342618384,0.10547759167043912
4419,0.6154596100278552,0.10545372256166553
4420,0.6155988857938719,0.10542986425339367
4421,0.6157381615598886,0.1056322099072608
4422,0.6158774373259053,0.10560832202623248
4423,0.616016713091922,0.10558444494686864
4424,0.6161559888579388,0.10556057866184448
4425,0.6162952646239555,0.10553672316384181
4426,0.6164345403899721,0.10551287844554903
4427,0.6165738161559888,0.10548904449966116
4428,0.6167130919220055,0.10546522131887985
4429,0.6168523676880223,0.1054414088959133
4430,0.616991643454039,0.10564334085778782
4431,0.6171309192200557,0.10561949898442789
4432,0.6172701949860724,0.1055956678700361
4433,0.6174094707520892,0.10557184750733138
4434,0.6175487465181059,0.10554803788903924
4435,0.6176880222841226,0.10552423900789178
4436,0.6178272980501393,0.10572587917042381
4437,0.6179665738161559,0.10570205093531665
4438,0.6181058495821727,0.1056782334384858
4439,0.6182451253481894,0.10565442667267402
4440,0.6183844011142061,0.10563063063063063
4441,0.6185236768802228,0.1058320198153569
4442,0.6186629526462396,0.1060333183250788
4443,0.6188022284122563,0.10600945307224847
4444,0.618941504178273,0.10598559855985598
4445,0.6190807799442897,0.10596175478065242
4446,0.6192200557103064,0.10593792172739541
4447,0.6193593314763232,0.10591409939284911
4448,0.6194986072423398,0.10611510791366907
4449,0.6196378830083565,0.1063160260732749
4450,0.6197771587743732,0.10629213483146067
4451,0.61991643454039,0.10626825432487082
4452,0.6200557103064067,0.10624438454627134
4453,0.6201949860724234,0.10622052548843476
4454,0.6203342618384401,0.10619667714414009
4455,0.6204735376044568,0.10617283950617284
4456,0.6206128133704736,0.10614901256732495
4457,0.6207520891364903,0.10612519632039488
4458,0.620891364902507,0.10610139075818753
4459,0.6210306406685236,0.10607759587351424
4460,0.6211699164345403,0.10605381165919282
4461,0.6213091922005571,0.10603003810804752
4462,0.6214484679665738,0.106006275212909
4463,0.6215877437325905,0.10598252296661438
4464,0.6217270194986072,0.10595878136200716
4465,0.621866295264624,0.10593505039193729
4466,0.6220055710306407,0.10591133004926108
4467,0.6221448467966574,0.10588762032684128
4468,0.6222841225626741,0.10608773500447627
4469,0.6224233983286908,0.10628776012530768
4470,0.6225626740947076,0.10626398210290827
4471,0.6227019498607242,0.10624021471706553
4472,0.6228412256267409,0.10621645796064401
4473,0.6229805013927576,0.10619271182651464
4474,0.6231197771587744,0.10639248994188645
4475,0.6232590529247911,0.10636871508379889
4476,0.6233983286908078,0.10656836461126006
4477,0.6235376044568245,0.10654456109001563
4478,0.6236768802228412,0.10652076820008932
4479,0.623816155988858,0.10672025005581603
4480,0.6239554317548747,0.10691964285714285
4481,0.6240947075208914,0.10689578219147512
4482,0.624233983286908,0.106871932173137
4483,0.6243732590529248,0.10684809279500335
4484,0.6245125348189415,0.1068242640499554
4485,0.6246518105849582,0.10680044593088071
4486,0.6247910863509749,0.1067766384306732
4487,0.6249303621169916,0.10697570759973256
4488,0.6250696378830084,0.10695187165775401
4489,0.6252089136490251,0.10715081309868568
4490,0.6253481894150418,0.10712694877505569
4491,0.6254874651810585,0.10710309507904699
4492,0.6256267409470752,0.10707925200356189
4493,0.625766016713092,0.10705541954150902
4494,0.6259052924791086,0.1070315976858033
4495,0.6260445682451253,0.10700778642936597
4496,0.626183844011142,0.10698398576512455
4497,0.6263231197771588,0.10718256615521458
4498,0.6264623955431755,0.10715873721654068
4499,0.6266016713091922,0.10713491887086019
4500,0.6267409470752089,0.10711111111111112
4501,0.6268802228412256,0.10708731393023772
4502,0.6270194986072424,0.10728565082185695
4503,0.6271587743732591,0.1072618254497002
4504,0.6272980501392758,0.1072380106571936
4505,0.6274373259052924,0.1072142064372919
4506,0.6275766016713092,0.10719041278295606
4507,0.6277158774373259,0.10716662968715332
4508,0.6278551532033426,0.10714285714285714
4509,0.6279944289693593,0.10711909514304724
4510,0.628133704735376,0.10709534368070954
4511,0.6282729805013928,0.10707160274883618
4512,0.6284122562674095,0.10726950354609929
4513,0.6285515320334262,0.1072457345446488
4514,0.6286908077994429,0.1072219760744351
4515,0.6288300835654597,0.10719822812846069
4516,0.6289693593314764,0.10717449069973428
4517,0.629108635097493,0.10715076378127075
4518,0.6292479108635097,0.10712704736609119
4519,0.6293871866295264,0.10732462934277495
4520,0.6295264623955432,0.10730088495575221
4521,0.6296657381615599,0.10727715107277151
4522,0.6298050139275766,0.10725342768686422
4523,0.6299442896935933,0.10745080698651338
4524,0.63008356545961,0.10742705570291777
4525,0.6302228412256268,0.10740331491712707
4526,0.6303621169916435,0.10737958462218294
4527,0.6305013927576602,0.1073558648111332
4528,0.6306406685236768,0.1073321554770318
4529,0.6307799442896936,0.10730845661293884
4530,0.6309192200557103,0.10728476821192053
4531,0.631058495821727,0.10748179209887442
4532,0.6311977715877437,0.10745807590467785
4533,0.6313370473537604,0.10743437017427752
4534,0.6314763231197772,0.10763123070136744
4535,0.6316155988857939,0.10760749724366042
4536,0.6317548746518106,0.10758377425044091
4537,0.6318941504178273,0.1075600617147895
4538,0.6320334261838441,0.10753635962979285
4539,0.6321727019498607,0.10751266798854373
4540,0.6323119777158774,0.10770925110132158
4541,0.6324512534818941,0.10768553182118476
4542,0.6325905292479108,0.10766182298546896
4543,0.6327298050139276,0.10763812458727713
4544,0.6328690807799443,0.10783450704225352
4545,0.633008356545961,0.1078107810781078
4546,0.6331476323119777,0.10778706555213374
4547,0.6332869080779945,0.10776336045744447
4548,0.6334261838440112,0.1077396657871592
4549,0.6335654596100279,0.10771598153440316
4550,0.6337047353760445,0.1076923076923077
4551,0.6338440111420612,0.1078883761810591
4552,0.633983286908078,0.1078646748681898
4553,0.6341225626740947,0.10784098396661541
4554,0.6342618384401114,0.1080368906455863
4555,0.6344011142061281,0.10823271130625686
4556,0.6345403899721448,0.10820895522388059
4557,0.6346796657381616,0.10818520956769805
4558,0.6348189415041783,0.10838086880210619
4559,0.634958217270195,0.10857644220223733
4560,0.6350974930362117,0.10855263157894737
4561,0.6352367688022285,0.10874808156106117
4562,0.6353760445682451,0.10872424375274002
4563,0.6355153203342618,0.10870041639272408
4564,0.6356545961002785,0.10867659947414549
4565,0.6357938718662952,0.10865279299014238
4566,0.635933147632312,0.10862899693385895
4567,0.6360724233983287,0.10860521129844537
4568,0.6362116991643454,0.10880035026269702
4569,0.6363509749303621,0.10877653753556576
4570,0.6364902506963789,0.10897155361050329
4571,0.6366295264623956,0.10894771384817327
4572,0.6367688022284123,0.1089238845144357
4573,0.636908077994429,0.10890006560244916
4574,0.6370473537604456,0.10887625710537822
4575,0.6371866295264624,0.10907103825136612
4576,0.6373259052924791,0.1090472027972028
4577,0.6374651810584958,0.109023377758357
4578,0.6376044568245125,0.10899956312800349
4579,0.6377437325905293,0.108975758899323
4580,0.637883008356546,0.1091703056768559
4581,0.6380222841225627,0.10914647456887143
4582,0.6381615598885794,0.10934089917066783
4583,0.638300835654596,0.10931704123936287
4584,0.6384401114206129,0.10929319371727748
4585,0.6385793871866295,0.10926935659760087
4586,0.6387186629526462,0.10924552987352813
4587,0.6388579387186629,0.1092217135382603
4588,0.6389972144846797,0.10919790758500436
4589,0.6391364902506964,0.1091741120069732
4590,0.6392757660167131,0.10915032679738562
4591,0.6394150417827298,0.10912655194946634
4592,0.6395543175487465,0.1093205574912892
4593,0.6396935933147633,0.10929675593294143
4594,0.63983286908078,0.10927296473661298
4595,0.6399721448467967,0.10924918389553863
4596,0.6401114206128133,0.10922541340295909
4597,0.64025069637883,0.10920165325212094
4598,0.6403899721448468,0.10917790343627665
4599,0.6405292479108635,0.10937160252228745
4600,0.6406685236768802,0.10934782608695652
4601,0.6408077994428969,0.10954140404259943
4602,0.6409470752089137,0.10951760104302477
4603,0.6410863509749304,0.1097110580056485
4604,0.6412256267409471,0.10990443092962641
4605,0.6413649025069638,0.11009771986970684
4606,0.6415041782729805,0.11007381676074685
4607,0.6416434540389973,0.11004992402865205
4608,0.6417827298050139,0.11002604166666667
4609,0.6419220055710306,0.11000216966804079
4610,0.6420612813370473,0.10997830802603037
4611,0.6422005571030641,0.1101713294296248
4612,0.6423398328690808,0.11014744145706852
4613,0.6424791086350975,0.11012356384131801
4614,0.6426183844011142,0.11009969657563935
4615,0.6427576601671309,0.11007583965330445
4616,0.6428969359331477,0.1102686308492201
4617,0.6430362116991644,0.11024474767164825
4618,0.643175487465181,0.1104374187960156
4619,0.6433147632311977,0.11063000649491232
4620,0.6434540389972145,0.11060606060606061
4621,0.6435933147632312,0.11058212508115127
4622,0.6437325905292479,0.11055819991345738
4623,0.6438718662952646,0.11053428509625784
4624,0.6440111420612813,0.11051038062283737
4625,0.6441504178272981,0.11048648648648648
4626,0.6442896935933148,0.11046260268050151
4627,0.6444289693593315,0.11043872919818457
4628,0.6445682451253482,0.11041486603284356
4629,0.6447075208913648,0.11039101317779218
4630,0.6448467966573816,0.11058315334773218
4631,0.6449860724233983,0.1105592744547614
4632,0.645125348189415,0.11075129533678757
4633,0.6452646239554317,0.11094323332613858
4634,0.6454038997214485,0.11091929218817437
4635,0.6455431754874652,0.1111111111111111
4636,0.6456824512534819,0.11108714408973253
4637,0.6458217270194986,0.1110631874056502
4638,0.6459610027855153,0.11103924105217766
4639,0.6461002785515321,0.1110153050226342
4640,0.6462395543175488,0.11099137931034483
4641,0.6463788300835654,0.11096746390864037
4642,0.6465181058495821,0.11094355881085739
4643,0.6466573816155989,0.11113504199870773
4644,0.6467966573816156,0.1111111111111111
4645,0.6469359331476323,0.11108719052744886
4646,0.647075208913649,0.11106328024106758
4647,0.6472144846796657,0.11103938024531956
4648,0.6473537604456825,0.11101549053356283
4649,0.6474930362116992,0.11099161109916111
4650,0.6476323119777159,0.11118279569892472
4651,0.6477715877437326,0.11115889056116963
4652,0.6479108635097494,0.11113499570077386
4653,0.648050139275766,0.11132602621964324
4654,0.6481894150417827,0.11130210571551354
4655,0.6483286908077994,0.11127819548872181
4656,0.6484679665738161,0.11125429553264604
4657,0.6486072423398329,0.11123040584066995
4658,0.6487465181058496,0.1112065264061829
4659,0.6488857938718663,0.11118265722257996
4660,0.649025069637883,0.1111587982832618
4661,0.6491643454038997,0.11113494958163485
4662,0.6493036211699165,0.1111111111111111
4663,0.6494428969359332,0.1110872828651083
4664,0.6495821727019498,0.11106346483704975
4665,0.6497214484679665,0.11103965702036442
4666,0.6498607242339833,0.11101585940848693
4667,0.65,0.11099207199485751
4668,0.6501392757660167,0.11096829477292203
4669,0.6502785515320334,0.11115870636110516
4670,0.6504178272980501,0.11113490364025697
4671,0.6505571030640669,0.1111111111111111
4672,0.6506963788300836,0.1113013698630137
4673,0.6508356545961003,0.11127755189385834
4674,0.650974930362117,0.11125374411638853
4675,0.6511142061281338,0.11122994652406418
4676,0.6512534818941504,0.11120615911035073
4677,0.6513927576601671,0.11118238186871926
4678,0.6515320334261838,0.11115861479264642
4679,0.6516713091922005,0.11113485787561445
4680,0.6518105849582173,0.1111111111111111
4681,0.651949860724234,0.11108737449262979
4682,0.6520891364902507,0.11106364801366937
4683,0.6522284122562674,0.11103993166773436
4684,0.6523676880222842,0.11122971818958155
4685,0.6525069637883009,0.1112059765208111
4686,0.6526462395543176,0.11118224498506189
4687,0.6527855153203342,0.1113718796671645
4688,0.6529247910863509,0.11156143344709897
4689,0.6530640668523677,0.11175090637662614
4690,0.6532033426183844,0.11172707889125799
4691,0.6533426183844011,0.11191643572798977
4692,0.6534818941504178,0.1118925831202046
4693,0.6536211699164345,0.11186874067760494
4694,0.6537604456824513,0.11184490839369408
4695,0.653899721448468,0.11203407880724174
4696,0.6540389972144847,0.11201022146507666
4697,0.6541782729805014,0.11198637428145625
4698,0.6543175487465182,0.11196253724989357
4699,0.6544568245125348,0.1121515216003405
4700,0.6545961002785515,0.11212765957446809
4701,0.6547353760445682,0.11210380770048926
4702,0.6548746518105849,0.11207996597192683
4703,0.6550139275766017,0.11226876461832873
4704,0.6551532033426184,0.11245748299319729
4705,0.6552924791086351,0.1124335812964931
4706,0.6554317548746518,0.11240968975775606
4707,0.6555710306406686,0.11259825791374549
4708,0.6557103064066853,0.11257434154630416
4709,0.655849582172702,0.11255043533658951
4710,0.6559888579387186,0.11252653927813164
4711,0.6561281337047353,0.11250265336446615
4712,0.6562674094707521,0.11247877758913413
4713,0.6564066852367688,0.11245491194568216
4714,0.6565459610027855,0.11243105642766228
4715,0.6566852367688022,0.11240721102863202
4716,0.656824512534819,0.11238337574215437
4717,0.6569637883008357,0.11235955056179775
4718,0.6571030640668524,0.11233573548113608
4719,0.6572423398328691,0.11231193049374867
4720,0.6573816155988857,0.11228813559322035
4721,0.6575208913649025,0.11226435077314129
4722,0.6576601671309192,0.11245235069885642
4723,0.6577994428969359,0.11242854118145247
4724,0.6579387186629526,0.11240474174428451
4725,0.6580779944289693,0.11259259259259259
4726,0.6582172701949861,0.1127803639441388
4727,0.6583565459610028,0.11275650518299132
4728,0.6584958217270195,0.1127326565143824
4729,0.6586350974930362,0.1127088179319095
4730,0.658774373259053,0.11289640591966173
4731,0.6589136490250697,0.1128725428027901
4732,0.6590529247910863,0.1128486897717667
4733,0.659192200557103,0.11282484682019861
4734,0.6593314763231197,0.11280101394169835
4735,0.6594707520891365,0.11277719112988384
4736,0.6596100278551532,0.11296452702702703
4737,0.6597493036211699,0.11294067975511927
4738,0.6598885793871866,0.11291684254959898
4739,0.6600278551532034,0.11289301540409369
4740,0.6601671309192201,0.11286919831223628
4741,0.6603064066852368,0.11284539126766505
4742,0.6604456824512535,0.11303247574862928
4743,0.6605849582172701,0.11300864431794223
4744,0.660724233983287,0.1131956155143339
4745,0.6608635097493036,0.11317175974710221
4746,0.6610027855153203,0.11335861778339655
4747,0.661142061281337,0.11333473772909206
4748,0.6612813370473538,0.11331086773378264
4749,0.6614206128133705,0.11328700779111392
4750,0.6615598885793872,0.11326315789473684
4751,0.6616991643454039,0.11323931803830772
4752,0.6618384401114206,0.11321548821548821
4753,0.6619777158774374,0.1131916684199453
4754,0.6621169916434541,0.11316785864535128
4755,0.6622562674094707,0.1131440588853838
4756,0.6623955431754874,0.11312026913372582
4757,0.6625348189415042,0.1130964893840656
4758,0.6626740947075209,0.11307271963009669
4759,0.6628133704735376,0.11304895986551797
4760,0.6629526462395543,0.11302521008403361
4761,0.663091922005571,0.11300147027935308
4762,0.6632311977715878,0.1129777404451911
4763,0.6633704735376045,0.11295402057526768
4764,0.6635097493036212,0.11293031066330815
4765,0.6636490250696379,0.11290661070304302
4766,0.6637883008356545,0.11288292068820814
4767,0.6639275766016713,0.1130690161527166
4768,0.664066852367688,0.11304530201342282
4769,0.6642061281337047,0.11302159781924932
4770,0.6643454038997214,0.1129979035639413
4771,0.6644846796657382,0.11297421924124922
4772,0.6646239554317549,0.11295054484492875
4773,0.6647632311977716,0.11292688036874084
4774,0.6649025069637883,0.11311269375785504
4775,0.665041782729805,0.1130890052356021
4776,0.6651810584958218,0.11306532663316583
4777,0.6653203342618385,0.11304165794431652
4778,0.6654596100278551,0.11301799916282963
4779,0.6655988857938718,0.11299435028248588
4780,0.6657381615598886,0.11297071129707113
4781,0.6658774373259053,0.11294708220037648
4782,0.666016713091922,0.11292346298619825
4783,0.6661559888579387,0.11289985364833786
4784,0.6662952646239554,0.112876254180602
4785,0.6664345403899722,0.11306165099268548
4786,0.6665738161559889,0.11303802758044296
4787,0.6667130919220056,0.11301441403801964
4788,0.6668523676880223,0.1129908103592314
4789,0.666991643454039,0.11296721653789936
4790,0.6671309192200557,0.11294363256784969
4791,0.6672701949860724,0.11312878313504487
4792,0.6674094707520891,0.1131051752921536
4793,0.6675487465181058,0.11329021489672439
4794,0.6676880222841226,0.1132665832290363
4795,0.6678272980501393,0.1132429614181439
4796,0.667966573816156,0.11321934945788156
4797,0.6681058495821727,0.1131957473420888
4798,0.6682451253481894,0.11317215506461026
4799,0.6683844011142062,0.11314857261929569
4800,0.6685236768802229,0.113125
4801,0.6686629526462395,0.11330972714017913
4802,0.6688022284122562,0.11328613077884214
4803,0.668941504178273,0.11326254424318134
4804,0.6690807799442897,0.11344712739383847
4805,0.6692200557103064,0.11363163371488033
4806,0.6693593314763231,0.1136079900124844
4807,0.6694986072423398,0.11358435614728521
4808,0.6696378830083566,0.11376871880199667
4809,0.6697771587743733,0.11395300478269911
4810,0.66991643454039,0.11392931392931394
4811,0.6700557103064066,0.11390563292454792
4812,0.6701949860724234,0.11388196176226101
4813,0.6703342618384401,0.11385830043631831
4814,0.6704735376044568,0.11383464894058995
4815,0.6706128133704735,0.1138110072689512
4816,0.6707520891364902,0.11378737541528239
4817,0.670891364902507,0.11376375337346896
4818,0.6710306406685237,0.11374014113740141
4819,0.6711699164345404,0.11371653870097531
4820,0.6713091922005571,0.11369294605809128
4821,0.6714484679665739,0.11366936320265505
4822,0.6715877437325906,0.11364579012857735
4823,0.6717270194986072,0.113622226829774
4824,0.6718662952646239,0.11359867330016583
4825,0.6720055710306406,0.11378238341968912
4826,0.6721448467966574,0.11396601740571902
4827,0.6722841225626741,0.11394240729231407
4828,0.6724233983286908,0.11391880695940348
4829,0.6725626740947075,0.11389521640091116
4830,0.6727019498607242,0.11387163561076605
4831,0.672841225626741,0.11384806458290209
4832,0.6729805013927577,0.11382450331125828
4833,0.6731197771587744,0.1138009517897786
4834,0.673259052924791,0.11377741001241208
4835,0.6733983286908078,0.11375387797311272
4836,0.6735376044568245,0.11373035566583954
4837,0.6736768802228412,0.11370684308455654
4838,0.6738161559888579,0.11368334022323275
4839,0.6739554317548746,0.11365984707584212
4840,0.6740947075208914,0.11363636363636363
4841,0.6742339832869081,0.11361288989878124
4842,0.6743732590529248,0.1137959520859149
4843,0.6745125348189415,0.11397893867437539
4844,0.6746518105849583,0.11395540875309662
4845,0.674791086350975,0.11393188854489164
4846,0.6749303621169916,0.11390837804374743
4847,0.6750696378830083,0.11409119042706829
4848,0.675208913649025,0.11406765676567657
4849,0.6753481894150418,0.11404413281088885
4850,0.6754874651810585,0.11402061855670104
4851,0.6756267409470752,0.113997113997114
4852,0.6757660167130919,0.11397361912613355
4853,0.6759052924791087,0.11395013393777045
4854,0.6760445682451254,0.11392665842604038
4855,0.6761838440111421,0.1141091658084449
4856,0.6763231197771588,0.11408566721581549
4857,0.6764623955431754,0.11406217829936174
4858,0.6766016713091922,0.11403869905310828
4859,0.6767409470752089,0.11401522947108458
4860,0.6768802228412256,0.11419753086419752
4861,0.6770194986072423,0.11417403826373174
4862,0.677158774373259,0.11415055532702592
4863,0.6772980501392758,0.11412708204811844
4864,0.6774373259052925,0.11410361842105263
4865,0.6775766016713092,0.11408016443987667
4866,0.6777158774373259,0.11405672009864365
4867,0.6778551532033427,0.11423875077049517
4868,0.6779944289693594,0.114215283483977
4869,0.678133704735376,0.1141918258369275
4870,0.6782729805013927,0.11437371663244353
4871,0.6784122562674094,0.11455553274481627
4872,0.6785515320334262,0.1145320197044335
4873,0.6786908077994429,0.11450851631438538
4874,0.6788300835654596,0.11469019286007386
4875,0.6789693593314763,0.11487179487179487
4876,0.6791086350974931,0.11484823625922888
4877,0.6792479108635098,0.11482468730777116
4878,0.6793871866295265,0.11480114801148011
4879,0.6795264623955432,0.11477761836441894
4880,0.6796657381615598,0.11475409836065574
4881,0.6798050139275766,0.11473058799426347
4882,0.6799442896935933,0.11491192134371159
4883,0.68008356545961,0.11488838828588982
4884,0.6802228412256267,0.11486486486486487
4885,0.6803621169916435,0.11484135107471853
4886,0.6805013927576602,0.11481784690953746
4887,0.6806406685236769,0.11479435236341314
4888,0.6807799442896936,0.1147708674304419
4889,0.6809192200557103,0.1147473921047249
4890,0.6810584958217271,0.1149284253578732
4891,0.6811977715877438,0.11490492741770598
4892,0.6813370473537604,0.11488143908421913
4893,0.6814763231197771,0.11485796035152258
4894,0.6816155988857938,0.1148344912137311
4895,0.6817548746518106,0.11481103166496424
4896,0.6818941504178273,0.11499183006535947
4897,0.682033426183844,0.11496834796814376
4898,0.6821727019498607,0.11494487545937117
4899,0.6823119777158775,0.11512553582363748
4900,0.6824512534818942,0.11510204081632654
4901,0.6825905292479109,0.11507855539685778
4902,0.6827298050139275,0.11525907792737658
4903,0.6828690807799442,0.11523557005914746
4904,0.683008356545961,0.11541598694942903
4905,0.6831476323119777,0.11539245667686035
4906,0.6832869080779944,0.11536893599673868
4907,0.6834261838440111,0.11534542490319952
4908,0.6835654596100279,0.11532192339038305
4909,0.6837047353760446,0.1152984314524343
4910,0.6838440111420613,0.11527494908350305
4911,0.683983286908078,0.11525147627774385
4912,0.6841225626740947,0.11522801302931596
4913,0.6842618384401115,0.11520455933238347
4914,0.6844011142061281,0.11518111518111518
4915,0.6845403899721448,0.11515768056968465
4916,0.6846796657381615,0.11533767290480065
4917,0.6848189415041783,0.11531421598535692
4918,0.684958217270195,0.11529076860512404
4919,0.6850974930362117,0.11547062411059159
4920,0.6852367688022284,0.11544715447154472
4921,0.6853760445682451,0.1154236943710628
4922,0.6855153203342619,0.11540024380333198
4923,0.6856545961002786,0.11557993093642088
4924,0.6857938718662953,0.11575954508529651
4925,0.685933147632312,0.11593908629441624
4926,0.6860724233983287,0.11591555014210313
4927,0.6862116991643454,0.11589202354373858
4928,0.6863509749303621,0.1158685064935065
4929,0.6864902506963788,0.11584499898559546
4930,0.6866295264623955,0.11582150101419879
4931,0.6867688022284123,0.11600081119448388
4932,0.686908077994429,0.11618004866180048
4933,0.6870473537604457,0.11615649706061221
4934,0.6871866295264624,0.11613295500608026
4935,0.6873259052924791,0.11610942249240122
4936,0.6874651810584959,0.11608589951377633
4937,0.6876044568245125,0.11606238606441159
4938,0.6877437325905292,0.11603888213851762
4939,0.6878830083565459,0.11601538773030978
4940,0.6880222841225627,0.11619433198380567
4941,0.6881615598885794,0.1163732038048978
4942,0.6883008356545961,0.11634965600971267
4943,0.6884401114206128,0.11632611774226179
4944,0.6885793871866295,0.11650485436893204
4945,0.6887186629526463,0.11648129423660263
4946,0.688857938718663,0.11645774363121715
4947,0.6889972144846797,0.11643420254699818
4948,0.6891364902506963,0.116410670978173
4949,0.6892757660167131,0.11638714891897353
4950,0.6894150417827298,0.11636363636363636
4951,0.6895543175487465,0.11634013330640275
4952,0.6896935933147632,0.11631663974151858
4953,0.6898328690807799,0.11649505350292752
4954,0.6899721448467967,0.1164715381509891
4955,0.6901114206128134,0.11644803229061554
4956,0.6902506963788301,0.11662631154156577
4957,0.6903899721448468,0.11680451886221505
4958,0.6905292479108636,0.11698265429608713
4959,0.6906685236768803,0.11695906432748537
4960,0.6908077994428969,0.11693548387096774
4961,0.6909470752089136,0.1169119129207821
4962,0.6910863509749303,0.11688835147118097
4963,0.6912256267409471,0.11686479951642152
4964,0.6913649025069638,0.11704270749395648
4965,0.6915041782729805,0.11722054380664652
4966,0.6916434540389972,0.11719693918646798
4967,0.6917827298050139,0.11737467284074894
4968,0.6919220055710307,0.11735104669887278
4969,0.6920612813370474,0.11732743006641175
4970,0.692200557103064,0.11730382293762576
4971,0.6923398328690807,0.11728022530677933
4972,0.6924791086350975,0.1172566371681416
4973,0.6926183844011142,0.11723305851598632
4974,0.6927576601671309,0.11720948934459188
4975,0.6928969359331476,0.1171859296482412
4976,0.6930362116991643,0.11716237942122186
4977,0.6931754874651811,0.117138838657826
4978,0.6933147632311978,0.11731619124146243
4979,0.6934540389972145,0.1174934725848564
4980,0.6935933147632312,0.11746987951807229
4981,0.693732590529248,0.11744629592451315
4982,0.6938718662952646,0.11762344439983942
4983,0.6940111420612813,0.1178005217740317
4984,0.694150417827298,0.117776886035313
4985,0.6942896935933147,0.11795386158475427
4986,0.6944289693593315,0.11813076614520658
4987,0.6945682451253482,0.11810707840385001
4988,0.6947075208913649,0.11808340016038492
4989,0.6948467966573816,0.11805973140910002
4990,0.6949860724233984,0.11803607214428857
4991,0.6951253481894151,0.11801242236024845
4992,0.6952646239554318,0.11798878205128205
4993,0.6954038997214484,0.11796515121169637
4994,0.6955431754874651,0.11794152983580296
4995,0.6956824512534819,0.11811811811811812
4996,0.6958217270194986,0.11829463570856685
4997,0.6959610027855153,0.11827096257754653
4998,0.696100278551532,0.11844737895158063
4999,0.6962395543175487,0.1184236847369474
5000,0.6963788300835655,0.1184
5001,0.6965181058495822,0.118376324735053
5002,0.6966573816155989,0.11855257896841263
5003,0.6967966573816156,0.11852888267039777
5004,0.6969359331476324,0.11850519584332533
5005,0.697075208913649,0.11848151848151849
5006,0.6972144846796657,0.11865761086695965
5007,0.6973537604456824,0.11863391252246855
5008,0.6974930362116991,0.11880990415335463
5009,0.6976323119777159,0.11878618486723896
5010,0.6977715877437326,0.1187624750499002
5011,0.6979108635097493,0.11873877469566953
5012,0.698050139275766,0.1189146049481245
5013,0.6981894150417828,0.11909036505086774
5014,0.6983286908077995,0.1190666134822497
5015,0.6984679665738162,0.11904287138584248
5016,0.6986072423398328,0.11921850079744817
5017,0.6987465181058495,0.11919473789117002
5018,0.6988857938718663,0.11917098445595854
5019,0.699025069637883,0.11914724048615262
5020,0.6991643454038997,0.11912350597609561
5021,0.6993036211699164,0.11909978092013543
5022,0.6994428969359332,0.11927518916766229
5023,0.6995821727019499,0.11925144336054151
5024,0.6997214484679666,0.11922770700636942
5025,0.6998607242339833,0.11920398009950249
5026,0.7,0.11918026263430163
5027,0.7001392757660168,0.11935548040580864
5028,0.7002785515320334,0.11933174224343675
5029,0.7004178272980501,0.11930801352157487
5030,0.7005571030640668,0.11928429423459244
5031,0.7006963788300835,0.11926058437686345
5032,0.7008356545961003,0.11943561208267091
5033,0.700974930362117,0.1194118815815617
5034,0.7011142061281337,0.11938816050854191
5035,0.7012534818941504,0.11936444885799403
5036,0.7013927576601672,0.11953931691818905
5037,0.7015320334261839,0.11971411554496725
5038,0.7016713091922006,0.11969035331480746
5039,0.7018105849582172,0.11986505258979957
5040,0.7019498607242339,0.11984126984126985
5041,0.7020891364902507,0.12001586986708987
5042,0.7022284122562674,0.11999206664022213
5043,0.7023676880222841,0.12016656751933373
5044,0.7025069637883008,0.12014274385408406
5045,0.7026462395543176,0.1201189296333003
5046,0.7027855153203343,0.12009512485136742
5047,0.702924791086351,0.12026946701010502
5048,0.7030640668523677,0.12024564183835182
5049,0.7032033426183844,0.12041988512576748
5050,0.7033426183844012,0.12059405940594059
5051,0.7034818941504178,0.12057018412195605
5052,0.7036211699164345,0.12054631828978622
5053,0.7037604456824512,0.12072036414011478
5054,0.703899721448468,0.12069647803719825
5055,0.7040389972144847,0.1208704253214639
5056,0.7041782729805014,0.12084651898734178
5057,0.7043175487465181,0.12102036780700019
5058,0.7044568245125348,0.12119414788453935
5059,0.7045961002785516,0.12117019173749753
5060,0.7047353760445683,0.12114624505928853
5061,0.704874651810585,0.12112230784429955
5062,0.7050139275766016,0.12129593046226787
5063,0.7051532033426184,0.12127197313845546
5064,0.7052924791086351,0.12144549763033176
5065,0.7054317548746518,0.12142152023692004
5066,0.7055710306406685,0.1213975523095144
5067,0.7057103064066852,0.12137359384251035
5068,0.705849582172702,0.12134964483030782
5069,0.7059888579387187,0.12152298283685145
5070,0.7061281337047354,0.12149901380670611
5071,0.7062674094707521,0.12147505422993492
5072,0.7064066852367687,0.12145110410094637
5073,0.7065459610027855,0.12162428543268283
5074,0.7066852367688022,0.12160031533307056
5075,0.7068245125348189,0.12157635467980296
5076,0.7069637883008356,0.12174940898345153
5077,0.7071030640668524,0.12172542840259996
5078,0.7072423398328691,0.1217014572666404
5079,0.7073816155988858,0.12167749556999409
5080,0.7075208913649025,0.12165354330708661
5081,0.7076601671309192,0.12182641212359771
5082,0.707799442896936,0.12180243998425816
5083,0.7079387186629527,0.12177847727719851
5084,0.7080779944289693,0.12175452399685287
5085,0.708217270194986,0.12173058013765978
5086,0.7083565459610028,0.1219032638615808
5087,0.7084958217270195,0.12187930017692157
5088,0.7086350974930362,0.12185534591194969
5089,0.7087743732590529,0.1218314010611122
5090,0.7089136490250696,0.12180746561886051
5091,0.7090529247910864,0.12178353957965037
5092,0.7091922005571031,0.12175962293794187
5093,0.7093314763231198,0.12193206361672884
5094,0.7094707520891365,0.12190812720848057
5095,0.7096100278551533,0.12208047105004907
5096,0.70974930362117,0.12205651491365777
5097,0.7098885793871866,0.12222876201687267
5098,0.7100278551532033,0.1224009415457042
5099,0.71016713091922,0.12237693665424593
5100,0.7103064066852368,0.1223529411764706
5101,0.7104456824512535,0.1223289551068418
5102,0.7105849582172702,0.12230497843982752
5103,0.7107242339832869,0.12247697432882618
5104,0.7108635097493036,0.12245297805642633
5105,0.7110027855153204,0.12242899118511263
5106,0.7111420612813371,0.12240501370936153
5107,0.7112813370473537,0.1223810456236538
5108,0.7114206128133704,0.12235708692247454
5109,0.7115598885793872,0.12252887062047367
5110,0.7116991643454039,0.12250489236790607
5111,0.7118384401114206,0.12248092349833692
5112,0.7119777158774373,0.12245696400625979
5113,0.712116991643454,0.12262859378055936
5114,0.7122562674094708,0.12260461478294876
5115,0.7123955431754875,0.12258064516129032
5116,0.7125348189415042,0.12275215011727912
5117,0.7126740947075209,0.12292358803986711
5118,0.7128133704735377,0.123094958968347
5119,0.7129526462395543,0.12307091228755616
5120,0.713091922005571,0.123046875
5121,0.7132311977715877,0.12302284710017575
5122,0.7133704735376044,0.12299882858258493
5123,0.7135097493036212,0.12297481944173336
5124,0.7136490250696379,0.12295081967213115
5125,0.7137883008356546,0.12292682926829268
5126,0.7139275766016713,0.12290284822473664
5127,0.7140668523676881,0.12287887653598596
5128,0.7142061281337048,0.12304992199687988
5129,0.7143454038997215,0.12302593098069799
5130,0.7144846796657381,0.12300194931773879
5131,0.7146239554317548,0.12297797700253361
5132,0.7147632311977716,0.12295401402961809
5133,0.7149025069637883,0.12293006039353205
5134,0.715041782729805,0.12290611608881963
5135,0.7151810584958217,0.12288218111002921
5136,0.7153203342618384,0.12305295950155763
5137,0.7154596100278552,0.12302900525598598
5138,0.7155988857938719,0.12300506033476061
5139,0.7157381615598886,0.12317571511967308
5140,0.7158774373259053,0.12315175097276265
5141,0.716016713091922,0.12312779614860922
5142,0.7161559888579387,0.12310385064177364
5143,0.7162952646239554,0.12307991444682093
5144,0.7164345403899721,0.12305598755832037
5145,0.7165738161559888,0.12322643343051506
5146,0.7167130919220056,0.12320248736883016
5147,0.7168523676880223,0.123178550612007
5148,0.716991643454039,0.12315462315462315
5149,0.7171309192200557,0.12313070499126044
5150,0.7172701949860725,0.12310679611650485
5151,0.7174094707520892,0.12308289652494661
5152,0.7175487465181059,0.12305900621118013
5153,0.7176880222841225,0.1232291868814283
5154,0.7178272980501392,0.12339930151338765
5155,0.717966573816156,0.12337536372453928
5156,0.7181058495821727,0.12335143522110163
5157,0.7182451253481894,0.12332751599767307
5158,0.7183844011142061,0.12330360604885615
5159,0.7185236768802229,0.12327970536925761
5160,0.7186629526462396,0.12325581395348838
5161,0.7188022284122563,0.12342569269521411
5162,0.718941504178273,0.12359550561797752
5163,0.7190807799442896,0.12376525276002324
5164,0.7192200557103064,0.1237412858249419
5165,0.7193593314763231,0.12371732817037755
5166,0.7194986072423398,0.12388695315524584
5167,0.7196378830083565,0.12386297658215599
5168,0.7197771587743732,0.1238390092879257
5169,0.71991643454039,0.12381505126716967
5170,0.7200557103064067,0.12379110251450677
5171,0.7201949860724234,0.12396054921678593
5172,0.7203342618384401,0.12393658159319412
5173,0.7204735376044569,0.12391262323603325
5174,0.7206128133704736,0.12408194820255122
5175,0.7207520891364902,0.12405797101449276
5176,0.7208913649025069,0.12403400309119011
5177,0.7210306406685236,0.12401004442727448
5178,0.7211699164345404,0.12417921977597528
5179,0.7213091922005571,0.12415524232477312
5180,0.7214484679665738,0.12413127413127413
5181,0.7215877437325905,0.12430032812198417
5182,0.7217270194986073,0.12427634118101119
5183,0.721866295264624,0.12444530194867837
5184,0.7220055710306407,0.1244212962962963
5185,0.7221448467966574,0.12439729990356799
5186,0.722284122562674,0.12456613960663325
5187,0.7224233983286908,0.12454212454212454
5188,0.7225626740947075,0.12471087124132614
5189,0.7227019498607242,0.12468683754095201
5190,0.7228412256267409,0.12466281310211946
5191,0.7229805013927577,0.12463879791947602
5192,0.7231197771587744,0.12480739599383667
5193,0.7232590529247911,0.12478336221837089
5194,0.7233983286908078,0.12475933769734308
5195,0.7235376044568245,0.12473532242540905
5196,0.7236768802228413,0.12471131639722864
5197,0.723816155988858,0.12468731960746585
5198,0.7239554317548746,0.12466333205078876
5199,0.7240947075208913,0.12463935372186959
5200,0.724233983286908,0.12461538461538461
5201,0.7243732590529248,0.12459142472601423
5202,0.7245125348189415,0.1245674740484429
5203,0.7246518105849582,0.12454353257735921
5204,0.7247910863509749,0.1245196003074558
5205,0.7249303621169917,0.1244956772334294
5206,0.7250696378830084,0.12466384940453323
5207,0.7252089136490251,0.12483195698098713
5208,0.7253481894150418,0.125
5209,0.7254874651810584,0.12516797849875216
5210,0.7256267409470752,0.12514395393474087
5211,0.7257660167130919,0.12531184033774706
5212,0.7259052924791086,0.125287797390637
5213,0.7260445682451253,0.12526376366775369
5214,0.7261838440111421,0.1252397391637898
5215,0.7263231197771588,0.125215723873442
5216,0.7264623955431755,0.12519171779141106
5217,0.7266016713091922,0.12516772091240178
5218,0.7267409470752089,0.12514373323112304
5219,0.7268802228412257,0.1251197547422878
5220,0.7270194986072424,0.12528735632183907
5221,0.727158774373259,0.1252633595096725
5222,0.7272980501392757,0.12543086939869783
5223,0.7274373259052925,0.125406854298296
5224,0.7275766016713092,0.12538284839203676
5225,0.7277158774373259,0.12555023923444977
5226,0.7278551532033426,0.12552621507845388
5227,0.7279944289693593,0.1255022001147886
5228,0.7281337047353761,0.12547819433817903
5229,0.7282729805013928,0.12564543889845095
5230,0.7284122562674095,0.12562141491395792
5231,0.7285515320334262,0.12559740011470083
5232,0.728690807799443,0.1257645259938838
5233,0.7288300835654596,0.12574049302503343
5234,0.7289693593314763,0.12590752770347727
5235,0.729108635097493,0.12588347659980897
5236,0.7292479108635097,0.1258594346829641
5237,0.7293871866295265,0.12583540194767998
5238,0.7295264623955432,0.12600229095074456
5239,0.7296657381615599,0.12597824012216072
5240,0.7298050139275766,0.12595419847328243
5241,0.7299442896935933,0.12593016599885518
5242,0.7300835654596101,0.12609690957649752
5243,0.7302228412256268,0.1262635895479687
5244,0.7303621169916434,0.12643020594965676
5245,0.7305013927576601,0.12640610104861774
5246,0.7306406685236769,0.12657262676324818
5247,0.7307799442896936,0.12673908900323994
5248,0.7309192200557103,0.12671493902439024
5249,0.731058495821727,0.12669079824728519
5250,0.7311977715877437,0.12685714285714286
5251,0.7313370473537605,0.1270234241096934
5252,0.7314763231197772,0.126999238385377
5253,0.7316155988857939,0.12716542927850752
5254,0.7317548746518105,0.12714122573277503
5255,0.7318941504178273,0.12730732635585157
5256,0.732033426183844,0.12728310502283105
5257,0.7321727019498607,0.1272588929046985
5258,0.7323119777158774,0.12723468999619628
5259,0.7324512534818941,0.12721049629207073
5260,0.7325905292479109,0.12718631178707224
5261,0.7327298050139276,0.12735221440790725
5262,0.7328690807799443,0.12751805397187382
5263,0.733008356545961,0.12749382481474444
5264,0.7331476323119778,0.1276595744680851
5265,0.7332869080779945,0.1278252611585945
5266,0.7334261838440111,0.12799088492214206
5267,0.7335654596100278,0.12815644579456997
5268,0.7337047353760445,0.12813211845102507
5269,0.7338440111420613,0.1281078003416208
5270,0.733983286908078,0.12827324478178367
5271,0.7341225626740947,0.12843862644659457
5272,0.7342618384401114,0.1284142640364188
5273,0.7344011142061281,0.1283899108666793
5274,0.7345403899721449,0.12836556693211984
5275,0.7346796657381616,0.12834123222748814
5276,0.7348189415041783,0.12850644427596664
5277,0.734958217270195,0.12848209209778283
5278,0.7350974930362117,0.12845774914740432
5279,0.7352367688022284,0.12843341541958705
5280,0.7353760445682451,0.12859848484848485
5281,0.7355153203342618,0.12857413368680173
5282,0.7356545961002785,0.12873911397198032
5283,0.7357938718662953,0.12871474540980504
5284,0.735933147632312,0.1286903860711582
5285,0.7360724233983287,0.12866603595080417
5286,0.7362116991643454,0.12864169504351117
5287,0.7363509749303622,0.12880650652543976
5288,0.7364902506963789,0.1287821482602118
5289,0.7366295264623955,0.12875779920589903
5290,0.7367688022284122,0.1287334593572779
5291,0.7369080779944289,0.1287091287091287
5292,0.7370473537604457,0.12887377173091458
5293,0.7371866295264624,0.12884942376723976
5294,0.7373259052924791,0.12901397808840195
5295,0.7374651810584958,0.12898961284230406
5296,0.7376044568245126,0.12915407854984895
5297,0.7377437325905293,0.12912969605437039
5298,0.737883008356546,0.1291053227633069
5299,0.7380222841225627,0.1292696735233063
5300,0.7381615598885793,0.12924528301886792
5301,0.7383008356545961,0.12940954536879834
5302,0.7384401114206128,0.12938513768389287
5303,0.7385793871866295,0.12936073920422403
5304,0.7387186629526462,0.12933634992458523
5305,0.7388579387186629,0.1293119698397738
5306,0.7389972144846797,0.12928759894459102
5307,0.7391364902506964,0.1292632372338421
5308,0.7392757660167131,0.1292388847023361
5309,0.7394150417827298,0.12921454134488605
5310,0.7395543175487466,0.12919020715630886
5311,0.7396935933147633,0.12935417058934287
5312,0.7398328690807799,0.12932981927710843
5313,0.7399721448467966,0.12949369471108602
5314,0.7401114206128133,0.129469326307866
5315,0.7402506963788301,0.12963311382878645
5316,0.7403899721448468,0.12979683972911965
5317,0.7405292479108635,0.1297724280609366
5318,0.7406685236768802,0.12974802557352388
5319,0.740807799442897,0.12972363226170333
5320,0.7409470752089137,0.12988721804511277
5321,0.7410863509749304,0.12986280774290546
5322,0.741225626740947,0.13002630590003758
5323,0.7413649025069637,0.13000187863986473
5324,0.7415041782729805,0.12997746055597295
5325,0.7416434540389972,0.12995305164319249
5326,0.7417827298050139,0.13011641006383778
5327,0.7419220055710306,0.13009198423127463
5328,0.7420612813370474,0.13006756756756757
5329,0.7422005571030641,0.1300431600675549
5330,0.7423398328690808,0.1302063789868668
5331,0.7424791086350975,0.13018195460513976
5332,0.7426183844011142,0.13034508627156788
5333,0.742757660167131,0.13032064504031501
5334,0.7428969359331477,0.13029621297337832
5335,0.7430362116991643,0.13045923149015934
5336,0.743175487465181,0.13043478260869565
5337,0.7433147632311977,0.13041034288926362
5338,0.7434540389972145,0.1305732484076433
5339,0.7435933147632312,0.1305487919085971
5340,0.7437325905292479,0.13052434456928838
5341,0.7438718662952646,0.13049990638457218
5342,0.7440111420612814,0.13047547734930737
5343,0.7441504178272981,0.13045105745835672
5344,0.7442896935933148,0.13042664670658682
5345,0.7444289693593314,0.1304022450888681
5346,0.7445682451253481,0.1305649083426861
5347,0.7447075208913649,0.13072751075369365
5348,0.7448467966573816,0.13089005235602094
5349,0.7449860724233983,0.13105253318377266
5350,0.745125348189415,0.13121495327102803
5351,0.7452646239554318,0.13119043169501027
5352,0.7454038997214485,0.1311659192825112
5353,0.7455431754874652,0.13132822716233888
5354,0.7456824512534819,0.13130369816959284
5355,0.7458217270194986,0.13146591970121382
5356,0.7459610027855154,0.13162808065720688
5357,0.746100278551532,0.13160350942691806
5358,0.7462395543175487,0.13176558417319895
5359,0.7463788300835654,0.13174099645456241
5360,0.7465181058495822,0.13171641791044778
5361,0.7466573816155989,0.131878380899086
5362,0.7467966573816156,0.13185378590078328
5363,0.7469359331476323,0.13182920007458512
5364,0.747075208913649,0.1319910514541387
5365,0.7472144846796658,0.13196644920782852
5366,0.7473537604456825,0.1319418561311964
5367,0.7474930362116992,0.13191727221911684
5368,0.7476323119777158,0.13189269746646795
5369,0.7477715877437325,0.13205438629167443
5370,0.7479108635097493,0.13202979515828678
5371,0.748050139275766,0.1320052131819028
5372,0.7481894150417827,0.13198064035740878
5373,0.7483286908077994,0.13195607667969478
5374,0.7484679665738162,0.13193152214365464
5375,0.7486072423398329,0.13190697674418606
5376,0.7487465181058496,0.13188244047619047
5377,0.7488857938718663,0.1318579133345732
5378,0.749025069637883,0.1318333953142432
5379,0.7491643454038998,0.1318088864101134
5380,0.7493036211699164,0.13178438661710037
5381,0.7494428969359331,0.13194573499349563
5382,0.7495821727019498,0.13210702341137123
5383,0.7497214484679666,0.13208248188742336
5384,0.7498607242339833,0.13205794947994057
5385,0.75,0.13221912720519963
5386,0.7501392757660167,0.13219457853694763
5387,0.7502785515320334,0.13217003898273622
5388,0.7504178272980502,0.13233110616184113
5389,0.7505571030640669,0.13230655038040454
5390,0.7506963788300836,0.13228200371057514
5391,0.7508356545961002,0.1322574661472825
5392,0.750974930362117,0.13223293768545993
5393,0.7511142061281337,0.1323938438716855
5394,0.7512534818941504,0.13236929922135707
5395,0.7513927576601671,0.13234476367006487
5396,0.7515320334261838,0.13232023721275019
5397,0.7516713091922006,0.13229571984435798
5398,0.7518105849582173,0.13227121155983698
5399,0.751949860724234,0.13224671235413965
5400,0.7520891364902507,0.1322222222222222
5401,0.7522284122562675,0.13238289205702647
5402,0.7523676880222842,0.13235838578304332
5403,0.7525069637883008,0.13251897094206921
5404,0.7526462395543175,0.13249444855662473
5405,0.7527855153203342,0.1324699352451434
5406,0.752924791086351,0.13263041065482797
5407,0.7530640668523677,0.13260588126502681
5408,0.7532033426183844,0.13258136094674555
5409,0.7533426183844011,0.13274172675171012
5410,0.7534818941504178,0.13271719038817006
5411,0.7536211699164346,0.132692663093698
5412,0.7537604456824513,0.13285291943828528
5413,0.753899721448468,0.13301311657121745
5414,0.7540389972144846,0.13298854820834874
5415,0.7541782729805014,0.1329639889196676
5416,0.7543175487465181,0.1329394387001477
5417,0.7544568245125348,0.13291489754476649
5418,0.7545961002785515,0.132890365448505
5419,0.7547353760445682,0.13286584240634802
5420,0.754874651810585,0.13284132841328414
5421,0.7550139275766017,0.13300129127467256
5422,0.7551532033426184,0.13297676134267797
5423,0.7552924791086351,0.13295224045731144
5424,0.7554317548746519,0.13292772861356933
5425,0.7555710306406686,0.1329032258064516
5426,0.7557103064066852,0.13287873203096204
5427,0.7558495821727019,0.13285424728210798
5428,0.7559888579387186,0.13301400147383935
5429,0.7561281337047354,0.13317369681340946
5430,0.7562674094707521,0.13333333333333333
5431,0.7564066852367688,0.13330878291290738
5432,0.7565459610027855,0.1332842415316642
5433,0.7566852367688023,0.13325970918461255
5434,0.756824512534819,0.1332351858667648
5435,0.7569637883008357,0.13339466421343146
5436,0.7571030640668523,0.1333701250919794
5437,0.757242339832869,0.13352951995585802
5438,0.7573816155988858,0.13350496506068407
5439,0.7575208913649025,0.13366427652141938
5440,0.7576601671309192,0.13363970588235294
5441,0.7577994428969359,0.13361514427494947
5442,0.7579387186629526,0.13377434766629914
5443,0.7580779944289694,0.13374977034723498
5444,0.7582172701949861,0.1337252020573108
5445,0.7583565459610028,0.1337006427915519
5446,0.7584958217270195,0.13367609254498714
5447,0.7586350974930363,0.13365155131264916
5448,0.758774373259053,0.13381057268722468
5449,0.7589136490250696,0.13378601578271243
5450,0.7590529247910863,0.13376146788990825
5451,0.759192200557103,0.1337369290038525
5452,0.7593314763231198,0.1338958180484226
5453,0.7594707520891365,0.13405464881716486
5454,0.7596100278551532,0.13403006967363404
5455,0.7597493036211699,0.13418881759853346
5456,0.7598885793871867,0.1343475073313783
5457,0.7600278551532034,0.1345061389041598
5458,0.7601671309192201,0.134481495053133
5459,0.7603064066852367,0.1344568602308115
5460,0.7604456824512534,0.1346153846153846
5461,0.7605849582172702,0.13459073429774768
5462,0.7607242339832869,0.13456609300622482
5463,0.7608635097493036,0.13454146073585943
5464,0.7610027855153203,0.13451683748169838
5465,0.7611420612813371,0.13467520585544374
5466,0.7612813370473538,0.13465056714233442
5467,0.7614206128133705,0.13462593744283885
5468,0.7615598885793872,0.1346013167520117
5469,0.7616991643454039,0.13457670506491132
5470,0.7618384401114207,0.13473491773308957
5471,0.7619777158774373,0.13471029062328643
5472,0.762116991643454,0.13468567251461988
5473,0.7622562674094707,0.13466106340215603
5474,0.7623955431754874,0.13463646328096457
5475,0.7625348189415042,0.13461187214611872
5476,0.7626740947075209,0.1345872899926954
5477,0.7628133704735376,0.13456271681577506
5478,0.7629526462395543,0.13453815261044177
5479,0.7630919220055711,0.13451359737178317
5480,0.7632311977715878,0.1344890510948905
5481,0.7633704735376045,0.13464696223316913
5482,0.7635097493036211,0.1348048157606713
5483,0.7636490250696378,0.13478022980120372
5484,0.7637883008356546,0.13475565280816923
5485,0.7639275766016713,0.13473108477666362
5486,0.764066852367688,0.13470652570178637
5487,0.7642061281337047,0.13468197557864042
5488,0.7643454038997215,0.13465743440233235
5489,0.7644846796657382,0.1346329021679723
5490,0.7646239554317549,0.13460837887067395
5491,0.7647632311977716,0.13458386450555454
5492,0.7649025069637883,0.1347414420975965
5493,0.765041782729805,0.1347169124340069
5494,0.7651810584958217,0.1346923917000364
5495,0.7653203342618384,0.1348498635122839
5496,0.7654596100278551,0.13482532751091703
5497,0.7655988857938719,0.13498271784609786
5498,0.7657381615598886,0.13514005092761003
5499,0.7658774373259053,0.13511547554100745
5500,0.766016713091922,0.13527272727272727
5501,0.7661559888579387,0.13524813670241775
5502,0.7662952646239555,0.13522355507088332
5503,0.7664345403899722,0.13519898237325095
5504,0.7665738161559889,0.13517441860465115
5505,0.7667130919220055,0.13533151680290645
5506,0.7668523676880222,0.1353069378859426
5507,0.766991643454039,0.13528236789540585
5508,0.7671309192200557,0.135439360929557
5509,0.7672701949860724,0.13559629696859685
5510,0.7674094707520891,0.13575317604355716
5511,0.7675487465181059,0.13572854291417166
5512,0.7676880222841226,0.1358853410740203
5513,0.7678272980501393,0.13586069290767278
5514,0.767966573816156,0.1358360536815379
5515,0.7681058495821727,0.1358114233907525
5516,0.7682451253481895,0.13578680203045684
5517,0.7683844011142061,0.13594344752582926
5518,0.7685236768802228,0.13591881116346502
5519,0.7686629526462395,0.1358941837289364
5520,0.7688022284122563,0.1358695652173913
5521,0.768941504178273,0.1360260822314798
5522,0.7690807799442897,0.13600144875045272
5523,0.7692200557103064,0.13597682418975196
5524,0.7693593314763231,0.13595220854453294
5525,0.7694986072423399,0.13592760180995475
5526,0.7696378830083566,0.13590300398117988
5527,0.7697771587743732,0.13605934503347206
5528,0.7699164345403899,0.13621562952243127
5529,0.7700557103064067,0.13619099294628323
5530,0.7701949860724234,0.13616636528028933
5531,0.7703342618384401,0.13614174651961672
5532,0.7704735376044568,0.136117136659436
5533,0.7706128133704735,0.1362732694740647
5534,0.7707520891364903,0.1362486447415974
5535,0.770891364902507,0.13622402890695573
5536,0.7710306406685237,0.1363800578034682
5537,0.7711699164345404,0.13635542712660284
5538,0.771309192200557,0.13651137594799567
5539,0.7714484679665738,0.13648673045676116
5540,0.7715877437325905,0.13646209386281588
5541,0.7717270194986072,0.13661793900018046
5542,0.7718662952646239,0.13659328762179718
5543,0.7720055710306407,0.1365686451380119
5544,0.7721448467966574,0.13654401154401155
5545,0.7722841225626741,0.13669972948602344
5546,0.7724233983286908,0.13685539127298954
5547,0.7725626740947075,0.13701099693528032
5548,0.7727019498607243,0.13716654650324442
5549,0.772841225626741,0.13714182735628042
5550,0.7729805013927576,0.1371171171171171
5551,0.7731197771587743,0.1372725635020717
5552,0.7732590529247911,0.1372478386167147
5553,0.7733983286908078,0.13722312263641276
5554,0.7735376044568245,0.13719841555635579
5555,0.7736768802228412,0.13717371737173717
5556,0.7738161559888579,0.13714902807775378
5557,0.7739554317548747,0.1371243476696059
5558,0.7740947075208914,0.1370996761424973
5559,0.7742339832869081,0.13707501349163517
5560,0.7743732590529248,0.1370503597122302
5561,0.7745125348189416,0.13720553857219925
5562,0.7746518105849582,0.1373606616325063
5563,0.7747910863509749,0.13751572892324285
5564,0.7749303621169916,0.13749101365923797
5565,0.7750696378830083,0.1376460017969452
5566,0.7752089136490251,0.13762127200862379
5567,0.7753481894150418,0.13759655110472427
5568,0.7754874651810585,0.13757183908045978
5569,0.7756267409470752,0.13754713593104687
5570,0.775766016713092,0.13752244165170557
5571,0.7759052924791087,0.1374977562376593
5572,0.7760445682451254,0.13765254845656855
5573,0.776183844011142,0.13762784855553561
5574,0.7763231197771587,0.1376031575170434
5575,0.7764623955431755,0.1377578475336323
5576,0.7766016713091922,0.13773314203730272
5577,0.7767409470752089,0.13770844540075308
5578,0.7768802228412256,0.13786303334528505
5579,0.7770194986072423,0.1378383222799785
5580,0.7771587743732591,0.13799283154121864
5581,0.7772980501392758,0.13796810607418025
5582,0.7774373259052925,0.13794338946614118
5583,0.7775766016713092,0.13791868171234103
5584,0.777715877437326,0.13807306590257878
5585,0.7778551532033426,0.13804834377797673
5586,0.7779944289693593,0.13802363050483352
5587,0.778133704735376,0.13799892607839628
5588,0.7782729805013927,0.1381531853972799
5589,0.7784122562674095,0.1381284666308821
5590,0.7785515320334262,0.13828264758497316
5591,0.7786908077994429,0.1382579145054552
5592,0.7788300835654596,0.13841201716738197
5593,0.7789693593314764,0.13838726980153765
5594,0.7791086350974931,0.13836253128351805
5595,0.7792479108635098,0.1383378016085791
5596,0.7793871866295264,0.13831308077197998
5597,0.7795264623955431,0.13828836876898337
5598,0.7796657381615599,0.13844230082172204
5599,0.7798050139275766,0.13859617788890874
5600,0.7799442896935933,0.13875
5601,0.78008356545961,0.1387252276379218
5602,0.7802228412256268,0.13870046411995715
5603,0.7803621169916435,0.1386757094413707
5604,0.7805013927576602,0.13882940756602427
5605,0.7806406685236769,0.13898305084745763
5606,0.7807799442896936,0.1389582590082055
5607,0.7809192200557104,0.1389334760121277
5608,0.781058495821727,0.13890870185449358
5609,0.7811977715877437,0.1390622214298449
5610,0.7813370473537604,0.1392156862745098
5611,0.7814763231197771,0.13936909641775086
5612,0.7816155988857939,0.13934426229508196
5613,0.7817548746518106,0.13931943702120078
5614,0.7818941504178273,0.13947274670466692
5615,0.782033426183844,0.1394479073909172
5616,0.7821727019498608,0.13942307692307693
5617,0.7823119777158775,0.13939825529642158
5618,0.7824512534818941,0.13937344250623
5619,0.7825905292479108,0.13934863854778431
5620,0.7827298050139275,0.1393238434163701
5621,0.7828690807799443,0.13947696139476962
5622,0.783008356545961,0.13963002490217005
5623,0.7831476323119777,0.13978303396763295
5624,0.7832869080779944,0.13975817923186346
5625,0.7834261838440112,0.13973333333333332
5626,0.7835654596100279,0.13970849626733026
5627,0.7837047353760446,0.1396836680291452
5628,0.7838440111420613,0.1396588486140725
5629,0.783983286908078,0.13981168946526915
5630,0.7841225626740947,0.13978685612788633
5631,0.7842618384401114,0.13993961996093057
5632,0.7844011142061281,0.13991477272727273
5633,0.7845403899721448,0.14006745961299485
5634,0.7846796657381616,0.1402200922967696
5635,0.7848189415041783,0.1401952085181899
5636,0.784958217270195,0.14017033356990774
5637,0.7850974930362117,0.1401454674472237
5638,0.7852367688022284,0.14029797800638524
5639,0.7853760445682452,0.14027309806703317
5640,0.7855153203342619,0.1402482269503546
5641,0.7856545961002785,0.140400638184719
5642,0.7857938718662952,0.14055299539170507
5643,0.7859331476323119,0.14052808789650895
5644,0.7860724233983287,0.14068036853295535
5645,0.7862116991643454,0.14065544729849425
5646,0.7863509749303621,0.140807651434644
5647,0.7864902506963788,0.14078271648663007
5648,0.7866295264623956,0.14075779036827196
5649,0.7867688022284123,0.1409098955567357
5650,0.786908077994429,0.14088495575221238
5651,0.7870473537604457,0.14086002477437623
5652,0.7871866295264623,0.1408351026185421
5653,0.7873259052924791,0.1408101892800283
5654,0.7874651810584958,0.14078528475415636
5655,0.7876044568245125,0.14093722369584438
5656,0.7877437325905292,0.1409123055162659
5657,0.787883008356546,0.14088739614636733
5658,0.7880222841225627,0.14103923647932132
5659,0.7881615598885794,0.14101431348294752
5660,0.7883008356545961,0.14098939929328622
5661,0.7884401114206128,0.14096449390567037
5662,0.7885793871866296,0.14093959731543623
5663,0.7887186629526463,0.14091470951792337
5664,0.7888579387186629,0.14106638418079095
5665,0.7889972144846796,0.1410414827890556
5666,0.7891364902506964,0.14101659018708082
5667,0.7892757660167131,0.14099170637021352
5668,0.7894150417827298,0.14114326040931546
5669,0.7895543175487465,0.14111836302698888
5670,0.7896935933147632,0.14109347442680775
5671,0.78983286908078,0.14124493034738142
5672,0.7899721448467967,0.1412200282087447
5673,0.7901114206128134,0.14119513484928609
5674,0.79025069637883,0.14134649277405711
5675,0.7903899721448467,0.1413215859030837
5676,0.7905292479108635,0.14129668780831572
5677,0.7906685236768802,0.14127179848511537
5678,0.7908077994428969,0.14142303628038042
5679,0.7909470752089136,0.1415742208135235
5680,0.7910863509749304,0.14172535211267606
5681,0.7912256267409471,0.14187643020594964
5682,0.7913649025069638,0.1420274551214361
5683,0.7915041782729805,0.14200246348759457
5684,0.7916434540389972,0.14197748064743138
5685,0.791782729805014,0.14195250659630607
5686,0.7919220055710307,0.14192754132958144
5687,0.7920612813370473,0.14207842447687707
5688,0.792200557103064,0.14222925457102673
5689,0.7923398328690808,0.14238003164000704
5690,0.7924791086350975,0.14253075571177504
5691,0.7926183844011142,0.14250571077139343
5692,0.7927576601671309,0.1426563598032326
5693,0.7928969359331476,0.14263130159845425
5694,0.7930362116991644,0.1426062521952933
5695,0.7931754874651811,0.14275680421422302
5696,0.7933147632311978,0.14290730337078653
5697,0.7934540389972145,0.1428822187116026
5698,0.7935933147632313,0.14303264303264304
5699,0.7937325905292479,0.1430075451833655
5700,0.7938718662952646,0.1431578947368421
5701,0.7940111420612813,0.14313278372215402
5702,0.794150417827298,0.14328305857593826
5703,0.7942896935933148,0.14325793442048046
5704,0.7944289693593315,0.1432328190743338
5705,0.7945682451253482,0.1432077125328659
5706,0.7947075208913649,0.1431826147914476
5707,0.7948467966573816,0.14315752584545297
5708,0.7949860724233984,0.14330763840224248
5709,0.795125348189415,0.14328253634612015
5710,0.7952646239554317,0.1434325744308231
5711,0.7954038997214484,0.14340745928909124
5712,0.7955431754874652,0.14355742296918766
5713,0.7956824512534819,0.14353229476632243
5714,0.7958217270194986,0.14350717535876795
5715,0.7959610027855153,0.14348206474190725
5716,0.796100278551532,0.14345696291112667
5717,0.7962395543175488,0.14343186986181564
5718,0.7963788300835655,0.14340678558936693
5719,0.7965181058495822,0.14338171008917644
5720,0.7966573816155988,0.14335664335664336
5721,0.7967966573816156,0.14333158538717009
5722,0.7969359331476323,0.1434813002446697
5723,0.797075208913649,0.14363096278175783
5724,0.7972144846796657,0.14360587002096437
5725,0.7973537604456824,0.14358078602620086
5726,0.7974930362116992,0.1435557107928746
5727,0.7976323119777159,0.14370525580583202
5728,0.7977715877437326,0.14385474860335196
5729,0.7979108635097493,0.14382963868039797
5730,0.7980501392757661,0.14380453752181502
5731,0.7981894150417828,0.1437794451230152
5732,0.7983286908077994,0.1437543614794138
5733,0.7984679665738161,0.14390371533228677
5734,0.7986072423398328,0.14387861876525984
5735,0.7987465181058496,0.14402789886660855
5736,0.7988857938718663,0.1441771269177127
5737,0.799025069637883,0.1441519958166289
5738,0.7991643454038997,0.14412687347507844
5739,0.7993036211699165,0.1441017598884823
5740,0.7994428969359332,0.1440766550522648
5741,0.7995821727019499,0.1442257446437903
5742,0.7997214484679666,0.1443747823058168
5743,0.7998607242339832,0.14452376806547101
5744,0.8,0.14467270194986073
5745,0.8001392757660167,0.14464751958224542
5746,0.8002785515320334,0.14462234597981205
5747,0.8004178272980501,0.14477118496606925
5748,0.8005571030640668,0.14491997216423103
5749,0.8006963788300836,0.14489476430683598
5750,0.8008356545961003,0.1448695652173913
5751,0.800974930362117,0.14484437489132324
5752,0.8011142061281337,0.1448191933240612
5753,0.8012534818941505,0.1447940205110377
5754,0.8013927576601672,0.14494264859228362
5755,0.8015320334261838,0.14509122502172025
5756,0.8016713091922005,0.14523974982626825
5757,0.8018105849582172,0.1453882230328296
5758,0.801949860724234,0.1453629732546023
5759,0.8020891364902507,0.14533773224518146
5760,0.8022284122562674,0.14548611111111112
5761,0.8023676880222841,0.1454608574900191
5762,0.8025069637883009,0.14560916348490108
5763,0.8026462395543176,0.14575741801145237
5764,0.8027855153203343,0.1459056210964608
5765,0.802924791086351,0.1458803122289679
5766,0.8030640668523676,0.1460284425945196
5767,0.8032033426183844,0.14600312120686665
5768,0.8033426183844011,0.1461511789181692
5769,0.8034818941504178,0.14629918530074537
5770,0.8036211699164345,0.1462738301559792
5771,0.8037604456824513,0.14624848379830185
5772,0.803899721448468,0.1463963963963964
5773,0.8040389972144847,0.14637103758877534
5774,0.8041782729805014,0.14634568756494631
5775,0.8043175487465181,0.14632034632034632
5776,0.8044568245125349,0.14629501385041552
5777,0.8045961002785516,0.1464427903756275
5778,0.8047353760445682,0.14641744548286603
5779,0.8048746518105849,0.14639210936148123
5780,0.8050139275766016,0.1463667820069204
5781,0.8051532033426184,0.14634146341463414
5782,0.8052924791086351,0.14648910411622276
5783,0.8054317548746518,0.14663669375756527
5784,0.8055710306406685,0.14678423236514523
5785,0.8057103064066853,0.1467588591184097
5786,0.805849582172702,0.1467334946422399
5787,0.8059888579387187,0.14670813893208917
5788,0.8061281337047354,0.14685556323427781
5789,0.806267409470752,0.14683019519778892
5790,0.8064066852367688,0.14680483592400692
5791,0.8065459610027855,0.14677948540839234
5792,0.8066852367688022,0.14675414364640885
5793,0.8068245125348189,0.1469014327636803
5794,0.8069637883008357,0.14687607870210562
5795,0.8071030640668524,0.14702329594477997
5796,0.8072423398328691,0.14699792960662525
5797,0.8073816155988858,0.14697257202001035
5798,0.8075208913649025,0.1471196964470507
5799,0.8076601671309193,0.14726677013278153
5800,0.807799442896936,0.14724137931034484
5801,0.8079387186629526,0.14738838131356663
5802,0.8080779944289693,0.14753533264391588
5803,0.8082172701949861,0.14750990866793037
5804,0.8083565459610028,0.1474844934527912
5805,0.8084958217270195,0.14745908699397073
5806,0.8086350974930362,0.14743368928694453
5807,0.8087743732590529,0.14740830032719132
5808,0.8089136490250697,0.1475550964187328
5809,0.8090529247910864,0.14752969530039595
5810,0.8091922005571031,0.14750430292598968
5811,0.8093314763231197,0.1476510067114094
5812,0.8094707520891364,0.14762560220233997
5813,0.8096100278551532,0.14777223464648204
5814,0.8097493036211699,0.1479188166494668
5815,0.8098885793871866,0.14789337919174547
5816,0.8100278551532033,0.14786795048143053
5817,0.8101671309192201,0.14784253051401067
5818,0.8103064066852368,0.14798899965623927
5819,0.8104456824512535,0.14796356762330298
5820,0.8105849582172702,0.14810996563573883
5821,0.8107242339832869,0.14808452155986943
5822,0.8108635097493037,0.14823084850566814
5823,0.8110027855153203,0.14820539240941097
5824,0.811142061281337,0.14835164835164835
5825,0.8112813370473537,0.14849785407725322
5826,0.8114206128133705,0.14847236525918298
5827,0.8115598885793872,0.14844688518963445
5828,0.8116991643454039,0.14859299931365821
5829,0.8118384401114206,0.1487390633041688
5830,0.8119777158774373,0.14888507718696398
5831,0.8121169916434541,0.148859543817527
5832,0.8122562674094708,0.14883401920438957
5833,0.8123955431754875,0.14880850334304818
5834,0.8125348189415041,0.1487829962290024
5835,0.8126740947075209,0.14892887746358183
5836,0.8128133704735376,0.1490747087045922
5837,0.8129526462395543,0.1492204899777283
5838,0.813091922005571,0.14919492977046933
5839,0.8132311977715877,0.14934064052063709
5840,0.8133704735376045,0.14931506849315068
5841,0.8135097493036212,0.1492895052217086
5842,0.8136490250696379,0.14926395070181445
5843,0.8137883008356546,0.14923840492897483
5844,0.8139275766016713,0.14921286789869953
5845,0.814066852367688,0.1493584260051326
5846,0.8142061281337047,0.14933287718097846
5847,0.8143454038997214,0.14930733709594665
5848,0.8144846796657381,0.14928180574555402
5849,0.8146239554317549,0.1494272525217986
5850,0.8147632311977716,0.14957264957264957
5851,0.8149025069637883,0.1497179969236028
5852,0.815041782729805,0.1498632946001367
5853,0.8151810584958217,0.1498376900734666
5854,0.8153203342618385,0.14998291766313632
5855,0.8154596100278552,0.15012809564474808
5856,0.8155988857938719,0.15010245901639344
5857,0.8157381615598885,0.15007683114222298
5858,0.8158774373259053,0.1500512120177535
5859,0.816016713091922,0.15002560163850487
5860,0.8161559888579387,0.15017064846416384
5861,0.8162952646239554,0.15031564579423307
5862,0.8164345403899721,0.15029000341180485
5863,0.8165738161559889,0.1504349309227358
5864,0.8167130919220056,0.15057980900409276
5865,0.8168523676880223,0.15072463768115943
5866,0.816991643454039,0.15086941697920217
5867,0.8171309192200558,0.15084370206238282
5868,0.8172701949860725,0.15081799591002046
5869,0.8174094707520891,0.15096268529562107
5870,0.8175487465181058,0.15093696763202727
5871,0.8176880222841225,0.15108158746380515
5872,0.8178272980501393,0.1510558583106267
5873,0.817966573816156,0.15103013791929168
5874,0.8181058495821727,0.15100442628532515
5875,0.8182451253481894,0.15114893617021277
5876,0.8183844011142062,0.15112321307011573
5877,0.8185236768802229,0.15109749872383868
5878,0.8186629526462396,0.1510717931269139
5879,0.8188022284122562,0.15104609627487667
5880,0.8189415041782729,0.1510204081632653
5881,0.8190807799442897,0.15099472878762116
5882,0.8192200557103064,0.15113906834410065
5883,0.8193593314763231,0.15111337752847187
5884,0.8194986072423398,0.1512576478585996
5885,0.8196378830083565,0.15123194562446898
5886,0.8197771587743733,0.15120625212368333
5887,0.81991643454039,0.15118056735179208
5888,0.8200557103064067,0.15115489130434784
5889,0.8201949860724234,0.1511292239769061
5890,0.8203342618384402,0.15110356536502548
5891,0.8204735376044568,0.15107791546426752
5892,0.8206128133704735,0.15122199592668026
5893,0.8207520891364902,0.1511963346343119
5894,0.8208913649025069,0.1511706820495419
5895,0.8210306406685237,0.15131467345207802
5896,0.8211699164345404,0.15128900949796473
5897,0.8213091922005571,0.15126335424792267
5898,0.8214484679665738,0.1512377076975246
5899,0.8215877437325906,0.15121206984234617
5900,0.8217270194986073,0.15135593220338983
5901,0.821866295264624,0.15149974580579562
5902,0.8220055710306406,0.15147407658420875
5903,0.8221448467966573,0.151617821446722
5904,0.8222841225626741,0.1515921409214092
5905,0.8224233983286908,0.15156646909398813
5906,0.8225626740947075,0.15154080596004063
5907,0.8227019498607242,0.15168444218723548
5908,0.822841225626741,0.15165876777251186
5909,0.8229805013927577,0.15180233542054494
5910,0.8231197771587744,0.1517766497461929
5911,0.8232590529247911,0.1517509727626459
5912,0.8233983286908078,0.1517253044654939
5913,0.8235376044568246,0.15186876374090985
5914,0.8236768802228412,0.15184308420696652
5915,0.8238161559888579,0.15198647506339813
5916,0.8239554317548746,0.15196078431372548
5917,0.8240947075208913,0.1521041068108839
5918,0.8242339832869081,0.15207840486650895
5919,0.8243732590529248,0.15205271160669032
5920,0.8245125348189415,0.15202702702702703
5921,0.8246518105849582,0.1521702415132579
5922,0.824791086350975,0.15231340763255657
5923,0.8249303621169917,0.15228769204794868
5924,0.8250696378830084,0.1524307900067522
5925,0.825208913649025,0.15240506329113923
5926,0.8253481894150417,0.15254809314883563
5927,0.8254874651810585,0.15252235532309769
5928,0.8256267409470752,0.15266531713900136
5929,0.8257660167130919,0.1526395682239838
5930,0.8259052924791086,0.1527824620573356
5931,0.8260445682451254,0.15275670207384925
5932,0.8261838440111421,0.1528995279838166
5933,0.8263231197771588,0.1530423057475139
5934,0.8264623955431755,0.15301651499831478
5935,0.8266016713091922,0.1531592249368155
5936,0.826740947075209,0.153133423180593
5937,0.8268802228412256,0.15327606535287183
5938,0.8270194986072423,0.1532502526103065
5939,0.827158774373259,0.1533928270752652
5940,0.8272980501392758,0.15353535353535352
5941,0.8274373259052925,0.1535095101834708
5942,0.8275766016713092,0.15348367553012454
5943,0.8277158774373259,0.1536261147568568
5944,0.8278551532033426,0.15360026917900405
5945,0.8279944289693594,0.1535744322960471
5946,0.8281337047353761,0.15371678439286915
5947,0.8282729805013928,0.15369093660669245
5948,0.8284122562674094,0.15366509751176866
5949,0.8285515320334261,0.15380736258194655
5950,0.8286908077994429,0.15378151260504203
5951,0.8288300835654596,0.15375567131574525
5952,0.8289693593314763,0.1538978494623656
5953,0.829108635097493,0.15387199731227952
5954,0.8292479108635098,0.15401410816257977
5955,0.8293871866295265,0.15398824517212426
5956,0.8295264623955432,0.15413028878441906
5957,0.8296657381615599,0.1541044149739802
5958,0.8298050139275766,0.15424639140651225
5959,0.8299442896935934,0.154388320187951
5960,0.83008356545961,0.15453020134228188
5961,0.8302228412256267,0.15467203489347425
5962,0.8303621169916434,0.15481382086548137
5963,0.8305013927576602,0.15495555928224047
5964,0.8306406685236769,0.1550972501676727
5965,0.8307799442896936,0.15523889354568315
5966,0.8309192200557103,0.15538048944016092
5967,0.831058495821727,0.15552203787497906
5968,0.8311977715877438,0.15566353887399464
5969,0.8313370473537605,0.15563746021109062
5970,0.8314763231197771,0.15577889447236182
5971,0.8316155988857938,0.1557528052252554
5972,0.8317548746518106,0.15589417280643
5973,0.8318941504178273,0.15586807299514482
5974,0.832033426183844,0.1560093739537998
5975,0.8321727019498607,0.15615062761506276
5976,0.8323119777158774,0.15629183400267738
5977,0.8324512534818942,0.15643299314037143
5978,0.8325905292479109,0.15657410505185682
5979,0.8327298050139276,0.15654791771199197
5980,0.8328690807799443,0.1565217391304348
5981,0.833008356545961,0.15649556930279218
5982,0.8331476323119777,0.15663657639585424
5983,0.8332869080779944,0.15661039612234665
5984,0.8334261838440111,0.1567513368983957
5985,0.8335654596100278,0.1567251461988304
5986,0.8337047353760446,0.15669896424991647
5987,0.8338440111420613,0.15667279104726908
5988,0.833983286908078,0.15664662658650635
5989,0.8341225626740947,0.1567874436466856
5990,0.8342618384401114,0.15676126878130217
5991,0.8344011142061282,0.15690201969621098
5992,0.8345403899721449,0.15704272363150867
5993,0.8346796657381615,0.15701651927248456
5994,0.8348189415041782,0.1569903236569903
5995,0.834958217270195,0.15696413678065055
5996,0.8350974930362117,0.157104736490994
5997,0.8352367688022284,0.1570785392696348
5998,0.8353760445682451,0.15721907302434146
5999,0.8355153203342618,0.15735955992665443
6000,0.8356545961002786,0.1575
6001,0.8357938718662953,0.15747375437427094
6002,0.835933147632312,0.15761412862379207
6003,0.8360724233983287,0.1575878727303015
6004,0.8362116991643455,0.1575616255829447
6005,0.8363509749303621,0.15753538717735222
6006,0.8364902506963788,0.1575091575091575
6007,0.8366295264623955,0.157482936573997
6008,0.8367688022284122,0.15745672436751
6009,0.836908077994429,0.15743052088533865
6010,0.8370473537604457,0.15757071547420964
6011,0.8371866295264624,0.15754450174679754
6012,0.8373259052924791,0.15751829673985362
6013,0.8374651810584958,0.15749210044902712
6014,0.8376044568245126,0.15746591286997008
6015,0.8377437325905293,0.1574397339983375
6016,0.8378830083565459,0.15741356382978725
6017,0.8380222841225626,0.15738740235998006
6018,0.8381615598885794,0.1573612495845796
6019,0.8383008356545961,0.15733510549925236
6020,0.8384401114206128,0.15730897009966777
6021,0.8385793871866295,0.1572828433814981
6022,0.8387186629526462,0.15742278312852873
6023,0.838857938718663,0.15756267640710608
6024,0.8389972144846797,0.15753652058432935
6025,0.8391364902506964,0.15767634854771784
6026,0.839275766016713,0.15765018254231664
6027,0.8394150417827299,0.15762402521984403
6028,0.8395543175487465,0.15759787657597876
6029,0.8396935933147632,0.15773760159230388
6030,0.8398328690807799,0.15771144278606966
6031,0.8399721448467966,0.15785110263637872
6032,0.8401114206128134,0.15782493368700265
6033,0.8402506963788301,0.1579645284269849
6034,0.8403899721448468,0.15810407689758038
6035,0.8405292479108635,0.15824357912178957
6036,0.8406685236768803,0.15821736249171636
6037,0.840807799442897,0.15819115454696042
6038,0.8409470752089137,0.15833057303742962
6039,0.8410863509749303,0.1583043550256665
6040,0.841225626740947,0.1584437086092715
6041,0.8413649025069638,0.15858301605694422
6042,0.8415041782729805,0.1585567692816948
6043,0.8416434540389972,0.158530531193116
6044,0.8417827298050139,0.1585043017868961
6045,0.8419220055710307,0.15864350703060381
6046,0.8420612813370474,0.15861726761495204
6047,0.8422005571030641,0.15859103687779064
6048,0.8423398328690808,0.15856481481481483
6049,0.8424791086350975,0.1587039180029757
6050,0.8426183844011143,0.15867768595041323
6051,0.8427576601671309,0.15865146256817056
6052,0.8428969359331476,0.15862524785194976
6053,0.8430362116991643,0.15859904179745582
6054,0.843175487465181,0.15857284440039643
6055,0.8433147632311978,0.15854665565648224
6056,0.8434540389972145,0.15852047556142668
6057,0.8435933147632312,0.158494304110946
6058,0.8437325905292479,0.1584681413007593
6059,0.8438718662952647,0.15860703086317873
6060,0.8440111420612814,0.15858085808580857
6061,0.844150417827298,0.15855469394489358
6062,0.8442896935933147,0.15869350049488617
6063,0.8444289693593314,0.1586673264060696
6064,0.8445682451253482,0.15864116094986808
6065,0.8447075208913649,0.15877988458367684
6066,0.8448467966573816,0.15891856247939334
6067,0.8449860724233983,0.1588923685511785
6068,0.8451253481894151,0.15886618325642715
6069,0.8452646239554318,0.15900477838194102
6070,0.8454038997214485,0.15914332784184515
6071,0.8455431754874652,0.15928183165870533
6072,0.8456824512534818,0.15925559947299078
6073,0.8458217270194986,0.15922937592623085
6074,0.8459610027855153,0.1592031610141587
6075,0.846100278551532,0.15917695473251028
6076,0.8462395543175487,0.15915075707702436
6077,0.8463788300835655,0.1591245680434425
6078,0.8465181058495822,0.15909838762750905
6079,0.8466573816155989,0.15923671656522453
6080,0.8467966573816156,0.159375
6081,0.8469359331476323,0.15934879131721758
6082,0.8470752089136491,0.15948701085169353
6083,0.8472144846796658,0.15946079237218477
6084,0.8473537604456824,0.15943458251150558
6085,0.8474930362116991,0.15957271980279375
6086,0.8476323119777158,0.15971081169898127
6087,0.8477715877437326,0.15968457368161657
6088,0.8479108635097493,0.15965834428383704
6089,0.848050139275766,0.15963212350139597
6090,0.8481894150417827,0.15977011494252874
6091,0.8483286908077995,0.15974388441963552
6092,0.8484679665738162,0.159881812212738
6093,0.8486072423398329,0.16001969473165928
6094,0.8487465181058496,0.16015753199868724
6095,0.8488857938718662,0.1601312551271534
6096,0.849025069637883,0.16026902887139108
6097,0.8491643454038997,0.16040675742168278
6098,0.8493036211699164,0.1605444408002624
6099,0.8494428969359331,0.1605181177242171
6100,0.8495821727019499,0.16065573770491803
6101,0.8497214484679666,0.1606294050155712
6102,0.8498607242339833,0.16060308095706327
6103,0.85,0.16074061936752418
6104,0.8501392757660167,0.16087811271297509
6105,0.8502785515320335,0.16101556101556103
6106,0.8504178272980502,0.16115296429741238
6107,0.8505571030640668,0.1611265760602587
6108,0.8506963788300835,0.16110019646365423
6109,0.8508356545961003,0.1612375184154526
6110,0.850974930362117,0.16137479541734862
6111,0.8511142061281337,0.16134838815251187
6112,0.8512534818941504,0.1613219895287958
6113,0.8513927576601671,0.16145918534271225
6114,0.8515320334261839,0.16143277723258095
6115,0.8516713091922006,0.1615699100572363
6116,0.8518105849582173,0.16154349247874428
6117,0.851949860724234,0.16168056236717346
6118,0.8520891364902506,0.16181758744687808
6119,0.8522284122562674,0.16179114234352018
6120,0.8523676880222841,0.1619281045751634
6121,0.8525069637883008,0.1619016500571802
6122,0.8526462395543175,0.16203854949362953
6123,0.8527855153203343,0.16217540421362078
6124,0.852924791086351,0.16231221423905945
6125,0.8530640668523677,0.16228571428571428
6126,0.8532033426183844,0.1624224616389161
6127,0.8533426183844011,0.16239595234209236
6128,0.8534818941504179,0.16236945169712794
6129,0.8536211699164346,0.1623429596997879
6130,0.8537604456824512,0.16247960848287113
6131,0.8538997214484679,0.16261621268961018
6132,0.8540389972144847,0.16258969341161122
6133,0.8541782729805014,0.16256318278167292
6134,0.8543175487465181,0.16253668079556569
6135,0.8544568245125348,0.16267318663406682
6136,0.8545961002785515,0.16264667535853977
6137,0.8547353760445683,0.16262017272282875
6138,0.854874651810585,0.162593678722711
6139,0.8550139275766017,0.16273008633327904
6140,0.8551532033426184,0.16270358306188926
6141,0.8552924791086352,0.1626770884220811
6142,0.8554317548746518,0.16281341582546402
6143,0.8555710306406685,0.16278691193228065
6144,0.8557103064066852,0.16276041666666666
6145,0.8558495821727019,0.1628966639544345
6146,0.8559888579387187,0.16287015945330297
6147,0.8561281337047354,0.16300634455832114
6148,0.8562674094707521,0.16297983083929735
6149,0.8564066852367688,0.16311595381362823
6150,0.8565459610027855,0.16308943089430894
6151,0.8566852367688023,0.16322549178995285
6152,0.856824512534819,0.16336150845253575
6153,0.8569637883008356,0.16333495855680155
6154,0.8571030640668523,0.16347091322716933
6155,0.8572423398328691,0.1636068237205524
6156,0.8573816155988858,0.16374269005847952
6157,0.8575208913649025,0.1638785122624655
6158,0.8576601671309192,0.16385189996752192
6159,0.8577994428969359,0.16398766033446988
6160,0.8579387186629527,0.16396103896103897
6161,0.8580779944289694,0.16393442622950818
6162,0.8582172701949861,0.16390782213567023
6163,0.8583565459610027,0.16388122667532046
6164,0.8584958217270195,0.16385463984425697
6165,0.8586350974930362,0.16399026763990268
6166,0.8587743732590529,0.16412585144339928
6167,0.8589136490250696,0.16409923787903358
6168,0.8590529247910863,0.16423476005188067
6169,0.8591922005571031,0.16437023828821526
6170,0.8593314763231198,0.16434359805510534
6171,0.8594707520891365,0.16431696645600388
6172,0.8596100278551532,0.16445236552171094
6173,0.85974930362117,0.1644257249311518
6174,0.8598885793871867,0.16439909297052155
6175,0.8600278551532033,0.16437246963562754
6176,0.86016713091922,0.1643458549222798
6177,0.8603064066852367,0.1643192488262911
6178,0.8604456824512535,0.16445451602460343
6179,0.8605849582172702,0.16442790095484705
6180,0.8607242339832869,0.16440129449838187
6181,0.8608635097493036,0.16437469665102733
6182,0.8610027855153203,0.16450986735684245
6183,0.8611420612813371,0.16464499433931748
6184,0.8612813370473538,0.16478007761966365
6185,0.8614206128133705,0.16491511721907842
6186,0.8615598885793871,0.16505011315874554
6187,0.861699164345404,0.1650234362372717
6188,0.8618384401114206,0.1649967679379444
6189,0.8619777158774373,0.1651316852480207
6190,0.862116991643454,0.1651050080775444
6191,0.8622562674094707,0.1650783395251171
6192,0.8623955431754875,0.1650516795865633
6193,0.8625348189415042,0.16518650088809947
6194,0.8626740947075209,0.1653212786567646
6195,0.8628133704735376,0.16545601291364004
6196,0.8629526462395544,0.16542930923176244
6197,0.863091922005571,0.16556398257221236
6198,0.8632311977715877,0.16569861245563086
6199,0.8633704735376044,0.1656718825617035
6200,0.8635097493036211,0.16564516129032258
6201,0.8636490250696379,0.16577971294952426
6202,0.8637883008356546,0.16591422121896163
6203,0.8639275766016713,0.16604868611961954
6204,0.864066852367688,0.16602192134107027
6205,0.8642061281337048,0.16599516518936341
6206,0.8643454038997215,0.1661295520464067
6207,0.8644846796657382,0.1661027871757693
6208,0.8646239554317549,0.16623711340206185
6209,0.8647632311977715,0.16621033982928007
6210,0.8649025069637883,0.16618357487922705
6211,0.865041782729805,0.1661568185477379
6212,0.8651810584958217,0.16613007083065034
6213,0.8653203342618384,0.16626428456462256
6214,0.8654596100278552,0.16623752816221435
6215,0.8655988857938719,0.1662107803700724
6216,0.8657381615598886,0.16634491634491635
6217,0.8658774373259053,0.16631815988418852
6218,0.866016713091922,0.16645223544548085
6219,0.8661559888579388,0.1665862678887281
6220,0.8662952646239555,0.1667202572347267
6221,0.8664345403899721,0.1666934576434657
6222,0.8665738161559888,0.16666666666666666
6223,0.8667130919220055,0.16680057849911617
6224,0.8668523676880223,0.1669344473007712
6225,0.866991643454039,0.16690763052208835
6226,0.8671309192200557,0.16704143912624478
6227,0.8672701949860724,0.16717520475349285
6228,0.8674094707520892,0.16730892742453435
6229,0.8675487465181059,0.1674426071600578
6230,0.8676880222841226,0.16741573033707866
6231,0.8678272980501393,0.16754935002407317
6232,0.8679665738161559,0.1676829268292683
6233,0.8681058495821727,0.16765602438633082
6234,0.8682451253481894,0.16762913057427012
6235,0.8683844011142061,0.16760224538893345
6236,0.8685236768802228,0.16773572803078896
6237,0.8686629526462396,0.16770883437550105
6238,0.8688022284122563,0.16768194934273806
6239,0.868941504178273,0.16781535502484374
6240,0.8690807799442897,0.16778846153846153
6241,0.8692200557103064,0.1677615766704054
6242,0.8693593314763232,0.16773470041653316
6243,0.8694986072423398,0.16770783277270543
6244,0.8696378830083565,0.16768097373478538
6245,0.8697771587743732,0.1676541232986389
6246,0.86991643454039,0.16778738392571246
6247,0.8700557103064067,0.16792060188890667
6248,0.8701949860724234,0.1680537772087068
6249,0.8703342618384401,0.16818690990558488
6250,0.8704735376044568,0.16816
6251,0.8706128133704736,0.16829307310830266
6252,0.8707520891364903,0.16826615483045426
6253,0.870891364902507,0.16823924516232208
6254,0.8710306406685236,0.16837224176527021
6255,0.8711699164345403,0.1683453237410072
6256,0.8713091922005571,0.16831841432225064
6257,0.8714484679665738,0.16845133450535402
6258,0.8715877437325905,0.16858421220837327
6259,0.8717270194986072,0.1687170474516696
6260,0.871866295264624,0.16869009584664538
6261,0.8720055710306407,0.16882287174572752
6262,0.8721448467966574,0.16879591184924944
6263,0.8722841225626741,0.16876896056203097
6264,0.8724233983286908,0.1687420178799489
6265,0.8725626740947076,0.16871508379888267
6266,0.8727019498607242,0.16884774976061284
6267,0.8728412256267409,0.1688208074038615
6268,0.8729805013927576,0.16879387364390555
6269,0.8731197771587744,0.16876694847663104
6270,0.8732590529247911,0.16874003189792663
6271,0.8733983286908078,0.16871312390368362
6272,0.8735376044568245,0.16884566326530612
6273,0.8736768802228412,0.16897816036983898
6274,0.873816155988858,0.16911061523748805
6275,0.8739554317548747,0.16924302788844622
6276,0.8740947075208914,0.16937539834289356
6277,0.874233983286908,0.16934841484785726
6278,0.8743732590529248,0.16948072634597006
6279,0.8745125348189415,0.16945373467112598
6280,0.8746518105849582,0.1695859872611465
6281,0.8747910863509749,0.16955898742238498
6282,0.8749303621169916,0.16953199617956066
6283,0.8750696378830084,0.1696641731656852
6284,0.8752089136490251,0.1696371737746658
6285,0.8753481894150418,0.16976929196499602
6286,0.8754874651810585,0.1697422844416163
6287,0.8756267409470752,0.1698743438842055
6288,0.875766016713092,0.16984732824427481
6289,0.8759052924791086,0.16997932898712037
6290,0.8760445682451253,0.17011128775834658
6291,0.876183844011142,0.17024320457796852
6292,0.8763231197771588,0.17021614748887476
6293,0.8764623955431755,0.17018909899888765
6294,0.8766016713091922,0.1701620591039085
6295,0.8767409470752089,0.17029388403494838
6296,0.8768802228412256,0.170425667090216
6297,0.8770194986072424,0.17039860250913133
6298,0.8771587743732591,0.17053032708796442
6299,0.8772980501392758,0.1706620098428322
6300,0.8774373259052924,0.17063492063492064
6301,0.8775766016713092,0.1707665449928583
6302,0.8777158774373259,0.1708981275785465
6303,0.8778551532033426,0.17102966841186737
6304,0.8779944289693593,0.171002538071066
6305,0.878133704735376,0.1711340206185567
6306,0.8782729805013928,0.1711068823342848
6307,0.8784122562674095,0.1710797526557793
6308,0.8785515320334262,0.17121116043119847
6309,0.8786908077994429,0.17118402282453637
6310,0.8788300835654597,0.17131537242472267
6311,0.8789693593314764,0.1714466803993028
6312,0.879108635097493,0.17157794676806085
6313,0.8792479108635097,0.17170917155076826
6314,0.8793871866295264,0.17184035476718404
6315,0.8795264623955432,0.17197149643705464
6316,0.8796657381615599,0.17194426852438252
6317,0.8798050139275766,0.1719170492322305
6318,0.8799442896935933,0.17204811649256094
6319,0.88008356545961,0.1720208893812312
6320,0.8802228412256268,0.17215189873417722
6321,0.8803621169916435,0.1722828666350261
6322,0.8805013927576602,0.1724137931034483
6323,0.8806406685236768,0.17254467815910168
6324,0.8807799442896936,0.17267552182163187
6325,0.8809192200557103,0.17264822134387353
6326,0.881058495821727,0.17262092949731267
6327,0.8811977715877437,0.17275169906748855
6328,0.8813370473537604,0.17288242730720607
6329,0.8814763231197772,0.17301311423605625
6330,0.8816155988857939,0.1731437598736177
6331,0.8817548746518106,0.17311641130942979
6332,0.8818941504178273,0.17308907138344914
6333,0.8820334261838441,0.17306174009158376
6334,0.8821727019498607,0.17303441742974424
6335,0.8823119777158774,0.17300710339384373
6336,0.8824512534818941,0.17313762626262627
6337,0.8825905292479108,0.1731103045605176
6338,0.8827298050139276,0.1732407699589776
6339,0.8828690807799443,0.1732134406057738
6340,0.883008356545961,0.17334384858044163
6341,0.8831476323119777,0.17331651159123165
6342,0.8832869080779945,0.17344686218858404
6343,0.8834261838440112,0.1735771716853224
6344,0.8835654596100279,0.17354981084489282
6345,0.8837047353760445,0.17368006304176517
6346,0.8838440111420612,0.17365269461077845
6347,0.883983286908078,0.17362533480384434
6348,0.8841225626740947,0.17359798361688722
6349,0.8842618384401114,0.17372814616475035
6350,0.8844011142061281,0.1737007874015748
6351,0.8845403899721448,0.17367343725397574
6352,0.8846796657381616,0.17364609571788414
6353,0.8848189415041783,0.17377616873917834
6354,0.884958217270195,0.17374881964117092
6355,0.8850974930362117,0.17387883556254918
6356,0.8852367688022285,0.17400881057268722
6357,0.8853760445682451,0.17413874469089194
6358,0.8855153203342618,0.17411135577225542
6359,0.8856545961002785,0.17408397546784085
6360,0.8857938718662952,0.1740566037735849
6361,0.885933147632312,0.17418644867159253
6362,0.8860724233983287,0.17431625275070733
6363,0.8862116991643454,0.1742888574571743
6364,0.8863509749303621,0.17426147077309867
6365,0.8864902506963789,0.1743912018853103
6366,0.8866295264623956,0.17436380772855797
6367,0.8867688022284123,0.1743364221768494
6368,0.886908077994429,0.17430904522613067
6369,0.8870473537604456,0.17428167687235044
6370,0.8871866295264624,0.17425431711145997
6371,0.8873259052924791,0.17422696593941298
6372,0.8874651810584958,0.17435655994978028
6373,0.8876044568245125,0.17432920131806057
6374,0.8877437325905293,0.17430185127078757
6375,0.887883008356546,0.1744313725490196
6376,0.8880222841225627,0.17440401505646172
6377,0.8881615598885794,0.17437666614395483
6378,0.888300835654596,0.17450611476952022
6379,0.8884401114206129,0.1744787584260856
6380,0.8885793871866295,0.17445141065830722
6381,0.8887186629526462,0.17458078671054694
6382,0.8888579387186629,0.17455343152616734
6383,0.8889972144846797,0.1745260849130503
6384,0.8891364902506964,0.17465538847117795
6385,0.8892757660167131,0.17478465152701644
6386,0.8894150417827298,0.17475728155339806
6387,0.8895543175487465,0.1747299201503053
6388,0.8896935933147633,0.17470256731371323
6389,0.88983286908078,0.17483174205665988
6390,0.8899721448467967,0.17480438184663538
6391,0.8901114206128133,0.17493350023470505
6392,0.89025069637883,0.1749061326658323
6393,0.8903899721448468,0.1748787736586892
6394,0.8905292479108635,0.17485142320925867
6395,0.8906685236768802,0.17498045347928068
6396,0.8908077994428969,0.17510944340212634
6397,0.8909470752089137,0.1752383929967172
6398,0.8910863509749304,0.17536730228196312
6399,0.8912256267409471,0.1753398968588842
6400,0.8913649025069638,0.1753125
6401,0.8915041782729805,0.17544133729104827
6402,0.8916434540389973,0.1754139331458919
6403,0.8917827298050139,0.1753865375605185
6404,0.8919220055710306,0.1755153029356652
6405,0.8920612813370473,0.1756440281030445
6406,0.8922005571030641,0.17561660942866064
6407,0.8923398328690808,0.17558919931325112
6408,0.8924791086350975,0.17571785268414483
6409,0.8926183844011142,0.17584646590731784
6410,0.8927576601671309,0.17581903276131045
6411,0.8928969359331477,0.17579160817345188
6412,0.8930362116991644,0.17592014971927636
6413,0.893175487465181,0.17604865117729612
6414,0.8933147632311977,0.17602120361708762
6415,0.8934540389972145,0.17614964925954793
6416,0.8935933147632312,0.17612219451371572
6417,0.8937325905292479,0.17609474832476235
6418,0.8938718662952646,0.17606731068868806
6419,0.8940111420612813,0.17603988160149556
6420,0.8941504178272981,0.17616822429906542
6421,0.8942896935933148,0.1761407880392462
6422,0.8944289693593315,0.17611336032388664
6423,0.8945682451253482,0.17624163163630702
6424,0.8947075208913648,0.17636986301369864
6425,0.8948467966573816,0.17649805447470818
6426,0.8949860724233983,0.17647058823529413
6427,0.895125348189415,0.17659872413256575
6428,0.8952646239554317,0.1765712507778469
6429,0.8954038997214485,0.17669933115570072
6430,0.8955431754874652,0.17682737169517884
6431,0.8956824512534819,0.1769553724148655
6432,0.8958217270194986,0.17708333333333334
6433,0.8959610027855153,0.1772112544691435
6434,0.8961002785515321,0.1771837115324837
6435,0.8962395543175488,0.17731157731157732
6436,0.8963788300835654,0.17743940335612182
6437,0.8965181058495821,0.1775671896846357
6438,0.8966573816155989,0.17753960857409135
6439,0.8967966573816156,0.1775120360304395
6440,0.8969359331476323,0.17748447204968945
6441,0.897075208913649,0.1776121720229778
6442,0.8972144846796657,0.1775846010555728
6443,0.8973537604456825,0.1775570386465932
6444,0.8974930362116992,0.17752948479205463
6445,0.8976323119777159,0.17765709852598913
6446,0.8977715877437326,0.17762953769779707
6447,0.8979108635097494,0.17775709632387157
6448,0.898050139275766,0.1778846153846154
6449,0.8981894150417827,0.17801209489843386
6450,0.8983286908077994,0.17813953488372092
6451,0.8984679665738161,0.1781119206324601
6452,0.8986072423398329,0.1782393056416615
6453,0.8987465181058496,0.17836665116999845
6454,0.8988857938718663,0.17849395723582276
6455,0.899025069637883,0.17862122385747484
6456,0.8991643454038997,0.17874845105328377
6457,0.8993036211699165,0.1788756388415673
6458,0.8994428969359332,0.17884794053886652
6459,0.8995821727019498,0.17882025081281933
6460,0.8997214484679665,0.17894736842105263
6461,0.8998607242339833,0.1790744466800805
6462,0.9,0.17920148560817084
6463,0.9001392757660167,0.17917375831657126
6464,0.9002785515320334,0.17930074257425743
6465,0.9004178272980501,0.1794276875483372
6466,0.9005571030640669,0.17939993813795235
6467,0.9006963788300836,0.17952682851399412
6468,0.9008356545961003,0.1794990723562152
6469,0.900974930362117,0.17962590817746174
6470,0.9011142061281338,0.1795981452859351
6471,0.9012534818941504,0.17957039097511976
6472,0.9013927576601671,0.17969715698393077
6473,0.9015320334261838,0.17982388382511974
6474,0.9016713091922005,0.17979610750695088
6475,0.9018105849582173,0.1799227799227799
6476,0.901949860724234,0.18004941321803583
6477,0.9020891364902507,0.18002161494519067
6478,0.9022284122562674,0.18014819388700215
6479,0.9023676880222842,0.18012038894891186
6480,0.9025069637883009,0.18024691358024691
6481,0.9026462395543176,0.1802191019904336
6482,0.9027855153203342,0.18034557235421167
6483,0.9029247910863509,0.18047200370198982
6484,0.9030640668523677,0.18059839605181988
6485,0.9032033426183844,0.18057054741711642
6486,0.9033426183844011,0.1806968855997533
6487,0.9034818941504178,0.18066903036842916
6488,0.9036211699164345,0.18064118372379778
6489,0.9037604456824513,0.18061334566188936
6490,0.903899721448468,0.18073959938366718
6491,0.9040389972144847,0.18086581420428285
6492,0.9041782729805014,0.18099199014171288
6493,0.9043175487465182,0.18111812721392268
6494,0.9044568245125348,0.18109023714197722
6495,0.9045961002785515,0.18106235565819861
6496,0.9047353760445682,0.1811884236453202
6497,0.9048746518105849,0.18116053563183007
6498,0.9050139275766017,0.18128654970760233
6499,0.9051532033426184,0.18141252500384675
6500,0.9052924791086351,0.1813846153846154
6501,0.9054317548746518,0.18151053684048607
6502,0.9055710306406686,0.18163641956321133
6503,0.9057103064066853,0.18160848838997387
6504,0.905849582172702,0.18173431734317344
6505,0.9059888579387186,0.18186010760953114
6506,0.9061281337047353,0.18198585920688595
6507,0.9062674094707521,0.18211157215306592
6508,0.9064066852367688,0.18223724646588813
6509,0.9065459610027855,0.1823628821631587
6510,0.9066852367688022,0.18233486943164362
6511,0.906824512534819,0.1824604515435417
6512,0.9069637883008357,0.18258599508599507
6513,0.9071030640668524,0.18271150007676953
6514,0.9072423398328691,0.18268345102855388
6515,0.9073816155988857,0.18280890253261703
6516,0.9075208913649025,0.18278084714548803
6517,0.9076601671309192,0.1827528003682676
6518,0.9077994428969359,0.18287818349186868
6519,0.9079387186629526,0.18285013038809633
6520,0.9080779944289693,0.18297546012269938
6521,0.9082172701949861,0.1831007514184941
6522,0.9083565459610028,0.1832260042931616
6523,0.9084958217270195,0.1831979150697532
6524,0.9086350974930362,0.1831698344573881
6525,0.908774373259053,0.18314176245210728
6526,0.9089136490250697,0.18311369904995403
6527,0.9090529247910863,0.18323885399111384
6528,0.909192200557103,0.18336397058823528
6529,0.9093314763231197,0.18333588604686782
6530,0.9094707520891365,0.18346094946401226
6531,0.9096100278551532,0.18358597458275916
6532,0.9097493036211699,0.1835578689528475
6533,0.9098885793871866,0.18368284096127355
6534,0.9100278551532034,0.18380777471686563
6535,0.9101671309192201,0.1837796480489671
6536,0.9103064066852368,0.1837515299877601
6537,0.9104456824512535,0.18387639590026006
6538,0.9105849582172701,0.1838482716427042
6539,0.910724233983287,0.18397308456950603
6540,0.9108635097493036,0.18409785932721712
6541,0.9110027855153203,0.1840697141109922
6542,0.911142061281337,0.18419443595230817
6543,0.9112813370473538,0.18416628457893933
6544,0.9114206128133705,0.18429095354523228
6545,0.9115598885793872,0.1842627960275019
6546,0.9116991643454039,0.18438741216009777
6547,0.9118384401114206,0.1843592485107683
6548,0.9119777158774374,0.18448381185094687
6549,0.9121169916434541,0.18460833715071004
6550,0.9122562674094707,0.18473282442748093
6551,0.9123955431754874,0.18470462524805373
6552,0.9125348189415042,0.18482905982905984
6553,0.9126740947075209,0.18480085457042575
6554,0.9128133704735376,0.18492523649679585
6555,0.9129526462395543,0.1848970251716247
6556,0.913091922005571,0.18486882245271508
6557,0.9132311977715878,0.18499313710538356
6558,0.9133704735376045,0.18496492833180847
6559,0.9135097493036212,0.18493672815978046
6560,0.9136490250696379,0.1850609756097561
6561,0.9137883008356545,0.1850327693949093
6562,0.9139275766016713,0.18500457177689728
6563,0.914066852367688,0.18512875209507848
6564,0.9142061281337047,0.18525289457647776
6565,0.9143454038997214,0.18522467631378522
6566,0.9144846796657382,0.18519646664636003
6567,0.9146239554317549,0.18516826557027563
6568,0.9147632311977716,0.1851400730816078
6569,0.9149025069637883,0.18511188917643476
6570,0.915041782729805,0.18508371385083713
6571,0.9151810584958218,0.18520773093897427
6572,0.9153203342618385,0.18517954960438224
6573,0.9154596100278551,0.1853035143769968
6574,0.9155988857938718,0.18527532704593855
6575,0.9157381615598886,0.18524714828897337
6576,0.9158774373259053,0.1852189781021898
6577,0.916016713091922,0.18534286148700016
6578,0.9161559888579387,0.18546670720583763
6579,0.9162952646239554,0.18543851649186807
6580,0.9164345403899722,0.18541033434650456
6581,0.9165738161559889,0.18538216076584105
6582,0.9167130919220056,0.18535399574597386
6583,0.9168523676880223,0.18547774570864348
6584,0.916991643454039,0.18544957472660997
6585,0.9171309192200557,0.18542141230068337
6586,0.9172701949860724,0.1855450956574552
6587,0.9174094707520891,0.18551692728100805
6588,0.9175487465181058,0.18564055859137826
6589,0.9176880222841226,0.18576415237517074
6590,0.9178272980501393,0.1857359635811836
6591,0.917966573816156,0.1858595053861326
6592,0.9181058495821727,0.18583131067961164
6593,0.9182451253481894,0.18595480054603367
6594,0.9183844011142062,0.1859265999393388
6595,0.9185236768802229,0.18605003790750568
6596,0.9186629526462395,0.18617343844754397
6597,0.9188022284122562,0.18629680157647416
6598,0.918941504178273,0.18626856623219157
6599,0.9190807799442897,0.18639187755720563
6600,0.9192200557103064,0.18651515151515152
6601,0.9193593314763231,0.18663838812301167
6602,0.9194986072423398,0.18661011814601636
6603,0.9196378830083566,0.18673330304407088
6604,0.9197771587743733,0.18670502725620836
6605,0.91991643454039,0.18682816048448145
6606,0.9200557103064066,0.18679987889797153
6607,0.9201949860724234,0.18692296049644316
6608,0.9203342618384401,0.18689467312348668
6609,0.9204735376044568,0.1870177031320926
6610,0.9206128133704735,0.1869894099848714
6611,0.9207520891364902,0.18711238844350325
6612,0.920891364902507,0.18723532970356926
6613,0.9210306406685237,0.18735823378194466
6614,0.9211699164345404,0.18732990625944965
6615,0.9213091922005571,0.1874527588813303
6616,0.9214484679665739,0.18742442563482467
6617,0.9215877437325906,0.1875472268399577
6618,0.9217270194986072,0.18766999093381687
6619,0.9218662952646239,0.18779271793322255
6620,0.9220055710306406,0.1879154078549849
6621,0.9221448467966574,0.18803806071590395
6622,0.9222841225626741,0.18816067653276955
6623,0.9224233983286908,0.18828325532236148
6624,0.9225626740947075,0.18840579710144928
6625,0.9227019498607242,0.18837735849056603
6626,0.922841225626741,0.18834892846362813
6627,0.9229805013927577,0.1884714048589105
6628,0.9231197771587744,0.18859384429692214
6629,0.923259052924791,0.18871624679438828
6630,0.9233983286908078,0.18883861236802413
6631,0.9235376044568245,0.18881013421806667
6632,0.9236768802228412,0.1887816646562123
6633,0.9238161559888579,0.188903965023368
6634,0.9239554317548746,0.18902622851974676
6635,0.9240947075208914,0.18914845516201959
6636,0.9242339832869081,0.1892706449668475
6637,0.9243732590529248,0.18939279795088143
6638,0.9245125348189415,0.18936426634528472
6639,0.9246518105849583,0.18948636842898026
6640,0.924791086350975,0.18960843373493977
6641,0.9249303621169916,0.18957988254780905
6642,0.9250696378830083,0.189551339957844
6643,0.925208913649025,0.18967334035827185
6644,0.9253481894150418,0.1896447922937989
6645,0.9254874651810585,0.18976674191121143
6646,0.9256267409470752,0.1898886548299729
6647,0.9257660167130919,0.19001053106664662
6648,0.9259052924791087,0.1901323706377858
6649,0.9260445682451254,0.19025417355993382
6650,0.9261838440111421,0.19037593984962406
6651,0.9263231197771588,0.19049766952337993
6652,0.9264623955431754,0.19046903187011424
6653,0.9266016713091922,0.1905907109574628
6654,0.9267409470752089,0.19056206792906522
6655,0.9268802228412256,0.19053343350864013
6656,0.9270194986072423,0.19065504807692307
6657,0.927158774373259,0.1907766261078564
6658,0.9272980501392758,0.1907479723640733
6659,0.9274373259052925,0.19071932722631027
6660,0.9275766016713092,0.19084084084084085
6661,0.9277158774373259,0.19096231797027474
6662,0.9278551532033427,0.19093365355749023
6663,0.9279944289693594,0.1910550802941618
6664,0.928133704735376,0.19117647058823528
6665,0.9282729805013927,0.19129782445611404
6666,0.9284122562674094,0.19126912691269127
6667,0.9285515320334262,0.19124043797810109
6668,0.9286908077994429,0.1913617276544691
6669,0.9288300835654596,0.1913330334382966
6670,0.9289693593314763,0.19130434782608696
6671,0.9291086350974931,0.19127567081397093
6672,0.9292479108635098,0.1913968824940048
6673,0.9293871866295265,0.1913682002098007
6674,0.9295264623955432,0.19148936170212766
6675,0.9296657381615598,0.19146067415730336
6676,0.9298050139275766,0.19158178550029958
6677,0.9299442896935933,0.19155309270630522
6678,0.93008356545961,0.1916741539383049
6679,0.9302228412256267,0.19179517891899986
6680,0.9303621169916435,0.19191616766467065
6681,0.9305013927576602,0.19203712019158808
6682,0.9306406685236769,0.19215803651601318
6683,0.9307799442896936,0.19227891665419722
6684,0.9309192200557103,0.19239976062238182
6685,0.9310584958217271,0.1925205684367988
6686,0.9311977715877438,0.19264134011367035
6687,0.9313370473537604,0.19261253177807686
6688,0.9314763231197771,0.19258373205741627
6689,0.9316155988857938,0.1927044401255793
6690,0.9317548746518106,0.19267563527653214
6691,0.9318941504178273,0.19279629352862054
6692,0.932033426183844,0.19276748356246265
6693,0.9321727019498607,0.1927386822052891
6694,0.9323119777158775,0.19270988945324172
6695,0.9324512534818942,0.1928304705003734
6696,0.9325905292479109,0.1929510155316607
6697,0.9327298050139275,0.19307152456323726
6698,0.9328690807799442,0.19304269931322782
6699,0.933008356545961,0.1930138826690551
6700,0.9331476323119777,0.19298507462686568
6701,0.9332869080779944,0.19310550664079987
6702,0.9334261838440111,0.19322590271560727
6703,0.9335654596100279,0.19334626286737283
6704,0.9337047353760446,0.19346658711217185
6705,0.9338440111420613,0.19343773303504846
6706,0.933983286908078,0.19340888756337607
6707,0.9341225626740947,0.1933800506933055
6708,0.9342618384401115,0.19335122242098987
6709,0.9344011142061281,0.19347145625279474
6710,0.9345403899721448,0.19359165424739194
6711,0.9346796657381615,0.19371181642080168
6712,0.9348189415041783,0.19383194278903457
6713,0.934958217270195,0.19380306867272457
6714,0.9350974930362117,0.19377420315758118
6715,0.9352367688022284,0.19374534623976172
6716,0.9353760445682451,0.19386539606908873
6717,0.9355153203342619,0.19383653416703886
6718,0.9356545961002786,0.19395653468294136
6719,0.9357938718662953,0.19392766780770948
6720,0.935933147632312,0.19389880952380953
6721,0.9360724233983287,0.19401874721023657
6722,0.9362116991643454,0.1939898839631062
6723,0.9363509749303621,0.19410977242302543
6724,0.9364902506963788,0.1942296252230815
6725,0.9366295264623955,0.19434944237918217
6726,0.9367688022284123,0.19446922390722568
6727,0.936908077994429,0.1944403151479114
6728,0.9370473537604457,0.19456004756242568
6729,0.9371866295264624,0.19467974438995392
6730,0.9373259052924791,0.19479940564635959
6731,0.9374651810584959,0.19491903134749666
6732,0.9376044568245125,0.19503862150920975
6733,0.9377437325905292,0.19500965394326453
6734,0.9378830083565459,0.19512919512919513
6735,0.9380222841225627,0.19524870081662954
6736,0.9381615598885794,0.19521971496437054
6737,0.9383008356545961,0.19519073771708476
6738,0.9384401114206128,0.19516176907094093
6739,0.9385793871866295,0.1951328090221101
6740,0.9387186629526463,0.19525222551928784
6741,0.938857938718663,0.1952232606438214
6742,0.9389972144846797,0.19519430436072382
6743,0.9391364902506963,0.19531365860892777
6744,0.9392757660167131,0.19543297746144722
6745,0.9394150417827298,0.1955522609340252
6746,0.9395543175487465,0.1956715090423955
6747,0.9396935933147632,0.1956425077812361
6748,0.9398328690807799,0.19576170717249555
6749,0.9399721448467967,0.19588087124018372
6750,0.9401114206128134,0.196
6751,0.9402506963788301,0.195970967264109
6752,0.9403899721448468,0.1959419431279621
6753,0.9405292479108636,0.1959129275877388
6754,0.9406685236768803,0.1960319810482677
6755,0.9408077994428969,0.19600296076980014
6756,0.9409470752089136,0.19612196566015394
6757,0.9410863509749303,0.19609294065413646
6758,0.9412256267409471,0.19621189701095
6759,0.9413649025069638,0.19618286728806036
6760,0.9415041782729805,0.19615384615384615
6761,0.9416434540389972,0.19612483360449637
6762,0.9417827298050139,0.1960958296362023
6763,0.9419220055710307,0.19621469761939966
6764,0.9420612813370474,0.19633353045535187
6765,0.942200557103064,0.19630450849963046
6766,0.9423398328690807,0.19642329293526456
6767,0.9424791086350975,0.19639426629230086
6768,0.9426183844011142,0.19636524822695037
6769,0.9427576601671309,0.19648397104446744
6770,0.9428969359331476,0.196602658788774
6771,0.9430362116991643,0.196573622803131
6772,0.9431754874651811,0.19669226225634967
6773,0.9433147632311978,0.19666322161523697
6774,0.9434540389972145,0.1966341895482728
6775,0.9435933147632312,0.1967527675276753
6776,0.943732590529248,0.19687131050767415
6777,0.9438718662952646,0.19698981850376274
6778,0.9440111420612813,0.1971082915314252
6779,0.944150417827298,0.1970792152234843
6780,0.9442896935933147,0.1971976401179941
6781,0.9444289693593315,0.19716855920955612
6782,0.9445682451253482,0.19728693600707756
6783,0.9447075208913649,0.19725785050862452
6784,0.9448467966573816,0.19737617924528303
6785,0.9449860724233984,0.19734708916728078
6786,0.9451253481894151,0.197465369879163
6787,0.9452646239554318,0.19743627523206128
6788,0.9454038997214484,0.1974071891573365
6789,0.9455431754874651,0.19752540874944763
6790,0.9456824512534819,0.1974963181148748
6791,0.9458217270194986,0.1976144897658666
6792,0.9459610027855153,0.1977326266195524
6793,0.946100278551532,0.19785072869129985
6794,0.9462395543175487,0.19796879599646747
6795,0.9463788300835655,0.19793966151582046
6796,0.9465181058495822,0.19791053560918187
6797,0.9466573816155989,0.1978814182727674
6798,0.9467966573816156,0.1979994115916446
6799,0.9469359331476324,0.19811737020150022
6800,0.947075208913649,0.19823529411764707
6801,0.9472144846796657,0.1982061461549772
6802,0.9473537604456824,0.19832402234636873
6803,0.9474930362116991,0.19844186388358076
6804,0.9476323119777159,0.19855967078189302
6805,0.9477715877437326,0.19867744305657606
6806,0.9479108635097493,0.1986482515427564
6807,0.948050139275766,0.19876597620096959
6808,0.9481894150417828,0.1987367802585194
6809,0.9483286908077995,0.19885445733587898
6810,0.9484679665738162,0.19882525697503672
6811,0.9486072423398328,0.19894288650712083
6812,0.9487465181058495,0.1990604815032296
6813,0.9488857938718663,0.1991780419785704
6814,0.949025069637883,0.19929556794834166
6815,0.9491643454038997,0.19941305942773294
6816,0.9493036211699164,0.19953051643192488
6817,0.9494428969359332,0.19950124688279303
6818,0.9495821727019499,0.19947198591962453
6819,0.9497214484679666,0.19958938260742043
6820,0.9498607242339833,0.19956011730205278
6821,0.95,0.1996774666471192
6822,0.9501392757660168,0.19979478158897684
6823,0.9502785515320334,0.19991206214275245
6824,0.9504178272980501,0.2000293083235639
6825,0.9505571030640668,0.20014652014652015
6826,0.9506963788300835,0.2001171989452095
6827,0.9508356545961003,0.20023436355646698
6828,0.950974930362117,0.20035149384885764
6829,0.9511142061281337,0.2004685898374579
6830,0.9512534818941504,0.2005856515373353
6831,0.9513927576601672,0.20070267896354854
6832,0.9515320334261839,0.20067330210772832
6833,0.9516713091922006,0.2007902824528026
6834,0.9518105849582172,0.20076090137547556
6835,0.9519498607242339,0.20087783467446965
6836,0.9520891364902507,0.20099473376243418
6837,0.9522284122562674,0.20096533567354102
6838,0.9523676880222841,0.20108218777420298
6839,0.9525069637883008,0.20119900570258809
6840,0.9526462395543176,0.2013157894736842
6841,0.9527855153203343,0.2014325391024704
6842,0.952924791086351,0.20140309850920785
6843,0.9530640668523677,0.20151980125675872
6844,0.9532033426183844,0.20149035651665692
6845,0.9533426183844012,0.20160701241782322
6846,0.9534818941504178,0.20172363423897166
6847,0.9536211699164345,0.20169417263034906
6848,0.9537604456824512,0.20166471962616822
6849,0.953899721448468,0.2017812819389692
6850,0.9540389972144847,0.20175182481751824
6851,0.9541782729805014,0.20186834038826448
6852,0.9543175487465181,0.20198482194979567
6853,0.9544568245125348,0.20195534802276374
6854,0.9545961002785516,0.20207178290049607
6855,0.9547353760445683,0.20204230488694383
6856,0.954874651810585,0.20201283547257876
6857,0.9550139275766016,0.2019833746536386
6858,0.9551532033426184,0.2020997375328084
6859,0.9552924791086351,0.2020702726344948
6860,0.9554317548746518,0.2021865889212828
6861,0.9555710306406685,0.20215711995335958
6862,0.9557103064066852,0.20212765957446807
6863,0.955849582172702,0.20209820778085386
6864,0.9559888579387187,0.20206876456876458
6865,0.9561281337047354,0.20203932993445012
6866,0.9562674094707521,0.2021555490824352
6867,0.9564066852367687,0.2021261103829911
6868,0.9565459610027855,0.2022422830518346
6869,0.9566852367688022,0.2023584218954724
6870,0.9568245125348189,0.20232896652110627
6871,0.9569637883008356,0.20244505894338524
6872,0.9571030640668524,0.20241559953434227
6873,0.9572423398328691,0.202386148697803
6874,0.9573816155988858,0.20250218213558335
6875,0.9575208913649025,0.2026181818181818
6876,0.9576601671309192,0.20273414776032578
6877,0.957799442896936,0.20270466773302312
6878,0.9579387186629527,0.20267519627798777
6879,0.9580779944289693,0.20264573339148131
6880,0.958217270194986,0.20276162790697674
6881,0.9583565459610028,0.2027321610231071
6882,0.9584958217270195,0.2028480092996222
6883,0.9586350974930362,0.20281853842801104
6884,0.9587743732590529,0.20278907611853572
6885,0.9589136490250696,0.20290486564996368
6886,0.9590529247910864,0.203020621550973
6887,0.9591922005571031,0.20313634383621315
6888,0.9593314763231198,0.2032520325203252
6889,0.9594707520891365,0.20322252866889243
6890,0.9596100278551533,0.20333817126269957
6891,0.95974930362117,0.20330866347409665
6892,0.9598885793871866,0.20342426001160765
6893,0.9600278551532033,0.20353982300884957
6894,0.96016713091922,0.2035102988105599
6895,0.9603064066852368,0.20348078317621465
6896,0.9604456824512535,0.20359628770301624
6897,0.9605849582172702,0.20371175873568217
6898,0.9607242339832869,0.20382719628877935
6899,0.9608635097493036,0.2039426003768662
6900,0.9610027855153204,0.20391304347826086
6901,0.9611420612813371,0.20402840168091582
6902,0.9612813370473537,0.2039988409156766
6903,0.9614206128133704,0.20411415326669563
6904,0.9615598885793872,0.20422943221320974
6905,0.9616991643454039,0.20434467776973209
6906,0.9618384401114206,0.20431508832898929
6907,0.9619777158774373,0.20443028811350802
6908,0.962116991643454,0.2044006948465547
6909,0.9622562674094708,0.20437111014618614
6910,0.9623955431754875,0.20434153400868307
6911,0.9625348189415042,0.2044566632904066
6912,0.9626740947075209,0.20442708333333334
6913,0.9628133704735377,0.20439751193403732
6914,0.9629526462395543,0.2045125831645936
6915,0.963091922005571,0.20462762111352134
6916,0.9632311977715877,0.20459803354540196
6917,0.9633704735376044,0.2045684545323117
6918,0.9635097493036212,0.2045388840705406
6919,0.9636490250696379,0.20450932215638098
6920,0.9637883008356546,0.2046242774566474
6921,0.9639275766016713,0.20473919953763908
6922,0.9640668523676881,0.20470962149667726
6923,0.9642061281337048,0.2046800520005778
6924,0.9643454038997215,0.20465049104563837
6925,0.9644846796657381,0.20462093862815883
6926,0.9646239554317548,0.20473577822697084
6927,0.9647632311977716,0.20485058466868775
6928,0.9649025069637883,0.20496535796766743
6929,0.965041782729805,0.20508009813825948
6930,0.9651810584958217,0.2051948051948052
6931,0.9653203342618384,0.20530947915163758
6932,0.9654596100278552,0.20542412002308136
6933,0.9655988857938719,0.2053944901197173
6934,0.9657381615598886,0.2055090856648399
6935,0.9658774373259053,0.2054794520547945
6936,0.966016713091922,0.2054498269896194
6937,0.9661559888579387,0.20556436499927921
6938,0.9662952646239554,0.20553473623522628
6939,0.9664345403899721,0.2055051160109526
6940,0.9665738161559888,0.20547550432276657
6941,0.9667130919220056,0.2055899726264227
6942,0.9668523676880223,0.20570440795159897
6943,0.966991643454039,0.2056747803543137
6944,0.9671309192200557,0.20578917050691245
6945,0.9672701949860725,0.20575953923686105
6946,0.9674094707520892,0.20587388424992803
6947,0.9675487465181059,0.2059881963437455
6948,0.9676880222841225,0.20610247553252733
6949,0.9678272980501392,0.20607281623255144
6950,0.967966573816156,0.20618705035971224
6951,0.9681058495821727,0.20630125161847215
6952,0.9682451253481894,0.20627157652474107
6953,0.9683844011142061,0.20624190996692077
6954,0.9685236768802229,0.20621225194132872
6955,0.9686629526462396,0.20618260244428468
6956,0.9688022284122563,0.20629672225416906
6957,0.968941504178273,0.2062670691389967
6958,0.9690807799442896,0.20638114400689853
6959,0.9692200557103064,0.20649518608995546
6960,0.9693593314763231,0.20646551724137932
6961,0.9694986072423398,0.2065795144375808
6962,0.9696378830083565,0.20654984199942544
6963,0.9697771587743732,0.20652017808415912
6964,0.96991643454039,0.20663411832280298
6965,0.9700557103064067,0.20660445082555634
6966,0.9701949860724234,0.20657479184610966
6967,0.9703342618384401,0.2066886751830056
6968,0.9704735376044569,0.2066590126291619
6969,0.9706128133704736,0.2067728511981633
6970,0.9707520891364902,0.20674318507890962
6971,0.9708913649025069,0.20685697891263807
6972,0.9710306406685236,0.20682730923694778
6973,0.9711699164345404,0.20694105836799082
6974,0.9713091922005571,0.20691138514482363
6975,0.9714484679665738,0.20688172043010752
6976,0.9715877437325905,0.2069954128440367
6977,0.9717270194986073,0.20696574458936506
6978,0.971866295264624,0.20707939237603898
6979,0.9720055710306407,0.20704972059034246
6980,0.9721448467966574,0.20702005730659026
6981,0.972284122562674,0.2071336484744306
6982,0.9724233983286908,0.20724720710398167
6983,0.9725626740947075,0.2073607332092224
6984,0.9727019498607242,0.20747422680412372
6985,0.9728412256267409,0.20758768790264853
6986,0.9729805013927577,0.20770111651875178
6987,0.9731197771587744,0.20781451266638043
6988,0.9732590529247911,0.20792787635947338
6989,0.9733983286908078,0.20804120761196165
6990,0.9735376044568245,0.20801144492131618
6991,0.9736768802228413,0.20812473179802604
6992,0.973816155988858,0.20823798627002288
6993,0.9739554317548746,0.20835120835120835
6994,0.9740947075208913,0.20832141835859308
6995,0.974233983286908,0.20843459614010007
6996,0.9743732590529248,0.2085477415666095
6997,0.9745125348189415,0.20866085465199372
6998,0.9746518105849582,0.20863103743926836
6999,0.9747910863509749,0.20860122874696385
7000,0.9749303621169917,0.20857142857142857
7001,0.9750696378830084,0.2086844736466219
7002,0.9752089136490251,0.20879748643244786
7003,0.9753481894150418,0.20891046694273882
7004,0.9754874651810584,0.20902341519131926
7005,0.9756267409470752,0.2091363311920057
7006,0.9757660167130919,0.20910648015986297
7007,0.9759052924791086,0.20921935207649495
7008,0.9760445682451253,0.2093321917808219
7009,0.9761838440111421,0.20930232558139536
7010,0.9763231197771588,0.2094151212553495
7011,0.9764623955431755,0.2093852517472543
7012,0.9766016713091922,0.20949800342270394
7013,0.9767409470752089,0.20946813061457292
7014,0.9768802228412257,0.20943826632449386
7015,0.9770194986072424,0.20940841054882395
7016,0.977158774373259,0.20937856328392246
7017,0.9772980501392757,0.20949123557075675
7018,0.9774373259052925,0.20946138500997435
7019,0.9775766016713092,0.20957401339222112
7020,0.9777158774373259,0.20954415954415953
7021,0.9778551532033426,0.2096567440535536
7022,0.9779944289693593,0.20962688692680148
7023,0.9781337047353761,0.20959703830271964
7024,0.9782729805013928,0.20956719817767655
7025,0.9784122562674095,0.2096797153024911
7026,0.9785515320334262,0.20979220039851978
7027,0.978690807799443,0.20976234523978937
7028,0.9788300835654596,0.20987478656801367
7029,0.9789693593314763,0.2098449281547873
7030,0.979108635097493,0.20981507823613088
7031,0.9792479108635097,0.209927464087612
7032,0.9793871866295265,0.21003981797497157
7033,0.9795264623955432,0.21015213991184417
7034,0.9796657381615599,0.2101222632925789
7035,0.9798050139275766,0.21023454157782517
7036,0.9799442896935933,0.21034678794769757
7037,0.9800835654596101,0.21045900241580218
7038,0.9802228412256268,0.21042909917590225
7039,0.9803621169916434,0.21054127006677084
7040,0.9805013927576601,0.2106534090909091
7041,0.9806406685236769,0.21076551626189463
7042,0.9807799442896936,0.21087759159329736
7043,0.9809192200557103,0.2108476501490842
7044,0.981058495821727,0.21095968199886428
7045,0.9811977715877437,0.21107168204400284
7046,0.9813370473537605,0.21104172580187341
7047,0.9814763231197772,0.21115368241805024
7048,0.9816155988857939,0.2112656072644722
7049,0.9817548746518105,0.21137750035466024
7050,0.9818941504178273,0.21134751773049645
7051,0.982033426183844,0.21131754361083535
7052,0.9821727019498607,0.21142938173567782
7053,0.9823119777158774,0.21154118814688785
7054,0.9824512534818941,0.21165296285795293
7055,0.9825905292479109,0.21176470588235294
7056,0.9827298050139276,0.21173469387755103
7057,0.9828690807799443,0.21184639365169336
7058,0.983008356545961,0.2118163785775007
7059,0.9831476323119778,0.21192803513245503
7060,0.9832869080779945,0.21189801699716715
7061,0.9834261838440111,0.21186800736439598
7062,0.9835654596100278,0.21197960917587086
7063,0.9837047353760445,0.21194959648874415
7064,0.9838440111420613,0.21191959229898075
7065,0.983983286908078,0.21203113941967444
7066,0.9841225626740947,0.21214265496744977
7067,0.9842618384401114,0.21211263619640583
7068,0.9844011142061281,0.2120826259196378
7069,0.9845403899721449,0.2121940868581129
7070,0.9846796657381616,0.21216407355021216
7071,0.9848189415041783,0.21213406873143828
7072,0.984958217270195,0.21224547511312217
7073,0.9850974930362117,0.21235684999293086
7074,0.9852367688022284,0.21246819338422393
7075,0.9853760445682451,0.21257950530035336
7076,0.9855153203342618,0.21254946297343133
7077,0.9856545961002785,0.21251942913663982
7078,0.9857938718662953,0.21248940378638034
7079,0.985933147632312,0.2126006498092951
7080,0.9860724233983287,0.21257062146892655
7081,0.9862116991643454,0.21268182460104504
7082,0.9863509749303622,0.21265179327873482
7083,0.9864902506963789,0.21276295355075533
7084,0.9866295264623955,0.21287408243929984
7085,0.9867688022284122,0.21298517995765703
7086,0.9869080779944289,0.2130962461191081
7087,0.9870473537604457,0.21306617750811344
7088,0.9871866295264624,0.21303611738148984
7089,0.9873259052924791,0.2130060657356468
7090,0.9874651810584958,0.21311706629055008
7091,0.9876044568245126,0.21308701170497815
7092,0.9877437325905293,0.2131979695431472
7093,0.987883008356546,0.2133088960947413
7094,0.9880222841225627,0.2132788271778968
7095,0.9881615598885793,0.21324876673713883
7096,0.9883008356545961,0.21335963923337092
7097,0.9884401114206128,0.21347048048471184
7098,0.9885793871866295,0.21358129050436742
7099,0.9887186629526462,0.2135512043949852
7100,0.9888579387186629,0.21352112676056337
7101,0.9889972144846797,0.21363188283340376
7102,0.9891364902506964,0.21360180230920867
7103,0.9892757660167131,0.2135717302548219
7104,0.9894150417827298,0.21368243243243243
7105,0.9895543175487466,0.21379310344827587
7106,0.9896935933147633,0.21390374331550802
7107,0.9898328690807799,0.21401435204727734
7108,0.9899721448467966,0.21398424310635902
7109,0.9901114206128133,0.2140948093965396
7110,0.9902506963788301,0.2142053445850914
7111,0.9903899721448468,0.21417522148783574
7112,0.9905292479108635,0.21428571428571427
7113,0.9906685236768802,0.21439617601574582
7114,0.990807799442897,0.21450660669103178
7115,0.9909470752089137,0.2146170063246662
7116,0.9910863509749304,0.2145868465430017
7117,0.991225626740947,0.21455669523675705
7118,0.9913649025069637,0.214667041303737
7119,0.9915041782729805,0.21477735637027673
7120,0.9916434540389972,0.2148876404494382
7121,0.9917827298050139,0.2149978935542761
7122,0.9919220055710306,0.2151081156978377
7123,0.9920612813370474,0.21507791660817072
7124,0.9922005571030641,0.21518809657495788
7125,0.9923398328690808,0.2152982456140351
7126,0.9924791086350975,0.21540836373842268
7127,0.9926183844011142,0.21551845096113373
7128,0.992757660167131,0.21562850729517397
7129,0.9928969359331477,0.21573853275354188
7130,0.9930362116991643,0.21570827489481065
7131,0.993175487465181,0.2158182583087926
7132,0.9933147632311977,0.21592821088053843
7133,0.9934540389972145,0.21589793915603533
7134,0.9935933147632312,0.2158676759181385
7135,0.9937325905292479,0.21597757533286616
7136,0.9938718662952646,0.21594730941704035
7137,0.9940111420612814,0.21591705198262576
7138,0.9941504178272981,0.21588680302605773
7139,0.9942896935933148,0.21585656254377364
7140,0.9944289693593314,0.21596638655462186
7141,0.9945682451253481,0.21607617980674976
7142,0.9947075208913649,0.21618594231307756
7143,0.9948467966573816,0.21629567408651826
7144,0.9949860724233983,0.21626539753639418
7145,0.995125348189415,0.21637508747375786
7146,0.9952646239554318,0.21634480828435487
7147,0.9954038997214485,0.21645445641527913
7148,0.9955431754874652,0.2165640738668159
7149,0.9956824512534819,0.2166736606518394
7150,0.9958217270194986,0.21678321678321677
7151,0.9959610027855154,0.21675290169207104
7152,0.996100278551532,0.21686241610738255
7153,0.9962395543175487,0.21697189990213897
7154,0.9963788300835654,0.2170813530891809
7155,0.9965181058495822,0.2171907756813417
7156,0.9966573816155989,0.21730016769144775
7157,0.9967966573816156,0.217409529132318
7158,0.9969359331476323,0.21751886001676446
7159,0.997075208913649,0.21762816035759183
7160,0.9972144846796658,0.21773743016759778
7161,0.9973537604456825,0.21770702415863707
7162,0.9974930362116992,0.2176766266406032
7163,0.9976323119777158,0.21764623760993998
7164,0.9977715877437325,0.21775544388609716
7165,0.9979108635097493,0.21786461967899512
7166,0.998050139275766,0.21797376500139548
7167,0.9981894150417827,0.21808287986605274
7168,0.9983286908077994,0.21819196428571427
7169,0.9984679665738162,0.21830101827312037
7170,0.9986072423398329,0.21827057182705717
7171,0.9987465181058496,0.21837958443731698
7172,0.9988857938718663,0.21834913552704963
7173,0.999025069637883,0.21845810678934896
7174,0.9991643454038998,0.21856704767214943
7175,0.9993036211699164,0.2186759581881533
7176,0.9994428969359331,0.21864548494983277
7177,0.9995821727019498,0.21875435418698622
7178,0.9997214484679666,0.21872387851769295
7179,0.9998607242339833,0.21883270650508427
7180,1.0,0.21880222841225627
