accepted,coverage,risk
1,0.0001392757660167131,0.0
2,0.0002785515320334262,0.0
3,0.00041782729805013927,0.0
4,0.0005571030640668524,0.0
5,0.0006963788300835655,0.0
6,0.0008356545961002785,0.0
7,0.0009749303621169916,0.0
8,0.0011142061281337048,0.0
9,0.0012534818941504179,0.0
10,0.001392757660167131,0.0
11,0.001532033426183844,0.0
12,0.001671309192200557,0.0
13,0.0018105849582172701,0.0
14,0.0019498607242339832,0.0
15,0.0020891364902506965,0.0
16,0.0022284122562674096,0.0
17,0.0023676880222841226,0.0
18,0.0025069637883008357,0.0
19,0.0026462395543175488,0.0
20,0.002785515320334262,0.0
21,0.002924791086350975,0.0
22,0.003064066852367688,0.0
23,0.003203342618384401,0.0
24,0.003342618384401114,0.0
25,0.003481894150417827,0.0
26,0.0036211699164345403,0.0
27,0.0037604456824512533,0.0
28,0.0038997214484679664,0.0
29,0.00403899721448468,0.0
30,0.004178272980501393,0.0
31,0.004317548746518106,0.0
32,0.004456824512534819,0.0
33,0.004596100278551532,0.0
34,0.004735376044568245,0.0
35,0.004874651810584958,0.0
36,0.005013927576601671,0.0
37,0.0051532033426183845,0.0
38,0.0052924791086350976,0.0
39,0.005431754874651811,0.0
40,0.005571030640668524,0.0
41,0.005710306406685237,0.0
42,0.00584958217270195,0.0
43,0.005988857938718663,0.0
44,0.006128133704735376,0.0
45,0.006267409470752089,0.0
46,0.006406685236768802,0.0
47,0.006545961002785515,0.0
48,0.006685236768802228,0.0
49,0.006824512534818941,0.0
50,0.006963788300835654,0.0
51,0.0071030640668523675,0.0
52,0.0072423398328690805,0.0
53,0.007381615598885794,0.0
54,0.007520891364902507,0.0
55,0.00766016713091922,0.0
56,0.007799442896935933,0.0
57,0.007938718662952647,0.0
58,0.00807799442896936,0.0
59,0.008217270194986073,0.0
60,0.008356545961002786,0.0
61,0.008495821727019499,0.0
62,0.008635097493036212,0.0
63,0.008774373259052925,0.0
64,0.008913649025069638,0.0
65,0.009052924791086351,0.0
66,0.009192200557103064,0.0
67,0.009331476323119777,0.0
68,0.00947075208913649,0.0
69,0.009610027855153204,0.0
70,0.009749303621169917,0.0
71,0.00988857938718663,0.0
72,0.010027855153203343,0.0
73,0.010167130919220056,0.0
74,0.010306406685236769,0.0
75,0.010445682451253482,0.0
76,0.010584958217270195,0.0
77,0.010724233983286908,0.0
78,0.010863509749303621,0.0
79,0.011002785515320334,0.0
80,0.011142061281337047,0.0
81,0.01128133704735376,0.0
82,0.011420612813370474,0.0
83,0.011559888579387187,0.0
84,0.0116991643454039,0.0
85,0.011838440111420613,0.0
86,0.011977715877437326,0.0
87,0.012116991643454039,0.0
88,0.012256267409470752,0.0
89,0.012395543175487465,0.0
90,0.012534818941504178,0.0
91,0.012674094707520891,0.0
92,0.012813370473537604,0.0
93,0.012952646239554317,0.0
94,0.01309192200557103,0.0
95,0.013231197771587743,0.0
96,0.013370473537604457,0.0
97,0.01350974930362117,0.0
98,0.013649025069637883,0.0
99,0.013788300835654596,0.0
100,0.013927576601671309,0.0
101,0.014066852367688022,0.0
102,0.014206128133704735,0.0
103,0.014345403899721448,0.0
104,0.014484679665738161,0.0
105,0.014623955431754874,0.0
106,0.014763231197771587,0.0
107,0.0149025069637883,0.0
108,0.015041782729805013,0.0
109,0.015181058495821726,0.0
110,0.01532033426183844,0.0
111,0.015459610027855153,0.0
112,0.015598885793871866,0.0
113,0.01573816155988858,0.0
114,0.015877437325905294,0.0
115,0.016016713091922007,0.0
116,0.01615598885793872,0.0
117,0.016295264623955433,0.0
118,0.016434540389972146,0.0
119,0.01657381615598886,0.0
120,0.016713091922005572,0.0
121,0.016852367688022285,0.0
122,0.016991643454038998,0.0
123,0.01713091922005571,0.0
124,0.017270194986072424,0.0
125,0.017409470752089137,0.0
126,0.01754874651810585,0.0
127,0.017688022284122563,0.0
128,0.017827298050139277,0.0
129,0.01796657381615599,0.0
130,0.018105849582172703,0.0
131,0.018245125348189416,0.0
132,0.01838440111420613,0.0
133,0.018523676880222842,0.0
134,0.018662952646239555,0.0
135,0.018802228412256268,0.0
136,0.01894150417827298,0.0
137,0.019080779944289694,0.0
138,0.019220055710306407,0.0
139,0.01935933147632312,0.0
140,0.019498607242339833,0.0
141,0.019637883008356546,0.0
142,0.01977715877437326,0.0
143,0.019916434540389973,0.0
144,0.020055710306406686,0.0
145,0.0201949860724234,0.0
146,0.020334261838440112,0.0
147,0.020473537604456825,0.0
148,0.020612813370473538,0.0
149,0.02075208913649025,0.0
150,0.020891364902506964,0.0
151,0.021030640668523677,0.0
152,0.02116991643454039,0.0
153,0.021309192200557103,0.0
154,0.021448467966573816,0.0
155,0.02158774373259053,0.0
156,0.021727019498607242,0.0
157,0.021866295264623956,0.0
158,0.02200557103064067,0.0
159,0.02214484679665738,0.0
160,0.022284122562674095,0.0
161,0.022423398328690808,0.0
162,0.02256267409470752,0.0
163,0.022701949860724234,0.0
164,0.022841225626740947,0.0
165,0.02298050139275766,0.0
166,0.023119777158774373,0.0
167,0.023259052924791086,0.0
168,0.0233983286908078,0.0
169,0.023537604456824512,0.0
170,0.023676880222841225,0.0
171,0.02381615598885794,0.0
172,0.02395543175487465,0.0
173,0.024094707520891365,0.0
174,0.024233983286908078,0.0
175,0.02437325905292479,0.0
176,0.024512534818941504,0.0
177,0.024651810584958217,0.0
178,0.02479108635097493,0.0
179,0.024930362116991643,0.0
180,0.025069637883008356,0.0
181,0.02520891364902507,0.0
182,0.025348189415041782,0.0
183,0.025487465181058495,0.0
184,0.02562674094707521,0.0
185,0.02576601671309192,0.0
186,0.025905292479108635,0.0
187,0.026044568245125348,0.0
188,0.02618384401114206,0.0
189,0.026323119777158774,0.0
190,0.026462395543175487,0.0
191,0.0266016713091922,0.0
192,0.026740947075208913,0.0
193,0.026880222841225626,0.0
194,0.02701949860724234,0.0
195,0.027158774373259052,0.0
196,0.027298050139275765,0.0
197,0.02743732590529248,0.0
198,0.02757660167130919,0.0
199,0.027715877437325905,0.0
200,0.027855153203342618,0.0
201,0.02799442896935933,0.0
202,0.028133704735376044,0.0
203,0.028272980501392757,0.0
204,0.02841225626740947,0.0
205,0.028551532033426183,0.0
206,0.028690807799442896,0.0
207,0.02883008356545961,0.0
208,0.028969359331476322,0.0
209,0.029108635097493035,0.0
210,0.02924791086350975,0.0
211,0.02938718662952646,0.0
212,0.029526462395543174,0.0
213,0.029665738161559888,0.0
214,0.0298050139275766,0.0
215,0.029944289693593314,0.0
216,0.030083565459610027,0.0
217,0.03022284122562674,0.0
218,0.030362116991643453,0.0
219,0.030501392757660166,0.0
220,0.03064066852367688,0.0
221,0.030779944289693592,0.0
222,0.030919220055710305,0.0
223,0.031058495821727018,0.0
224,0.03119777158774373,0.0
225,0.031337047353760444,0.0
226,0.03147632311977716,0.0
227,0.03161559888579387,0.0
228,0.03175487465181059,0.0
229,0.0318941504178273,0.0
230,0.03203342618384401,0.0
231,0.03217270194986072,0.0
232,0.03231197771587744,0.0
233,0.03245125348189415,0.0
234,0.032590529247910865,0.0
235,0.032729805013927575,0.0
236,0.03286908077994429,0.0
237,0.033008356545961,0.0
238,0.03314763231197772,0.0
239,0.03328690807799443,0.0
240,0.033426183844011144,0.0
241,0.033565459610027853,0.0
242,0.03370473537604457,0.0
243,0.03384401114206128,0.0
244,0.033983286908077996,0.0
245,0.034122562674094706,0.0
246,0.03426183844011142,0.0
247,0.03440111420612813,0.0
248,0.03454038997214485,0.0
249,0.03467966573816156,0.0
250,0.034818941504178275,0.0
251,0.034958217270194984,0.0
252,0.0350974930362117,0.0
253,0.03523676880222841,0.0
254,0.03537604456824513,0.0
255,0.035515320334261836,0.0
256,0.03565459610027855,0.0
257,0.03579387186629526,0.0
258,0.03593314763231198,0.0
259,0.03607242339832869,0.0
260,0.036211699164345405,0.0
261,0.036350974930362115,0.0
262,0.03649025069637883,0.0
263,0.03662952646239554,0.0
264,0.03676880222841226,0.0
265,0.03690807799442897,0.0
266,0.037047353760445684,0.0
267,0.03718662952646239,0.0
268,0.03732590529247911,0.0
269,0.03746518105849582,0.0
270,0.037604456824512536,0.0
271,0.037743732590529246,0.0
272,0.03788300835654596,0.0
273,0.03802228412256267,0.0
274,0.03816155988857939,0.0
275,0.0383008356545961,0.0
276,0.038440111420612814,0.0
277,0.038579387186629524,0.0
278,0.03871866295264624,0.0
279,0.03885793871866295,0.0
280,0.03899721448467967,0.0
281,0.039136490250696376,0.0
282,0.03927576601671309,0.0
283,0.0394150417827298,0.0
284,0.03955431754874652,0.0
285,0.03969359331476323,0.0
286,0.039832869080779945,0.0
287,0.039972144846796655,0.0
288,0.04011142061281337,0.0
289,0.04025069637883008,0.0
290,0.0403899721448468,0.0
291,0.04052924791086351,0.0
292,0.040668523676880224,0.0
293,0.04080779944289693,0.0
294,0.04094707520891365,0.0
295,0.04108635097493036,0.0
296,0.041225626740947076,0.0
297,0.041364902506963785,0.0
298,0.0415041782729805,0.0
299,0.04164345403899721,0.0
300,0.04178272980501393,0.0
301,0.04192200557103064,0.0
302,0.042061281337047354,0.0
303,0.042200557103064064,0.0
304,0.04233983286908078,0.0
305,0.04247910863509749,0.0
306,0.04261838440111421,0.0
307,0.042757660167130916,0.0
308,0.04289693593314763,0.0
309,0.04303621169916434,0.0
310,0.04317548746518106,0.0
311,0.04331476323119777,0.0
312,0.043454038997214485,0.0
313,0.043593314763231195,0.0
314,0.04373259052924791,0.0
315,0.04387186629526462,0.0
316,0.04401114206128134,0.0
317,0.04415041782729805,0.0
318,0.04428969359331476,0.0
319,0.04442896935933147,0.0
320,0.04456824512534819,0.0
321,0.0447075208913649,0.0
322,0.044846796657381616,0.0
323,0.044986072423398325,0.0
324,0.04512534818941504,0.0
325,0.04526462395543175,0.0
326,0.04540389972144847,0.0
327,0.045543175487465185,0.0
328,0.045682451253481894,0.0
329,0.04582172701949861,0.0
330,0.04596100278551532,0.0
331,0.04610027855153204,0.0
332,0.046239554317548746,0.0
333,0.04637883008356546,0.0
334,0.04651810584958217,0.0
335,0.04665738161559889,0.0
336,0.0467966573816156,0.0
337,0.046935933147632315,0.0
338,0.047075208913649025,0.0
339,0.04721448467966574,0.0
340,0.04735376044568245,0.0
341,0.04749303621169917,0.0
342,0.04763231197771588,0.0
343,0.047771587743732594,0.0
344,0.0479108635097493,0.0
345,0.04805013927576602,0.0
346,0.04818941504178273,0.0
347,0.048328690807799446,0.0
348,0.048467966573816156,0.0
349,0.04860724233983287,0.0
350,0.04874651810584958,0.0
351,0.0488857938718663,0.0
352,0.04902506963788301,0.0
353,0.049164345403899724,0.0
354,0.049303621169916434,0.0
355,0.04944289693593315,0.0
356,0.04958217270194986,0.0
357,0.04972144846796658,0.0
358,0.049860724233983286,0.0
359,0.05,0.0
360,0.05013927576601671,0.0
361,0.05027855153203343,0.0
362,0.05041782729805014,0.0
363,0.050557103064066855,0.0
364,0.050696378830083565,0.0
365,0.05083565459610028,0.0
366,0.05097493036211699,0.0
367,0.05111420612813371,0.0
368,0.05125348189415042,0.0
369,0.051392757660167133,0.0
370,0.05153203342618384,0.0
371,0.05167130919220056,0.0
372,0.05181058495821727,0.0
373,0.051949860724233986,0.0
374,0.052089136490250695,0.0
375,0.05222841225626741,0.0
376,0.05236768802228412,0.0
377,0.05250696378830084,0.0
378,0.05264623955431755,0.0
379,0.052785515320334264,0.0
380,0.052924791086350974,0.0
381,0.05306406685236769,0.0
382,0.0532033426183844,0.0
383,0.053342618384401116,0.0
384,0.053481894150417826,0.0
385,0.05362116991643454,0.0
386,0.05376044568245125,0.0
387,0.05389972144846797,0.0
388,0.05403899721448468,0.0
389,0.054178272980501395,0.0
390,0.054317548746518104,0.0
391,0.05445682451253482,0.0
392,0.05459610027855153,0.0
393,0.05473537604456825,0.0
394,0.05487465181058496,0.0
395,0.05501392757660167,0.0
396,0.05515320334261838,0.0
397,0.0552924791086351,0.0
398,0.05543175487465181,0.0
399,0.055571030640668526,0.0
400,0.055710306406685235,0.0
401,0.05584958217270195,0.0
402,0.05598885793871866,0.0
403,0.05612813370473538,0.0
404,0.05626740947075209,0.0
405,0.056406685236768804,0.0
406,0.056545961002785514,0.0
407,0.05668523676880223,0.0
408,0.05682451253481894,0.0
409,0.056963788300835656,0.0
410,0.057103064066852366,0.0
411,0.05724233983286908,0.0
412,0.05738161559888579,0.0
413,0.05752089136490251,0.0
414,0.05766016713091922,0.0
415,0.057799442896935935,0.0
416,0.057938718662952644,0.0
417,0.05807799442896936,0.0
418,0.05821727019498607,0.0
419,0.05835654596100279,0.0
420,0.0584958217270195,0.0
421,0.05863509749303621,0.0
422,0.05877437325905292,0.0
423,0.05891364902506964,0.0
424,0.05905292479108635,0.0
425,0.059192200557103065,0.0
426,0.059331476323119775,0.0
427,0.05947075208913649,0.0
428,0.0596100278551532,0.0
429,0.05974930362116992,0.0
430,0.05988857938718663,0.0
431,0.060027855153203344,0.0
432,0.06016713091922005,0.0
433,0.06030640668523677,0.0
434,0.06044568245125348,0.0
435,0.060584958217270196,0.0
436,0.060724233983286906,0.0
437,0.06086350974930362,0.0
438,0.06100278551532033,0.0
439,0.06114206128133705,0.0
440,0.06128133704735376,0.0
441,0.061420612813370475,0.0
442,0.061559888579387184,0.0
443,0.0616991643454039,0.0
444,0.06183844011142061,0.0
445,0.06197771587743733,0.0
446,0.062116991643454036,0.0
447,0.06225626740947075,0.0
448,0.06239554317548746,0.0
449,0.06253481894150417,0.0
450,0.06267409470752089,0.0
451,0.0628133704735376,0.0
452,0.06295264623955432,0.0
453,0.06309192200557102,0.0
454,0.06323119777158774,0.0
455,0.06337047353760446,0.0
456,0.06350974930362117,0.0
457,0.06364902506963788,0.0
458,0.0637883008356546,0.0
459,0.06392757660167131,0.0
460,0.06406685236768803,0.0
461,0.06420612813370473,0.0
462,0.06434540389972145,0.0
463,0.06448467966573816,0.0
464,0.06462395543175488,0.0
465,0.06476323119777158,0.0
466,0.0649025069637883,0.0
467,0.06504178272980501,0.0
468,0.06518105849582173,0.0
469,0.06532033426183843,0.0
470,0.06545961002785515,0.0
471,0.06559888579387187,0.0
472,0.06573816155988858,0.0
473,0.06587743732590529,0.0
474,0.066016713091922,0.0
475,0.06615598885793872,0.0
476,0.06629526462395544,0.0
477,0.06643454038997214,0.0
478,0.06657381615598885,0.0
479,0.06671309192200557,0.0
480,0.06685236768802229,0.0
481,0.06699164345403899,0.0
482,0.06713091922005571,0.0
483,0.06727019498607242,0.0
484,0.06740947075208914,0.0
485,0.06754874651810584,0.0
486,0.06768802228412256,0.0
487,0.06782729805013928,0.0
488,0.06796657381615599,0.0
489,0.0681058495821727,0.0
490,0.06824512534818941,0.0
491,0.06838440111420613,0.0
492,0.06852367688022284,0.0
493,0.06866295264623956,0.0
494,0.06880222841225626,0.0
495,0.06894150417827298,0.0
496,0.0690807799442897,0.0
497,0.06922005571030641,0.0
498,0.06935933147632312,0.0
499,0.06949860724233983,0.0
500,0.06963788300835655,0.0
501,0.06977715877437327,0.0
502,0.06991643454038997,0.0
503,0.07005571030640668,0.0
504,0.0701949860724234,0.0
505,0.07033426183844012,0.0
506,0.07047353760445682,0.0
507,0.07061281337047354,0.0
508,0.07075208913649025,0.0
509,0.07089136490250697,0.0
510,0.07103064066852367,0.0
511,0.07116991643454039,0.0
512,0.0713091922005571,0.0
513,0.07144846796657382,0.0
514,0.07158774373259053,0.0
515,0.07172701949860724,0.0
516,0.07186629526462396,0.0
517,0.07200557103064067,0.0
518,0.07214484679665738,0.0
519,0.0722841225626741,0.0
520,0.07242339832869081,0.0
521,0.07256267409470753,0.0
522,0.07270194986072423,0.0
523,0.07284122562674095,0.0
524,0.07298050139275766,0.0
525,0.07311977715877438,0.0
526,0.07325905292479108,0.0
527,0.0733983286908078,0.0
528,0.07353760445682452,0.0
529,0.07367688022284123,0.0
530,0.07381615598885793,0.0
531,0.07395543175487465,0.0
532,0.07409470752089137,0.0
533,0.07423398328690808,0.0
534,0.07437325905292479,0.0
535,0.0745125348189415,0.0
536,0.07465181058495822,0.0
537,0.07479108635097494,0.0
538,0.07493036211699164,0.0
539,0.07506963788300836,0.0
540,0.07520891364902507,0.0
541,0.07534818941504179,0.0
542,0.07548746518105849,0.0
543,0.07562674094707521,0.0
544,0.07576601671309192,0.0
545,0.07590529247910864,0.0
546,0.07604456824512534,0.0
547,0.07618384401114206,0.0
548,0.07632311977715878,0.0
549,0.0764623955431755,0.0
550,0.0766016713091922,0.0
551,0.07674094707520891,0.0
552,0.07688022284122563,0.0
553,0.07701949860724235,0.0
554,0.07715877437325905,0.0
555,0.07729805013927576,0.0
556,0.07743732590529248,0.0
557,0.0775766016713092,0.0
558,0.0777158774373259,0.0
559,0.07785515320334262,0.0
560,0.07799442896935933,0.0
561,0.07813370473537605,0.0
562,0.07827298050139275,0.0
563,0.07841225626740947,0.0
564,0.07855153203342619,0.0
565,0.0786908077994429,0.0
566,0.0788300835654596,0.0
567,0.07896935933147632,0.0
568,0.07910863509749304,0.0
569,0.07924791086350975,0.0
570,0.07938718662952646,0.0
571,0.07952646239554317,0.0
572,0.07966573816155989,0.0
573,0.0798050139275766,0.0
574,0.07994428969359331,0.0
575,0.08008356545961003,0.0
576,0.08022284122562674,0.0
577,0.08036211699164346,0.0
578,0.08050139275766016,0.0
579,0.08064066852367688,0.0
580,0.0807799442896936,0.0
581,0.08091922005571031,0.0
582,0.08105849582172701,0.0
583,0.08119777158774373,0.0
584,0.08133704735376045,0.0
585,0.08147632311977716,0.0
586,0.08161559888579387,0.0
587,0.08175487465181058,0.0
588,0.0818941504178273,0.0
589,0.08203342618384402,0.0
590,0.08217270194986072,0.0
591,0.08231197771587744,0.0
592,0.08245125348189415,0.0
593,0.08259052924791087,0.0
594,0.08272980501392757,0.0
595,0.08286908077994429,0.0
596,0.083008356545961,0.0
597,0.08314763231197772,0.0
598,0.08328690807799442,0.0
599,0.08342618384401114,0.0
600,0.08356545961002786,0.0
601,0.08370473537604457,0.0
602,0.08384401114206128,0.0
603,0.08398328690807799,0.0
604,0.08412256267409471,0.0
605,0.08426183844011143,0.0
606,0.08440111420612813,0.0
607,0.08454038997214484,0.0
608,0.08467966573816156,0.0
609,0.08481894150417828,0.0
610,0.08495821727019498,0.0
611,0.0850974930362117,0.0
612,0.08523676880222841,0.0
613,0.08537604456824513,0.0
614,0.08551532033426183,0.0
615,0.08565459610027855,0.0
616,0.08579387186629527,0.0
617,0.08593314763231198,0.0
618,0.08607242339832868,0.0
619,0.0862116991643454,0.0
620,0.08635097493036212,0.0
621,0.08649025069637883,0.0
622,0.08662952646239554,0.0
623,0.08676880222841225,0.0
624,0.08690807799442897,0.0
625,0.08704735376044569,0.0
626,0.08718662952646239,0.0
627,0.0873259052924791,0.0
628,0.08746518105849582,0.0
629,0.08760445682451254,0.0
630,0.08774373259052924,0.0
631,0.08788300835654596,0.0
632,0.08802228412256267,0.0
633,0.08816155988857939,0.0
634,0.0883008356545961,0.0
635,0.08844011142061281,0.0
636,0.08857938718662953,0.0
637,0.08871866295264624,0.0
638,0.08885793871866295,0.0
639,0.08899721448467966,0.0
640,0.08913649025069638,0.0
641,0.0892757660167131,0.0
642,0.0894150417827298,0.0
643,0.08955431754874651,0.0
644,0.08969359331476323,0.0
645,0.08983286908077995,0.0
646,0.08997214484679665,0.0
647,0.09011142061281337,0.0
648,0.09025069637883008,0.0
649,0.0903899721448468,0.0
650,0.0905292479108635,0.0
651,0.09066852367688022,0.0
652,0.09080779944289694,0.0
653,0.09094707520891365,0.0
654,0.09108635097493037,0.0
655,0.09122562674094707,0.0
656,0.09136490250696379,0.0
657,0.0915041782729805,0.0
658,0.09164345403899722,0.0
659,0.09178272980501392,0.0
660,0.09192200557103064,0.0
661,0.09206128133704736,0.0
662,0.09220055710306407,0.0
663,0.09233983286908078,0.0
664,0.09247910863509749,0.0
665,0.09261838440111421,0.0
666,0.09275766016713093,0.0
667,0.09289693593314763,0.0
668,0.09303621169916435,0.0
669,0.09317548746518106,0.0
670,0.09331476323119778,0.0
671,0.09345403899721448,0.0
672,0.0935933147632312,0.0
673,0.09373259052924791,0.0
674,0.09387186629526463,0.0
675,0.09401114206128133,0.0
676,0.09415041782729805,0.0
677,0.09428969359331477,0.0
678,0.09442896935933148,0.0
679,0.09456824512534819,0.0
680,0.0947075208913649,0.0
681,0.09484679665738162,0.0
682,0.09498607242339834,0.0
683,0.09512534818941504,0.0
684,0.09526462395543175,0.0
685,0.09540389972144847,0.0
686,0.09554317548746519,0.0
687,0.09568245125348189,0.0
688,0.0958217270194986,0.0
689,0.09596100278551532,0.0
690,0.09610027855153204,0.0
691,0.09623955431754874,0.0
692,0.09637883008356546,0.0
693,0.09651810584958218,0.0
694,0.09665738161559889,0.0
695,0.0967966573816156,0.0
696,0.09693593314763231,0.0
697,0.09707520891364903,0.0
698,0.09721448467966574,0.0
699,0.09735376044568245,0.0
700,0.09749303621169916,0.0
701,0.09763231197771588,0.0
702,0.0977715877437326,0.0
703,0.0979108635097493,0.0
704,0.09805013927576602,0.0
705,0.09818941504178273,0.0
706,0.09832869080779945,0.0
707,0.09846796657381615,0.0
708,0.09860724233983287,0.0
709,0.09874651810584958,0.0
710,0.0988857938718663,0.0
711,0.099025069637883,0.0
712,0.09916434540389972,0.0
713,0.09930362116991644,0.0
714,0.09944289693593315,0.0
715,0.09958217270194986,0.0
716,0.09972144846796657,0.0
717,0.09986072423398329,0.0
718,0.1,0.0
719,0.10013927576601671,0.0
720,0.10027855153203342,0.0
721,0.10041782729805014,0.0
722,0.10055710306406686,0.0
723,0.10069637883008356,0.0
724,0.10083565459610028,0.0
725,0.100974930362117,0.0
726,0.10111420612813371,0.0
727,0.10125348189415041,0.0
728,0.10139275766016713,0.0
729,0.10153203342618385,0.0
730,0.10167130919220056,0.0
731,0.10181058495821727,0.0
732,0.10194986072423398,0.0
733,0.1020891364902507,0.0
734,0.10222841225626741,0.0
735,0.10236768802228412,0.0
736,0.10250696378830083,0.0
737,0.10264623955431755,0.0
738,0.10278551532033427,0.0
739,0.10292479108635097,0.0
740,0.10306406685236769,0.0
741,0.1032033426183844,0.0
742,0.10334261838440112,0.0
743,0.10348189415041782,0.0
744,0.10362116991643454,0.0
745,0.10376044568245125,0.0
746,0.10389972144846797,0.0
747,0.10403899721448467,0.0
748,0.10417827298050139,0.0
749,0.10431754874651811,0.0
750,0.10445682451253482,0.0
751,0.10459610027855153,0.0
752,0.10473537604456824,0.0
753,0.10487465181058496,0.0
754,0.10501392757660168,0.0
755,0.10515320334261838,0.0
756,0.1052924791086351,0.0
757,0.10543175487465181,0.0
758,0.10557103064066853,0.0
759,0.10571030640668523,0.0
760,0.10584958217270195,0.0
761,0.10598885793871866,0.0
762,0.10612813370473538,0.0
763,0.10626740947075208,0.0
764,0.1064066852367688,0.0
765,0.10654596100278552,0.0
766,0.10668523676880223,0.0
767,0.10682451253481894,0.0
768,0.10696378830083565,0.0
769,0.10710306406685237,0.0
770,0.10724233983286909,0.0
771,0.10738161559888579,0.0
772,0.1075208913649025,0.0
773,0.10766016713091922,0.0
774,0.10779944289693594,0.0
775,0.10793871866295264,0.0
776,0.10807799442896936,0.0
777,0.10821727019498607,0.0
778,0.10835654596100279,0.0
779,0.10849582172701949,0.0
780,0.10863509749303621,0.0
781,0.10877437325905293,0.0
782,0.10891364902506964,0.0
783,0.10905292479108634,0.0
784,0.10919220055710306,0.0
785,0.10933147632311978,0.0
786,0.1094707520891365,0.0
787,0.1096100278551532,0.0
788,0.10974930362116991,0.0
789,0.10988857938718663,0.0
790,0.11002785515320335,0.0
791,0.11016713091922005,0.0
792,0.11030640668523677,0.0
793,0.11044568245125348,0.0
794,0.1105849582172702,0.0
795,0.1107242339832869,0.0
796,0.11086350974930362,0.0
797,0.11100278551532033,0.0
798,0.11114206128133705,0.0
799,0.11128133704735375,0.0
800,0.11142061281337047,0.0
801,0.11155988857938719,0.0
802,0.1116991643454039,0.0
803,0.1118384401114206,0.0
804,0.11197771587743732,0.0
805,0.11211699164345404,0.0
806,0.11225626740947076,0.0
807,0.11239554317548746,0.0
808,0.11253481894150417,0.0
809,0.11267409470752089,0.0
810,0.11281337047353761,0.0
811,0.11295264623955431,0.0
812,0.11309192200557103,0.0
813,0.11323119777158774,0.0
814,0.11337047353760446,0.0
815,0.11350974930362116,0.0
816,0.11364902506963788,0.0
817,0.1137883008356546,0.0
818,0.11392757660167131,0.0
819,0.11406685236768803,0.0
820,0.11420612813370473,0.0
821,0.11434540389972145,0.0
822,0.11448467966573816,0.0
823,0.11462395543175488,0.0
824,0.11476323119777158,0.0
825,0.1149025069637883,0.0
826,0.11504178272980502,0.0
827,0.11518105849582173,0.0
828,0.11532033426183844,0.0
829,0.11545961002785515,0.0
830,0.11559888579387187,0.0
831,0.11573816155988859,0.0
832,0.11587743732590529,0.0
833,0.116016713091922,0.0
834,0.11615598885793872,0.0
835,0.11629526462395544,0.0
836,0.11643454038997214,0.0
837,0.11657381615598886,0.0
838,0.11671309192200557,0.0
839,0.11685236768802229,0.0
840,0.116991643454039,0.0
841,0.11713091922005571,0.0
842,0.11727019498607243,0.0
843,0.11740947075208914,0.0
844,0.11754874651810585,0.0
845,0.11768802228412256,0.0
846,0.11782729805013928,0.0
847,0.117966573816156,0.0
848,0.1181058495821727,0.0
849,0.11824512534818941,0.0
850,0.11838440111420613,0.0
851,0.11852367688022285,0.0
852,0.11866295264623955,0.0
853,0.11880222841225627,0.0
854,0.11894150417827298,0.0
855,0.1190807799442897,0.0
856,0.1192200557103064,0.0
857,0.11935933147632312,0.0
858,0.11949860724233984,0.0
859,0.11963788300835655,0.0
860,0.11977715877437325,0.0
861,0.11991643454038997,0.0
862,0.12005571030640669,0.0
863,0.1201949860724234,0.0
864,0.1203342618384401,0.0
865,0.12047353760445682,0.0
866,0.12061281337047354,0.0
867,0.12075208913649026,0.0
868,0.12089136490250696,0.0
869,0.12103064066852368,0.0
870,0.12116991643454039,0.0
871,0.12130919220055711,0.0
872,0.12144846796657381,0.0
873,0.12158774373259053,0.0
874,0.12172701949860724,0.0
875,0.12186629526462396,0.0
876,0.12200557103064066,0.0
877,0.12214484679665738,0.0
878,0.1222841225626741,0.0
879,0.12242339832869081,0.0
880,0.12256267409470752,0.0
881,0.12270194986072423,0.0
882,0.12284122562674095,0.0
883,0.12298050139275767,0.0
884,0.12311977715877437,0.0
885,0.12325905292479108,0.0
886,0.1233983286908078,0.0
887,0.12353760445682452,0.0
888,0.12367688022284122,0.0
889,0.12381615598885794,0.0
890,0.12395543175487465,0.0
891,0.12409470752089137,0.0
892,0.12423398328690807,0.0
893,0.12437325905292479,0.0
894,0.1245125348189415,0.0
895,0.12465181058495822,0.0
896,0.12479108635097493,0.0
897,0.12493036211699164,0.0
898,0.12506963788300834,0.0
899,0.12520891364902506,0.0
900,0.12534818941504178,0.0
901,0.1254874651810585,0.0
902,0.1256267409470752,0.0
903,0.12576601671309193,0.0
904,0.12590529247910864,0.0
905,0.12604456824512536,0.0
906,0.12618384401114205,0.0
907,0.12632311977715877,0.0
908,0.12646239554317548,0.0
909,0.1266016713091922,0.0
910,0.12674094707520892,0.0
911,0.12688022284122563,0.0
912,0.12701949860724235,0.0
913,0.12715877437325906,0.0
914,0.12729805013927575,0.0
915,0.12743732590529247,0.0
916,0.1275766016713092,0.0
917,0.1277158774373259,0.0
918,0.12785515320334262,0.0
919,0.12799442896935934,0.0
920,0.12813370473537605,0.0
921,0.12827298050139277,0.0
922,0.12841225626740946,0.0
923,0.12855153203342617,0.0
924,0.1286908077994429,0.0
925,0.1288300835654596,0.0
926,0.12896935933147632,0.0
927,0.12910863509749304,0.0
928,0.12924791086350976,0.0
929,0.12938718662952647,0.0
930,0.12952646239554316,0.0
931,0.12966573816155988,0.0
932,0.1298050139275766,0.0
933,0.1299442896935933,0.0
934,0.13008356545961003,0.0
935,0.13022284122562675,0.0
936,0.13036211699164346,0.0
937,0.13050139275766018,0.0
938,0.13064066852367687,0.0
939,0.13077994428969358,0.0
940,0.1309192200557103,0.0
941,0.13105849582172702,0.0
942,0.13119777158774373,0.0
943,0.13133704735376045,0.0010604453870625664
944,0.13147632311977717,0.001059322033898305
945,0.13161559888579388,0.0010582010582010583
946,0.13175487465181057,0.0010570824524312897
947,0.1318941504178273,0.0010559662090813093
948,0.132033426183844,0.0010548523206751054
949,0.13217270194986072,0.001053740779768177
950,0.13231197771587744,0.0010526315789473684
951,0.13245125348189415,0.0010515247108307045
952,0.13259052924791087,0.0010504201680672268
953,0.1327298050139276,0.001049317943336831
954,0.13286908077994428,0.0010482180293501049
955,0.133008356545961,0.0010471204188481676
956,0.1331476323119777,0.0010460251046025104
957,0.13328690807799443,0.0010449320794148381
958,0.13342618384401114,0.0010438413361169101
959,0.13356545961002786,0.0010427528675703858
960,0.13370473537604458,0.0010416666666666667
961,0.1338440111420613,0.001040582726326743
962,0.13398328690807798,0.0010395010395010396
963,0.1341225626740947,0.0010384215991692627
964,0.13426183844011141,0.001037344398340249
965,0.13440111420612813,0.0010362694300518134
966,0.13454038997214485,0.0010351966873706005
967,0.13467966573816156,0.001034126163391934
968,0.13481894150417828,0.0010330578512396695
969,0.134958217270195,0.0010319917440660474
970,0.13509749303621169,0.0010309278350515464
971,0.1352367688022284,0.0010298661174047373
972,0.13537604456824512,0.00102880658436214
973,0.13551532033426184,0.0010277492291880781
974,0.13565459610027855,0.001026694045174538
975,0.13579387186629527,0.0010256410256410256
976,0.13593314763231198,0.0010245901639344263
977,0.1360724233983287,0.0010235414534288639
978,0.1362116991643454,0.0010224948875255625
979,0.1363509749303621,0.0010214504596527069
980,0.13649025069637882,0.0010204081632653062
981,0.13662952646239554,0.0010193679918450561
982,0.13676880222841226,0.0010183299389002036
983,0.13690807799442897,0.001017293997965412
984,0.1370473537604457,0.0010162601626016261
985,0.1371866295264624,0.0010152284263959391
986,0.13732590529247912,0.0010141987829614604
987,0.1374651810584958,0.0010131712259371835
988,0.13760445682451253,0.0010121457489878543
989,0.13774373259052924,0.0010111223458038423
990,0.13788300835654596,0.00101010101010101
991,0.13802228412256268,0.0010090817356205853
992,0.1381615598885794,0.0010080645161290322
993,0.1383008356545961,0.0010070493454179255
994,0.13844011142061283,0.002012072434607646
995,0.13857938718662952,0.0020100502512562816
996,0.13871866295264623,0.002008032128514056
997,0.13885793871866295,0.0020060180541624875
998,0.13899721448467967,0.002004008016032064
999,0.13913649025069638,0.002002002002002002
1000,0.1392757660167131,0.002
1001,0.13941504178272981,0.001998001998001998
1002,0.13955431754874653,0.001996007984031936
1003,0.13969359331476322,0.0019940179461615153
1004,0.13983286908077994,0.00199203187250996
1005,0.13997214484679665,0.001990049751243781
1006,0.14011142061281337,0.0019880715705765406
1007,0.1402506963788301,0.0019860973187686196
1008,0.1403899721448468,0.001984126984126984
1009,0.14052924791086352,0.0019821605550049554
1010,0.14066852367688024,0.0019801980198019802
1011,0.14080779944289692,0.0019782393669634025
1012,0.14094707520891364,0.001976284584980237
1013,0.14108635097493036,0.0019743336623889436
1014,0.14122562674094707,0.0019723865877712033
1015,0.1413649025069638,0.0019704433497536944
1016,0.1415041782729805,0.001968503937007874
1017,0.14164345403899722,0.0019665683382497543
1018,0.14178272980501394,0.0019646365422396855
1019,0.14192200557103063,0.001962708537782139
1020,0.14206128133704735,0.00196078431372549
1021,0.14220055710306406,0.0019588638589618022
1022,0.14233983286908078,0.0019569471624266144
1023,0.1424791086350975,0.0019550342130987292
1024,0.1426183844011142,0.001953125
1025,0.14275766016713093,0.001951219512195122
1026,0.14289693593314765,0.001949317738791423
1027,0.14303621169916433,0.0019474196689386564
1028,0.14317548746518105,0.0019455252918287938
1029,0.14331476323119777,0.0029154518950437317
1030,0.14345403899721448,0.002912621359223301
1031,0.1435933147632312,0.002909796314258002
1032,0.14373259052924792,0.0029069767441860465
1033,0.14387186629526463,0.002904162633107454
1034,0.14401114206128135,0.0029013539651837525
1035,0.14415041782729804,0.002898550724637681
1036,0.14428969359331476,0.0028957528957528956
1037,0.14442896935933147,0.0028929604628736743
1038,0.1445682451253482,0.002890173410404624
1039,0.1447075208913649,0.0028873917228103944
1040,0.14484679665738162,0.0028846153846153848
1041,0.14498607242339834,0.002881844380403458
1042,0.14512534818941505,0.0028790786948176585
1043,0.14526462395543174,0.0028763183125599234
1044,0.14540389972144846,0.0028735632183908046
1045,0.14554317548746518,0.003827751196172249
1046,0.1456824512534819,0.0038240917782026767
1047,0.1458217270194986,0.0038204393505253103
1048,0.14596100278551533,0.003816793893129771
1049,0.14610027855153204,0.0038131553860819827
1050,0.14623955431754876,0.0038095238095238095
1051,0.14637883008356545,0.003805899143672693
1052,0.14651810584958216,0.004752851711026616
1053,0.14665738161559888,0.004748338081671415
1054,0.1467966573816156,0.004743833017077799
1055,0.1469359331476323,0.005687203791469194
1056,0.14707520891364903,0.005681818181818182
1057,0.14721448467966575,0.005676442762535478
1058,0.14735376044568246,0.005671077504725898
1059,0.14749303621169915,0.0056657223796034
1060,0.14763231197771587,0.005660377358490566
1061,0.14777158774373259,0.005655042412818096
1062,0.1479108635097493,0.005649717514124294
1063,0.14805013927576602,0.005644402634054563
1064,0.14818941504178273,0.005639097744360902
1065,0.14832869080779945,0.005633802816901409
1066,0.14846796657381617,0.005628517823639775
1067,0.14860724233983286,0.005623242736644799
1068,0.14874651810584957,0.0056179775280898875
1069,0.1488857938718663,0.005612722170252572
1070,0.149025069637883,0.005607476635514018
1071,0.14916434540389972,0.0056022408963585435
1072,0.14930362116991644,0.0065298507462686565
1073,0.14944289693593316,0.0065237651444548
1074,0.14958217270194987,0.006517690875232775
1075,0.14972144846796656,0.0065116279069767444
1076,0.14986072423398328,0.006505576208178439
1077,0.15,0.0064995357474466105
1078,0.1501392757660167,0.006493506493506494
1079,0.15027855153203343,0.0074142724745134385
1080,0.15041782729805014,0.007407407407407408
1081,0.15055710306406686,0.0074005550416281225
1082,0.15069637883008358,0.0073937153419593345
1083,0.15083565459610027,0.007386888273314866
1084,0.15097493036211698,0.007380073800738007
1085,0.1511142061281337,0.007373271889400922
1086,0.15125348189415042,0.007366482504604052
1087,0.15139275766016713,0.007359705611775529
1088,0.15153203342618385,0.007352941176470588
1089,0.15167130919220057,0.0073461891643709825
1090,0.15181058495821728,0.007339449541284404
1091,0.15194986072423397,0.007332722273143905
1092,0.1520891364902507,0.007326007326007326
1093,0.1522284122562674,0.007319304666056725
1094,0.15236768802228412,0.007312614259597806
1095,0.15250696378830084,0.0073059360730593605
1096,0.15264623955431755,0.0072992700729927005
1097,0.15278551532033427,0.007292616226071103
1098,0.152924791086351,0.007285974499089253
1099,0.15306406685236768,0.007279344858962694
1100,0.1532033426183844,0.007272727272727273
1101,0.1533426183844011,0.007266121707538601
1102,0.15348189415041782,0.007259528130671506
1103,0.15362116991643454,0.007252946509519492
1104,0.15376044568245126,0.007246376811594203
1105,0.15389972144846797,0.007239819004524887
1106,0.1540389972144847,0.007233273056057866
1107,0.15417827298050138,0.007226738934056007
1108,0.1543175487465181,0.007220216606498195
1109,0.1544568245125348,0.007213706041478809
1110,0.15459610027855153,0.007207207207207207
1111,0.15473537604456825,0.0072007200720072
1112,0.15487465181058496,0.007194244604316547
1113,0.15501392757660168,0.0071877807726864335
1114,0.1551532033426184,0.00718132854578097
1115,0.15529247910863508,0.007174887892376682
1116,0.1554317548746518,0.007168458781362007
1117,0.15557103064066852,0.007162041181736795
1118,0.15571030640668523,0.007155635062611807
1119,0.15584958217270195,0.0071492403932082215
1120,0.15598885793871867,0.007142857142857143
1121,0.15612813370473538,0.007136485280999108
1122,0.1562674094707521,0.0071301247771836
1123,0.1564066852367688,0.007123775601068566
1124,0.1565459610027855,0.0071174377224199285
1125,0.15668523676880222,0.0071111111111111115
1126,0.15682451253481894,0.007104795737122558
1127,0.15696378830083565,0.00709849157054126
1128,0.15710306406685237,0.0070921985815602835
1129,0.1572423398328691,0.0070859167404783
1130,0.1573816155988858,0.007079646017699115
1131,0.1575208913649025,0.007073386383731211
1132,0.1576601671309192,0.007067137809187279
1133,0.15779944289693593,0.00706090026478376
1134,0.15793871866295264,0.007054673721340388
1135,0.15807799442896936,0.007048458149779736
1136,0.15821727019498608,0.007042253521126761
1137,0.1583565459610028,0.007036059806508356
1138,0.1584958217270195,0.007029876977152899
1139,0.1586350974930362,0.007023705004389816
1140,0.15877437325905291,0.007017543859649123
1141,0.15891364902506963,0.007011393514460999
1142,0.15905292479108635,0.0070052539404553416
1143,0.15919220055710306,0.00699912510936133
1144,0.15933147632311978,0.006993006993006993
1145,0.1594707520891365,0.0069868995633187774
1146,0.1596100278551532,0.006980802792321117
1147,0.15974930362116993,0.006974716652136007
1148,0.15988857938718662,0.006968641114982578
1149,0.16002785515320334,0.006962576153176675
1150,0.16016713091922005,0.006956521739130435
1151,0.16030640668523677,0.0069504778453518675
1152,0.16044568245125349,0.006944444444444444
1153,0.1605849582172702,0.007805724197745013
1154,0.16072423398328692,0.00779896013864818
1155,0.16086350974930363,0.007792207792207792
1156,0.16100278551532032,0.00865051903114187
1157,0.16114206128133704,0.00864304235090752
1158,0.16128133704735376,0.008635578583765112
1159,0.16142061281337047,0.008628127696289905
1160,0.1615598885793872,0.008620689655172414
1161,0.1616991643454039,0.008613264427217916
1162,0.16183844011142062,0.008605851979345954
1163,0.16197771587743734,0.009458297506448839
1164,0.16211699164345403,0.009450171821305841
1165,0.16225626740947074,0.00944206008583691
1166,0.16239554317548746,0.009433962264150943
1167,0.16253481894150418,0.009425878320479864
1168,0.1626740947075209,0.009417808219178082
1169,0.1628133704735376,0.009409751924721984
1170,0.16295264623955433,0.009401709401709401
1171,0.16309192200557104,0.009393680614859094
1172,0.16323119777158773,0.00938566552901024
1173,0.16337047353760445,0.00937766410912191
1174,0.16350974930362117,0.009369676320272573
1175,0.16364902506963788,0.009361702127659575
1176,0.1637883008356546,0.00935374149659864
1177,0.16392757660167132,0.009345794392523364
1178,0.16406685236768803,0.00933786078098472
1179,0.16420612813370475,0.009329940627650551
1180,0.16434540389972144,0.009322033898305085
1181,0.16448467966573815,0.009314140558848433
1182,0.16462395543175487,0.009306260575296108
1183,0.1647632311977716,0.009298393913778529
1184,0.1649025069637883,0.009290540540540541
1185,0.16504178272980502,0.009282700421940928
1186,0.16518105849582174,0.00927487352445194
1187,0.16532033426183845,0.009267059814658803
1188,0.16545961002785514,0.009259259259259259
1189,0.16559888579387186,0.009251471825063078
1190,0.16573816155988857,0.009243697478991597
1191,0.1658774373259053,0.009235936188077247
1192,0.166016713091922,0.009228187919463088
1193,0.16615598885793872,0.009220452640402346
1194,0.16629526462395544,0.009212730318257957
1195,0.16643454038997216,0.009205020920502092
1196,0.16657381615598885,0.00919732441471572
1197,0.16671309192200556,0.009189640768588136
1198,0.16685236768802228,0.009181969949916527
1199,0.166991643454039,0.009174311926605505
1200,0.1671309192200557,0.009166666666666667
1201,0.16727019498607243,0.009159034138218152
1202,0.16740947075208915,0.009983361064891847
1203,0.16754874651810586,0.00997506234413965
1204,0.16768802228412255,0.009966777408637873
1205,0.16782729805013927,0.00995850622406639
1206,0.16796657381615598,0.009950248756218905
1207,0.1681058495821727,0.009942004971002486
1208,0.16824512534818942,0.009933774834437087
1209,0.16838440111420613,0.009925558312655087
1210,0.16852367688022285,0.010743801652892562
1211,0.16866295264623957,0.010734929810074319
1212,0.16880222841225626,0.01155115511551155
1213,0.16894150417827297,0.011541632316570486
1214,0.1690807799442897,0.011532125205930808
1215,0.1692200557103064,0.011522633744855968
1216,0.16935933147632312,0.011513157894736841
1217,0.16949860724233984,0.011503697617091208
1218,0.16963788300835655,0.012315270935960592
1219,0.16977715877437327,0.012305168170631665
1220,0.16991643454038996,0.012295081967213115
1221,0.17005571030640668,0.012285012285012284
1222,0.1701949860724234,0.012274959083469721
1223,0.1703342618384401,0.012264922322158627
1224,0.17047353760445683,0.012254901960784314
1225,0.17061281337047354,0.012244897959183673
1226,0.17075208913649026,0.012234910277324634
1227,0.17089136490250698,0.012224938875305624
1228,0.17103064066852366,0.012214983713355049
1229,0.17116991643454038,0.012205044751830757
1230,0.1713091922005571,0.012195121951219513
1231,0.17144846796657381,0.012185215272136474
1232,0.17158774373259053,0.012175324675324676
1233,0.17172701949860725,0.012165450121654502
1234,0.17186629526462396,0.012155591572123177
1235,0.17200557103064068,0.012145748987854251
1236,0.17214484679665737,0.012135922330097087
1237,0.17228412256267409,0.012126111560226353
1238,0.1724233983286908,0.012116316639741519
1239,0.17256267409470752,0.012106537530266344
1240,0.17270194986072424,0.012096774193548387
1241,0.17284122562674095,0.012087026591458501
1242,0.17298050139275767,0.012077294685990338
1243,0.17311977715877438,0.012067578439259855
1244,0.17325905292479107,0.012057877813504822
1245,0.1733983286908078,0.012048192771084338
1246,0.1735376044568245,0.012038523274478331
1247,0.17367688022284122,0.012028869286287089
1248,0.17381615598885794,0.01201923076923077
1249,0.17395543175487466,0.01200960768614892
1250,0.17409470752089137,0.012
1251,0.1742339832869081,0.011990407673860911
1252,0.17437325905292478,0.011980830670926517
1253,0.1745125348189415,0.011971268954509178
1254,0.1746518105849582,0.011961722488038277
1255,0.17479108635097493,0.01195219123505976
1256,0.17493036211699164,0.01194267515923567
1257,0.17506963788300836,0.011933174224343675
1258,0.17520891364902508,0.01192368839427663
1259,0.1753481894150418,0.011914217633042097
1260,0.17548746518105848,0.011904761904761904
1261,0.1756267409470752,0.011895321173671689
1262,0.17576601671309192,0.011885895404120444
1263,0.17590529247910863,0.011876484560570071
1264,0.17604456824512535,0.011867088607594937
1265,0.17618384401114207,0.011857707509881422
1266,0.17632311977715878,0.011848341232227487
1267,0.1764623955431755,0.011838989739542225
1268,0.1766016713091922,0.011829652996845425
1269,0.1767409470752089,0.01182033096926714
1270,0.17688022284122562,0.011811023622047244
1271,0.17701949860724234,0.011801730920535013
1272,0.17715877437325905,0.012578616352201259
1273,0.17729805013927577,0.012568735271013355
1274,0.1774373259052925,0.012558869701726845
1275,0.1775766016713092,0.012549019607843137
1276,0.1777158774373259,0.012539184952978056
1277,0.1778551532033426,0.012529365700861394
1278,0.17799442896935933,0.012519561815336464
1279,0.17813370473537604,0.012509773260359656
1280,0.17827298050139276,0.0125
1281,0.17841225626740947,0.01249024199843872
1282,0.1785515320334262,0.0124804992199688
1283,0.1786908077994429,0.012470771628994544
1284,0.1788300835654596,0.012461059190031152
1285,0.1789693593314763,0.012451361867704281
1286,0.17910863509749303,0.012441679626749611
1287,0.17924791086350975,0.01320901320901321
1288,0.17938718662952646,0.013198757763975156
1289,0.17952646239554318,0.013188518231186967
1290,0.1796657381615599,0.01317829457364341
1291,0.1798050139275766,0.013942680092951201
1292,0.1799442896935933,0.01393188854489164
1293,0.18008356545961002,0.013921113689095127
1294,0.18022284122562673,0.013910355486862442
1295,0.18036211699164345,0.013899613899613899
1296,0.18050139275766017,0.013888888888888888
1297,0.18064066852367688,0.013878180416345412
1298,0.1807799442896936,0.01386748844375963
1299,0.18091922005571032,0.013856812933025405
1300,0.181058495821727,0.013846153846153847
1301,0.18119777158774372,0.013835511145272867
1302,0.18133704735376044,0.013824884792626729
1303,0.18147632311977716,0.014581734458940905
1304,0.18161559888579387,0.014570552147239263
1305,0.1817548746518106,0.014559386973180077
1306,0.1818941504178273,0.01454823889739663
1307,0.18203342618384402,0.014537107880642693
1308,0.18217270194986074,0.01529051987767584
1309,0.18231197771587743,0.015278838808250574
1310,0.18245125348189414,0.015267175572519083
1311,0.18259052924791086,0.015255530129672006
1312,0.18272980501392758,0.01524390243902439
1313,0.1828690807799443,0.015232292460015232
1314,0.183008356545961,0.015220700152207
1315,0.18314763231197773,0.015209125475285171
1316,0.18328690807799444,0.015197568389057751
1317,0.18342618384401113,0.015186028853454821
1318,0.18356545961002785,0.015174506828528073
1319,0.18370473537604456,0.015163002274450341
1320,0.18384401114206128,0.015151515151515152
1321,0.183983286908078,0.01514004542013626
1322,0.18412256267409471,0.015128593040847202
1323,0.18426183844011143,0.015117157974300832
1324,0.18440111420612815,0.015105740181268883
1325,0.18454038997214484,0.01509433962264151
1326,0.18467966573816155,0.015082956259426848
1327,0.18481894150417827,0.015071590052750565
1328,0.18495821727019499,0.015060240963855422
1329,0.1850974930362117,0.01580135440180587
1330,0.18523676880222842,0.015789473684210527
1331,0.18537604456824514,0.015777610818933134
1332,0.18551532033426185,0.015765765765765764
1333,0.18565459610027854,0.015753938484621154
1334,0.18579387186629526,0.015742128935532233
1335,0.18593314763231197,0.015730337078651686
1336,0.1860724233983287,0.015718562874251496
1337,0.1862116991643454,0.015706806282722512
1338,0.18635097493036212,0.01569506726457399
1339,0.18649025069637884,0.01568334578043316
1340,0.18662952646239556,0.015671641791044775
1341,0.18676880222841225,0.01640566741237882
1342,0.18690807799442896,0.01639344262295082
1343,0.18704735376044568,0.016381236038719285
1344,0.1871866295264624,0.01711309523809524
1345,0.1873259052924791,0.017100371747211896
1346,0.18746518105849583,0.017830609212481426
1347,0.18760445682451254,0.017817371937639197
1348,0.18774373259052926,0.017804154302670624
1349,0.18788300835654595,0.017790956263899184
1350,0.18802228412256267,0.017777777777777778
1351,0.18816155988857938,0.018504811250925242
1352,0.1883008356545961,0.019230769230769232
1353,0.18844011142061282,0.019216555801921657
1354,0.18857938718662953,0.019202363367799114
1355,0.18871866295264625,0.01918819188191882
1356,0.18885793871866297,0.019174041297935103
1357,0.18899721448467965,0.01915991156963891
1358,0.18913649025069637,0.01914580265095729
1359,0.1892757660167131,0.01913171449595291
1360,0.1894150417827298,0.01911764705882353
1361,0.18955431754874652,0.019838354151359296
1362,0.18969359331476324,0.020558002936857563
1363,0.18983286908077995,0.020542920029347028
1364,0.18997214484679667,0.020527859237536656
1365,0.19011142061281336,0.020512820512820513
1366,0.19025069637883008,0.020497803806734993
1367,0.1903899721448468,0.020482809070958303
1368,0.1905292479108635,0.02046783625730994
1369,0.19066852367688022,0.020452885317750184
1370,0.19080779944289694,0.020437956204379562
1371,0.19094707520891366,0.020423048869438368
1372,0.19108635097493037,0.02040816326530612
1373,0.19122562674094706,0.02039329934450109
1374,0.19136490250696378,0.020378457059679767
1375,0.1915041782729805,0.020363636363636365
1376,0.1916434540389972,0.020348837209302327
1377,0.19178272980501393,0.020334059549745823
1378,0.19192200557103065,0.020319303338171262
1379,0.19206128133704736,0.02030456852791878
1380,0.19220055710306408,0.020289855072463767
1381,0.19233983286908077,0.020275162925416364
1382,0.19247910863509748,0.020260492040520984
1383,0.1926183844011142,0.02024584237165582
1384,0.19275766016713092,0.02023121387283237
1385,0.19289693593314763,0.020216606498194945
1386,0.19303621169916435,0.020202020202020204
1387,0.19317548746518107,0.020187454938716654
1388,0.19331476323119778,0.020172910662824207
1389,0.19345403899721447,0.020158387329013677
1390,0.1935933147632312,0.02014388489208633
1391,0.1937325905292479,0.020129403306973402
1392,0.19387186629526462,0.020114942528735632
1393,0.19401114206128134,0.020100502512562814
1394,0.19415041782729806,0.020086083213773313
1395,0.19428969359331477,0.02007168458781362
1396,0.1944289693593315,0.02005730659025788
1397,0.19456824512534818,0.020042949176807445
1398,0.1947075208913649,0.020028612303290415
1399,0.1948467966573816,0.020014295925661188
1400,0.19498607242339833,0.02
1401,0.19512534818941504,0.01998572448251249
1402,0.19526462395543176,0.020684736091298145
1403,0.19540389972144848,0.020669992872416252
1404,0.1955431754874652,0.020655270655270654
1405,0.19568245125348188,0.020640569395017794
1406,0.1958217270194986,0.020625889046941678
1407,0.19596100278551531,0.02061122956645345
1408,0.19610027855153203,0.020596590909090908
1409,0.19623955431754875,0.0205819730305181
1410,0.19637883008356546,0.02056737588652482
1411,0.19651810584958218,0.020552799433026223
1412,0.1966573816155989,0.020538243626062325
1413,0.1967966573816156,0.020523708421797595
1414,0.1969359331476323,0.02050919377652051
1415,0.19707520891364902,0.02049469964664311
1416,0.19721448467966574,0.020480225988700564
1417,0.19735376044568245,0.020465772759350742
1418,0.19749303621169917,0.020451339915373765
1419,0.19763231197771589,0.0204369274136716
1420,0.1977715877437326,0.020422535211267606
1421,0.1979108635097493,0.0211118930330753
1422,0.198050139275766,0.02109704641350211
1423,0.19818941504178272,0.02108222066057625
1424,0.19832869080779944,0.021067415730337078
1425,0.19846796657381616,0.021052631578947368
1426,0.19860724233983287,0.021037868162692847
1427,0.1987465181058496,0.02102312543798178
1428,0.1988857938718663,0.02100840336134454
1429,0.199025069637883,0.02099370188943317
1430,0.1991643454038997,0.02097902097902098
1431,0.19930362116991643,0.02166317260656883
1432,0.19944289693593314,0.02164804469273743
1433,0.19958217270194986,0.022330774598743892
1434,0.19972144846796658,0.022315202231520222
1435,0.1998607242339833,0.02229965156794425
1436,0.2,0.022284122562674095
1437,0.2001392757660167,0.022268615170494086
1438,0.20027855153203342,0.022253129346314324
1439,0.20041782729805013,0.022237665045170257
1440,0.20055710306406685,0.022222222222222223
1441,0.20069637883008357,0.02220680083275503
1442,0.20083565459610028,0.022191400832177532
1443,0.200974930362117,0.022176022176022176
1444,0.20111420612813372,0.0221606648199446
1445,0.2012534818941504,0.022145328719723183
1446,0.20139275766016712,0.022130013831258646
1447,0.20153203342618384,0.0221147201105736
1448,0.20167130919220055,0.022099447513812154
1449,0.20181058495821727,0.022084195997239476
1450,0.201949860724234,0.022068965517241378
1451,0.2020891364902507,0.022053756030323914
1452,0.20222841225626742,0.02203856749311295
1453,0.2023676880222841,0.02202339986235375
1454,0.20250696378830083,0.02200825309491059
1455,0.20264623955431754,0.021993127147766325
1456,0.20278551532033426,0.02197802197802198
1457,0.20292479108635098,0.02196293754289636
1458,0.2030640668523677,0.02194787379972565
1459,0.2032033426183844,0.02193283070596299
1460,0.20334261838440112,0.021917808219178082
1461,0.2034818941504178,0.02190280629705681
1462,0.20362116991643453,0.02188782489740082
1463,0.20376044568245125,0.022556390977443608
1464,0.20389972144846796,0.022540983606557378
1465,0.20403899721448468,0.022525597269624574
1466,0.2041782729805014,0.022510231923601638
1467,0.2043175487465181,0.023176550783912748
1468,0.20445682451253483,0.02316076294277929
1469,0.20459610027855155,0.02314499659632403
1470,0.20473537604456823,0.02312925170068027
1471,0.20487465181058495,0.023113528212100613
1472,0.20501392757660167,0.02309782608695652
1473,0.20515320334261838,0.02308214528173795
1474,0.2052924791086351,0.023066485753052916
1475,0.20543175487465182,0.023728813559322035
1476,0.20557103064066853,0.023712737127371274
1477,0.20571030640668525,0.023696682464454975
1478,0.20584958217270194,0.02368064952638701
1479,0.20598885793871866,0.023664638269100743
1480,0.20612813370473537,0.02364864864864865
1481,0.2062674094707521,0.02363268062120189
1482,0.2064066852367688,0.023616734143049933
1483,0.20654596100278552,0.023600809170600135
1484,0.20668523676880224,0.02358490566037736
1485,0.20682451253481896,0.024242424242424242
1486,0.20696378830083564,0.02489905787348587
1487,0.20710306406685236,0.02488231338264963
1488,0.20724233983286908,0.025537634408602152
1489,0.2073816155988858,0.02552048354600403
1490,0.2075208913649025,0.025503355704697986
1491,0.20766016713091923,0.025486250838363516
1492,0.20779944289693594,0.02546916890080429
1493,0.20793871866295266,0.025452109845947757
1494,0.20807799442896935,0.025435073627844713
1495,0.20821727019498606,0.025418060200668897
1496,0.20835654596100278,0.02540106951871658
1497,0.2084958217270195,0.025384101536406144
1498,0.20863509749303621,0.025367156208277702
1499,0.20877437325905293,0.025350233488992662
1500,0.20891364902506965,0.025333333333333333
1501,0.20905292479108636,0.02531645569620253
1502,0.20919220055710305,0.02529960053262317
1503,0.20933147632311977,0.025282767797737856
1504,0.20947075208913649,0.02526595744680851
1505,0.2096100278551532,0.02524916943521595
1506,0.20974930362116992,0.025232403718459494
1507,0.20988857938718664,0.025215660252156602
1508,0.21002785515320335,0.025198938992042442
1509,0.21016713091922007,0.025182239893969515
1510,0.21030640668523676,0.025165562913907286
1511,0.21044568245125347,0.02514890800794176
1512,0.2105849582172702,0.02513227513227513
1513,0.2107242339832869,0.02511566424322538
1514,0.21086350974930362,0.02509907529722589
1515,0.21100278551532034,0.025082508250825083
1516,0.21114206128133706,0.025065963060686015
1517,0.21128133704735377,0.025049439683586024
1518,0.21142061281337046,0.025032938076416336
1519,0.21155988857938718,0.025016458196181698
1520,0.2116991643454039,0.025
1521,0.2118384401114206,0.024983563445101907
1522,0.21197771587743733,0.024967148488830485
1523,0.21211699164345404,0.02495075508864084
1524,0.21225626740947076,0.024934383202099737
1525,0.21239554317548748,0.024918032786885248
1526,0.21253481894150417,0.02490170380078637
1527,0.21267409470752088,0.024885396201702686
1528,0.2128133704735376,0.024869109947643978
1529,0.21295264623955432,0.02485284499672989
1530,0.21309192200557103,0.02483660130718954
1531,0.21323119777158775,0.024820378837361202
1532,0.21337047353760447,0.024804177545691905
1533,0.21350974930362118,0.024787997390737115
1534,0.21364902506963787,0.024771838331160364
1535,0.2137883008356546,0.024755700325732898
1536,0.2139275766016713,0.024739583333333332
1537,0.21406685236768802,0.0247234873129473
1538,0.21420612813370474,0.0247074122236671
1539,0.21434540389972145,0.024691358024691357
1540,0.21448467966573817,0.024675324675324677
1541,0.2146239554317549,0.02465931213497729
1542,0.21476323119777158,0.02464332036316472
1543,0.2149025069637883,0.02462734931950745
1544,0.215041782729805,0.02461139896373057
1545,0.21518105849582173,0.02459546925566343
1546,0.21532033426183844,0.02457956015523933
1547,0.21545961002785516,0.02456367162249515
1548,0.21559888579387188,0.02454780361757106
1549,0.2157381615598886,0.024531956100710135
1550,0.21587743732590528,0.024516129032258065
1551,0.216016713091922,0.024500322372662798
1552,0.2161559888579387,0.024484536082474227
1553,0.21629526462395543,0.02446877012234385
1554,0.21643454038997215,0.02445302445302445
1555,0.21657381615598886,0.024437299035369776
1556,0.21671309192200558,0.02442159383033419
1557,0.2168523676880223,0.024405908798972382
1558,0.21699164345403898,0.024390243902439025
1559,0.2171309192200557,0.024374599101988453
1560,0.21727019498607242,0.025
1561,0.21740947075208913,0.024983984625240232
1562,0.21754874651810585,0.02496798975672215
1563,0.21768802228412257,0.02495201535508637
1564,0.21782729805013928,0.024936061381074168
1565,0.217966573816156,0.024920127795527155
1566,0.2181058495821727,0.02490421455938697
1567,0.2182451253481894,0.02488832163369496
1568,0.21838440111420612,0.024872448979591837
1569,0.21852367688022284,0.0248565965583174
1570,0.21866295264623956,0.024840764331210193
1571,0.21880222841225627,0.024824952259707194
1572,0.218941504178273,0.02480916030534351
1573,0.2190807799442897,0.024793388429752067
1574,0.2192200557103064,0.025412960609911054
1575,0.2193593314763231,0.025396825396825397
1576,0.21949860724233983,0.025380710659898477
1577,0.21963788300835654,0.025364616360177554
1578,0.21977715877437326,0.025348542458808618
1579,0.21991643454038998,0.0253324889170361
1580,0.2200557103064067,0.02531645569620253
1581,0.2201949860724234,0.02530044275774826
1582,0.2203342618384401,0.025284450063211124
1583,0.22047353760445682,0.025268477574226154
1584,0.22061281337047353,0.025883838383838384
1585,0.22075208913649025,0.025867507886435333
1586,0.22089136490250696,0.025851197982345524
1587,0.22103064066852368,0.0258349086326402
1588,0.2211699164345404,0.025818639798488665
1589,0.22130919220055711,0.025802391441157962
1590,0.2214484679665738,0.02578616352201258
1591,0.22158774373259052,0.025769956002514142
1592,0.22172701949860724,0.025753768844221106
1593,0.22186629526462395,0.02573760200878845
1594,0.22200557103064067,0.025721455457967377
1595,0.22214484679665739,0.025705329153605017
1596,0.2222841225626741,0.02568922305764411
1597,0.22242339832869082,0.02567313713212273
1598,0.2225626740947075,0.025657071339173967
1599,0.22270194986072422,0.02564102564102564
1600,0.22284122562674094,0.025625
1601,0.22298050139275766,0.02560899437851343
1602,0.22311977715877437,0.025593008739076155
1603,0.2232590529247911,0.025577043044291953
1604,0.2233983286908078,0.025561097256857856
1605,0.22353760445682452,0.02554517133956386
1606,0.2236768802228412,0.026151930261519303
1607,0.22381615598885793,0.026757934038581208
1608,0.22395543175487465,0.026741293532338308
1609,0.22409470752089136,0.026724673710379118
1610,0.22423398328690808,0.02670807453416149
1611,0.2243732590529248,0.02669149596523898
1612,0.2245125348189415,0.026674937965260544
1613,0.22465181058495823,0.026658400495970243
1614,0.22479108635097492,0.02664188351920694
1615,0.22493036211699163,0.026625386996904025
1616,0.22506963788300835,0.026608910891089108
1617,0.22520891364902507,0.026592455163883734
1618,0.22534818941504178,0.02657601977750309
1619,0.2254874651810585,0.026559604694255712
1620,0.22562674094707522,0.02654320987654321
1621,0.22576601671309193,0.02652683528685996
1622,0.22590529247910862,0.02651048088779285
1623,0.22604456824512534,0.027110289587184228
1624,0.22618384401114205,0.02770935960591133
1625,0.22632311977715877,0.027692307692307693
1626,0.2264623955431755,0.027675276752767528
1627,0.2266016713091922,0.027658266748617086
1628,0.22674094707520892,0.02764127764127764
1629,0.22688022284122564,0.027624309392265192
1630,0.22701949860724233,0.027607361963190184
1631,0.22715877437325904,0.027590435315757205
1632,0.22729805013927576,0.027573529411764705
1633,0.22743732590529248,0.027556644213104716
1634,0.2275766016713092,0.027539779681762546
1635,0.2277158774373259,0.027522935779816515
1636,0.22785515320334263,0.02750611246943765
1637,0.22799442896935934,0.02748930971288943
1638,0.22813370473537606,0.027472527472527472
1639,0.22827298050139275,0.027455765710799267
1640,0.22841225626740946,0.027439024390243903
1641,0.22855153203342618,0.027422303473491772
1642,0.2286908077994429,0.027405602923264313
1643,0.2288300835654596,0.027388922702373707
1644,0.22896935933147633,0.02737226277372263
1645,0.22910863509749305,0.02735562310030395
1646,0.22924791086350976,0.027339003645200487
1647,0.22938718662952645,0.0273224043715847
1648,0.22952646239554317,0.027305825242718445
1649,0.22966573816155988,0.0272892662219527
1650,0.2298050139275766,0.02727272727272727
1651,0.22994428969359332,0.027256208358570563
1652,0.23008356545961003,0.02784503631961259
1653,0.23022284122562675,0.027828191167574106
1654,0.23036211699164347,0.02781136638452237
1655,0.23050139275766016,0.027794561933534745
1656,0.23064066852367687,0.027777777777777776
1657,0.2307799442896936,0.02776101388050694
1658,0.2309192200557103,0.028347406513872134
1659,0.23105849582172702,0.028330319469559977
1660,0.23119777158774374,0.028313253012048192
1661,0.23133704735376046,0.028296207104154123
1662,0.23147632311977717,0.028279181708784597
1663,0.23161559888579386,0.02826217678893566
1664,0.23175487465181058,0.028245192307692308
1665,0.2318941504178273,0.02822822822822823
1666,0.232033426183844,0.028211284513805522
1667,0.23217270194986073,0.028194361127774445
1668,0.23231197771587744,0.02817745803357314
1669,0.23245125348189416,0.02816057519472738
1670,0.23259052924791088,0.0281437125748503
1671,0.23272980501392757,0.028126870137642132
1672,0.23286908077994428,0.028110047846889953
1673,0.233008356545961,0.028093245666467422
1674,0.23314763231197771,0.028076463560334528
1675,0.23328690807799443,0.028059701492537312
1676,0.23342618384401115,0.028042959427207637
1677,0.23356545961002786,0.02802623732856291
1678,0.23370473537604458,0.02800953516090584
1679,0.23384401114206127,0.02799285288862418
1680,0.233983286908078,0.027976190476190477
1681,0.2341225626740947,0.02795954788816181
1682,0.23426183844011142,0.02794292508917955
1683,0.23440111420612814,0.027926322043969103
1684,0.23454038997214485,0.027909738717339667
1685,0.23467966573816157,0.027893175074183978
1686,0.23481894150417829,0.027876631079478055
1687,0.23495821727019497,0.027860106698280974
1688,0.2350974930362117,0.027843601895734597
1689,0.2352367688022284,0.027827116637063352
1690,0.23537604456824512,0.027810650887573965
1691,0.23551532033426184,0.027794204612655235
1692,0.23565459610027856,0.027777777777777776
1693,0.23579387186629527,0.027761370348493797
1694,0.235933147632312,0.027744982290436836
1695,0.23607242339832868,0.027728613569321534
1696,0.2362116991643454,0.027712264150943397
1697,0.2363509749303621,0.02769593400117855
1698,0.23649025069637883,0.02767962308598351
1699,0.23662952646239555,0.02766333137139494
1700,0.23676880222841226,0.027647058823529413
1701,0.23690807799442898,0.027630805408583186
1702,0.2370473537604457,0.027614571092831962
1703,0.23718662952646238,0.02759835584263065
1704,0.2373259052924791,0.028169014084507043
1705,0.23746518105849582,0.0281524926686217
1706,0.23760445682451253,0.02813599062133646
1707,0.23774373259052925,0.028119507908611598
1708,0.23788300835654597,0.02810304449648712
1709,0.23802228412256268,0.028086600351082503
1710,0.2381615598885794,0.028070175438596492
1711,0.2383008356545961,0.028053769725306838
1712,0.2384401114206128,0.028037383177570093
1713,0.23857938718662952,0.028021015761821366
1714,0.23871866295264624,0.028004667444574097
1715,0.23885793871866295,0.027988338192419825
1716,0.23899721448467967,0.028554778554778556
1717,0.2391364902506964,0.028538147932440302
1718,0.2392757660167131,0.02852153667054715
1719,0.2394150417827298,0.028504944735311226
1720,0.2395543175487465,0.028488372093023257
1721,0.23969359331476323,0.028471818710052294
1722,0.23983286908077994,0.028455284552845527
1723,0.23997214484679666,0.028438769587928032
1724,0.24011142061281338,0.02842227378190255
1725,0.2402506963788301,0.028405797101449276
1726,0.2403899721448468,0.028389339513325607
1727,0.2405292479108635,0.028372900984365953
1728,0.2406685236768802,0.028356481481481483
1729,0.24080779944289693,0.02834008097165992
1730,0.24094707520891365,0.028901734104046242
1731,0.24108635097493036,0.029462738301559793
1732,0.24122562674094708,0.029445727482678985
1733,0.2413649025069638,0.030005770340450086
1734,0.2415041782729805,0.029988465974625143
1735,0.2416434540389972,0.029971181556195964
1736,0.24178272980501392,0.029953917050691243
1737,0.24192200557103063,0.03051237766263673
1738,0.24206128133704735,0.03049482163406214
1739,0.24220055710306407,0.030477285796434734
1740,0.24233983286908078,0.03045977011494253
1741,0.2424791086350975,0.030442274554853533
1742,0.24261838440111422,0.030424799081515498
1743,0.2427576601671309,0.030407343660355707
1744,0.24289693593314762,0.030389908256880736
1745,0.24303621169916434,0.03037249283667622
1746,0.24317548746518106,0.030927835051546393
1747,0.24331476323119777,0.030910131654264452
1748,0.2434540389972145,0.030892448512585814
1749,0.2435933147632312,0.030874785591766724
1750,0.24373259052924792,0.030857142857142857
1751,0.2438718662952646,0.03083952027412907
1752,0.24401114206128133,0.030821917808219176
1753,0.24415041782729804,0.03080433542498574
1754,0.24428969359331476,0.03078677309007982
1755,0.24442896935933148,0.03133903133903134
1756,0.2445682451253482,0.03132118451025057
1757,0.2447075208913649,0.03130335799658509
1758,0.24484679665738163,0.03128555176336746
1759,0.24498607242339832,0.03126776577600909
1760,0.24512534818941503,0.03125
1761,0.24526462395543175,0.031232254400908575
1762,0.24540389972144847,0.031214528944381384
1763,0.24554317548746518,0.03119682359614294
1764,0.2456824512534819,0.031179138321995464
1765,0.24582172701949861,0.031161473087818695
1766,0.24596100278551533,0.03114382785956965
1767,0.24610027855153202,0.0311262026032824
1768,0.24623955431754874,0.031108597285067874
1769,0.24637883008356545,0.031091011871113624
1770,0.24651810584958217,0.031073446327683617
1771,0.2466573816155989,0.031055900621118012
1772,0.2467966573816156,0.03160270880361174
1773,0.24693593314763232,0.03158488437676255
1774,0.24707520891364904,0.03156708004509583
1775,0.24721448467966572,0.031549295774647886
1776,0.24735376044568244,0.03153153153153153
1777,0.24749303621169916,0.031513787281935844
1778,0.24763231197771587,0.031496062992125984
1779,0.2477715877437326,0.03147835862844295
1780,0.2479108635097493,0.03146067415730337
1781,0.24805013927576602,0.031443009545199324
1782,0.24818941504178274,0.031425364758698095
1783,0.24832869080779943,0.03140773976444195
1784,0.24846796657381615,0.03139013452914798
1785,0.24860724233983286,0.03137254901960784
1786,0.24874651810584958,0.03135498320268757
1787,0.2488857938718663,0.03133743704532736
1788,0.249025069637883,0.03131991051454139
1789,0.24916434540389973,0.03130240357741755
1790,0.24930362116991645,0.03128491620111732
1791,0.24944289693593313,0.03126744835287549
1792,0.24958217270194985,0.03125
1793,0.24972144846796657,0.031232571109871723
1794,0.24986072423398328,0.03121516164994426
1795,0.25,0.03119777158774373
1796,0.2501392757660167,0.031180400890868598
1797,0.25027855153203343,0.03171953255425709
1798,0.2504178272980501,0.03170189098998888
1799,0.25055710306406687,0.03168426903835464
1800,0.25069637883008355,0.03166666666666667
1801,0.2508356545961003,0.03164908384230983
1802,0.250974930362117,0.03218645948945616
1803,0.25111420612813373,0.03216860787576262
1804,0.2512534818941504,0.03215077605321508
1805,0.2513927576601671,0.03213296398891967
1806,0.25153203342618385,0.03211517165005537
1807,0.25167130919220054,0.032097399003873824
1808,0.2518105849582173,0.032079646017699116
1809,0.251949860724234,0.032061912658927584
1810,0.2520891364902507,0.03259668508287293
1811,0.2522284122562674,0.03257868580894534
1812,0.2523676880222841,0.032560706401766004
1813,0.25250696378830084,0.03254274682846112
1814,0.25264623955431753,0.03252480705622933
1815,0.2527855153203343,0.032506887052341595
1816,0.25292479108635096,0.03303964757709251
1817,0.2530640668523677,0.03302146395156852
1818,0.2532033426183844,0.033003300330033
1819,0.25334261838440114,0.032985156679494226
1820,0.25348189415041783,0.03296703296703297
1821,0.2536211699164345,0.032948929159802305
1822,0.25376044568245126,0.03293084522502744
1823,0.25389972144846795,0.03291278113000549
1824,0.2540389972144847,0.03289473684210526
1825,0.2541782729805014,0.03287671232876712
1826,0.25431754874651813,0.03285870755750274
1827,0.2544568245125348,0.03284072249589491
1828,0.2545961002785515,0.03282275711159737
1829,0.25473537604456825,0.03280481137233461
1830,0.25487465181058494,0.03278688524590164
1831,0.2550139275766017,0.03276897870016385
1832,0.2551532033426184,0.03275109170305677
1833,0.2552924791086351,0.03273322422258593
1834,0.2554317548746518,0.03271537622682661
1835,0.25557103064066855,0.0326975476839237
1836,0.25571030640668524,0.032679738562091505
1837,0.25584958217270193,0.0326619488296135
1838,0.2559888579387187,0.03264417845484222
1839,0.25612813370473536,0.03262642740619902
1840,0.2562674094707521,0.03260869565217391
1841,0.2564066852367688,0.03259098316132537
1842,0.25654596100278554,0.03257328990228013
1843,0.2566852367688022,0.032555615843733045
1844,0.2568245125348189,0.03253796095444685
1845,0.25696378830083566,0.032520325203252036
1846,0.25710306406685235,0.032502708559046585
1847,0.2572423398328691,0.03248511099079589
1848,0.2573816155988858,0.032467532467532464
1849,0.2575208913649025,0.03244997295835587
1850,0.2576601671309192,0.032432432432432434
1851,0.25779944289693596,0.03241491085899514
1852,0.25793871866295265,0.032397408207343416
1853,0.25807799442896934,0.032379924446842956
1854,0.2582172701949861,0.032362459546925564
1855,0.25835654596100277,0.03234501347708895
1856,0.2584958217270195,0.032327586206896554
1857,0.2586350974930362,0.03231017770597738
1858,0.25877437325905295,0.03229278794402583
1859,0.25891364902506964,0.0322754168908015
1860,0.2590529247910863,0.03225806451612903
1861,0.25919220055710307,0.032240730789897906
1862,0.25933147632311976,0.03276047261009667
1863,0.2594707520891365,0.03274288781535158
1864,0.2596100278551532,0.03272532188841202
1865,0.25974930362116994,0.03324396782841823
1866,0.2598885793871866,0.03322615219721329
1867,0.26002785515320337,0.03320835565077665
1868,0.26016713091922006,0.033190578158458245
1869,0.26030640668523675,0.03317281968967362
1870,0.2604456824512535,0.033155080213903745
1871,0.2605849582172702,0.03313735970069481
1872,0.2607242339832869,0.03311965811965812
1873,0.2608635097493036,0.03310197544046983
1874,0.26100278551532036,0.033084311632870865
1875,0.26114206128133705,0.03306666666666667
1876,0.26128133704735373,0.03304904051172708
1877,0.2614206128133705,0.03303143313798615
1878,0.26155988857938717,0.03301384451544196
1879,0.2616991643454039,0.03299627461415647
1880,0.2618384401114206,0.03297872340425532
1881,0.26197771587743734,0.0329611908559277
1882,0.26211699164345403,0.0334750265674814
1883,0.2622562674094708,0.03345724907063197
1884,0.26239554317548747,0.03343949044585987
1885,0.26253481894150416,0.033421750663129975
1886,0.2626740947075209,0.03340402969247084
1887,0.2628133704735376,0.033386327503974564
1888,0.26295264623955433,0.03336864406779661
1889,0.263091922005571,0.03335097935415564
1890,0.26323119777158777,0.03333333333333333
1891,0.26337047353760445,0.033315705975674244
1892,0.26350974930362114,0.033298097251585626
1893,0.2636490250696379,0.03328050713153724
1894,0.2637883008356546,0.0337909186906019
1895,0.2639275766016713,0.033773087071240104
1896,0.264066852367688,0.03375527426160337
1897,0.26420612813370475,0.03373748023194518
1898,0.26434540389972144,0.03371970495258166
1899,0.2644846796657382,0.03370194839389152
1900,0.2646239554317549,0.03368421052631579
1901,0.26476323119777156,0.033666491320357705
1902,0.2649025069637883,0.033648790746582544
1903,0.265041782729805,0.033631108775617445
1904,0.26518105849582174,0.03361344537815126
1905,0.26532033426183843,0.03359580052493438
1906,0.2654596100278552,0.033578174186778595
1907,0.26559888579387186,0.033560566334556896
1908,0.26573816155988855,0.033542976939203356
1909,0.2658774373259053,0.03404924044002095
1910,0.266016713091922,0.034031413612565446
1911,0.26615598885793873,0.034013605442176874
1912,0.2662952646239554,0.03399581589958159
1913,0.26643454038997216,0.03397804495556717
1914,0.26657381615598885,0.03396029258098224
1915,0.2667130919220056,0.033942558746736295
1916,0.2668523676880223,0.03392484342379958
1917,0.266991643454039,0.03390714658320292
1918,0.2671309192200557,0.03388946819603754
1919,0.2672701949860724,0.033871808233454925
1920,0.26740947075208915,0.033854166666666664
1921,0.26754874651810584,0.0338365434669443
1922,0.2676880222841226,0.033818938605619145
1923,0.2678272980501393,0.03380135205408216
1924,0.26796657381615596,0.033783783783783786
1925,0.2681058495821727,0.033766233766233764
1926,0.2682451253481894,0.03374870197300104
1927,0.26838440111420614,0.033731188375713546
1928,0.26852367688022283,0.03371369294605809
1929,0.2686629526462396,0.033696215655780196
1930,0.26880222841225626,0.03367875647668394
1931,0.268941504178273,0.033661315380631794
1932,0.2690807799442897,0.03364389233954451
1933,0.2692200557103064,0.03362648732540093
1934,0.2693593314763231,0.03360910031023785
1935,0.2694986072423398,0.03359173126614987
1936,0.26963788300835656,0.033574380165289255
1937,0.26977715877437325,0.03355704697986577
1938,0.26991643454039,0.033539731682146544
1939,0.2700557103064067,0.033522434244455904
1940,0.27019498607242337,0.03350515463917526
1941,0.2703342618384401,0.03400309119010819
1942,0.2704735376044568,0.03398558187435633
1943,0.27061281337047355,0.034482758620689655
1944,0.27075208913649024,0.03446502057613169
1945,0.270891364902507,0.03444730077120823
1946,0.27103064066852367,0.03442959917780062
1947,0.2711699164345404,0.034411915767847974
1948,0.2713091922005571,0.034394250513347026
1949,0.2714484679665738,0.03437660338635198
1950,0.27158774373259054,0.03435897435897436
1951,0.2717270194986072,0.03434136340338288
1952,0.27186629526462397,0.03432377049180328
1953,0.27200557103064066,0.03430619559651818
1954,0.2721448467966574,0.03428863868986694
1955,0.2722841225626741,0.034271099744245526
1956,0.2724233983286908,0.03425357873210634
1957,0.2725626740947075,0.0342360756259581
1958,0.2727019498607242,0.03421859039836568
1959,0.27284122562674096,0.034201123021949976
1960,0.27298050139275765,0.034183673469387756
1961,0.2731197771587744,0.034166241713411524
1962,0.2732590529247911,0.034148827726809376
1963,0.2733983286908078,0.03413143148242486
1964,0.2735376044568245,0.03411405295315682
1965,0.2736768802228412,0.03409669211195929
1966,0.27381615598885795,0.0340793489318413
1967,0.27395543175487463,0.0340620233858668
1968,0.2740947075208914,0.03404471544715447
1969,0.27423398328690807,0.0340274250888776
1970,0.2743732590529248,0.03401015228426396
1971,0.2745125348189415,0.033992897006595635
1972,0.27465181058495824,0.03397565922920893
1973,0.27479108635097493,0.03395843892549417
1974,0.2749303621169916,0.034447821681864235
1975,0.27506963788300837,0.034430379746835445
1976,0.27520891364902506,0.03441295546558704
1977,0.2753481894150418,0.0343955488113303
1978,0.2754874651810585,0.034378159757330634
1979,0.27562674094707523,0.03436078827690753
1980,0.2757660167130919,0.03434343434343434
1981,0.2759052924791086,0.034326097930338216
1982,0.27604456824512535,0.034308779011099896
1983,0.27618384401114204,0.03429147755925366
1984,0.2763231197771588,0.034274193548387094
1985,0.2764623955431755,0.03425692695214106
1986,0.2766016713091922,0.03423967774420947
1987,0.2767409470752089,0.034725717161550075
1988,0.27688022284122565,0.03470824949698189
1989,0.27701949860724234,0.03469079939668175
1990,0.27715877437325903,0.034673366834170855
1991,0.2772980501392758,0.03465595178302361
1992,0.27743732590529246,0.03463855421686747
1993,0.2775766016713092,0.03462117410938284
1994,0.2777158774373259,0.03460381143430291
1995,0.27785515320334264,0.03458646616541353
1996,0.27799442896935933,0.034569138276553106
1997,0.278133704735376,0.03455182774161242
1998,0.27827298050139276,0.03453453453453453
1999,0.27841225626740945,0.03451725862931466
2000,0.2785515320334262,0.0345
2001,0.2786908077994429,0.034482758620689655
2002,0.27883008356545963,0.034465534465534464
2003,0.2789693593314763,0.034448327508736894
2004,0.27910863509749306,0.03493013972055888
2005,0.27924791086350975,0.034912718204488775
2006,0.27938718662952644,0.03489531405782652
2007,0.2795264623955432,0.03487792725460887
2008,0.2796657381615599,0.035358565737051796
2009,0.2798050139275766,0.0353409656545545
2010,0.2799442896935933,0.035323383084577116
2011,0.28008356545961005,0.035305818000994534
2012,0.28022284122562674,0.0352882703777336
2013,0.28036211699164343,0.03527074018877298
2014,0.2805013927576602,0.035253227408143
2015,0.28064066852367686,0.03523573200992556
2016,0.2807799442896936,0.03571428571428571
2017,0.2809192200557103,0.03619236489836391
2018,0.28105849582172704,0.03617443012884044
2019,0.28119777158774373,0.03665180782565627
2020,0.28133704735376047,0.03663366336633663
2021,0.28147632311977716,0.03711034141514102
2022,0.28161559888579385,0.037091988130563795
2023,0.2817548746518106,0.03707365299060801
2024,0.2818941504178273,0.03705533596837945
2025,0.282033426183844,0.037037037037037035
2026,0.2821727019498607,0.037018756169792694
2027,0.28231197771587746,0.0370004933399112
2028,0.28245125348189415,0.03698224852071006
2029,0.28259052924791084,0.03696402168555939
2030,0.2827298050139276,0.03694581280788178
2031,0.28286908077994427,0.03692762186115214
2032,0.283008356545961,0.036909448818897635
2033,0.2831476323119777,0.03689129365469749
2034,0.28328690807799445,0.03687315634218289
2035,0.28342618384401114,0.036855036855036855
2036,0.2835654596100279,0.03683693516699411
2037,0.28370473537604457,0.036818851251840944
2038,0.28384401114206126,0.03680078508341511
2039,0.283983286908078,0.03678273663560569
2040,0.2841225626740947,0.03676470588235294
2041,0.28426183844011144,0.03674669279764821
2042,0.2844011142061281,0.03672869735553379
2043,0.28454038997214487,0.03671071953010279
2044,0.28467966573816156,0.03669275929549902
2045,0.28481894150417825,0.03667481662591687
2046,0.284958217270195,0.036656891495601175
2047,0.2850974930362117,0.03663898387884709
2048,0.2852367688022284,0.03662109375
2049,0.2853760445682451,0.036603221083455345
2050,0.28551532033426186,0.036585365853658534
2051,0.28565459610027855,0.036567528035104824
2052,0.2857938718662953,0.03654970760233918
2053,0.285933147632312,0.03653190452995616
2054,0.28607242339832867,0.0365141187925998
2055,0.2862116991643454,0.0364963503649635
2056,0.2863509749303621,0.036478599221789886
2057,0.28649025069637885,0.036460865337870685
2058,0.28662952646239553,0.03644314868804665
2059,0.2867688022284123,0.036425449247207385
2060,0.28690807799442897,0.03640776699029126
2061,0.28704735376044566,0.036390101892285295
2062,0.2871866295264624,0.036372453928225024
2063,0.2873259052924791,0.036354823073194376
2064,0.28746518105849583,0.036337209302325583
2065,0.2876044568245125,0.03631961259079903
2066,0.28774373259052927,0.03630203291384317
2067,0.28788300835654596,0.036284470246734396
2068,0.2880222841225627,0.0362669245647969
2069,0.2881615598885794,0.03673272112131464
2070,0.2883008356545961,0.03671497584541063
2071,0.2884401114206128,0.03669724770642202
2072,0.2885793871866295,0.03667953667953668
2073,0.28871866295264625,0.036661842739990354
2074,0.28885793871866294,0.03664416586306654
2075,0.2889972144846797,0.03662650602409639
2076,0.2891364902506964,0.036608863198458574
2077,0.28927576601671307,0.0365912373615792
2078,0.2894150417827298,0.03657362848893166
2079,0.2895543175487465,0.03655603655603656
2080,0.28969359331476324,0.03653846153846154
2081,0.28983286908077993,0.03652090341182124
2082,0.2899721448467967,0.03650336215177714
2083,0.29011142061281336,0.03648583773403745
2084,0.2902506963788301,0.036468330134357005
2085,0.2903899721448468,0.03645083932853717
2086,0.2905292479108635,0.0364333652924257
2087,0.29066852367688023,0.03641590800191662
2088,0.2908077994428969,0.03639846743295019
2089,0.29094707520891366,0.036381043561512685
2090,0.29108635097493035,0.03636363636363636
2091,0.2912256267409471,0.03634624581539933
2092,0.2913649025069638,0.036328871892925434
2093,0.2915041782729805,0.036311514572384136
2094,0.2916434540389972,0.03629417382999045
2095,0.2917827298050139,0.036276849642004776
2096,0.29192200557103065,0.03625954198473282
2097,0.29206128133704734,0.036242250834525515
2098,0.2922005571030641,0.03622497616777884
2099,0.2923398328690808,0.03620771796093378
2100,0.2924791086350975,0.03619047619047619
2101,0.2926183844011142,0.036173250832936696
2102,0.2927576601671309,0.03615604186489058
2103,0.29289693593314764,0.03661436043747028
2104,0.29303621169916433,0.036596958174904944
2105,0.2931754874651811,0.03657957244655582
2106,0.29331476323119776,0.0365622032288699
2107,0.2934540389972145,0.036544850498338874
2108,0.2935933147632312,0.03652751423149905
2109,0.2937325905292479,0.036510194404931244
2110,0.2938718662952646,0.036492890995260666
2111,0.2940111420612813,0.0364756039791568
2112,0.29415041782729806,0.036458333333333336
2113,0.29428969359331475,0.036914339801230475
2114,0.2944289693593315,0.036896877956480605
2115,0.2945682451253482,0.03687943262411347
2116,0.2947075208913649,0.036862003780718335
2117,0.2948467966573816,0.03684459140292867
2118,0.2949860724233983,0.036827195467422094
2119,0.29512534818941505,0.03680981595092025
2120,0.29526462395543174,0.03679245283018868
2121,0.2954038997214485,0.036775106082036775
2122,0.29554317548746517,0.036757775683317624
2123,0.2956824512534819,0.036740461610927935
2124,0.2958217270194986,0.03672316384180791
2125,0.29596100278551535,0.03670588235294118
2126,0.29610027855153204,0.036688617121354655
2127,0.2962395543175487,0.036671368124118475
2128,0.29637883008356547,0.03712406015037594
2129,0.29651810584958216,0.0371066228276186
2130,0.2966573816155989,0.03708920187793427
2131,0.2967966573816156,0.03707179727827311
2132,0.29693593314763234,0.037054409005628515
2133,0.297075208913649,0.037037037037037035
2134,0.2972144846796657,0.037019681349578254
2135,0.29735376044568246,0.03700234192037471
2136,0.29749303621169915,0.03698501872659176
2137,0.2976323119777159,0.03696771174543753
2138,0.2977715877437326,0.03695042095416277
2139,0.2979108635097493,0.03693314633006078
2140,0.298050139275766,0.03691588785046729
2141,0.29818941504178276,0.036898645492760396
2142,0.29832869080779945,0.03688141923436041
2143,0.29846796657381613,0.036864209052729816
2144,0.2986072423398329,0.03684701492537314
2145,0.29874651810584957,0.03682983682983683
2146,0.2988857938718663,0.03681267474370923
2147,0.299025069637883,0.0367955286446204
2148,0.29916434540389975,0.03677839851024209
2149,0.29930362116991643,0.036761284318287575
2150,0.2994428969359331,0.036744186046511626
2151,0.29958217270194987,0.03672710367271037
2152,0.29972144846796656,0.03671003717472119
2153,0.2998607242339833,0.03669298653042267
2154,0.3,0.03667595171773445
2155,0.30013927576601673,0.037122969837587005
2156,0.3002785515320334,0.03710575139146568
2157,0.30041782729805017,0.03708854891052388
2158,0.30055710306406686,0.03707136237256719
2159,0.30069637883008354,0.037054191755442334
2160,0.3008356545961003,0.037037037037037035
2161,0.300974930362117,0.03701989819527996
2162,0.3011142061281337,0.03700277520814061
2163,0.3012534818941504,0.03698566805362922
2164,0.30139275766016715,0.036968576709796676
2165,0.30153203342618384,0.03695150115473441
2166,0.30167130919220053,0.03693444136657433
2167,0.3018105849582173,0.03691739732348869
2168,0.30194986072423396,0.03690036900369004
2169,0.3020891364902507,0.036883356385431075
2170,0.3022284122562674,0.03686635944700461
2171,0.30236768802228414,0.036849378166743434
2172,0.30250696378830083,0.03683241252302026
2173,0.3026462395543176,0.03681546249424758
2174,0.30278551532033426,0.03679852805887764
2175,0.30292479108635095,0.0367816091954023
2176,0.3030640668523677,0.03676470588235294
2177,0.3032033426183844,0.03674781809830041
2178,0.30334261838440113,0.03673094582185491
2179,0.3034818941504178,0.036714089031665904
2180,0.30362116991643456,0.03669724770642202
2181,0.30376044568245125,0.036680421824850984
2182,0.30389972144846794,0.03666361136571952
2183,0.3040389972144847,0.03664681630783326
2184,0.3041782729805014,0.03663003663003663
2185,0.3043175487465181,0.036613272311212815
2186,0.3044568245125348,0.03705397987191217
2187,0.30459610027855155,0.037037037037037035
2188,0.30473537604456824,0.0370201096892139
2189,0.304874651810585,0.037003197807217905
2190,0.3050139275766017,0.036986301369863014
2191,0.30515320334261836,0.03696942035600183
2192,0.3052924791086351,0.03695255474452555
2193,0.3054317548746518,0.03739170086639307
2194,0.30557103064066854,0.037374658158614404
2195,0.30571030640668523,0.03735763097949886
2196,0.305849582172702,0.037340619307832425
2197,0.30598885793871866,0.03732362312243969
2198,0.30612813370473535,0.0373066424021838
2199,0.3062674094707521,0.03728967712596635
2200,0.3064066852367688,0.03727272727272727
2201,0.3065459610027855,0.0372557928214448
2202,0.3066852367688022,0.03723887375113533
2203,0.30682451253481896,0.03722197004085338
2204,0.30696378830083565,0.03720508166969147
2205,0.3071030640668524,0.037188208616780044
2206,0.3072423398328691,0.0371713508612874
2207,0.30738161559888577,0.03715450838241957
2208,0.3075208913649025,0.03713768115942029
2209,0.3076601671309192,0.03712086917157085
2210,0.30779944289693595,0.037104072398190045
2211,0.30793871866295264,0.0370872908186341
2212,0.3080779944289694,0.037070524412296565
2213,0.30821727019498607,0.03705377315860822
2214,0.30835654596100276,0.037037037037037035
2215,0.3084958217270195,0.03702031602708804
2216,0.3086350974930362,0.037454873646209384
2217,0.30877437325905294,0.037437979251240414
2218,0.3089136490250696,0.03742110009017133
2219,0.30905292479108637,0.03740423614240649
2220,0.30919220055710306,0.03738738738738739
2221,0.3093314763231198,0.037370553804592525
2222,0.3094707520891365,0.03735373537353735
2223,0.3096100278551532,0.03733693207377418
2224,0.3097493036211699,0.03776978417266187
2225,0.3098885793871866,0.03775280898876404
2226,0.31002785515320336,0.03773584905660377
2227,0.31016713091922005,0.03771890435563539
2228,0.3103064066852368,0.03770197486535009
2229,0.3104456824512535,0.03768506056527591
2230,0.31058495821727017,0.03766816143497758
2231,0.3107242339832869,0.03765127745405648
2232,0.3108635097493036,0.03763440860215054
2233,0.31100278551532035,0.0380653828929691
2234,0.31114206128133703,0.03804834377797672
2235,0.3112813370473538,0.03803131991051454
2236,0.31142061281337047,0.03801431127012522
2237,0.3115598885793872,0.03799731783638802
2238,0.3116991643454039,0.03798033958891868
2239,0.3118384401114206,0.03796337650736936
2240,0.31197771587743733,0.03794642857142857
2241,0.312116991643454,0.03792949576082106
2242,0.31225626740947077,0.03791257805530776
2243,0.31239554317548746,0.03789567543468569
2244,0.3125348189415042,0.03787878787878788
2245,0.3126740947075209,0.0378619153674833
2246,0.3128133704735376,0.03784505788067676
2247,0.3129526462395543,0.037828215398308856
2248,0.313091922005571,0.037811387900355875
2249,0.31323119777158775,0.0377945753668297
2250,0.31337047353760444,0.03777777777777778
2251,0.3135097493036212,0.037760995113282986
2252,0.3136490250696379,0.03774422735346359
2253,0.3137883008356546,0.03772747447847315
2254,0.3139275766016713,0.03771073646850044
2255,0.314066852367688,0.037694013303769404
2256,0.31420612813370474,0.037677304964539006
2257,0.31434540389972143,0.03766061143110323
2258,0.3144846796657382,0.037643932683790966
2259,0.31462395543175486,0.03762726870296591
2260,0.3147632311977716,0.03761061946902655
2261,0.3149025069637883,0.03759398496240601
2262,0.315041782729805,0.03757736516357206
2263,0.31518105849582173,0.037560760053026956
2264,0.3153203342618384,0.037544169611307424
2265,0.31545961002785516,0.037527593818984545
2266,0.31559888579387185,0.03751103265666372
2267,0.3157381615598886,0.037935597706219674
2268,0.3158774373259053,0.03791887125220458
2269,0.31601671309192203,0.0379021595416483
2270,0.3161559888579387,0.03788546255506608
2271,0.3162952646239554,0.03786878027300748
2272,0.31643454038997215,0.037852112676056336
2273,0.31657381615598884,0.03783545974483062
2274,0.3167130919220056,0.03781882145998241
2275,0.3168523676880223,0.037802197802197804
2276,0.316991643454039,0.038224956063268895
2277,0.3171309192200557,0.03820816864295125
2278,0.3172701949860724,0.038191395961369626
2279,0.31740947075208914,0.03817463799912242
2280,0.31754874651810583,0.038157894736842106
2281,0.3176880222841226,0.03857957036387549
2282,0.31782729805013926,0.03856266432953549
2283,0.317966573816156,0.038545773105562856
2284,0.3181058495821727,0.03852889667250438
2285,0.31824512534818944,0.03851203501094092
2286,0.31838440111420613,0.03849518810148731
2287,0.3185236768802228,0.038478355924792304
2288,0.31866295264623956,0.038461538461538464
2289,0.31880222841225625,0.03844473569244211
2290,0.318941504178273,0.03842794759825328
2291,0.3190807799442897,0.03841117415975556
2292,0.3192200557103064,0.038394415357766144
2293,0.3193593314763231,0.03837767117313563
2294,0.31949860724233986,0.03836094158674804
2295,0.31963788300835655,0.0383442265795207
2296,0.31977715877437324,0.03832752613240418
2297,0.31991643454039,0.03831084022638224
2298,0.32005571030640667,0.038294168842471714
2299,0.3201949860724234,0.03827751196172249
2300,0.3203342618384401,0.03826086956521739
2301,0.32047353760445685,0.03824424163407214
2302,0.32061281337047354,0.038227628149435276
2303,0.3207520891364902,0.03821102909248806
2304,0.32089136490250697,0.03819444444444445
2305,0.32103064066852366,0.0386117136659436
2306,0.3211699164345404,0.038594969644405897
2307,0.3213091922005571,0.03857824013870828
2308,0.32144846796657384,0.03856152512998267
2309,0.3215877437325905,0.03854482459939368
2310,0.32172701949860727,0.03852813852813853
2311,0.32186629526462396,0.03851146689744699
2312,0.32200557103064065,0.03892733564013841
2313,0.3221448467966574,0.038910505836575876
2314,0.3222841225626741,0.03932584269662921
2315,0.3224233983286908,0.039308855291576676
2316,0.3225626740947075,0.03929188255613126
2317,0.32270194986072426,0.03927492447129909
2318,0.32284122562674095,0.039257981018119066
2319,0.32298050139275764,0.039241052177662786
2320,0.3231197771587744,0.039224137931034485
2321,0.32325905292479107,0.03920723825937096
2322,0.3233983286908078,0.03962101636520241
2323,0.3235376044568245,0.039603960396039604
2324,0.32367688022284125,0.039586919104991396
2325,0.32381615598885793,0.03956989247311828
2326,0.3239554317548747,0.03998280309544282
2327,0.32409470752089137,0.039965620971207566
2328,0.32423398328690806,0.03994845360824742
2329,0.3243732590529248,0.0399313009875483
2330,0.3245125348189415,0.039914163090128754
2331,0.32465181058495823,0.04032604032604033
2332,0.3247910863509749,0.04030874785591767
2333,0.32493036211699167,0.04029147021003
2334,0.32506963788300836,0.04027420736932305
2335,0.32520891364902504,0.04025695931477516
2336,0.3253481894150418,0.04023972602739726
2337,0.3254874651810585,0.04022250748823278
2338,0.3256267409470752,0.04020530367835757
2339,0.3257660167130919,0.04061564771269773
2340,0.32590529247910865,0.041025641025641026
2341,0.32604456824512534,0.04100811618966254
2342,0.3261838440111421,0.04099060631938514
2343,0.3263231197771588,0.040973111395646605
2344,0.32646239554317547,0.040955631399317405
2345,0.3266016713091922,0.04093816631130064
2346,0.3267409470752089,0.04092071611253197
2347,0.32688022284122564,0.04090328078397955
2348,0.32701949860724233,0.04088586030664395
2349,0.3271587743732591,0.04129416773094934
2350,0.32729805013927576,0.04170212765957447
2351,0.32743732590529245,0.04168438962143769
2352,0.3275766016713092,0.041666666666666664
2353,0.3277158774373259,0.0416489587760306
2354,0.32785515320334263,0.041631265930331354
2355,0.3279944289693593,0.041613588110403395
2356,0.32813370473537606,0.04159592529711375
2357,0.32827298050139275,0.0415782774713619
2358,0.3284122562674095,0.041560644614079725
2359,0.3285515320334262,0.04154302670623145
2360,0.3286908077994429,0.04152542372881356
2361,0.3288300835654596,0.04150783566285472
2362,0.3289693593314763,0.04149026248941575
2363,0.32910863509749305,0.0414727041895895
2364,0.32924791086350974,0.04145516074450085
2365,0.3293871866295265,0.04143763213530655
2366,0.3295264623955432,0.04142011834319527
2367,0.32966573816155986,0.04140261934938741
2368,0.3298050139275766,0.041385135135135136
2369,0.3299442896935933,0.041367665681722246
2370,0.33008356545961004,0.04177215189873418
2371,0.33022284122562673,0.04175453395191902
2372,0.3303621169916435,0.04173693086003373
2373,0.33050139275766016,0.041719342604298354
2374,0.3306406685236769,0.04170176916596462
2375,0.3307799442896936,0.04168421052631579
2376,0.3309192200557103,0.041666666666666664
2377,0.33105849582172703,0.041649137568363484
2378,0.3311977715877437,0.04163162321278385
2379,0.33133704735376046,0.0416141235813367
2380,0.33147632311977715,0.04159663865546218
2381,0.3316155988857939,0.041579168416631666
2382,0.3317548746518106,0.041561712846347604
2383,0.33189415041782727,0.04154427192614352
2384,0.332033426183844,0.041526845637583895
2385,0.3321727019498607,0.04150943396226415
2386,0.33231197771587745,0.041492036881810565
2387,0.33245125348189414,0.041474654377880185
2388,0.3325905292479109,0.0414572864321608
2389,0.33272980501392757,0.04143993302637087
2390,0.3328690807799443,0.04142259414225941
2391,0.333008356545961,0.04140526976160602
2392,0.3331476323119777,0.041387959866220736
2393,0.33328690807799444,0.041370664437944
2394,0.3334261838440111,0.041353383458646614
2395,0.33356545961002787,0.04133611691022965
2396,0.33370473537604456,0.041318864774624375
2397,0.3338440111420613,0.04130162703379224
2398,0.333983286908078,0.04128440366972477
2399,0.3341225626740947,0.04126719466444352
2400,0.3342618384401114,0.04125
2401,0.3344011142061281,0.04123281965847563
2402,0.33454038997214486,0.04121565362198168
2403,0.33467966573816155,0.04119850187265917
2404,0.3348189415041783,0.04118136439267887
2405,0.334958217270195,0.041164241164241167
2406,0.3350974930362117,0.04114713216957606
2407,0.3352367688022284,0.041130037390943085
2408,0.3353760445682451,0.04111295681063123
2409,0.33551532033426185,0.0410958904109589
2410,0.33565459610027853,0.04107883817427386
2411,0.3357938718662953,0.04106180008295313
2412,0.33593314763231197,0.041044776119402986
2413,0.3360724233983287,0.04102776626605885
2414,0.3362116991643454,0.04101077050538525
2415,0.3363509749303621,0.040993788819875775
2416,0.33649025069637883,0.04097682119205298
2417,0.3366295264623955,0.04095986760446835
2418,0.33676880222841227,0.04094292803970223
2419,0.33690807799442896,0.0413393964448119
2420,0.3370473537604457,0.04132231404958678
2421,0.3371866295264624,0.041305245766212306
2422,0.33732590529247913,0.04170107349298101
2423,0.3374651810584958,0.041683862979777137
2424,0.3376044568245125,0.041666666666666664
2425,0.33774373259052926,0.04164948453608248
2426,0.33788300835654594,0.0416323165704864
2427,0.3380222841225627,0.04161516275236918
2428,0.3381615598885794,0.04159802306425041
2429,0.3383008356545961,0.04199258954302182
2430,0.3384401114206128,0.04197530864197531
2431,0.3385793871866295,0.04195804195804196
2432,0.33871866295264624,0.04194078947368421
2433,0.33885793871866293,0.04192355117139334
2434,0.3389972144846797,0.0419063270336894
2435,0.33913649025069637,0.04188911704312115
2436,0.3392757660167131,0.04187192118226601
2437,0.3394150417827298,0.04185473943373
2438,0.33955431754874654,0.04183757178014766
2439,0.33969359331476323,0.041820418204182044
2440,0.3398328690807799,0.04180327868852459
2441,0.33997214484679666,0.04178615321589513
2442,0.34011142061281335,0.04176904176904177
2443,0.3402506963788301,0.04175194433074089
2444,0.3403899721448468,0.041734860883797055
2445,0.34052924791086353,0.04171779141104295
2446,0.3406685236768802,0.041700735895339326
2447,0.3408077994428969,0.04168369431957499
2448,0.34094707520891365,0.041666666666666664
2449,0.34108635097493034,0.041649652919559
2450,0.3412256267409471,0.04163265306122449
2451,0.3413649025069638,0.0416156670746634
2452,0.3415041782729805,0.041598694942903754
2453,0.3416434540389972,0.04158173664900122
2454,0.34178272980501395,0.04156479217603912
2455,0.34192200557103064,0.04154786150712831
2456,0.34206128133704733,0.041530944625407164
2457,0.3422005571030641,0.04151404151404151
2458,0.34233983286908076,0.04149715215622457
2459,0.3424791086350975,0.0414802765351769
2460,0.3426183844011142,0.041463414634146344
2461,0.34275766016713094,0.04144656643640796
2462,0.34289693593314763,0.041429731925264016
2463,0.3430362116991644,0.04141291108404385
2464,0.34317548746518106,0.041396103896103896
2465,0.34331476323119775,0.041379310344827586
2466,0.3434540389972145,0.0413625304136253
2467,0.3435933147632312,0.041345764085934336
2468,0.34373259052924793,0.041329011345218804
2469,0.3438718662952646,0.041312272174969626
2470,0.34401114206128136,0.041700404858299595
2471,0.34415041782729805,0.04168352893565358
2472,0.34428969359331474,0.041666666666666664
2473,0.3444289693593315,0.041649818034775576
2474,0.34456824512534817,0.04203718674211803
2475,0.3447075208913649,0.04202020202020202
2476,0.3448467966573816,0.0420032310177706
2477,0.34498607242339835,0.04198627371820751
2478,0.34512534818941504,0.041969330104923326
2479,0.3452646239554318,0.04195240016135539
2480,0.34540389972144847,0.041935483870967745
2481,0.34554317548746516,0.04191858121725111
2482,0.3456824512534819,0.041901692183722805
2483,0.3458217270194986,0.041884816753926704
2484,0.34596100278551534,0.04186795491143317
2485,0.346100278551532,0.041851106639839035
2486,0.34623955431754877,0.0418342719227675
2487,0.34637883008356546,0.04181745074386811
2488,0.34651810584958215,0.04180064308681672
2489,0.3466573816155989,0.041783848935315386
2490,0.3467966573816156,0.04216867469879518
2491,0.3469359331476323,0.042151746286631875
2492,0.347075208913649,0.04253611556982344
2493,0.34721448467966576,0.04251905334937826
2494,0.34735376044568245,0.042502004811547714
2495,0.3474930362116992,0.04248496993987976
2496,0.3476323119777159,0.04246794871794872
2497,0.34777158774373257,0.04245094112935523
2498,0.3479108635097493,0.04243394715772618
2499,0.348050139275766,0.04241696678671469
2500,0.34818941504178275,0.0424
2501,0.34832869080779943,0.042782886845261894
2502,0.3484679665738162,0.04276578737010392
2503,0.34860724233983287,0.042748701558130243
2504,0.34874651810584956,0.042731629392971246
2505,0.3488857938718663,0.04271457085828343
2506,0.349025069637883,0.0426975259377494
2507,0.34916434540389973,0.04268049461507778
2508,0.3493036211699164,0.04266347687400319
2509,0.34944289693593317,0.04264647269828617
2510,0.34958217270194986,0.04302788844621514
2511,0.3497214484679666,0.043010752688172046
2512,0.3498607242339833,0.042993630573248405
2513,0.35,0.04297652208515718
2514,0.3501392757660167,0.04295942720763723
2515,0.3502785515320334,0.04294234592445328
2516,0.35041782729805016,0.04292527821939587
2517,0.35055710306406684,0.04290822407628129
2518,0.3506963788300836,0.04289118347895155
2519,0.3508356545961003,0.04287415641127432
2520,0.35097493036211697,0.04285714285714286
2521,0.3511142061281337,0.042840142800476
2522,0.3512534818941504,0.04282315622521808
2523,0.35139275766016714,0.04280618311533888
2524,0.35153203342618383,0.04318541996830428
2525,0.3516713091922006,0.043168316831683165
2526,0.35181058495821727,0.04315122723673793
2527,0.351949860724234,0.043134151167392165
2528,0.3520891364902507,0.04311708860759494
2529,0.3522284122562674,0.04310003954132068
2530,0.35236768802228413,0.04308300395256917
2531,0.3525069637883008,0.04306598182536547
2532,0.35264623955431756,0.043048973143759876
2533,0.35278551532033425,0.043031977891827874
2534,0.352924791086351,0.04301499605367009
2535,0.3530640668523677,0.04299802761341223
2536,0.3532033426183844,0.04298107255520505
2537,0.3533426183844011,0.04296413086322428
2538,0.3534818941504178,0.042947202521670606
2539,0.35362116991643455,0.04293028751476959
2540,0.35376044568245124,0.042913385826771656
2541,0.353899721448468,0.04289649744195199
2542,0.3540389972144847,0.04287962234461054
2543,0.3541782729805014,0.042862760519071966
2544,0.3543175487465181,0.04284591194968553
2545,0.3544568245125348,0.04282907662082515
2546,0.35459610027855154,0.04320502749410841
2547,0.35473537604456823,0.043580683156654886
2548,0.354874651810585,0.04356357927786499
2549,0.35501392757660166,0.04354648881914476
2550,0.3551532033426184,0.04352941176470588
2551,0.3552924791086351,0.04351234809878479
2552,0.3554317548746518,0.04349529780564263
2553,0.35557103064066853,0.043478260869565216
2554,0.3557103064066852,0.04346123727486296
2555,0.35584958217270196,0.04344422700587084
2556,0.35598885793871865,0.04342723004694836
2557,0.3561281337047354,0.04341024638247947
2558,0.3562674094707521,0.04339327599687256
2559,0.3564066852367688,0.04337631887456037
2560,0.3565459610027855,0.043359375
2561,0.3566852367688022,0.04334244435767278
2562,0.35682451253481895,0.04332552693208431
2563,0.35696378830083564,0.04330862270776434
2564,0.3571030640668524,0.043291731669266774
2565,0.35724233983286907,0.04327485380116959
2566,0.3573816155988858,0.04325798908807482
2567,0.3575208913649025,0.043241137514608494
2568,0.3576601671309192,0.04322429906542056
2569,0.35779944289693594,0.043207473725184894
2570,0.3579387186629526,0.04319066147859922
2571,0.35807799442896937,0.043173862310385065
2572,0.35821727019498606,0.04315707620528771
2573,0.3583565459610028,0.043140303148076174
2574,0.3584958217270195,0.04351204351204351
2575,0.35863509749303624,0.04349514563106796
2576,0.3587743732590529,0.043478260869565216
2577,0.3589136490250696,0.04346138921226232
2578,0.35905292479108636,0.04344453064391001
2579,0.35919220055710305,0.04381543233811555
2580,0.3593314763231198,0.043798449612403104
2581,0.3594707520891365,0.043781480046493605
2582,0.3596100278551532,0.04376452362509682
2583,0.3597493036211699,0.043747580332946186
2584,0.3598885793871866,0.04373065015479876
2585,0.36002785515320335,0.044100580270793034
2586,0.36016713091922004,0.04408352668213457
2587,0.3603064066852368,0.044066486277541554
2588,0.36044568245125347,0.04404945904173107
2589,0.3605849582172702,0.0440324449594438
2590,0.3607242339832869,0.044015444015444015
2591,0.36086350974930365,0.04399845619451949
2592,0.36100278551532033,0.04398148148148148
2593,0.361142061281337,0.043964519861164675
2594,0.36128133704735377,0.04394757131842714
2595,0.36142061281337046,0.04393063583815029
2596,0.3615598885793872,0.04391371340523883
2597,0.3616991643454039,0.04389680400462072
2598,0.36183844011142063,0.04387990762124711
2599,0.3619777158774373,0.04386302424009234
2600,0.362116991643454,0.04384615384615385
2601,0.36225626740947076,0.04382929642445214
2602,0.36239554317548744,0.043812451960030745
2603,0.3625348189415042,0.044179792547061086
2604,0.3626740947075209,0.0445468509984639
2605,0.3628133704735376,0.04452975047984645
2606,0.3629526462395543,0.044512663085188024
2607,0.36309192200557106,0.04449558879938627
2608,0.36323119777158774,0.04447852760736196
2609,0.36337047353760443,0.04446147949405903
2610,0.3635097493036212,0.044444444444444446
2611,0.36364902506963787,0.04442742244350823
2612,0.3637883008356546,0.0444104134762634
2613,0.3639275766016713,0.044393417527745886
2614,0.36406685236768804,0.04437643458301454
2615,0.36420612813370473,0.044359464627151055
2616,0.3643454038997215,0.04434250764525994
2617,0.36448467966573816,0.04432556362246848
2618,0.36462395543175485,0.04430863254392666
2619,0.3647632311977716,0.044291714394807176
2620,0.3649025069637883,0.044274809160305344
2621,0.36504178272980503,0.04425791682563907
2622,0.3651810584958217,0.04424103737604882
2623,0.36532033426183846,0.04422417079679756
2624,0.36545961002785515,0.04420731707317073
2625,0.36559888579387184,0.04419047619047619
2626,0.3657381615598886,0.044173648134044174
2627,0.3658774373259053,0.044156832889227254
2628,0.366016713091922,0.0441400304414003
2629,0.3661559888579387,0.04412324077596044
2630,0.36629526462395545,0.04410646387832699
2631,0.36643454038997214,0.044089699733941466
2632,0.3665738161559889,0.044072948328267476
2633,0.3667130919220056,0.04405620964679073
2634,0.36685236768802226,0.04403948367501898
2635,0.366991643454039,0.04402277039848197
2636,0.3671309192200557,0.04400606980273141
2637,0.36727019498607244,0.043989381873340914
2638,0.36740947075208913,0.04397270659590599
2639,0.3675487465181059,0.04395604395604396
2640,0.36768802228412256,0.04393939393939394
2641,0.36782729805013925,0.04392275653161681
2642,0.367966573816156,0.04390613171839516
2643,0.3681058495821727,0.04388951948543322
2644,0.36824512534818943,0.04387291981845688
2645,0.3683844011142061,0.04385633270321361
2646,0.36852367688022286,0.04383975812547241
2647,0.36866295264623955,0.0438231960710238
2648,0.3688022284122563,0.04380664652567976
2649,0.368941504178273,0.04379010947527369
2650,0.36908077994428967,0.04415094339622642
2651,0.3692200557103064,0.044134288947566956
2652,0.3693593314763231,0.04411764705882353
2653,0.36949860724233985,0.044101017715793445
2654,0.36963788300835654,0.044084400904295405
2655,0.3697771587743733,0.04406779661016949
2656,0.36991643454038997,0.04405120481927711
2657,0.37005571030640666,0.04403462551750094
2658,0.3701949860724234,0.04401805869074492
2659,0.3703342618384401,0.04400150432493419
2660,0.37047353760445684,0.04398496240601504
2661,0.3706128133704735,0.043968432919954906
2662,0.37075208913649027,0.0439519158527423
2663,0.37089136490250696,0.044310927525347356
2664,0.3710306406685237,0.044294294294294295
2665,0.3711699164345404,0.04427767354596623
2666,0.3713091922005571,0.04426106526631658
2667,0.3714484679665738,0.044244469441319836
2668,0.3715877437325905,0.04422788605697151
2669,0.37172701949860726,0.04421131509928812
2670,0.37186629526462395,0.044194756554307116
2671,0.3720055710306407,0.04417821040808686
2672,0.3721448467966574,0.04416167664670659
2673,0.37228412256267407,0.04414515525626637
2674,0.3724233983286908,0.044128646222887064
2675,0.3725626740947075,0.04411214953271028
2676,0.37270194986072425,0.044095665171898356
2677,0.37284122562674094,0.04407919312663429
2678,0.3729805013927577,0.044062733383121735
2679,0.37311977715877437,0.044419559537140725
2680,0.3732590529247911,0.044402985074626866
2681,0.3733983286908078,0.044386422976501305
2682,0.3735376044568245,0.04436987322893363
2683,0.37367688022284123,0.04435333581811405
2684,0.3738161559888579,0.044336810730253355
2685,0.37395543175487467,0.04432029795158287
2686,0.37409470752089136,0.04430379746835443
2687,0.3742339832869081,0.044287309266840345
2688,0.3743732590529248,0.044270833333333336
2689,0.3745125348189415,0.044626255113425065
2690,0.3746518105849582,0.04460966542750929
2691,0.3747910863509749,0.044593088071348944
2692,0.37493036211699166,0.04457652303120357
2693,0.37506963788300834,0.04455997029335314
2694,0.3752089136490251,0.044543429844097995
2695,0.3753481894150418,0.04452690166975881
2696,0.3754874651810585,0.04451038575667656
2697,0.3756267409470752,0.04449388209121246
2698,0.3757660167130919,0.04447739065974796
2699,0.37590529247910864,0.0444609114486847
2700,0.37604456824512533,0.044814814814814814
2701,0.3761838440111421,0.04479822288041466
2702,0.37632311977715877,0.04515173945225759
2703,0.3764623955431755,0.04513503514613393
2704,0.3766016713091922,0.045118343195266274
2705,0.3767409470752089,0.04510166358595194
2706,0.37688022284122563,0.0450849963045085
2707,0.3770194986072423,0.045068341337273735
2708,0.37715877437325906,0.045051698670605614
2709,0.37729805013927575,0.045035068290882246
2710,0.3774373259052925,0.045018450184501846
2711,0.3775766016713092,0.0450018443378827
2712,0.37771587743732593,0.04498525073746313
2713,0.3778551532033426,0.04496866936970144
2714,0.3779944289693593,0.045320560058953574
2715,0.37813370473537605,0.045303867403314914
2716,0.37827298050139274,0.04528718703976436
2717,0.3784122562674095,0.04527051895472948
2718,0.3785515320334262,0.04525386313465784
2719,0.3786908077994429,0.045237219566016916
2720,0.3788300835654596,0.04522058823529412
2721,0.3789693593314763,0.04520396912899669
2722,0.37910863509749304,0.045187362233651725
2723,0.37924791086350973,0.045170767535806094
2724,0.3793871866295265,0.04515418502202643
2725,0.37952646239554316,0.04513761467889908
2726,0.3796657381615599,0.04512105649303008
2727,0.3798050139275766,0.045104510451045104
2728,0.37994428969359334,0.045087976539589444
2729,0.38008356545961003,0.045071454745327956
2730,0.3802228412256267,0.045054945054945054
2731,0.38036211699164346,0.04503844745514463
2732,0.38050139275766015,0.045021961932650074
2733,0.3806406685236769,0.04500548847420417
2734,0.3807799442896936,0.044989027066569126
2735,0.38091922005571033,0.04497257769652651
2736,0.381058495821727,0.044956140350877194
2737,0.3811977715877437,0.04493971501644136
2738,0.38133704735376045,0.04492330168005844
2739,0.38147632311977714,0.044906900328587074
2740,0.3816155988857939,0.04489051094890511
2741,0.38175487465181057,0.044874133527909525
2742,0.3818941504178273,0.044857768052516414
2743,0.382033426183844,0.044841414509660955
2744,0.38217270194986075,0.044825072886297376
2745,0.38231197771587744,0.04480874316939891
2746,0.3824512534818941,0.04479242534595776
2747,0.38259052924791087,0.04477611940298507
2748,0.38272980501392756,0.04475982532751092
2749,0.3828690807799443,0.04474354310658421
2750,0.383008356545961,0.04472727272727273
2751,0.38314763231197774,0.04471101417666303
2752,0.3832869080779944,0.04469476744186047
2753,0.3834261838440111,0.0446785325099891
2754,0.38356545961002786,0.044662309368191724
2755,0.38370473537604455,0.044646098003629765
2756,0.3838440111420613,0.04499274310595065
2757,0.383983286908078,0.044976423648893725
2758,0.3841225626740947,0.044960116026105876
2759,0.3842618384401114,0.0449438202247191
2760,0.38440111420612816,0.04492753623188406
2761,0.38454038997214485,0.04491126403477001
2762,0.38467966573816154,0.04489500362056481
2763,0.3848189415041783,0.045240680419833514
2764,0.38495821727019497,0.04522431259044862
2765,0.3850974930362117,0.045207956600361664
2766,0.3852367688022284,0.04519161243673174
2767,0.38537604456824515,0.04517528008673654
2768,0.38551532033426184,0.045158959537572256
2769,0.3856545961002785,0.045142650776453595
2770,0.38579387186629527,0.04512635379061372
2771,0.38593314763231196,0.04511006856730422
2772,0.3860724233983287,0.045093795093795096
2773,0.3862116991643454,0.04507753335737468
2774,0.38635097493036213,0.04506128334534967
2775,0.3864902506963788,0.04504504504504504
2776,0.38662952646239557,0.04502881844380403
2777,0.38676880222841226,0.045372704357220024
2778,0.38690807799442894,0.04535637149028078
2779,0.3870473537604457,0.04534005037783375
2780,0.3871866295264624,0.045323741007194246
2781,0.3873259052924791,0.045307443365695796
2782,0.3874651810584958,0.04565061107117182
2783,0.38760445682451256,0.04563420768954366
2784,0.38774373259052924,0.045617816091954026
2785,0.387883008356546,0.04560143626570916
2786,0.3880222841225627,0.04558506819813352
2787,0.38816155988857937,0.04556871187656979
2788,0.3883008356545961,0.04555236728837877
2789,0.3884401114206128,0.045536034420939404
2790,0.38857938718662954,0.04551971326164875
2791,0.38871866295264623,0.04550340379792189
2792,0.388857938718663,0.045845272206303724
2793,0.38899721448467967,0.04582885785893305
2794,0.38913649025069635,0.04581245526127416
2795,0.3892757660167131,0.04579606440071556
2796,0.3894150417827298,0.045779685264663805
2797,0.38955431754874653,0.04576331784054344
2798,0.3896935933147632,0.045746962115797
2799,0.38983286908077996,0.045730618077884956
2800,0.38997214484679665,0.045714285714285714
2801,0.3901114206128134,0.04569796501249554
2802,0.3902506963788301,0.04568165596002855
2803,0.3903899721448468,0.045665358544416695
2804,0.3905292479108635,0.0456490727532097
2805,0.3906685236768802,0.04563279857397504
2806,0.39080779944289695,0.045616535994297935
2807,0.39094707520891364,0.04560028500178126
2808,0.3910863509749304,0.045584045584045586
2809,0.3912256267409471,0.04556781772872909
2810,0.39136490250696376,0.04555160142348755
2811,0.3915041782729805,0.045535396655994306
2812,0.3916434540389972,0.04551920341394026
2813,0.39178272980501394,0.04550302168503377
2814,0.39192200557103063,0.04548685145700071
2815,0.3920612813370474,0.04547069271758437
2816,0.39220055710306406,0.045454545454545456
2817,0.3923398328690808,0.04543840965566205
2818,0.3924791086350975,0.0454222853087296
2819,0.3926183844011142,0.045406172401560835
2820,0.39275766016713093,0.04539007092198582
2821,0.3928969359331476,0.045373980857851826
2822,0.39303621169916436,0.04535790219702339
2823,0.39317548746518105,0.04534183492738222
2824,0.3933147632311978,0.0453257790368272
2825,0.3934540389972145,0.04530973451327434
2826,0.3935933147632312,0.04529370134465676
2827,0.3937325905292479,0.04563141139016626
2828,0.3938718662952646,0.045615275813295615
2829,0.39401114206128135,0.04559915164369035
2830,0.39415041782729804,0.045936395759717315
2831,0.3942896935933148,0.045920169551395267
2832,0.39442896935933147,0.04590395480225989
2833,0.3945682451253482,0.04588775150017649
2834,0.3947075208913649,0.045871559633027525
2835,0.3948467966573816,0.04585537918871252
2836,0.39498607242339834,0.045839210155148094
2837,0.395125348189415,0.04582305252026789
2838,0.39526462395543177,0.04615926708949965
2839,0.39540389972144846,0.04649524480450863
2840,0.3955431754874652,0.04647887323943662
2841,0.3956824512534819,0.046462513199577615
2842,0.3958217270194986,0.04644616467276566
2843,0.3959610027855153,0.04642982764685192
2844,0.396100278551532,0.046413502109704644
2845,0.39623955431754876,0.046397188049209136
2846,0.39637883008356545,0.046380885453267746
2847,0.3965181058495822,0.04636459430979979
2848,0.3966573816155989,0.046348314606741575
2849,0.3967966573816156,0.04633204633204633
2850,0.3969359331476323,0.04631578947368421
2851,0.397075208913649,0.04629954401964223
2852,0.39721448467966575,0.04628330995792426
2853,0.39735376044568244,0.046267087276550996
2854,0.3974930362116992,0.04660126138752628
2855,0.39763231197771587,0.046935201401050786
2856,0.3977715877437326,0.0469187675070028
2857,0.3979108635097493,0.04690234511725586
2858,0.398050139275766,0.04688593421973408
2859,0.39818941504178273,0.04686953480237845
2860,0.3983286908077994,0.04685314685314685
2861,0.39846796657381617,0.046836770360013984
2862,0.39860724233983286,0.04682040531097135
2863,0.3987465181058496,0.046804051694027245
2864,0.3988857938718663,0.0467877094972067
2865,0.39902506963788303,0.046771378708551484
2866,0.3991643454038997,0.04675505931612003
2867,0.3993036211699164,0.04673875130798744
2868,0.39944289693593316,0.046722454672245464
2869,0.39958217270194984,0.047054722899965144
2870,0.3997214484679666,0.047038327526132406
2871,0.3998607242339833,0.047021943573667714
2872,0.4,0.04700557103064067
2873,0.4001392757660167,0.047337278106508875
2874,0.4002785515320334,0.04732080723729993
2875,0.40041782729805014,0.04765217391304348
2876,0.40055710306406683,0.0476356050069541
2877,0.4006963788300836,0.047619047619047616
2878,0.40083565459610027,0.04760250173731758
2879,0.400974930362117,0.04758596734977423
2880,0.4011142061281337,0.04791666666666667
2881,0.40125348189415044,0.04790003471017008
2882,0.40139275766016713,0.047883414295628035
2883,0.4015320334261838,0.047866805411030174
2884,0.40167130919220057,0.0478502080443828
2885,0.40181058495821725,0.04783362218370884
2886,0.401949860724234,0.04781704781704782
2887,0.4020891364902507,0.04780048493245584
2888,0.40222841225626743,0.04778393351800554
2889,0.4023676880222841,0.04776739356178609
2890,0.4025069637883008,0.04775086505190312
2891,0.40264623955431755,0.04773434797647873
2892,0.40278551532033424,0.04806362378976487
2893,0.402924791086351,0.04839267196681645
2894,0.4030640668523677,0.04837595024187975
2895,0.4032033426183844,0.04835924006908463
2896,0.4033426183844011,0.04834254143646409
2897,0.40348189415041785,0.04832585433206766
2898,0.40362116991643454,0.048654244306418216
2899,0.40376044568245123,0.048637461193515
2900,0.403899721448468,0.04862068965517241
2901,0.40403899721448466,0.04860392967942089
2902,0.4041782729805014,0.048587181254307374
2903,0.4043175487465181,0.04891491560454702
2904,0.40445682451253484,0.048898071625344354
2905,0.40459610027855153,0.049225473321858865
2906,0.4047353760445682,0.049208534067446665
2907,0.40487465181058496,0.04919160646714826
2908,0.40501392757660165,0.049174690508940855
2909,0.4051532033426184,0.04915778618081815
2910,0.4052924791086351,0.04914089347079038
2911,0.40543175487465183,0.04912401236688423
2912,0.4055710306406685,0.04945054945054945
2913,0.40571030640668526,0.04943357363542739
2914,0.40584958217270195,0.04941660947151681
2915,0.40598885793871864,0.049399656946826756
2916,0.4061281337047354,0.04938271604938271
2917,0.40626740947075207,0.049365786767226603
2918,0.4064066852367688,0.04934886908841672
2919,0.4065459610027855,0.04933196300102775
2920,0.40668523676880225,0.049315068493150684
2921,0.40682451253481894,0.049298185552892844
2922,0.4069637883008356,0.049281314168377825
2923,0.40710306406685237,0.04926445432774547
2924,0.40724233983286906,0.04958960328317374
2925,0.4073816155988858,0.04957264957264957
2926,0.4075208913649025,0.04989747095010253
2927,0.40766016713091924,0.04988042364195422
2928,0.4077994428969359,0.049863387978142076
2929,0.40793871866295267,0.049846363946739504
2930,0.40807799442896936,0.049829351535836175
2931,0.40821727019498605,0.04981235073353804
2932,0.4083565459610028,0.049795361527967257
2933,0.4084958217270195,0.04977838390726219
2934,0.4086350974930362,0.04976141785957737
2935,0.4087743732590529,0.049744463373083476
2936,0.40891364902506966,0.0497275204359673
2937,0.40905292479108635,0.04971058903643173
2938,0.4091922005571031,0.049693669162695714
2939,0.4093314763231198,0.04967676080299421
2940,0.40947075208913647,0.04965986394557823
2941,0.4096100278551532,0.049642978578714726
2942,0.4097493036211699,0.04962610469068661
2943,0.40988857938718665,0.04960924226979273
2944,0.41002785515320334,0.049592391304347824
2945,0.4101671309192201,0.04957555178268251
2946,0.41030640668523677,0.04989816700610998
2947,0.41044568245125346,0.0498812351543943
2948,0.4105849582172702,0.049864314789687926
2949,0.4107242339832869,0.04984740590030519
2950,0.41086350974930363,0.04983050847457627
2951,0.4110027855153203,0.04981362250084717
2952,0.41114206128133707,0.049796747967479675
2953,0.41128133704735376,0.049779884862851335
2954,0.4114206128133705,0.04976303317535545
2955,0.4115598885793872,0.049746192893401014
2956,0.4116991643454039,0.04972936400541272
2957,0.4118384401114206,0.050050727088265135
2958,0.4119777158774373,0.050033806626098715
2959,0.41211699164345406,0.050016897600540726
2960,0.41225626740947074,0.05
2961,0.4123955431754875,0.04998311381290105
2962,0.4125348189415042,0.049966239027684
2963,0.41267409470752087,0.04994937563280459
2964,0.4128133704735376,0.04993252361673414
2965,0.4129526462395543,0.04991568296795953
2966,0.41309192200557104,0.050236008091706
2967,0.41323119777158773,0.0502190765082575
2968,0.4133704735376045,0.05020215633423181
2969,0.41350974930362117,0.050185247558100374
2970,0.4136490250696379,0.05016835016835017
2971,0.4137883008356546,0.05015146415348368
2972,0.4139275766016713,0.05013458950201884
2973,0.41406685236768803,0.05011772620248907
2974,0.4142061281337047,0.05010087424344317
2975,0.41434540389972147,0.05008403361344538
2976,0.41448467966573815,0.050067204301075266
2977,0.4146239554317549,0.05005038629492778
2978,0.4147632311977716,0.050033579583613166
2979,0.4149025069637883,0.050016784155756965
2980,0.415041782729805,0.05
2981,0.4151810584958217,0.04998322710499832
2982,0.41532033426183845,0.0499664654594232
2983,0.41545961002785514,0.049949715051961115
2984,0.4155988857938719,0.04993297587131367
2985,0.4157381615598886,0.049916247906197656
2986,0.4158774373259053,0.04989953114534494
2987,0.416016713091922,0.05021760964178105
2988,0.4161559888579387,0.050200803212851405
2989,0.41629526462395544,0.050184008029441285
2990,0.41643454038997213,0.05016722408026756
2991,0.4165738161559889,0.05015045135406219
2992,0.41671309192200556,0.05013368983957219
2993,0.4168523676880223,0.05011693952555964
2994,0.416991643454039,0.05043420173680695
2995,0.4171309192200557,0.05041736227045075
2996,0.41727019498607243,0.05040053404539386
2997,0.4174094707520891,0.05038371705038372
2998,0.41754874651810586,0.05036691127418279
2999,0.41768802228412255,0.05035011670556852
3000,0.4178272980501393,0.050333333333333334
3001,0.417966573816156,0.05031656114628457
3002,0.41810584958217273,0.05063291139240506
3003,0.4182451253481894,0.050616050616050616
3004,0.4183844011142061,0.05059920106524634
3005,0.41852367688022285,0.05058236272878536
3006,0.41866295264623954,0.05056553559547571
3007,0.4188022284122563,0.05054871965414034
3008,0.41894150417827297,0.05053191489361702
3009,0.4190807799442897,0.05051512130275839
3010,0.4192200557103064,0.0504983388704319
3011,0.4193593314763231,0.05048156758551976
3012,0.41949860724233984,0.05046480743691899
3013,0.4196378830083565,0.05044805841354132
3014,0.41977715877437327,0.050431320504313204
3015,0.41991643454038996,0.05041459369817579
3016,0.4200557103064067,0.050397877984084884
3017,0.4201949860724234,0.05038117335101094
3018,0.42033426183844014,0.05036447978793903
3019,0.4204735376044568,0.05034779728386883
3020,0.4206128133704735,0.05033112582781457
3021,0.42075208913649026,0.050314465408805034
3022,0.42089136490250695,0.05029781601588352
3023,0.4210306406685237,0.05028117763810784
3024,0.4211699164345404,0.05026455026455026
3025,0.4213091922005571,0.05024793388429752
3026,0.4214484679665738,0.05023132848645076
3027,0.4215877437325905,0.050214734060125533
3028,0.42172701949860725,0.05019815059445178
3029,0.42186629526462394,0.050511720039617035
3030,0.4220055710306407,0.050825082508250824
3031,0.42214484679665737,0.050808314087759814
3032,0.4222841225626741,0.05079155672823219
3033,0.4224233983286908,0.050774810418727334
3034,0.42256267409470755,0.05075807514831905
3035,0.42270194986072424,0.05074135090609555
3036,0.4228412256267409,0.050724637681159424
3037,0.42298050139275767,0.05070793546262759
3038,0.42311977715877436,0.05069124423963134
3039,0.4232590529247911,0.05067456400131622
3040,0.4233983286908078,0.0506578947368421
3041,0.42353760445682453,0.0506412364353831
3042,0.4236768802228412,0.05062458908612755
3043,0.4238161559888579,0.050607952678278015
3044,0.42395543175487466,0.05059132720105125
3045,0.42409470752089135,0.05057471264367816
3046,0.4242339832869081,0.050558108995403805
3047,0.4243732590529248,0.05054151624548736
3048,0.4245125348189415,0.0505249343832021
3049,0.4246518105849582,0.050836339783535585
3050,0.42479108635097496,0.05081967213114754
3051,0.42493036211699164,0.050803015404785316
3052,0.42506963788300833,0.050786369593709045
3053,0.4252089136490251,0.050769734687192924
3054,0.42534818941504177,0.05075311067452521
3055,0.4254874651810585,0.05073649754500818
3056,0.4256267409470752,0.05071989528795812
3057,0.42576601671309194,0.05070330389270527
3058,0.42590529247910863,0.05068672334859385
3059,0.4260445682451253,0.05067015364498202
3060,0.42618384401114207,0.05065359477124183
3061,0.42632311977715875,0.050637046716759226
3062,0.4264623955431755,0.05062050947093403
3063,0.4266016713091922,0.05060398302317989
3064,0.42674094707520893,0.050587467362924285
3065,0.4268802228412256,0.05057096247960848
3066,0.42701949860724236,0.05055446836268754
3067,0.42715877437325905,0.05053798500163026
3068,0.42729805013927574,0.05052151238591916
3069,0.4274373259052925,0.050505050505050504
3070,0.4275766016713092,0.050488599348534204
3071,0.4277158774373259,0.05047215890589384
3072,0.4278551532033426,0.050455729166666664
3073,0.42799442896935935,0.050439310120403515
3074,0.42813370473537604,0.05042290175666884
3075,0.42827298050139273,0.05040650406504065
3076,0.4284122562674095,0.05039011703511053
3077,0.42855153203342616,0.05037374065648359
3078,0.4286908077994429,0.050357374918778425
3079,0.4288300835654596,0.050341019811627155
3080,0.42896935933147634,0.05032467532467533
3081,0.42910863509749303,0.05030834144758196
3082,0.4292479108635098,0.050292018170019465
3083,0.42938718662952646,0.0502757054816737
3084,0.42952646239554315,0.05025940337224384
3085,0.4296657381615599,0.050243111831442464
3086,0.4298050139275766,0.050226830848995464
3087,0.42994428969359333,0.050210560414642044
3088,0.43008356545961,0.05019430051813471
3089,0.43022284122562676,0.05017805114923923
3090,0.43036211699164345,0.05016181229773463
3091,0.43050139275766014,0.050145583953413134
3092,0.4306406685236769,0.05012936610608021
3093,0.4307799442896936,0.05011315874555448
3094,0.4309192200557103,0.05042016806722689
3095,0.431058495821727,0.050403877221324715
3096,0.43119777158774375,0.050387596899224806
3097,0.43133704735376044,0.05037132709073297
3098,0.4314763231197772,0.05035506778566817
3099,0.43161559888579387,0.050661503710874474
3100,0.43175487465181056,0.05064516129032258
3101,0.4318941504178273,0.050628829409867786
3102,0.432033426183844,0.05061250805931657
3103,0.43217270194986074,0.050918466000644536
3104,0.4323119777158774,0.0509020618556701
3105,0.43245125348189417,0.05088566827697263
3106,0.43259052924791086,0.050869285254346426
3107,0.4327298050139276,0.05085291277759897
3108,0.4328690807799443,0.05083655083655084
3109,0.433008356545961,0.0508201994210357
3110,0.4331476323119777,0.05080385852090032
3111,0.4332869080779944,0.0507875281260045
3112,0.43342618384401116,0.05077120822622108
3113,0.43356545961002785,0.05075489881143591
3114,0.4337047353760446,0.05073859987154785
3115,0.4338440111420613,0.0507223113964687
3116,0.43398328690807797,0.050706033376123234
3117,0.4341225626740947,0.05068976580044915
3118,0.4342618384401114,0.05067350865939705
3119,0.43440111420612815,0.05065726194293042
3120,0.43454038997214484,0.05064102564102564
3121,0.4346796657381616,0.0506247997436719
3122,0.43481894150417827,0.05060858424087124
3123,0.434958217270195,0.05059237912263849
3124,0.4350974930362117,0.05057618437900128
3125,0.4352367688022284,0.05056
3126,0.43537604456824514,0.05054382597568778
3127,0.4355153203342618,0.050527662296130475
3128,0.43565459610027857,0.05051150895140665
3129,0.43579387186629526,0.05049536593160754
3130,0.435933147632312,0.05047923322683706
3131,0.4360724233983287,0.050463110827211756
3132,0.4362116991643454,0.05044699872286079
3133,0.4363509749303621,0.05043089690392595
3134,0.4364902506963788,0.05041480536056158
3135,0.43662952646239556,0.05039872408293461
3136,0.43676880222841225,0.05038265306122449
3137,0.436908077994429,0.05036659228562321
3138,0.4370473537604457,0.05035054174633524
3139,0.4371866295264624,0.05033450143357757
3140,0.4373259052924791,0.05031847133757962
3141,0.4374651810584958,0.05030245144858325
3142,0.43760445682451254,0.05028644175684278
3143,0.43774373259052923,0.05027044225262488
3144,0.437883008356546,0.05025445292620865
3145,0.43802228412256267,0.05023847376788553
3146,0.4381615598885794,0.050222504767959315
3147,0.4383008356545961,0.05020654591674611
3148,0.4384401114206128,0.05019059720457433
3149,0.43857938718662953,0.05017465862178469
3150,0.4387186629526462,0.05015873015873016
3151,0.43885793871866297,0.05014281180577594
3152,0.43899721448467965,0.05012690355329949
3153,0.4391364902506964,0.05011100539169045
3154,0.4392757660167131,0.05009511731135067
3155,0.43941504178272983,0.05007923930269414
3156,0.4395543175487465,0.050063371356147024
3157,0.4396935933147632,0.05004751346214761
3158,0.43983286908077995,0.050031665611146296
3159,0.43997214484679664,0.05001582779360557
3160,0.4401114206128134,0.05
3161,0.4402506963788301,0.0499841822208162
3162,0.4403899721448468,0.04996837444655281
3163,0.4405292479108635,0.050268732216250396
3164,0.4406685236768802,0.05056890012642225
3165,0.44080779944289694,0.05055292259083728
3166,0.44094707520891363,0.05053695514845231
3167,0.4410863509749304,0.05052099778970635
3168,0.44122562674094706,0.050505050505050504
3169,0.4413649025069638,0.050489113284947935
3170,0.4415041782729805,0.050788643533123026
3171,0.44164345403899724,0.05077262693156733
3172,0.44178272980501393,0.05075662042875158
3173,0.4419220055710306,0.05074062401512764
3174,0.44206128133704736,0.050724637681159424
3175,0.44220055710306405,0.05070866141732284
3176,0.4423398328690808,0.05069269521410579
3177,0.4424791086350975,0.05067673906200818
3178,0.44261838440111423,0.05066079295154185
3179,0.4427576601671309,0.05064485687323057
3180,0.4428969359331476,0.050628930817610066
3181,0.44303621169916435,0.050613014775227914
3182,0.44317548746518104,0.05059710873664362
3183,0.4433147632311978,0.050581212692428525
3184,0.4434540389972145,0.050565326633165826
3185,0.4435933147632312,0.05054945054945055
3186,0.4437325905292479,0.05053358443188952
3187,0.44387186629526465,0.05051772827110135
3188,0.44401114206128134,0.050501882057716434
3189,0.444150417827298,0.05048604578237692
3190,0.44428969359331477,0.05047021943573668
3191,0.44442896935933146,0.050454403008461296
3192,0.4445682451253482,0.05043859649122807
3193,0.4447075208913649,0.05042279987472596
3194,0.44484679665738164,0.0504070131496556
3195,0.4449860724233983,0.05070422535211268
3196,0.445125348189415,0.05068836045056321
3197,0.44526462395543176,0.05067250547388177
3198,0.44540389972144845,0.05065666041275797
3199,0.4455431754874652,0.05064082525789309
3200,0.4456824512534819,0.050625
3201,0.4458217270194986,0.05092158700406123
3202,0.4459610027855153,0.05121798875702686
3203,0.44610027855153206,0.05120199812675617
3204,0.44623955431754875,0.05118601747815231
3205,0.44637883008356544,0.05117004680187207
3206,0.4465181058495822,0.051154086088583905
3207,0.44665738161559887,0.05113813532896788
3208,0.4467966573816156,0.05112219451371571
3209,0.4469359331476323,0.05110626363353069
3210,0.44707520891364905,0.05109034267912772
3211,0.44721448467966574,0.05107443164123326
3212,0.4473537604456824,0.05105853051058531
3213,0.44749303621169917,0.051353874883286646
3214,0.44763231197771586,0.05164903546981954
3215,0.4477715877437326,0.05163297045101089
3216,0.4479108635097493,0.05161691542288557
3217,0.44805013927576604,0.051600870376126824
3218,0.4481894150417827,0.05158483530142946
3219,0.44832869080779947,0.051568810189499846
3220,0.44846796657381616,0.05186335403726708
3221,0.44860724233983285,0.051847252406085065
3222,0.4487465181058496,0.05183116076970826
3223,0.4488857938718663,0.05181507911883339
3224,0.449025069637883,0.05179900744416874
3225,0.4491643454038997,0.05178294573643411
3226,0.44930362116991646,0.052076875387476754
3227,0.44944289693593314,0.052060737527114966
3228,0.44958217270194983,0.05204460966542751
3229,0.4497214484679666,0.052028491793124805
3230,0.44986072423398327,0.05201238390092879
3231,0.45,0.051996285979572884
3232,0.4501392757660167,0.05198019801980198
3233,0.45027855153203344,0.05196412001237241
3234,0.45041782729805013,0.05225726654298083
3235,0.4505571030640669,0.05255023183925812
3236,0.45069637883008357,0.05253399258343634
3237,0.45083565459610025,0.05282669138090825
3238,0.450974930362117,0.052810376775787524
3239,0.4511142061281337,0.05310280950910775
3240,0.45125348189415043,0.05308641975308642
3241,0.4513927576601671,0.05307004011107683
3242,0.45153203342618387,0.05305367057371992
3243,0.45167130919220055,0.05303731113166821
3244,0.45181058495821724,0.0530209617755857
3245,0.451949860724234,0.05300462249614792
3246,0.4520891364902507,0.0529882932840419
3247,0.4522284122562674,0.053279950723744994
3248,0.4523676880222841,0.053263546798029554
3249,0.45250696378830085,0.05324715297014466
3250,0.45264623955431754,0.05323076923076923
3251,0.4527855153203343,0.05321439557059366
3252,0.452924791086351,0.053198031980319804
3253,0.45306406685236766,0.05318167845066093
3254,0.4532033426183844,0.05347264904732637
3255,0.4533426183844011,0.053763440860215055
3256,0.45348189415041784,0.05374692874692875
3257,0.45362116991643453,0.053730426773104085
3258,0.4537604456824513,0.053713934929404544
3259,0.45389972144846796,0.05369745320650506
3260,0.45403899721448465,0.05368098159509203
3261,0.4541782729805014,0.05366452008586323
3262,0.4543175487465181,0.0536480686695279
3263,0.45445682451253483,0.05363162733680662
3264,0.4545961002785515,0.05361519607843137
3265,0.45473537604456826,0.05359877488514548
3266,0.45487465181058495,0.05388854868340478
3267,0.4550139275766017,0.05387205387205387
3268,0.4551532033426184,0.05385556915544676
3269,0.4552924791086351,0.05414499847048027
3270,0.4554317548746518,0.054434250764525995
3271,0.4555710306406685,0.054417609293793946
3272,0.45571030640668525,0.054400977995110025
3273,0.45584958217270194,0.05438435685915063
3274,0.4559888579387187,0.05436774587660354
3275,0.4561281337047354,0.05435114503816794
3276,0.4562674094707521,0.054334554334554336
3277,0.4564066852367688,0.05431797375648459
3278,0.4565459610027855,0.05430140329469189
3279,0.45668523676880224,0.05428484293992071
3280,0.4568245125348189,0.05426829268292683
3281,0.45696378830083567,0.054251752514477294
3282,0.45710306406685236,0.05423522242535039
3283,0.4572423398328691,0.05421870240633567
3284,0.4573816155988858,0.05420219244823386
3285,0.4575208913649025,0.054490106544901065
3286,0.4576601671309192,0.05447352404138771
3287,0.4577994428969359,0.05445695162762397
3288,0.45793871866295266,0.054440389294403896
3289,0.45807799442896935,0.054727880814837336
3290,0.4582172701949861,0.05501519756838906
3291,0.4583565459610028,0.054998480704952904
3292,0.4584958217270195,0.054981773997569865
3293,0.4586350974930362,0.05496507743698755
3294,0.4587743732590529,0.05494839101396479
3295,0.45891364902506965,0.05493171471927162
3296,0.45905292479108634,0.054915048543689324
3297,0.4591922005571031,0.05489839247801031
3298,0.45933147632311977,0.054881746513038204
3299,0.4594707520891365,0.05486511063958775
3300,0.4596100278551532,0.05484848484848485
3301,0.4597493036211699,0.055134807634050285
3302,0.45988857938718664,0.05511811023622047
3303,0.4600278551532033,0.05510142294883439
3304,0.46016713091922007,0.05508474576271186
3305,0.46030640668523676,0.05506807866868381
3306,0.4604456824512535,0.055051421657592255
3307,0.4605849582172702,0.055034774720290294
3308,0.46072423398328693,0.05501813784764208
3309,0.4608635097493036,0.055001511030522816
3310,0.4610027855153203,0.05498489425981873
3311,0.46114206128133706,0.05496828752642706
3312,0.46128133704735375,0.05495169082125604
3313,0.4614206128133705,0.05493510413522487
3314,0.4615598885793872,0.05491852745926373
3315,0.4616991643454039,0.054901960784313725
3316,0.4618384401114206,0.0548854041013269
3317,0.4619777158774373,0.05486885740126621
3318,0.46211699164345404,0.05485232067510549
3319,0.46225626740947073,0.054835793913829464
3320,0.4623955431754875,0.054819277108433734
3321,0.46253481894150417,0.05480277024992472
3322,0.4626740947075209,0.054786273329319686
3323,0.4628133704735376,0.0547697863376467
3324,0.46295264623955434,0.05475330926594465
3325,0.46309192200557103,0.055037593984962406
3326,0.4632311977715877,0.0550210463018641
3327,0.46337047353760447,0.05500450856627592
3328,0.46350974930362115,0.05498798076923077
3329,0.4636490250696379,0.0549714629017723
3330,0.4637883008356546,0.054954954954954956
3331,0.46392757660167133,0.05523866706694686
3332,0.464066852367688,0.05552220888355342
3333,0.4642061281337047,0.0558055805580558
3334,0.46434540389972145,0.05578884223155369
3335,0.46448467966573814,0.056071964017991006
3336,0.4646239554317549,0.05605515587529976
3337,0.4647632311977716,0.05603835780641295
3338,0.4649025069637883,0.05632115038945476
3339,0.465041782729805,0.05630428271937706
3340,0.46518105849582175,0.0562874251497006
3341,0.46532033426183844,0.05627057767135588
3342,0.46545961002785513,0.05655296229802514
3343,0.4655988857938719,0.056536045468142386
3344,0.46573816155988856,0.05651913875598086
3345,0.4658774373259053,0.05650224215246637
3346,0.466016713091922,0.05678421996413628
3347,0.46615598885793874,0.05676725425754407
3348,0.46629526462395543,0.05675029868578255
3349,0.4664345403899721,0.05673335323977307
3350,0.46657381615598886,0.056716417910447764
3351,0.46671309192200555,0.056699492688749624
3352,0.4668523676880223,0.056980906921241053
3353,0.466991643454039,0.05696391291380853
3354,0.46713091922005573,0.0569469290399523
3355,0.4672701949860724,0.056929955290611026
3356,0.46740947075208916,0.056912991656734205
3357,0.46754874651810585,0.056896038129282095
3358,0.46768802228412254,0.05687909469922573
3359,0.4678272980501393,0.05715986900863352
3360,0.467966573816156,0.05714285714285714
3361,0.4681058495821727,0.05712585540017852
3362,0.4682451253481894,0.057108863771564544
3363,0.46838440111420615,0.057091882247992866
3364,0.46852367688022284,0.057074910820451845
3365,0.46866295264623953,0.05705794947994056
3366,0.46880222841225627,0.0570409982174688
3367,0.46894150417827296,0.05702405702405702
3368,0.4690807799442897,0.057007125890736345
3369,0.4692200557103064,0.05699020480854853
3370,0.46935933147632314,0.05697329376854599
3371,0.4694986072423398,0.056956392761791756
3372,0.46963788300835657,0.05693950177935943
3373,0.46977715877437326,0.056922620812333236
3374,0.46991643454038995,0.05690574985180794
3375,0.4700557103064067,0.05688888888888889
3376,0.4701949860724234,0.05687203791469194
3377,0.4703342618384401,0.0568551969203435
3378,0.4704735376044568,0.056838365896980464
3379,0.47061281337047356,0.05682154483575022
3380,0.47075208913649025,0.05680473372781065
3381,0.47089136490250694,0.05678793256433008
3382,0.4710306406685237,0.05677114133648729
3383,0.47116991643454037,0.05675436003547148
3384,0.4713091922005571,0.05673758865248227
3385,0.4714484679665738,0.05672082717872969
3386,0.47158774373259055,0.056999409332545777
3387,0.47172701949860724,0.05698258045467966
3388,0.471866295264624,0.05696576151121606
3389,0.47200557103064067,0.05694895249336087
3390,0.47214484679665736,0.05693215339233038
3391,0.4722841225626741,0.056915364199351226
3392,0.4724233983286908,0.056898584905660375
3393,0.47256267409470754,0.05717653993516063
3394,0.4727019498607242,0.057159693576900414
3395,0.47284122562674097,0.05714285714285714
3396,0.47298050139275766,0.05712603062426384
3397,0.47311977715877435,0.05710921401236385
3398,0.4732590529247911,0.05709240729841083
3399,0.4733983286908078,0.05707561047366873
3400,0.4735376044568245,0.057058823529411766
3401,0.4736768802228412,0.05733607762422817
3402,0.47381615598885796,0.05731922398589065
3403,0.47395543175487465,0.05730238025271819
3404,0.4740947075208914,0.057579318448883664
3405,0.4742339832869081,0.057562408223201175
3406,0.47437325905292477,0.057545507927187316
3407,0.4745125348189415,0.05752861755209862
3408,0.4746518105849582,0.057511737089201875
3409,0.47479108635097494,0.057494866529774126
3410,0.47493036211699163,0.05747800586510264
3411,0.4750696378830084,0.0574611550864849
3412,0.47520891364902507,0.05744431418522861
3413,0.47534818941504176,0.05772048051567536
3414,0.4754874651810585,0.05799648506151142
3415,0.4756267409470752,0.057979502196193265
3416,0.47576601671309193,0.057962529274004686
3417,0.4759052924791086,0.05794556628621598
3418,0.47604456824512537,0.05792861322410767
3419,0.47618384401114205,0.05791167007897046
3420,0.4763231197771588,0.058187134502923975
3421,0.4764623955431755,0.05817012569424145
3422,0.4766016713091922,0.0581531268264173
3423,0.4767409470752089,0.05842827928717499
3424,0.4768802228412256,0.05841121495327103
3425,0.47701949860724235,0.058394160583941604
3426,0.47715877437325904,0.05837711617046118
3427,0.4772980501392758,0.058360081704114386
3428,0.4774373259052925,0.058343057176196034
3429,0.4775766016713092,0.058326042578011085
3430,0.4777158774373259,0.05830903790087463
3431,0.4778551532033426,0.05829204313611192
3432,0.47799442896935934,0.05827505827505827
3433,0.47813370473537603,0.058258083309059135
3434,0.4782729805013928,0.05824111822947001
3435,0.47841225626740946,0.05851528384279476
3436,0.4785515320334262,0.05849825378346915
3437,0.4786908077994429,0.05848123363398312
3438,0.4788300835654596,0.05846422338568935
3439,0.47896935933147633,0.05844722302995057
3440,0.479108635097493,0.05843023255813953
3441,0.47924791086350976,0.05841325196163906
3442,0.47938718662952645,0.05839628123184195
3443,0.4795264623955432,0.05837932036015103
3444,0.4796657381615599,0.05836236933797909
3445,0.47980501392757663,0.05834542815674891
3446,0.4799442896935933,0.05832849680789321
3447,0.48008356545961,0.05860168262257035
3448,0.48022284122562675,0.058584686774941996
3449,0.48036211699164344,0.0585677007828356
3450,0.4805013927576602,0.058550724637681156
3451,0.4806406685236769,0.058533758330918575
3452,0.4807799442896936,0.058516801853997685
3453,0.4809192200557103,0.05849985519837822
3454,0.481058495821727,0.05848291835552982
3455,0.48119777158774374,0.05846599131693198
3456,0.4813370473537604,0.05844907407407408
3457,0.48147632311977717,0.05843216661845531
3458,0.48161559888579386,0.05841526894158473
3459,0.4817548746518106,0.05839838103498121
3460,0.4818941504178273,0.05838150289017341
3461,0.48203342618384404,0.058364634498699795
3462,0.4821727019498607,0.05834777585210861
3463,0.4823119777158774,0.05861969390701704
3464,0.48245125348189416,0.058602771362586605
3465,0.48259052924791085,0.05887445887445888
3466,0.4827298050139276,0.058857472590882864
3467,0.4828690807799443,0.05884049610614364
3468,0.483008356545961,0.058823529411764705
3469,0.4831476323119777,0.058806572499279335
3470,0.4832869080779944,0.058789625360230545
3471,0.48342618384401115,0.058772687986171135
3472,0.48356545961002784,0.05904377880184332
3473,0.4837047353760446,0.05902677800172761
3474,0.48384401114206127,0.0590097869890616
3475,0.483983286908078,0.058992805755395686
3476,0.4841225626740947,0.059263521288837745
3477,0.48426183844011145,0.059246476847857346
3478,0.48440111420612814,0.05922944220816561
3479,0.4845403899721448,0.05921241736131072
3480,0.48467966573816157,0.05919540229885058
3481,0.48481894150417826,0.05917839701235277
3482,0.484958217270195,0.0591614014933946
3483,0.4850974930362117,0.059431524547803614
3484,0.48523676880222844,0.05941446613088404
3485,0.4853760445682451,0.0593974175035868
3486,0.4855153203342618,0.05938037865748709
3487,0.48565459610027856,0.05936334958416977
3488,0.48579387186629525,0.059346330275229356
3489,0.485933147632312,0.05932932072226999
3490,0.4860724233983287,0.05931232091690544
3491,0.4862116991643454,0.059295330850759095
3492,0.4863509749303621,0.05956471935853379
3493,0.48649025069637886,0.05954766676209562
3494,0.48662952646239555,0.059530623926731537
3495,0.48676880222841223,0.05951359084406295
3496,0.486908077994429,0.059496567505720827
3497,0.48704735376044567,0.05947955390334572
3498,0.4871866295264624,0.05946255002858777
3499,0.4873259052924791,0.059445555873106605
3500,0.48746518105849584,0.05942857142857143
3501,0.48760445682451253,0.059411596686660954
3502,0.4877437325905292,0.05968018275271274
3503,0.48788300835654597,0.05966314587496432
3504,0.48802228412256266,0.05964611872146119
3505,0.4881615598885794,0.05962910128388017
3506,0.4883008356545961,0.059612093553907584
3507,0.48844011142061283,0.05959509552323924
3508,0.4885793871866295,0.059578107183580385
3509,0.48871866295264627,0.05956112852664577
3510,0.48885793871866295,0.05954415954415954
3511,0.48899721448467964,0.05952720022785531
3512,0.4891364902506964,0.059510250569476085
3513,0.4892757660167131,0.05949331056077427
3514,0.4894150417827298,0.05947638019351167
3515,0.4895543175487465,0.05945945945945946
3516,0.48969359331476325,0.05944254835039818
3517,0.48983286908077994,0.059425646858117714
3518,0.48997214484679663,0.059408754974417284
3519,0.4901114206128134,0.05939187269110543
3520,0.49025069637883006,0.059375
3521,0.4903899721448468,0.05935813689292815
3522,0.4905292479108635,0.05934128336172629
3523,0.49066852367688024,0.059324439398240135
3524,0.49080779944289693,0.05930760499432463
3525,0.4909470752089137,0.05929078014184397
3526,0.49108635097493036,0.05927396483267158
3527,0.49122562674094705,0.059257159058690105
3528,0.4913649025069638,0.05924036281179138
3529,0.4915041782729805,0.059223576083876454
3530,0.49164345403899723,0.05920679886685552
3531,0.4917827298050139,0.059190031152647975
3532,0.49192200557103066,0.059173272933182336
3533,0.49206128133704735,0.059156524200396264
3534,0.49220055710306404,0.05913978494623656
3535,0.4923398328690808,0.0594059405940594
3536,0.4924791086350975,0.05938914027149321
3537,0.4926183844011142,0.05937234944868533
3538,0.4927576601671309,0.059355568117580554
3539,0.49289693593314765,0.059338796270132804
3540,0.49303621169916434,0.059322033898305086
3541,0.4931754874651811,0.059305280994069474
3542,0.4933147632311978,0.05928853754940711
3543,0.49345403899721446,0.05955405023990968
3544,0.4935933147632312,0.05981941309255079
3545,0.4937325905292479,0.059802538787023976
3546,0.49387186629526464,0.05978567399887197
3547,0.4940111420612813,0.05976881872004511
3548,0.49415041782729807,0.06003382187147689
3549,0.49428969359331476,0.060016906170752324
3550,0.49442896935933145,0.06
3551,0.4945682451253482,0.05998310335116869
3552,0.4947075208913649,0.06024774774774775
3553,0.4948467966573816,0.06023079088094568
3554,0.4949860724233983,0.06021384355655599
3555,0.49512534818941506,0.06019690576652602
3556,0.49526462395543175,0.06017997750281215
3557,0.4954038997214485,0.0604441945459657
3558,0.4955431754874652,0.06070826306913996
3559,0.49568245125348187,0.060691205394773816
3560,0.4958217270194986,0.060674157303370786
3561,0.4959610027855153,0.060657118786857624
3562,0.49610027855153205,0.060640089837170126
3563,0.49623955431754874,0.06062307044625316
3564,0.4963788300835655,0.06060606060606061
3565,0.49651810584958217,0.0605890603085554
3566,0.49665738161559886,0.06057206954570948
3567,0.4967966573816156,0.060835435940566306
3568,0.4969359331476323,0.06081838565022422
3569,0.49707520891364904,0.06080134491454189
3570,0.4972144846796657,0.060784313725490195
3571,0.49735376044568247,0.06076729207504901
3572,0.49749303621169916,0.06075027995520717
3573,0.4976323119777159,0.060733277357962495
3574,0.4977715877437326,0.06071628427532177
3575,0.4979108635097493,0.0606993006993007
3576,0.498050139275766,0.06068232662192394
3577,0.4981894150417827,0.060665362035225046
3578,0.49832869080779946,0.060648406931246505
3579,0.49846796657381615,0.060631461302039676
3580,0.4986072423398329,0.0606145251396648
3581,0.4987465181058496,0.06059759843619101
3582,0.49888579387186627,0.06058068118369626
3583,0.499025069637883,0.060563773374267375
3584,0.4991643454038997,0.060546875
3585,0.49930362116991645,0.060529986052998606
3586,0.49944289693593313,0.06051310652537646
3587,0.4995821727019499,0.06077502090883747
3588,0.49972144846796657,0.06075808249721293
3589,0.4998607242339833,0.06074115352465868
3590,0.5,0.060724233983286906
3591,0.5001392757660167,0.0607073238652186
3592,0.5002785515320334,0.060690423162583516
3593,0.5004178272980502,0.060673531867520177
3594,0.5005571030640669,0.06065664997217585
3595,0.5006963788300836,0.06063977746870654
3596,0.5008356545961002,0.060622914349276975
3597,0.500974930362117,0.06060606060606061
3598,0.5011142061281337,0.06058921623123958
3599,0.5012534818941504,0.060850236176715755
3600,0.5013927576601671,0.060833333333333336
3601,0.5015320334261838,0.06109414051652319
3602,0.5016713091922006,0.06107717934480844
3603,0.5018105849582173,0.06106022758812101
3604,0.501949860724234,0.06104328523862375
3605,0.5020891364902507,0.06130374479889043
3606,0.5022284122562675,0.061286744315030506
3607,0.5023676880222842,0.06126975325755475
3608,0.5025069637883008,0.06125277161862528
3609,0.5026462395543175,0.061235799390412855
3610,0.5027855153203342,0.061218836565096954
3611,0.502924791086351,0.06120188313486569
3612,0.5030640668523677,0.061461794019933555
3613,0.5032033426183844,0.061444782729034045
3614,0.5033426183844011,0.06170448256779192
3615,0.5034818941504178,0.06196403872752421
3616,0.5036211699164346,0.061946902654867256
3617,0.5037604456824513,0.06192977605750622
3618,0.503899721448468,0.0619126589275843
3619,0.5040389972144846,0.06217187068250898
3620,0.5041782729805014,0.062154696132596686
3621,0.5043175487465181,0.06213753106876554
3622,0.5044568245125348,0.0623964660408614
3623,0.5045961002785515,0.06237924372067347
3624,0.5047353760445682,0.06236203090507726
3625,0.504874651810585,0.062344827586206894
3626,0.5050139275766017,0.06232763375620518
3627,0.5051532033426184,0.0623104494072236
3628,0.5052924791086351,0.06229327453142227
3629,0.5054317548746519,0.062276109120969966
3630,0.5055710306406686,0.06225895316804408
3631,0.5057103064066852,0.062241806664830625
3632,0.5058495821727019,0.06222466960352423
3633,0.5059888579387186,0.06220754197632811
3634,0.5061281337047354,0.06219042377545404
3635,0.5062674094707521,0.06217331499312242
3636,0.5064066852367688,0.06243124312431243
3637,0.5065459610027855,0.06241407753643113
3638,0.5066852367688023,0.06239692138537658
3639,0.506824512534819,0.06237977466336906
3640,0.5069637883008357,0.06236263736263736
3641,0.5071030640668523,0.062345509475418844
3642,0.507242339832869,0.06260296540362438
3643,0.5073816155988858,0.06258578094976668
3644,0.5075208913649025,0.06256860592755215
3645,0.5076601671309192,0.06255144032921811
3646,0.5077994428969359,0.06253428414701043
3647,0.5079387186629526,0.06251713737318344
3648,0.5080779944289694,0.0625
3649,0.5082172701949861,0.062482872019731434
3650,0.5083565459610028,0.06246575342465754
3651,0.5084958217270195,0.062448644207066556
3652,0.5086350974930363,0.0624315443592552
3653,0.508774373259053,0.062414453873528605
3654,0.5089136490250696,0.06239737274220033
3655,0.5090529247910863,0.06238030095759234
3656,0.509192200557103,0.06236323851203501
3657,0.5093314763231198,0.0626196335794367
3658,0.5094707520891365,0.06260251503553854
3659,0.5096100278551532,0.06258540584859251
3660,0.5097493036211699,0.06256830601092896
3661,0.5098885793871867,0.06282436492761541
3662,0.5100278551532034,0.06280720917531403
3663,0.5101671309192201,0.06279006279006279
3664,0.5103064066852367,0.06277292576419213
3665,0.5104456824512534,0.06302864938608459
3666,0.5105849582172702,0.0630114566284779
3667,0.5107242339832869,0.06299427324788656
3668,0.5108635097493036,0.06297709923664122
3669,0.5110027855153203,0.06295993458708095
3670,0.5111420612813371,0.06294277929155313
3671,0.5112813370473538,0.06292563334241351
3672,0.5114206128133705,0.06290849673202614
3673,0.5115598885793872,0.06289136945276341
3674,0.5116991643454039,0.06287425149700598
3675,0.5118384401114207,0.06312925170068028
3676,0.5119777158774373,0.06311207834602829
3677,0.512116991643454,0.06336687516997552
3678,0.5122562674094707,0.0636215334420881
3679,0.5123955431754874,0.0636042402826855
3680,0.5125348189415042,0.06358695652173912
3681,0.5126740947075209,0.06356968215158924
3682,0.5128133704735376,0.06382400869092884
3683,0.5129526462395543,0.06407819712191148
3684,0.5130919220055711,0.06406080347448426
3685,0.5132311977715878,0.06404341926729987
3686,0.5133704735376045,0.06402604449267499
3687,0.5135097493036211,0.06400867914293464
3688,0.5136490250696378,0.06399132321041215
3689,0.5137883008356546,0.06397397668744917
3690,0.5139275766016713,0.06422764227642276
3691,0.514066852367688,0.06421024112706583
3692,0.5142061281337047,0.06419284940411701
3693,0.5143454038997215,0.06444624966152179
3694,0.5144846796657382,0.06442880346507851
3695,0.5146239554317549,0.06441136671177267
3696,0.5147632311977716,0.06439393939393939
3697,0.5149025069637883,0.0643765215039221
3698,0.515041782729805,0.06435911303407248
3699,0.5151810584958217,0.06434171397675047
3700,0.5153203342618384,0.06432432432432432
3701,0.5154596100278551,0.0643069440691705
3702,0.5155988857938719,0.06428957320367369
3703,0.5157381615598886,0.06427221172022685
3704,0.5158774373259053,0.0642548596112311
3705,0.516016713091922,0.06423751686909582
3706,0.5161559888579387,0.06422018348623854
3707,0.5162952646239555,0.06420285945508497
3708,0.5164345403899722,0.06418554476806904
3709,0.5165738161559889,0.06443785386896737
3710,0.5167130919220055,0.0646900269541779
3711,0.5168523676880222,0.0646725949878739
3712,0.516991643454039,0.06465517241379311
3713,0.5171309192200557,0.06463775922434689
3714,0.5172701949860724,0.06462035541195477
3715,0.5174094707520891,0.06460296096904442
3716,0.5175487465181059,0.06485468245425188
3717,0.5176880222841226,0.06483723432875975
3718,0.5178272980501393,0.06481979558902635
3719,0.517966573816156,0.0648023662274805
3720,0.5181058495821727,0.06478494623655914
3721,0.5182451253481895,0.06476753560870734
3722,0.5183844011142061,0.06501880709296078
3723,0.5185236768802228,0.06500134300295461
3724,0.5186629526462395,0.06498388829215897
3725,0.5188022284122563,0.06496644295302013
3726,0.518941504178273,0.06494900697799248
3727,0.5190807799442897,0.0649315803595385
3728,0.5192200557103064,0.0651824034334764
3729,0.5193593314763231,0.06516492357200322
3730,0.5194986072423399,0.06514745308310992
3731,0.5196378830083566,0.06512999195926025
3732,0.5197771587743732,0.06511254019292605
3733,0.5199164345403899,0.0650950977765872
3734,0.5200557103064067,0.06507766470273166
3735,0.5201949860724234,0.06532797858099063
3736,0.5203342618384401,0.06531049250535331
3737,0.5204735376044568,0.06529301578806529
3738,0.5206128133704735,0.06527554842161584
3739,0.5207520891364903,0.06525809039850228
3740,0.520891364902507,0.06524064171122995
3741,0.5210306406685237,0.06549051055867415
3742,0.5211699164345404,0.06547300908605024
3743,0.521309192200557,0.06545551696500133
3744,0.5214484679665738,0.06543803418803419
3745,0.5215877437325905,0.06542056074766354
3746,0.5217270194986072,0.06540309663641217
3747,0.5218662952646239,0.06538564184681078
3748,0.5220055710306407,0.06536819637139808
3749,0.5221448467966574,0.06535076020272072
3750,0.5222841225626741,0.06533333333333333
3751,0.5224233983286908,0.06558251133031191
3752,0.5225626740947075,0.06556503198294243
3753,0.5227019498607243,0.06554756195043965
3754,0.522841225626741,0.06579648375066596
3755,0.5229805013927576,0.06577896138482024
3756,0.5231197771587743,0.06602768903088392
3757,0.5232590529247911,0.06601011445302103
3758,0.5233983286908078,0.06599254922831294
3759,0.5235376044568245,0.06597499334929502
3760,0.5236768802228412,0.06595744680851064
3761,0.5238161559888579,0.0662057963307631
3762,0.5239554317548747,0.06618819776714513
3763,0.5240947075208914,0.0661706085570024
3764,0.5242339832869081,0.06615302869287991
3765,0.5243732590529248,0.06613545816733067
3766,0.5245125348189416,0.06611789697291556
3767,0.5246518105849582,0.06610034510220335
3768,0.5247910863509749,0.0660828025477707
3769,0.5249303621169916,0.06606526930220218
3770,0.5250696378830083,0.06604774535809019
3771,0.5252089136490251,0.066030230708035
3772,0.5253481894150418,0.06601272534464475
3773,0.5254874651810585,0.06599522926053539
3774,0.5256267409470752,0.06597774244833068
3775,0.525766016713092,0.06596026490066226
3776,0.5259052924791087,0.0659427966101695
3777,0.5260445682451254,0.06619009796134498
3778,0.526183844011142,0.06617257808364214
3779,0.5263231197771587,0.06615506747816882
3780,0.5264623955431755,0.06613756613756613
3781,0.5266016713091922,0.06612007405448295
3782,0.5267409470752089,0.06610259122157588
3783,0.5268802228412256,0.06608511763150939
3784,0.5270194986072423,0.0660676532769556
3785,0.5271587743732591,0.06631439894319682
3786,0.5272980501392758,0.06629688325409402
3787,0.5274373259052925,0.06627937681542118
3788,0.5275766016713092,0.06626187961985217
3789,0.527715877437326,0.06624439166006862
3790,0.5278551532033426,0.0662269129287599
3791,0.5279944289693593,0.06620944341862306
3792,0.528133704735376,0.06619198312236287
3793,0.5282729805013927,0.0661745320326918
3794,0.5284122562674095,0.06615709014233
3795,0.5285515320334262,0.06613965744400527
3796,0.5286908077994429,0.0661222339304531
3797,0.5288300835654596,0.06610481959441665
3798,0.5289693593314764,0.06608741442864666
3799,0.5291086350974931,0.06607001842590156
3800,0.5292479108635098,0.06605263157894736
3801,0.5293871866295264,0.06629834254143646
3802,0.5295264623955431,0.06628090478695424
3803,0.5296657381615599,0.06626347620299763
3804,0.5298050139275766,0.06624605678233439
3805,0.5299442896935933,0.06622864651773981
3806,0.53008356545961,0.06621124540199684
3807,0.5302228412256268,0.06619385342789598
3808,0.5303621169916435,0.0661764705882353
3809,0.5305013927576602,0.066421632974534
3810,0.5306406685236769,0.06640419947506562
3811,0.5307799442896936,0.0663867751246392
3812,0.5309192200557104,0.06636935991605457
3813,0.531058495821727,0.06661421452924207
3814,0.5311977715877437,0.06659674882013635
3815,0.5313370473537604,0.06657929226736566
3816,0.5314763231197771,0.06656184486373165
3817,0.5316155988857939,0.06654440660204348
3818,0.5317548746518106,0.06652697747511786
3819,0.5318941504178273,0.06677140612725845
3820,0.532033426183844,0.06675392670157068
3821,0.5321727019498608,0.06673645642501963
3822,0.5323119777158775,0.06698063840920984
3823,0.5324512534818941,0.06696311797018048
3824,0.5325905292479108,0.06694560669456066
3825,0.5327298050139275,0.0669281045751634
3826,0.5328690807799443,0.0669106116048092
3827,0.533008356545961,0.0668931277763261
3828,0.5331476323119777,0.06687565308254964
3829,0.5332869080779944,0.0668581875163228
3830,0.5334261838440112,0.06684073107049608
3831,0.5335654596100279,0.06682328373792744
3832,0.5337047353760446,0.06706680584551149
3833,0.5338440111420613,0.06704930863553353
3834,0.533983286908078,0.06703182055294732
3835,0.5341225626740947,0.06701434159061277
3836,0.5342618384401114,0.06699687174139729
3837,0.5344011142061281,0.06697941099817566
3838,0.5345403899721448,0.06696195935383012
3839,0.5346796657381616,0.06694451680125033
3840,0.5348189415041783,0.0671875
3841,0.534958217270195,0.06717000781046602
3842,0.5350974930362117,0.06715252472670484
3843,0.5352367688022284,0.06739526411657559
3844,0.5353760445682452,0.0673777315296566
3845,0.5355153203342619,0.06762028608582575
3846,0.5356545961002785,0.06760270410816432
3847,0.5357938718662952,0.06758513127112036
3848,0.5359331476323119,0.06756756756756757
3849,0.5360724233983287,0.06780982073265783
3850,0.5362116991643454,0.06779220779220779
3851,0.5363509749303621,0.06803427681121786
3852,0.5364902506963788,0.0680166147455867
3853,0.5366295264623956,0.06799896184791072
3854,0.5367688022284123,0.06798131811105346
3855,0.536908077994429,0.06796368352788586
3856,0.5370473537604457,0.0679460580912863
3857,0.5371866295264623,0.06792844179414052
3858,0.5373259052924791,0.06791083462934162
3859,0.5374651810584958,0.0678932365897901
3860,0.5376044568245125,0.06787564766839378
3861,0.5377437325905292,0.06785806785806786
3862,0.537883008356546,0.06809943034697048
3863,0.5380222841225627,0.0680818017085167
3864,0.5381615598885794,0.06806418219461698
3865,0.5383008356545961,0.06804657179818888
3866,0.5384401114206128,0.06802897051215727
3867,0.5385793871866296,0.06801137832945436
3868,0.5387186629526463,0.06825232678386763
3869,0.5388579387186629,0.06823468596536572
3870,0.5389972144846796,0.06821705426356589
3871,0.5391364902506964,0.06819943167140274
3872,0.5392757660167131,0.06818181818181818
3873,0.5394150417827298,0.06816421378776143
3874,0.5395543175487465,0.06814661848218895
3875,0.5396935933147632,0.06812903225806452
3876,0.53983286908078,0.06811145510835913
3877,0.5399721448467967,0.06809388702605107
3878,0.5401114206128134,0.06807632800412584
3879,0.54025069637883,0.06805877803557618
3880,0.5403899721448467,0.06829896907216494
3881,0.5405292479108635,0.06828137078072662
3882,0.5406685236768802,0.06826378155589902
3883,0.5408077994428969,0.06824620139067732
3884,0.5409470752089136,0.06848609680741503
3885,0.5410863509749304,0.06846846846846846
3886,0.5412256267409471,0.06845084920226453
3887,0.5413649025069638,0.06843323900180087
3888,0.5415041782729805,0.0684156378600823
3889,0.5416434540389972,0.06839804577012086
3890,0.541782729805014,0.0686375321336761
3891,0.5419220055710307,0.06861989205859677
3892,0.5420612813370473,0.06860226104830422
3893,0.542200557103064,0.068584639095813
3894,0.5423398328690808,0.06856702619414484
3895,0.5424791086350975,0.06854942233632863
3896,0.5426183844011142,0.0685318275154004
3897,0.5427576601671309,0.06851424172440339
3898,0.5428969359331476,0.06849666495638788
3899,0.5430362116991644,0.0684790972044114
3900,0.5431754874651811,0.06846153846153846
3901,0.5433147632311978,0.06844398872084081
3902,0.5434540389972145,0.06842644797539724
3903,0.5435933147632313,0.06866512938765053
3904,0.5437325905292479,0.06864754098360656
3905,0.5438718662952646,0.06862996158770807
3906,0.5440111420612813,0.06861239119303636
3907,0.544150417827298,0.0685948297926798
3908,0.5442896935933148,0.06857727737973388
3909,0.5444289693593315,0.0685597339473011
3910,0.5445682451253482,0.06854219948849105
3911,0.5447075208913649,0.06852467399642036
3912,0.5448467966573816,0.06850715746421268
3913,0.5449860724233984,0.06848964988499873
3914,0.545125348189415,0.06872764435360246
3915,0.5452646239554317,0.06871008939974457
3916,0.5454038997214484,0.06869254341164453
3917,0.5455431754874652,0.06867500638243554
3918,0.5456824512534819,0.06865747830525779
3919,0.5458217270194986,0.06863995917325848
3920,0.5459610027855153,0.06862244897959184
3921,0.546100278551532,0.06860494771741903
3922,0.5462395543175488,0.06858745537990821
3923,0.5463788300835655,0.06856997196023451
3924,0.5465181058495822,0.06855249745158003
3925,0.5466573816155988,0.06853503184713376
3926,0.5467966573816156,0.0685175751400917
3927,0.5469359331476323,0.06850012732365673
3928,0.547075208913649,0.0684826883910387
3929,0.5472144846796657,0.06846525833545432
3930,0.5473537604456824,0.06844783715012723
3931,0.5474930362116992,0.06868481302467566
3932,0.5476323119777159,0.0686673448626653
3933,0.5477715877437326,0.06864988558352403
3934,0.5479108635097493,0.06863243518047789
3935,0.5480501392757661,0.06861499364675985
3936,0.5481894150417828,0.06859756097560976
3937,0.5483286908077994,0.06858013716027432
3938,0.5484679665738161,0.06856272219400711
3939,0.5486072423398328,0.06854531607006854
3940,0.5487465181058496,0.06852791878172589
3941,0.5488857938718663,0.06851053032225324
3942,0.549025069637883,0.06874682902080162
3943,0.5491643454038997,0.06872939386254122
3944,0.5493036211699165,0.06871196754563895
3945,0.5494428969359332,0.06869455006337136
3946,0.5495821727019499,0.0686771414090218
3947,0.5497214484679666,0.06865974157588041
3948,0.5498607242339832,0.06864235055724417
3949,0.55,0.06862496834641682
3950,0.5501392757660167,0.06860759493670886
3951,0.5502785515320334,0.06859023032143761
3952,0.5504178272980501,0.06857287449392713
3953,0.5505571030640668,0.06855552744750822
3954,0.5506963788300836,0.06853818917551846
3955,0.5508356545961003,0.06852085967130214
3956,0.550974930362117,0.06850353892821032
3957,0.5511142061281337,0.06848622693960071
3958,0.5512534818941505,0.0684689236988378
3959,0.5513927576601672,0.06845162919929275
3960,0.5515320334261838,0.06843434343434343
3961,0.5516713091922005,0.0684170663973744
3962,0.5518105849582172,0.06865219586067643
3963,0.551949860724234,0.06863487257128438
3964,0.5520891364902507,0.06861755802219979
3965,0.5522284122562674,0.06860025220680958
3966,0.5523676880222841,0.06858295511850732
3967,0.5525069637883009,0.06856566675069321
3968,0.5526462395543176,0.06854838709677419
3969,0.5527855153203343,0.06853111615016377
3970,0.552924791086351,0.06851385390428212
3971,0.5530640668523676,0.06849660035255603
3972,0.5532033426183844,0.06847935548841894
3973,0.5533426183844011,0.06846211930531085
3974,0.5534818941504178,0.06844489179667841
3975,0.5536211699164345,0.06842767295597484
3976,0.5537604456824513,0.06841046277665996
3977,0.553899721448468,0.06864470706562736
3978,0.5540389972144847,0.06887883358471594
3979,0.5541782729805014,0.06886152299572756
3980,0.5543175487465181,0.06884422110552764
3981,0.5544568245125349,0.06907812107510676
3982,0.5545961002785516,0.06931190356604722
3983,0.5547353760445682,0.06929450163193572
3984,0.5548746518105849,0.06927710843373494
3985,0.5550139275766016,0.06951066499372648
3986,0.5551532033426184,0.06949322629202208
3987,0.5552924791086351,0.06972661148733383
3988,0.5554317548746518,0.06970912738214644
3989,0.5555710306406685,0.06969165204311857
3990,0.5557103064066853,0.06992481203007518
3991,0.555849582172702,0.06990729140566274
3992,0.5559888579387187,0.06988977955911824
3993,0.5561281337047354,0.06987227648384674
3994,0.556267409470752,0.0698547821732599
3995,0.5564066852367688,0.06983729662077597
3996,0.5565459610027855,0.06981981981981981
3997,0.5566852367688022,0.06980235176382286
3998,0.5568245125348189,0.06978489244622312
3999,0.5569637883008357,0.06976744186046512
4000,0.5571030640668524,0.06975
4001,0.5572423398328691,0.06998250437390652
4002,0.5573816155988858,0.06996501749125437
4003,0.5575208913649025,0.06994753934549088
4004,0.5576601671309193,0.06993006993006994
4005,0.557799442896936,0.06991260923845194
4006,0.5579387186629526,0.06989515726410385
4007,0.5580779944289693,0.06987771400049912
4008,0.5582172701949861,0.06986027944111776
4009,0.5583565459610028,0.07009229234222998
4010,0.5584958217270195,0.07032418952618454
4011,0.5586350974930362,0.07030665669409125
4012,0.5587743732590529,0.07028913260219342
4013,0.5589136490250697,0.07027161724395714
4014,0.5590529247910864,0.07025411061285501
4015,0.5591922005571031,0.07023661270236613
4016,0.5593314763231197,0.07021912350597609
4017,0.5594707520891364,0.070201643017177
4018,0.5596100278551532,0.07018417122946739
4019,0.5597493036211699,0.07016670813635233
4020,0.5598885793871866,0.07014925373134329
4021,0.5600278551532033,0.07013180800795822
4022,0.5601671309192201,0.0703630034808553
4023,0.5603064066852368,0.07034551329853343
4024,0.5604456824512535,0.07032803180914513
4025,0.5605849582172702,0.07031055900621118
4026,0.5607242339832869,0.07029309488325881
4027,0.5608635097493037,0.0702756394338217
4028,0.5610027855153203,0.07025819265143993
4029,0.561142061281337,0.07024075452965997
4030,0.5612813370473537,0.07047146401985112
4031,0.5614206128133705,0.07045398164227239
4032,0.5615598885793872,0.07043650793650794
4033,0.5616991643454039,0.07066699727250186
4034,0.5618384401114206,0.07064947942488845
4035,0.5619777158774373,0.07063197026022305
4036,0.5621169916434541,0.07061446977205153
4037,0.5622562674094708,0.07059697795392618
4038,0.5623955431754875,0.07057949479940565
4039,0.5625348189415041,0.07056202030205497
4040,0.5626740947075209,0.07054455445544554
4041,0.5628133704735376,0.07052709725315516
4042,0.5629526462395543,0.07050964868876794
4043,0.563091922005571,0.07049220875587435
4044,0.5632311977715877,0.07047477744807122
4045,0.5633704735376045,0.07045735475896168
4046,0.5635097493036212,0.07068709836875926
4047,0.5636490250696379,0.07066963182604398
4048,0.5637883008356546,0.070899209486166
4049,0.5639275766016713,0.07088169918498395
4050,0.564066852367688,0.0708641975308642
4051,0.5642061281337047,0.07084670451740312
4052,0.5643454038997214,0.07082922013820335
4053,0.5644846796657381,0.07081174438687392
4054,0.5646239554317549,0.0707942772570301
4055,0.5647632311977716,0.07077681874229347
4056,0.5649025069637883,0.07075936883629191
4057,0.565041782729805,0.07074192753265961
4058,0.5651810584958217,0.07097092163627403
4059,0.5653203342618385,0.07095343680709534
4060,0.5654596100278552,0.07093596059113301
4061,0.5655988857938719,0.07116473774932283
4062,0.5657381615598885,0.07114721811915313
4063,0.5658774373259053,0.07112970711297072
4064,0.566016713091922,0.07111220472440945
4065,0.5661559888579387,0.07134071340713408
4066,0.5662952646239554,0.07132316773241515
4067,0.5664345403899721,0.07130563068600934
4068,0.5665738161559889,0.07128810226155359
4069,0.5667130919220056,0.07127058245269108
4070,0.5668523676880223,0.07125307125307126
4071,0.566991643454039,0.0712355686563498
4072,0.5671309192200558,0.07121807465618861
4073,0.5672701949860725,0.07120058924625583
4074,0.5674094707520891,0.07118311242022582
4075,0.5675487465181058,0.07116564417177915
4076,0.5676880222841225,0.07139352306182532
4077,0.5678272980501393,0.07137601177336277
4078,0.567966573816156,0.0716037273173124
4079,0.5681058495821727,0.07158617308163766
4080,0.5682451253481894,0.07156862745098039
4081,0.5683844011142062,0.07155109041901495
4082,0.5685236768802229,0.07153356197942186
4083,0.5686629526462396,0.07151604212588783
4084,0.5688022284122562,0.07174338883447601
4085,0.5689415041782729,0.07172582619339045
4086,0.5690807799442897,0.07170827214880078
4087,0.5692200557103064,0.07169072669439687
4088,0.5693593314763231,0.07167318982387476
4089,0.5694986072423398,0.07165566153093667
4090,0.5696378830083565,0.07163814180929096
4091,0.5697771587743733,0.07186506966511855
4092,0.56991643454039,0.0718475073313783
4093,0.5700557103064067,0.0718299535792817
4094,0.5701949860724234,0.0718124084025403
4095,0.5703342618384402,0.07179487179487179
4096,0.5704735376044568,0.07177734375
4097,0.5706128133704735,0.07175982426165486
4098,0.5707520891364902,0.07174231332357248
4099,0.5708913649025069,0.071724810929495
4100,0.5710306406685237,0.07195121951219512
4101,0.5711699164345404,0.07193367471348451
4102,0.5713091922005571,0.07191613846903949
4103,0.5714484679665738,0.07189861077260541
4104,0.5715877437325906,0.07188109161793373
4105,0.5717270194986073,0.07186358099878197
4106,0.571866295264624,0.07184607890891379
4107,0.5720055710306406,0.07182858534209885
4108,0.5721448467966573,0.07181110029211295
4109,0.5722841225626741,0.07203699196884887
4110,0.5724233983286908,0.07201946472019465
4111,0.5725626740947075,0.0720019459985405
4112,0.5727019498607242,0.07198443579766536
4113,0.572841225626741,0.07196693411135424
4114,0.5729805013927577,0.07194944093339815
4115,0.5731197771587744,0.07217496962332928
4116,0.5732590529247911,0.07215743440233237
4117,0.5733983286908078,0.07238280301190186
4118,0.5735376044568246,0.07236522583778533
4119,0.5736768802228412,0.07234765719834911
4120,0.5738161559888579,0.07233009708737864
4121,0.5739554317548746,0.07231254549866538
4122,0.5740947075208913,0.0725376031052887
4123,0.5742339832869081,0.07276255154014068
4124,0.5743732590529248,0.07274490785645005
4125,0.5745125348189415,0.07272727272727272
4126,0.5746518105849582,0.07270964614638875
4127,0.574791086350975,0.0726920281075842
4128,0.5749303621169917,0.07291666666666667
4129,0.5750696378830084,0.07314119641559699
4130,0.575208913649025,0.07312348668280871
4131,0.5753481894150417,0.07334785766158315
4132,0.5754874651810585,0.07333010648596322
4133,0.5756267409470752,0.07355431889668522
4134,0.5757660167130919,0.07353652636671505
4135,0.5759052924791086,0.07351874244256348
4136,0.5760445682451254,0.0735009671179884
4137,0.5761838440111421,0.07348320038675368
4138,0.5763231197771588,0.07346544224262928
4139,0.5764623955431755,0.07344769267939116
4140,0.5766016713091922,0.07342995169082125
4141,0.576740947075209,0.07341221927070755
4142,0.5768802228412256,0.07339449541284404
4143,0.5770194986072423,0.07337678011103066
4144,0.577158774373259,0.07335907335907337
4145,0.5772980501392758,0.07334137515078408
4146,0.5774373259052925,0.07332368547998071
4147,0.5775766016713092,0.0733060043404871
4148,0.5777158774373259,0.07328833172613308
4149,0.5778551532033426,0.0735116895637503
4150,0.5779944289693594,0.07349397590361446
4151,0.5781337047353761,0.07371717658395567
4152,0.5782729805013928,0.07369942196531792
4153,0.5784122562674094,0.07368167589694197
4154,0.5785515320334261,0.0739046701974001
4155,0.5786908077994429,0.07388688327316487
4156,0.5788300835654596,0.0741097208854668
4157,0.5789693593314763,0.0743324512869858
4158,0.579108635097493,0.07431457431457432
4159,0.5792479108635098,0.07429670593892762
4160,0.5793871866295265,0.07427884615384615
4161,0.5795264623955432,0.07426099495313626
4162,0.5796657381615599,0.07424315233061028
4163,0.5798050139275766,0.07422531828008648
4164,0.5799442896935934,0.07420749279538905
4165,0.58008356545961,0.07418967587034814
4166,0.5802228412256267,0.07417186749879981
4167,0.5803621169916434,0.07415406767458603
4168,0.5805013927576602,0.0741362763915547
4169,0.5806406685236769,0.0741184936435596
4170,0.5807799442896936,0.07410071942446043
4171,0.5809192200557103,0.07408295372812275
4172,0.581058495821727,0.07406519654841802
4173,0.5811977715877438,0.07404744787922359
4174,0.5813370473537605,0.07426928605654048
4175,0.5814763231197771,0.07425149700598803
4176,0.5816155988857938,0.07423371647509579
4177,0.5817548746518106,0.07421594445774479
4178,0.5818941504178273,0.07419818094782192
4179,0.582033426183844,0.0741804259392199
4180,0.5821727019498607,0.07416267942583732
4181,0.5823119777158774,0.07414494140157857
4182,0.5824512534818942,0.0741272118603539
4183,0.5825905292479109,0.07410949079607937
4184,0.5827298050139276,0.07409177820267686
4185,0.5828690807799443,0.07407407407407407
4186,0.583008356545961,0.0740563784042045
4187,0.5831476323119777,0.07427752567470743
4188,0.5832869080779944,0.07425978987583572
4189,0.5834261838440111,0.07448078300310336
4190,0.5835654596100278,0.07470167064439141
4191,0.5837047353760446,0.07468384633738964
4192,0.5838440111420613,0.07466603053435114
4193,0.583983286908078,0.07464822322919151
4194,0.5841225626740947,0.07463042441583215
4195,0.5842618384401114,0.07461263408820024
4196,0.5844011142061282,0.07459485224022878
4197,0.5845403899721449,0.07457707886585656
4198,0.5846796657381615,0.07455931395902811
4199,0.5848189415041782,0.07454155751369373
4200,0.584958217270195,0.07452380952380952
4201,0.5850974930362117,0.0745060699833373
4202,0.5852367688022284,0.07448833888624465
4203,0.5853760445682451,0.07447061622650487
4204,0.5855153203342618,0.07445290199809705
4205,0.5856545961002786,0.07443519619500595
4206,0.5857938718662953,0.07441749881122206
4207,0.585933147632312,0.07439980984074163
4208,0.5860724233983287,0.07438212927756654
4209,0.5862116991643455,0.07436445711570444
4210,0.5863509749303621,0.07434679334916865
4211,0.5864902506963788,0.07432913797197815
4212,0.5866295264623955,0.07454890788224122
4213,0.5867688022284122,0.07453121291241396
4214,0.586908077994429,0.07475083056478406
4215,0.5870473537604457,0.07473309608540925
4216,0.5871866295264624,0.07471537001897534
4217,0.5873259052924791,0.07469765235949727
4218,0.5874651810584958,0.07467994310099574
4219,0.5876044568245126,0.07466224223749704
4220,0.5877437325905293,0.07464454976303317
4221,0.5878830083565459,0.07462686567164178
4222,0.5880222841225626,0.07484604452865941
4223,0.5881615598885794,0.07506511958323467
4224,0.5883008356545961,0.07504734848484848
4225,0.5884401114206128,0.07526627218934911
4226,0.5885793871866295,0.07524846190250828
4227,0.5887186629526462,0.07523066004258339
4228,0.588857938718663,0.07544938505203407
4229,0.5889972144846797,0.07543154410026011
4230,0.5891364902506964,0.07541371158392435
4231,0.589275766016713,0.07539588749704562
4232,0.5894150417827299,0.07561436672967864
4233,0.5895543175487465,0.07559650366170564
4234,0.5896935933147632,0.07557864903164856
4235,0.5898328690807799,0.0755608028335301
4236,0.5899721448467966,0.07554296506137866
4237,0.5901114206128134,0.07552513570922822
4238,0.5902506963788301,0.07550731477111845
4239,0.5903899721448468,0.0754895022410946
4240,0.5905292479108635,0.07547169811320754
4241,0.5906685236768803,0.07568969582645603
4242,0.590807799442897,0.07590759075907591
4243,0.5909470752089137,0.07588970068347867
4244,0.5910863509749303,0.07587181903864279
4245,0.591225626740947,0.07585394581861013
4246,0.5913649025069638,0.07583608101742817
4247,0.5915041782729805,0.07581822462914999
4248,0.5916434540389972,0.07580037664783427
4249,0.5917827298050139,0.0757825370675453
4250,0.5919220055710307,0.07576470588235294
4251,0.5920612813370474,0.07574688308633262
4252,0.5922005571030641,0.07572906867356538
4253,0.5923398328690808,0.07571126263813778
4254,0.5924791086350975,0.0759285378467325
4255,0.5926183844011143,0.07591069330199765
4256,0.5927576601671309,0.07589285714285714
4257,0.5928969359331476,0.07587502936340146
4258,0.5930362116991643,0.07585720995772663
4259,0.593175487465181,0.07583939891993426
4260,0.5933147632311978,0.07582159624413146
4261,0.5934540389972145,0.07580380192443088
4262,0.5935933147632312,0.07578601595495073
4263,0.5937325905292479,0.07600281491907107
4264,0.5938718662952647,0.07598499061913697
4265,0.5940111420612814,0.07596717467760844
4266,0.594150417827298,0.0759493670886076
4267,0.5942896935933147,0.07593156784626201
4268,0.5944289693593314,0.07614807872539832
4269,0.5945682451253482,0.07613024127430311
4270,0.5947075208913649,0.07611241217798595
4271,0.5948467966573816,0.07609459143057831
4272,0.5949860724233983,0.07607677902621723
4273,0.5951253481894151,0.07605897495904516
4274,0.5952646239554318,0.0760411792232101
4275,0.5954038997214485,0.07625730994152047
4276,0.5955431754874652,0.07623947614593078
4277,0.5956824512534818,0.07645545943418283
4278,0.5958217270194986,0.07643758765778401
4279,0.5959610027855153,0.07641972423463426
4280,0.596100278551532,0.07663551401869159
4281,0.5962395543175487,0.07685120298995561
4282,0.5963788300835655,0.07683325548808968
4283,0.5965181058495822,0.07681531636703245
4284,0.5966573816155989,0.07703081232492998
4285,0.5967966573816156,0.07724620770128354
4286,0.5969359331476323,0.07722818478768081
4287,0.5970752089136491,0.0774434336365757
4288,0.5972144846796658,0.07742537313432836
4289,0.5973537604456824,0.07764047563534623
4290,0.5974930362116991,0.07785547785547786
4291,0.5976323119777158,0.07783733395478909
4292,0.5977715877437326,0.07781919850885369
4293,0.5979108635097493,0.07780107151176334
4294,0.598050139275766,0.07778295295761528
4295,0.5981894150417827,0.07776484284051223
4296,0.5983286908077995,0.07774674115456238
4297,0.5984679665738162,0.07772864789387945
4298,0.5986072423398329,0.07794322940902745
4299,0.5987465181058496,0.07792509886020005
4300,0.5988857938718662,0.07790697674418605
4301,0.599025069637883,0.07788886305510347
4302,0.5991643454038997,0.07787075778707578
4303,0.5993036211699164,0.07785266093423193
4304,0.5994428969359331,0.07783457249070631
4305,0.5995821727019499,0.07781649245063879
4306,0.5997214484679666,0.07803065490013934
4307,0.5998607242339833,0.07824471790109125
4308,0.6,0.07822655524605385
4309,0.6001392757660167,0.07820840102111859
4310,0.6002785515320335,0.07819025522041763
4311,0.6004178272980502,0.07817211783808861
4312,0.6005571030640668,0.07815398886827458
4313,0.6006963788300835,0.07813586830512405
4314,0.6008356545961003,0.07834955957348169
4315,0.600974930362117,0.07856315179606026
4316,0.6011142061281337,0.07854494902687674
4317,0.6012534818941504,0.07852675469075747
4318,0.6013927576601671,0.07874015748031496
4319,0.6015320334261839,0.07872192637184533
4320,0.6016713091922006,0.0787037037037037
4321,0.6018105849582173,0.07868548947003008
4322,0.601949860724234,0.07866728366496992
4323,0.6020891364902506,0.07888040712468193
4324,0.6022284122562674,0.07886216466234967
4325,0.6023676880222841,0.07884393063583815
4326,0.6025069637883008,0.07905686546463246
4327,0.6026462395543175,0.07926970187196672
4328,0.6027855153203343,0.07948243992606285
4329,0.602924791086351,0.07946407946407946
4330,0.6030640668523677,0.07944572748267899
4331,0.6032033426183844,0.0796582775340568
4332,0.6033426183844011,0.0796398891966759
4333,0.6034818941504179,0.07962150934687284
4334,0.6036211699164346,0.0796031379787725
4335,0.6037604456824512,0.07958477508650519
4336,0.6038997214484679,0.07956642066420665
4337,0.6040389972144847,0.07954807470601799
4338,0.6041782729805014,0.07952973720608575
4339,0.6043175487465181,0.07951140815856188
4340,0.6044568245125348,0.07949308755760369
4341,0.6045961002785515,0.07970513706519235
4342,0.6047353760445683,0.07968678028558268
4343,0.604874651810585,0.07989868754317292
4344,0.6050139275766017,0.07988029465930019
4345,0.6051532033426184,0.07986191024165708
4346,0.6052924791086352,0.0800736309249885
4347,0.6054317548746518,0.0800552104899931
4348,0.6055710306406685,0.08003679852805888
4349,0.6057103064066852,0.08024833295010347
4350,0.6058495821727019,0.08022988505747126
4351,0.6059888579387187,0.08021144564467939
4352,0.6061281337047354,0.08042279411764706
4353,0.6062674094707521,0.08040431886055593
4354,0.6064066852367688,0.08061552595314653
4355,0.6065459610027855,0.08059701492537313
4356,0.6066852367688023,0.08057851239669421
4357,0.606824512534819,0.08056001836125774
4358,0.6069637883008356,0.08054153281321708
4359,0.6071030640668523,0.08075246616196376
4360,0.6072423398328691,0.08073394495412844
4361,0.6073816155988858,0.08071543224031186
4362,0.6075208913649025,0.08069692801467217
4363,0.6076601671309192,0.0806784322713729
4364,0.6077994428969359,0.08065994500458296
4365,0.6079387186629527,0.08064146620847652
4366,0.6080779944289694,0.08062299587723316
4367,0.6082172701949861,0.08060453400503778
4368,0.6083565459610027,0.08058608058608059
4369,0.6084958217270195,0.08056763561455711
4370,0.6086350974930362,0.08054919908466819
4371,0.6087743732590529,0.08053077099061999
4372,0.6089136490250696,0.08051235132662397
4373,0.6090529247910863,0.08072261605305282
4374,0.6091922005571031,0.08070416095107454
4375,0.6093314763231198,0.08068571428571429
4376,0.6094707520891365,0.08089579524680073
4377,0.6096100278551532,0.08087731322823852
4378,0.60974930362117,0.0808588396528095
4379,0.6098885793871867,0.08106873715460151
4380,0.6100278551532033,0.08105022831050228
4381,0.61016713091922,0.08125998630449668
4382,0.6103064066852367,0.08124144226380649
4383,0.6104456824512535,0.08122290668491901
4384,0.6105849582172702,0.0812043795620438
4385,0.6107242339832869,0.08118586088939567
4386,0.6108635097493036,0.08116735066119471
4387,0.6110027855153203,0.08114884887166629
4388,0.6111420612813371,0.08135824977210575
4389,0.6112813370473538,0.08133971291866028
4390,0.6114206128133705,0.08132118451025057
4391,0.6115598885793871,0.08130266454110681
4392,0.611699164345404,0.08128415300546447
4393,0.6118384401114206,0.08126564989756431
4394,0.6119777158774373,0.08124715521165225
4395,0.612116991643454,0.08122866894197953
4396,0.6122562674094707,0.08121019108280254
4397,0.6123955431754875,0.08119172162838299
4398,0.6125348189415042,0.0814006366530241
4399,0.6126740947075209,0.08160945669470335
4400,0.6128133704735376,0.08181818181818182
4401,0.6129526462395544,0.081799591002045
4402,0.613091922005571,0.0817810086324398
4403,0.6132311977715877,0.08176243470361118
4404,0.6133704735376044,0.08197093551316985
4405,0.6135097493036211,0.08195232690124858
4406,0.6136490250696379,0.08193372673626872
4407,0.6137883008356546,0.08191513501248014
4408,0.6139275766016713,0.08212341197822141
4409,0.614066852367688,0.08233159446586527
4410,0.6142061281337048,0.08231292517006802
4411,0.6143454038997215,0.08252097030151893
4412,0.6144846796657382,0.08250226654578423
4413,0.6146239554317549,0.08248357126671199
4414,0.6147632311977715,0.082464884458541
4415,0.6149025069637883,0.08267270668176671
4416,0.615041782729805,0.08265398550724638
4417,0.6151810584958217,0.08263527280959927
4418,0.6153203342618384,0.08261656858306926
4419,0.6154596100278552,0.08259787282190541
4420,0.6155988857938719,0.08280542986425339
4421,0.6157381615598886,0.08278669984166478
4422,0.6158774373259053,0.08276797829036635
4423,0.616016713091922,0.08274926520461226
4424,0.6161559888579388,0.08273056057866185
4425,0.6162952646239555,0.08271186440677966
4426,0.6164345403899721,0.08269317668323543
4427,0.6165738161559888,0.08267449740230404
4428,0.6167130919220055,0.08265582655826559
4429,0.6168523676880223,0.08263716414540528
4430,0.616991643454039,0.08261851015801354
4431,0.6171309192200557,0.08259986459038592
4432,0.6172701949860724,0.08280685920577617
4433,0.6174094707520892,0.08301376043311527
4434,0.6175487465181059,0.08299503834009923
4435,0.6176880222841226,0.08297632468996617
4436,0.6178272980501393,0.0829576194770063
4437,0.6179665738161559,0.08293892269551499
4438,0.6181058495821727,0.0829202343397927
4439,0.6182451253481894,0.08290155440414508
4440,0.6183844011142061,0.08288288288288288
4441,0.6185236768802228,0.082864219770322
4442,0.6186629526462396,0.08284556506078343
4443,0.6188022284122563,0.0828269187485933
4444,0.618941504178273,0.08280828082808281
4445,0.6190807799442897,0.0830146231721035
4446,0.6192200557103064,0.08299595141700405
4447,0.6193593314763232,0.08297728805936587
4448,0.6194986072423398,0.08318345323741007
4449,0.6196378830083565,0.0831647561249719
4450,0.6197771587743732,0.08337078651685394
4451,0.61991643454039,0.08335205571781622
4452,0.6200557103064067,0.08355795148247978
4453,0.6201949860724234,0.08353918706490007
4454,0.6203342618384401,0.08352043107319264
4455,0.6204735376044568,0.08350168350168351
4456,0.6206128133704736,0.08348294434470377
4457,0.6207520891364903,0.08346421359658963
4458,0.620891364902507,0.08344549125168237
4459,0.6210306406685236,0.08342677730432832
4460,0.6211699164345403,0.08340807174887892
4461,0.6213091922005571,0.08338937457969066
4462,0.6214484679665738,0.08337068579112505
4463,0.6215877437325905,0.08357606990813354
4464,0.6217270194986072,0.0835573476702509
4465,0.621866295264624,0.0837625979843225
4466,0.6220055710306407,0.08374384236453201
4467,0.6221448467966574,0.08372509514215357
4468,0.6222841225626741,0.0837063563115488
4469,0.6224233983286908,0.08368762586708436
4470,0.6225626740947076,0.083668903803132
4471,0.6227019498607242,0.08365019011406843
4472,0.6228412256267409,0.0836314847942755
4473,0.6229805013927576,0.08383635144198524
4474,0.6231197771587744,0.08404112650871703
4475,0.6232590529247911,0.08402234636871508
4476,0.6233983286908078,0.0840035746201966
4477,0.6235376044568245,0.08398481125753852
4478,0.6236768802228412,0.08418937025457794
4479,0.623816155988858,0.08417057378879214
4480,0.6239554317548747,0.08415178571428572
4481,0.6240947075208914,0.08413300602544074
4482,0.624233983286908,0.08411423471664435
4483,0.6243732590529248,0.084318536694178
4484,0.6245125348189415,0.08452274754683319
4485,0.6246518105849582,0.08450390189520625
4486,0.6247910863509749,0.08448506464556398
4487,0.6249303621169916,0.08446623579228883
4488,0.6250696378830084,0.08444741532976827
4489,0.6252089136490251,0.08442860325239475
4490,0.6253481894150418,0.0844097995545657
4491,0.6254874651810585,0.08439100423068359
4492,0.6256267409470752,0.08437221727515583
4493,0.625766016713092,0.08435343868239484
4494,0.6259052924791086,0.08433466844681797
4495,0.6260445682451253,0.08453837597330367
4496,0.626183844011142,0.08474199288256228
4497,0.6263231197771588,0.0847231487658439
4498,0.6264623955431755,0.08470431302801246
4499,0.6266016713091922,0.08468548566348078
4500,0.6267409470752089,0.08466666666666667
4501,0.6268802228412256,0.08487002888247057
4502,0.6270194986072424,0.08485117725455353
4503,0.6271587743732591,0.08483233399955585
4504,0.6272980501392758,0.0850355239786856
4505,0.6274373259052924,0.08501664816870144
4506,0.6275766016713092,0.085219707057257
4507,0.6277158774373259,0.08542267583758598
4508,0.6278551532033426,0.08540372670807453
4509,0.6279944289693593,0.08538478598358838
4510,0.628133704735376,0.08558758314855876
4511,0.6282729805013928,0.0855686100642873
4512,0.6284122562674095,0.08554964539007093
4513,0.6285515320334262,0.08553068912031908
4514,0.6286908077994429,0.08551174124944617
4515,0.6288300835654597,0.08549280177187155
4516,0.6289693593314764,0.08547387068201949
4517,0.629108635097493,0.08545494797431924
4518,0.6292479108635097,0.08543603364320496
4519,0.6293871866295264,0.08541712768311574
4520,0.6295264623955432,0.08539823008849558
4521,0.6296657381615599,0.0856005308560053
4522,0.6298050139275766,0.08558160106147722
4523,0.6299442896935933,0.0857837718328543
4524,0.63008356545961,0.08576480990274093
4525,0.6302228412256268,0.08596685082872928
4526,0.6303621169916435,0.0859478568272205
4527,0.6305013927576602,0.08614976805831677
4528,0.6306406685236768,0.08613074204946997
4529,0.6307799442896936,0.08633252373592404
4530,0.6309192200557103,0.08631346578366446
4531,0.631058495821727,0.08651511807548003
4532,0.6311977715877437,0.08649602824360106
4533,0.6313370473537604,0.08669755129053607
4534,0.6314763231197772,0.08689898544331716
4535,0.6316155988857939,0.08687982359426681
4536,0.6317548746518106,0.08686067019400352
4537,0.6318941504178273,0.0868415252369407
4538,0.6320334261838441,0.0870427501101807
4539,0.6321727019498607,0.08702357347433355
4540,0.6323119777158774,0.08700440528634361
4541,0.6324512534818941,0.08698524554062982
4542,0.6325905292479108,0.08696609423161603
4543,0.6327298050139276,0.08694695135373101
4544,0.6328690807799443,0.08692781690140845
4545,0.633008356545961,0.08690869086908691
4546,0.6331476323119777,0.08688957325120986
4547,0.6332869080779945,0.08687046404222565
4548,0.6334261838440112,0.08685136323658751
4549,0.6335654596100279,0.08683227082875357
4550,0.6337047353760445,0.08681318681318681
4551,0.6338440111420612,0.08679411118435508
4552,0.633983286908078,0.0867750439367311
4553,0.6341225626740947,0.08697562047001976
4554,0.6342618384401114,0.08695652173913043
4555,0.6344011142061281,0.08693743139407245
4556,0.6345403899721448,0.08691834942932397
4557,0.6346796657381616,0.086899275839368
4558,0.6348189415041783,0.0868802106186924
4559,0.634958217270195,0.08686115376178986
4560,0.6350974930362117,0.0868421052631579
4561,0.6352367688022285,0.08682306511729884
4562,0.6353760445682451,0.08680403331871986
4563,0.6355153203342618,0.08678500986193294
4564,0.6356545961002785,0.08676599474145487
4565,0.6357938718662952,0.08696604600219059
4566,0.635933147632312,0.08694699956197985
4567,0.6360724233983287,0.08692796146266696
4568,0.6362116991643454,0.08712784588441332
4569,0.6363509749303621,0.08732764281024294
4570,0.6364902506963789,0.087527352297593
4571,0.6366295264623956,0.08750820389411507
4572,0.6367688022284123,0.08748906386701662
4573,0.636908077994429,0.08746993221080254
4574,0.6370473537604456,0.08766943594228246
4575,0.6371866295264624,0.08765027322404371
4576,0.6373259052924791,0.08763111888111888
4577,0.6374651810584958,0.08761197290801835
4578,0.6376044568245125,0.08759283529925732
4579,0.6377437325905293,0.08779209434374317
4580,0.637883008356546,0.08799126637554586
4581,0.6380222841225627,0.08797205850251037
4582,0.6381615598885794,0.08817110432125709
4583,0.638300835654596,0.08815186559022474
4584,0.6384401114206129,0.0881326352530541
4585,0.6385793871866295,0.08833151581243184
4586,0.6387186629526462,0.08831225468818142
4587,0.6388579387186629,0.08829300196206671
4588,0.6389972144846797,0.08827375762859634
4589,0.6391364902506964,0.08847243408149924
4590,0.6392757660167131,0.08845315904139434
4591,0.6394150417827298,0.08843389239817033
4592,0.6395543175487465,0.08841463414634146
4593,0.6396935933147633,0.08839538428042673
4594,0.63983286908078,0.08837614279494993
4595,0.6399721448467967,0.08835690968443961
4596,0.6401114206128133,0.08833768494342907
4597,0.64025069637883,0.08831846856645638
4598,0.6403899721448468,0.08829926054806438
4599,0.6405292479108635,0.08849749945640356
4600,0.6406685236768802,0.08847826086956521
4601,0.6408077994428969,0.08867637470115192
4602,0.6409470752089137,0.08865710560625815
4603,0.6410863509749304,0.08863784488377145
4604,0.6412256267409471,0.08861859252823631
4605,0.6413649025069638,0.08881650380021716
4606,0.6415041782729805,0.088797221016066
4607,0.6416434540389973,0.0889950075971348
4608,0.6417827298050139,0.08897569444444445
4609,0.6419220055710306,0.08895638967238012
4610,0.6420612813370473,0.08893709327548807
4611,0.6422005571030641,0.08891780524831924
4612,0.6423398328690808,0.0891153512575889
4613,0.6424791086350975,0.08909603295035769
4614,0.6426183844011142,0.08929345470307759
4615,0.6427576601671309,0.08927410617551462
4616,0.6428969359331477,0.08925476603119584
4617,0.6430362116991644,0.08923543426467404
4618,0.643175487465181,0.08943265482893027
4619,0.6433147632311977,0.08941329292054558
4620,0.6434540389972145,0.0893939393939394
4621,0.6435933147632312,0.0893745942436702
4622,0.6437325905292479,0.08957161401990481
4623,0.6438718662952646,0.08976854856154012
4624,0.6440111420612813,0.08974913494809689
4625,0.6441504178272981,0.08994594594594595
4626,0.6442896935933148,0.08992650237786425
4627,0.6444289693593315,0.08990706721417766
4628,0.6445682451253482,0.0898876404494382
4629,0.6447075208913648,0.08986822207820264
4630,0.6448467966573816,0.09006479481641469
4631,0.6449860724233983,0.09026128266033254
4632,0.645125348189415,0.09024179620034542
4633,0.6452646239554317,0.09022231815238506
4634,0.6454038997214485,0.09020284851100561
4635,0.6455431754874652,0.09039913700107875
4636,0.6456824512534819,0.09037963761863675
4637,0.6458217270194986,0.09036014664653871
4638,0.6459610027855153,0.09034066407934455
4639,0.6461002785515321,0.09032118991161889
4640,0.6462395543175488,0.09051724137931035
4641,0.6463788300835654,0.09049773755656108
4642,0.6465181058495821,0.0904782421370099
4643,0.6466573816155989,0.09067413310359682
4644,0.6467966573816156,0.09065460809646857
4645,0.6469359331476323,0.09063509149623251
4646,0.647075208913649,0.09061558329746018
4647,0.6472144846796657,0.09059608349472778
4648,0.6473537604456825,0.09057659208261618
4649,0.6474930362116992,0.0905571090557109
4650,0.6476323119777159,0.09075268817204302
4651,0.6477715877437326,0.09094818318641153
4652,0.6479108635097494,0.09092863284608771
4653,0.648050139275766,0.09090909090909091
4654,0.6481894150417827,0.0908895573700043
4655,0.6483286908077994,0.09087003222341568
4656,0.6484679665738161,0.09085051546391752
4657,0.6486072423398329,0.09083100708610693
4658,0.6487465181058496,0.09102619149849721
4659,0.6488857938718663,0.09122129212277312
4660,0.649025069637883,0.09120171673819742
4661,0.6491643454038997,0.09118214975327182
4662,0.6493036211699165,0.09116259116259116
4663,0.6494428969359332,0.09135749517478019
4664,0.6495821727019498,0.09133790737564322
4665,0.6497214484679665,0.09153269024651661
4666,0.6498607242339833,0.09151307329618517
4667,0.65,0.09170773516177416
4668,0.6501392757660167,0.09190231362467867
4669,0.6502785515320334,0.09188263011351468
4670,0.6504178272980501,0.09207708779443255
4671,0.6505571030640669,0.09205737529436951
4672,0.6506963788300836,0.09225171232876712
4673,0.6508356545961003,0.09223197089664027
4674,0.650974930362117,0.0922122379118528
4675,0.6511142061281338,0.09240641711229947
4676,0.6512534818941504,0.09238665526090675
4677,0.6513927576601671,0.09236690186016677
4678,0.6515320334261838,0.09234715690466011
4679,0.6516713091922005,0.09254114126950203
4680,0.6518105849582173,0.09273504273504274
4681,0.651949860724234,0.09271523178807947
4682,0.6520891364902507,0.09269542930371637
4683,0.6522284122562674,0.09267563527653214
4684,0.6523676880222842,0.09265584970111017
4685,0.6525069637883009,0.09263607257203842
4686,0.6526462395543176,0.09261630388390951
4687,0.6527855153203342,0.09259654363132068
4688,0.6529247910863509,0.09257679180887372
4689,0.6530640668523677,0.0925570484111751
4690,0.6532033426183844,0.09253731343283582
4691,0.6533426183844011,0.09251758686847154
4692,0.6534818941504178,0.09249786871270248
4693,0.6536211699164345,0.09269124227572981
4694,0.6537604456824513,0.09267149552620367
4695,0.653899721448468,0.0926517571884984
4696,0.6540389972144847,0.09263202725724021
4697,0.6541782729805014,0.09261230572705982
4698,0.6543175487465182,0.0928054491272882
4699,0.6544568245125348,0.09278569908491169
4700,0.6545961002785515,0.09276595744680852
4701,0.6547353760445682,0.0927462242076154
4702,0.6548746518105849,0.09272649936197362
4703,0.6550139275766017,0.09270678290452902
4704,0.6551532033426184,0.09268707482993198
4705,0.6552924791086351,0.0926673751328374
4706,0.6554317548746518,0.09264768380790481
4707,0.6555710306406686,0.09262800084979818
4708,0.6557103064066853,0.09260832625318606
4709,0.655849582172702,0.09280101932469739
4710,0.6559888579387186,0.09278131634819532
4711,0.6561281337047353,0.09297389089365315
4712,0.6562674094707521,0.09295415959252971
4713,0.6564066852367688,0.09314661574368767
4714,0.6565459610027855,0.0931268561731014
4715,0.6566852367688022,0.09310710498409332
4716,0.656824512534819,0.09308736217133164
4717,0.6569637883008357,0.09327962688149248
4718,0.6571030640668524,0.09325985587113184
4719,0.6572423398328691,0.09324009324009325
4720,0.6573816155988857,0.09322033898305085
4721,0.6575208913649025,0.09341241262444397
4722,0.6576601671309192,0.09339263024142312
4723,0.6577994428969359,0.09337285623544357
4724,0.6579387186629526,0.09335309060118543
4725,0.6580779944289693,0.09354497354497354
4726,0.6582172701949861,0.09373677528565383
4727,0.6583565459610028,0.09371694520837741
4728,0.6584958217270195,0.09369712351945854
4729,0.6586350974930362,0.09367731021357581
4730,0.658774373259053,0.09365750528541227
4731,0.6589136490250697,0.09363770872965546
4732,0.6590529247910863,0.09382924767540152
4733,0.659192200557103,0.09380942319881681
4734,0.6593314763231197,0.0940008449514153
4735,0.6594707520891365,0.09398099260823653
4736,0.6596100278551532,0.09396114864864864
4737,0.6597493036211699,0.0939413130673422
4738,0.6598885793871866,0.09392148585901224
4739,0.6600278551532034,0.09390166701835831
4740,0.6601671309192201,0.0938818565400844
4741,0.6603064066852368,0.09407298038388526
4742,0.6604456824512535,0.09405314213412062
4743,0.6605849582172701,0.09403331224963103
4744,0.660724233983287,0.09401349072512648
4745,0.6608635097493036,0.0939936775553214
4746,0.6610027855153203,0.09418457648546144
4747,0.661142061281337,0.09416473562249841
4748,0.6612813370473538,0.09414490311710194
4749,0.6614206128133705,0.0943356496104443
4750,0.6615598885793872,0.09452631578947368
4751,0.6616991643454039,0.09450641970111555
4752,0.6618384401114206,0.09448653198653198
4753,0.6619777158774374,0.09467704607616242
4754,0.6621169916434541,0.09465713083718974
4755,0.6622562674094707,0.0946372239747634
4756,0.6623955431754874,0.09461732548359966
4757,0.6625348189415042,0.09459743535841918
4758,0.6626740947075209,0.09457755359394704
4759,0.6628133704735376,0.0945576801849128
4760,0.6629526462395543,0.09474789915966386
4761,0.663091922005571,0.09472799831968073
4762,0.6632311977715878,0.09491810163796724
4763,0.6633704735376045,0.09510812513121981
4764,0.6635097493036212,0.095088161209068
4765,0.6636490250696379,0.0950682056663169
4766,0.6637883008356545,0.09504825849769198
4767,0.6639275766016713,0.09502831969792322
4768,0.664066852367688,0.09500838926174497
4769,0.6642061281337047,0.09498846718389599
4770,0.6643454038997214,0.0949685534591195
4771,0.6644846796657382,0.0951582477468036
4772,0.6646239554317549,0.09513830678960604
4773,0.6647632311977716,0.09511837418814163
4774,0.6649025069637883,0.09509844993715962
4775,0.665041782729805,0.09507853403141361
4776,0.6651810584958218,0.09526800670016751
4777,0.6653203342618385,0.0952480636382667
4778,0.6654596100278551,0.09543742151527836
4779,0.6655988857938718,0.09541745134965474
4780,0.6657381615598886,0.09560669456066946
4781,0.6658774373259053,0.09558669734365195
4782,0.666016713091922,0.09556670849017147
4783,0.6661559888579387,0.09554672799498223
4784,0.6662952646239554,0.09552675585284282
4785,0.6664345403899722,0.0955067920585162
4786,0.6665738161559889,0.09548683660676975
4787,0.6667130919220056,0.09567578859410905
4788,0.6668523676880223,0.09565580618212197
4789,0.666991643454039,0.09563583211526415
4790,0.6671309192200557,0.09582463465553236
4791,0.6672701949860724,0.09580463368816532
4792,0.6674094707520891,0.09578464106844742
4793,0.6675487465181058,0.09576465679115377
4794,0.6676880222841226,0.09574468085106383
4795,0.6678272980501393,0.09593326381647549
4796,0.667966573816156,0.09591326105087573
4797,0.6681058495821727,0.09589326662497394
4798,0.6682451253481894,0.09587328053355565
4799,0.6683844011142062,0.09606167951656595
4800,0.6685236768802229,0.09604166666666666
4801,0.6686629526462395,0.09622995209331389
4802,0.6688022284122562,0.09620991253644315
4803,0.668941504178273,0.09618988132417239
4804,0.6690807799442897,0.09637801831806828
4805,0.6692200557103064,0.0963579604578564
4806,0.6693593314763231,0.09633791094465252
4807,0.6694986072423398,0.09652589972956106
4808,0.6696378830083566,0.09650582362728785
4809,0.6697771587743733,0.09648575587440217
4810,0.66991643454039,0.09646569646569647
4811,0.6700557103064066,0.09644564539596757
4812,0.6701949860724234,0.09642560266001662
4813,0.6703342618384401,0.09640556825264908
4814,0.6704735376044568,0.09659326963024512
4815,0.6706128133704735,0.09657320872274143
4816,0.6707520891364902,0.0965531561461794
4817,0.670891364902507,0.09674070998546813
4818,0.6710306406685237,0.0967206309672063
4819,0.6711699164345404,0.09690807221415232
4820,0.6713091922005571,0.0970954356846473
4821,0.6714484679665739,0.0970752955818295
4822,0.6715877437325906,0.09726254666113646
4823,0.6717270194986072,0.09744972009122953
4824,0.6718662952646239,0.09742951907131012
4825,0.6720055710306406,0.09740932642487046
4826,0.6721448467966574,0.09738914214670534
4827,0.6722841225626741,0.09736896623161384
4828,0.6724233983286908,0.09734879867439934
4829,0.6725626740947075,0.09753572168150756
4830,0.6727019498607242,0.09751552795031056
4831,0.672841225626741,0.09749534257917615
4832,0.6729805013927577,0.09747516556291391
4833,0.6731197771587744,0.09745499689633767
4834,0.673259052924791,0.09743483657426562
4835,0.6733983286908078,0.09741468459152017
4836,0.6735376044568245,0.09739454094292804
4837,0.6736768802228412,0.09737440562332024
4838,0.6738161559888579,0.09735427862753204
4839,0.6739554317548746,0.09733415995040298
4840,0.6740947075208914,0.09731404958677686
4841,0.6742339832869081,0.09750051642222682
4842,0.6743732590529248,0.09748038000826105
4843,0.6745125348189415,0.09746025190997316
4844,0.6746518105849583,0.0976465730800991
4845,0.674791086350975,0.0978328173374613
4846,0.6749303621169916,0.09781262897234833
4847,0.6750696378830083,0.0977924489374871
4848,0.675208913649025,0.09797854785478548
4849,0.6753481894150418,0.09795834192617034
4850,0.6754874651810585,0.09814432989690722
4851,0.6756267409470752,0.09812409812409813
4852,0.6757660167130919,0.09810387469084914
4853,0.6759052924791087,0.09808365959200495
4854,0.6760445682451254,0.0980634528224145
4855,0.6761838440111421,0.09824922760041195
4856,0.6763231197771588,0.09843492586490939
4857,0.6764623955431754,0.09841465925468396
4858,0.6766016713091922,0.09839440098806093
4859,0.6767409470752089,0.09837415105988886
4860,0.6768802228412256,0.09835390946502058
4861,0.6770194986072423,0.09833367619831311
4862,0.677158774373259,0.09851912793089264
4863,0.6772980501392758,0.09849886901089862
4864,0.6774373259052925,0.09847861842105263
4865,0.6775766016713092,0.09845837615621789
4866,0.6777158774373259,0.09864364981504316
4867,0.6778551532033427,0.09862338196013971
4868,0.6779944289693594,0.09860312243221035
4869,0.678133704735376,0.09858287122612445
4870,0.6782729805013927,0.09876796714579056
4871,0.6784122562674094,0.09895298706631082
4872,0.6785515320334262,0.09893267651888342
4873,0.6786908077994429,0.09891237430740817
4874,0.6788300835654596,0.09889208042675421
4875,0.6789693593314763,0.09907692307692308
4876,0.6791086350974931,0.09905660377358491
4877,0.6792479108635098,0.09903629280295263
4878,0.6793871866295265,0.0990159901599016
4879,0.6795264623955432,0.09899569583931134
4880,0.6796657381615598,0.09897540983606558
4881,0.6798050139275766,0.09895513214505225
4882,0.6799442896935933,0.0991396968455551
4883,0.68008356545961,0.09932418595125947
4884,0.6802228412256267,0.09950859950859951
4885,0.6803621169916435,0.09948822927328557
4886,0.6805013927576602,0.09946786737617683
4887,0.6806406685236769,0.09944751381215469
4888,0.6807799442896936,0.09942716857610474
4889,0.6809192200557103,0.09961137246880752
4890,0.6810584958217271,0.09959100204498977
4891,0.6811977715877438,0.09957063995093028
4892,0.6813370473537604,0.09975470155355683
4893,0.6814763231197771,0.09973431432658901
4894,0.6816155988857938,0.09971393543114017
4895,0.6817548746518106,0.09969356486210419
4896,0.6818941504178273,0.09987745098039216
4897,0.682033426183844,0.09985705534000408
4898,0.6821727019498607,0.09983666802776643
4899,0.6823119777158775,0.10002041232904675
4900,0.6824512534818942,0.10020408163265306
4901,0.6825905292479109,0.10038767598449296
4902,0.6827298050139275,0.1003671970624235
4903,0.6828690807799442,0.1005506832551499
4904,0.683008356545961,0.10053017944535074
4905,0.6831476323119777,0.10050968399592253
4906,0.6832869080779944,0.10069302894415003
4907,0.6834261838440111,0.1006725086610964
4908,0.6835654596100279,0.1006519967400163
4909,0.6837047353760446,0.10063149317579956
4910,0.6838440111420613,0.10061099796334012
4911,0.683983286908078,0.10059051109753614
4912,0.6841225626740947,0.10077361563517916
4913,0.6842618384401115,0.10095664563403216
4914,0.6844011142061281,0.10113960113960115
4915,0.6845403899721448,0.10111902339776195
4916,0.6846796657381615,0.10130187144019528
4917,0.6848189415041783,0.10148464510880618
4918,0.684958217270195,0.10146400976006506
4919,0.6850974930362117,0.10144338280138239
4920,0.6852367688022284,0.1016260162601626
4921,0.6853760445682451,0.1016053647632595
4922,0.6855153203342619,0.10158472165786266
4923,0.6856545961002786,0.10156408693885842
4924,0.6857938718662953,0.10154346060113728
4925,0.685933147632312,0.10152284263959391
4926,0.6860724233983287,0.10150223304912707
4927,0.6862116991643454,0.10148163182463973
4928,0.6863509749303621,0.10166396103896104
4929,0.6864902506963788,0.10164333536214243
4930,0.6866295264623955,0.10182555780933063
4931,0.6867688022284123,0.10180490772662745
4932,0.686908077994429,0.10198702351987024
4933,0.6870473537604457,0.10196634907764038
4934,0.6871866295264624,0.10194568301580867
4935,0.6873259052924791,0.10192502532928065
4936,0.6874651810584959,0.10190437601296597
4937,0.6876044568245125,0.1018837350617784
4938,0.6877437325905292,0.10206561360874848
4939,0.6878830083565459,0.1022474185057704
4940,0.6880222841225627,0.10242914979757085
4941,0.6881615598885794,0.10261080752884032
4942,0.6883008356545961,0.10259004451639013
4943,0.6884401114206128,0.10277159619664171
4944,0.6885793871866295,0.10275080906148867
4945,0.6887186629526463,0.10293225480283114
4946,0.688857938718663,0.10291144359078043
4947,0.6889972144846797,0.10309278350515463
4948,0.6891364902506963,0.103071948261924
4949,0.6892757660167131,0.10325318246110325
4950,0.6894150417827298,0.10343434343434343
4951,0.6895543175487465,0.10341345182791355
4952,0.6896935933147632,0.10359450726978998
4953,0.6898328690807799,0.10357359176256814
4954,0.6899721448467967,0.10355268469923294
4955,0.6901114206128134,0.10353178607467205
4956,0.6902506963788301,0.10351089588377724
4957,0.6903899721448468,0.10349001412144442
4958,0.6905292479108636,0.10346914078257362
4959,0.6906685236768803,0.10344827586206896
4960,0.6908077994428969,0.10362903225806451
4961,0.6909470752089136,0.10380971578310824
4962,0.6910863509749303,0.10378879484079001
4963,0.6912256267409471,0.10396937336288535
4964,0.6913649025069638,0.10394842868654311
4965,0.6915041782729805,0.10392749244712991
4966,0.6916434540389972,0.10390656463954893
4967,0.6917827298050139,0.10408697402858869
4968,0.6919220055710307,0.10406602254428342
4969,0.6920612813370474,0.1040450794928557
4970,0.692200557103064,0.10422535211267606
4971,0.6923398328690807,0.10420438543552606
4972,0.6924791086350975,0.10418342719227675
4973,0.6926183844011142,0.10416247737784033
4974,0.6927576601671309,0.10414153598713309
4975,0.6928969359331476,0.10412060301507538
4976,0.6930362116991643,0.10409967845659164
4977,0.6931754874651811,0.10427968655816756
4978,0.6933147632311978,0.10425873844917638
4979,0.6934540389972145,0.10423779875477003
4980,0.6935933147632312,0.10421686746987951
4981,0.693732590529248,0.10419594458943987
4982,0.6938718662952646,0.1041750301083902
4983,0.6940111420612813,0.10415412402167369
4984,0.694150417827298,0.10413322632423756
4985,0.6942896935933147,0.10431293881644935
4986,0.6944289693593315,0.10429201764941837
4987,0.6945682451253482,0.10427110487266894
4988,0.6947075208913649,0.10425020048115477
4989,0.6948467966573816,0.10442974543996793
4990,0.6949860724233984,0.10440881763527055
4991,0.6951253481894151,0.10438789821679022
4992,0.6952646239554318,0.1045673076923077
4993,0.6954038997214484,0.1047466453034248
4994,0.6955431754874651,0.10472567080496596
4995,0.6956824512534819,0.10490490490490491
4996,0.6958217270194986,0.10488390712570056
4997,0.6959610027855153,0.10506303782269362
4998,0.696100278551532,0.10524209683873549
4999,0.6962395543175487,0.10522104420884176
5000,0.6963788300835655,0.1052
5001,0.6965181058495822,0.10517896420715857
5002,0.6966573816155989,0.10515793682526989
5003,0.6967966573816156,0.10533679792124725
5004,0.6969359331476324,0.10531574740207834
5005,0.697075208913649,0.10529470529470529
5006,0.6972144846796657,0.1052736715940871
5007,0.6973537604456824,0.10525264629518674
5008,0.6974930362116991,0.10543130990415335
5009,0.6976323119777159,0.10541026152924736
5010,0.6977715877437326,0.10558882235528942
5011,0.6979108635097493,0.10556775094791458
5012,0.698050139275766,0.1057462090981644
5013,0.6981894150417828,0.10572511470177538
5014,0.6983286908077995,0.10570402871958516
5015,0.6984679665738162,0.10588235294117647
5016,0.6986072423398328,0.10586124401913875
5017,0.6987465181058495,0.105840143512059
5018,0.6988857938718663,0.10601833399760861
5019,0.699025069637883,0.10599721059972106
5020,0.6991643454038997,0.10597609561752988
5021,0.6993036211699164,0.10595498904600677
5022,0.6994428969359332,0.10613301473516527
5023,0.6995821727019499,0.10631096954011547
5024,0.6997214484679666,0.10628980891719746
5025,0.6998607242339833,0.10646766169154229
5026,0.7,0.10644647831277358
5027,0.7001392757660168,0.10642530336184604
5028,0.7002785515320334,0.10640413683373111
5029,0.7004178272980501,0.10638297872340426
5030,0.7005571030640668,0.10656063618290258
5031,0.7006963788300835,0.10673822301729279
5032,0.7008356545961003,0.10671701112877584
5033,0.700974930362117,0.10669580766938208
5034,0.7011142061281337,0.1066746126340882
5035,0.7012534818941504,0.10665342601787488
5036,0.7013927576601672,0.10663224781572676
5037,0.7015320334261839,0.10661107802263252
5038,0.7016713091922006,0.10658991663358476
5039,0.7018105849582172,0.10656876364358008
5040,0.7019498607242339,0.10654761904761904
5041,0.7020891364902507,0.1067248561793295
5042,0.7022284122562674,0.10670368901229671
5043,0.7023676880222841,0.10668253023993654
5044,0.7025069637883008,0.10666137985725614
5045,0.7026462395543176,0.1068384539147671
5046,0.7027855153203343,0.1070154577883472
5047,0.702924791086351,0.10699425401228453
5048,0.7030640668523677,0.10697305863708399
5049,0.7032033426183844,0.10714993067934245
5050,0.7033426183844012,0.10732673267326732
5051,0.7034818941504178,0.10730548406256186
5052,0.7036211699164345,0.10748218527315914
5053,0.7037604456824512,0.10746091430833168
5054,0.703899721448468,0.1076375148397309
5055,0.7040389972144847,0.1076162215628091
5056,0.7041782729805014,0.10759493670886076
5057,0.7043175487465181,0.10757366027288906
5058,0.7044568245125348,0.1077500988533017
5059,0.7045961002785516,0.10772880015813402
5060,0.7047353760445683,0.10770750988142293
5061,0.704874651810585,0.10768622801817823
5062,0.7050139275766016,0.10766495456341367
5063,0.7051532033426184,0.10764368951214695
5064,0.7052924791086351,0.10762243285939968
5065,0.7054317548746518,0.10779861796643633
5066,0.7055710306406685,0.1079747335175681
5067,0.7057103064066852,0.10815077955397671
5068,0.705849582172702,0.10812943962115233
5069,0.7059888579387187,0.10830538567764846
5070,0.7061281337047354,0.10828402366863905
5071,0.7062674094707521,0.10845986984815618
5072,0.7064066852367687,0.10843848580441641
5073,0.7065459610027855,0.10841711019120835
5074,0.7066852367688022,0.10859282617264486
5075,0.7068245125348189,0.10857142857142857
5076,0.7069637883008356,0.10855003940110323
5077,0.7071030640668524,0.10872562536931259
5078,0.7072423398328691,0.10870421425758173
5079,0.7073816155988858,0.10887970072848986
5080,0.7075208913649025,0.10885826771653544
5081,0.7076601671309192,0.10903365479236371
5082,0.707799442896936,0.10901219992129083
5083,0.7079387186629527,0.10899075349203226
5084,0.7080779944289693,0.1089693154996066
5085,0.708217270194986,0.10894788593903638
5086,0.7083565459610028,0.10892646480534801
5087,0.7084958217270195,0.10910163160998623
5088,0.7086350974930362,0.10908018867924528
5089,0.7087743732590529,0.10905875417567303
5090,0.7089136490250696,0.10923379174852653
5091,0.7090529247910864,0.10940876055784718
5092,0.7091922005571031,0.1093872741555381
5093,0.7093314763231198,0.10936579619085018
5094,0.7094707520891365,0.10954063604240283
5095,0.7096100278551533,0.10971540726202159
5096,0.70974930362117,0.10989010989010989
5097,0.7098885793871866,0.11006474396703944
5098,0.7100278551532033,0.11004315417810906
5099,0.71016713091922,0.11002157285742302
5100,0.7103064066852368,0.11019607843137255
5101,0.7104456824512535,0.11037051558517938
5102,0.7105849582172702,0.11034888279106232
5103,0.7107242339832869,0.11032725847540663
5104,0.7108635097493036,0.11050156739811912
5105,0.7110027855153204,0.11067580803134182
5106,0.7111420612813371,0.11065413239326283
5107,0.7112813370473537,0.11082827491678089
5108,0.7114206128133704,0.11100234925606892
5109,0.7115598885793872,0.11098062243100411
5110,0.7116991643454039,0.11095890410958904
5111,0.7118384401114206,0.11093719428683232
5112,0.7119777158774373,0.1111111111111111
5113,0.712116991643454,0.11128495990612165
5114,0.7122562674094708,0.11126319906140007
5115,0.7123955431754875,0.11124144672531769
5116,0.7125348189415042,0.11121970289288506
5117,0.7126740947075209,0.11119796755911666
5118,0.7128133704735377,0.11137162954279015
5119,0.7129526462395543,0.11134987302207462
5120,0.713091922005571,0.1115234375
5121,0.7132311977715877,0.11150165983206405
5122,0.7133704735376044,0.1116751269035533
5123,0.7135097493036212,0.11165332812804997
5124,0.7136490250696379,0.11163153786104606
5125,0.7137883008356546,0.11160975609756098
5126,0.7139275766016713,0.11158798283261803
5127,0.7140668523676881,0.1117612638970158
5128,0.7142061281337048,0.11173946957878315
5129,0.7143454038997215,0.1119126535387015
5130,0.7144846796657381,0.11189083820662768
5131,0.7146239554317548,0.11206392516078736
5132,0.7147632311977716,0.11204208885424785
5133,0.7149025069637883,0.11221507890122735
5134,0.715041782729805,0.11219322165952474
5135,0.7151810584958217,0.1121713729308666
5136,0.7153203342618384,0.11214953271028037
5137,0.7154596100278552,0.11212770099279736
5138,0.7155988857938719,0.11210587777345271
5139,0.7157381615598886,0.11208406304728546
5140,0.7158774373259053,0.11206225680933853
5141,0.716016713091922,0.11204045905465862
5142,0.7161559888579387,0.11201866977829639
5143,0.7162952646239554,0.11199688897530624
5144,0.7164345403899721,0.1119751166407465
5145,0.7165738161559888,0.1119533527696793
5146,0.7167130919220056,0.11212592304702682
5147,0.7168523676880223,0.11210413833300951
5148,0.716991643454039,0.11227661227661227
5149,0.7171309192200557,0.11244901922703437
5150,0.7172701949860725,0.11242718446601942
5151,0.7174094707520892,0.11240535818287711
5152,0.7175487465181059,0.1125776397515528
5153,0.7176880222841225,0.11255579274209199
5154,0.7178272980501392,0.11272797826930539
5155,0.717966573816156,0.11270611057225995
5156,0.7181058495821727,0.11287820015515904
5157,0.7182451253481894,0.1128563118091914
5158,0.7183844011142061,0.11283443195036837
5159,0.7185236768802229,0.1128125605737546
5160,0.7186629526462396,0.1127906976744186
5161,0.7188022284122563,0.11276884324743267
5162,0.718941504178273,0.1129407206509105
5163,0.7190807799442896,0.11291884563238427
5164,0.7192200557103064,0.11289697908597986
5165,0.7193593314763231,0.11287512100677638
5166,0.7194986072423398,0.11285327138985675
5167,0.7196378830083565,0.11302496613121735
5168,0.7197771587743732,0.1130030959752322
5169,0.71991643454039,0.11298123428129232
5170,0.7200557103064067,0.11295938104448743
5171,0.7201949860724234,0.11293753625991104
5172,0.7203342618384401,0.11310904872389792
5173,0.7204735376044569,0.11308718345254204
5174,0.7206128133704736,0.11306532663316583
5175,0.7207520891364902,0.11304347826086956
5176,0.7208913649025069,0.11302163833075735
5177,0.7210306406685236,0.11299980683793703
5178,0.7211699164345404,0.11317110853611433
5179,0.7213091922005571,0.11334234408186909
5180,0.7214484679665738,0.11351351351351352
5181,0.7215877437325905,0.11368461686933025
5182,0.7217270194986073,0.11385565418757236
5183,0.721866295264624,0.11402662550646343
5184,0.7220055710306407,0.11400462962962964
5185,0.7221448467966574,0.11398264223722276
5186,0.722284122562674,0.11415349016583108
5187,0.7224233983286908,0.11432427221900907
5188,0.7225626740947075,0.11449498843484965
5189,0.7227019498607242,0.11466563885141645
5190,0.7228412256267409,0.11483622350674373
5191,0.7229805013927577,0.11481410132922365
5192,0.7231197771587744,0.1147919876733436
5193,0.7232590529247911,0.11476988253418063
5194,0.7233983286908078,0.11494031574894109
5195,0.7235376044568245,0.11491819056785371
5196,0.7236768802228413,0.11489607390300231
5197,0.723816155988858,0.11487396574947085
5198,0.7239554317548746,0.11504424778761062
5199,0.7240947075208913,0.115022119638392
5200,0.724233983286908,0.115
5201,0.7243732590529248,0.11517015958469524
5202,0.7245125348189415,0.11514801999231065
5203,0.7246518105849582,0.11512588891024408
5204,0.7247910863509749,0.11510376633358954
5205,0.7249303621169917,0.11508165225744477
5206,0.7250696378830084,0.1152516327314637
5207,0.7252089136490251,0.11522949875168043
5208,0.7253481894150418,0.1152073732718894
5209,0.7254874651810584,0.11537723171434057
5210,0.7256267409470752,0.11535508637236085
5211,0.7257660167130919,0.11533294952984072
5212,0.7259052924791086,0.11550268610897928
5213,0.7260445682451253,0.11548052944561672
5214,0.7261838440111421,0.11545838128116609
5215,0.7263231197771588,0.11562799616490892
5216,0.7264623955431755,0.1156058282208589
5217,0.7266016713091922,0.11577534981790301
5218,0.7267409470752089,0.1157531621310847
5219,0.7268802228412257,0.1157309829469247
5220,0.7270194986072424,0.11570881226053639
5221,0.727158774373259,0.11587818425588968
5222,0.7272980501392757,0.11604749138261203
5223,0.7274373259052925,0.11602527283170591
5224,0.7275766016713092,0.11600306278713629
5225,0.7277158774373259,0.11598086124401914
5226,0.7278551532033426,0.11595866819747416
5227,0.7279944289693593,0.11612779797206811
5228,0.7281337047353761,0.11629686304514154
5229,0.7282729805013928,0.11627462229871868
5230,0.7284122562674095,0.1164435946462715
5231,0.7285515320334262,0.11661250238960046
5232,0.728690807799443,0.11678134556574923
5233,0.7288300835654596,0.11695012421173323
5234,0.7289693593314763,0.11692777990064959
5235,0.729108635097493,0.11709646609360076
5236,0.7292479108635097,0.11707410236822001
5237,0.7293871866295265,0.117051747183502
5238,0.7295264623955432,0.11702940053455517
5239,0.7296657381615599,0.11719793853788892
5240,0.7298050139275766,0.11736641221374046
5241,0.7299442896935933,0.1175348215989315
5242,0.7300835654596101,0.1175123998473865
5243,0.7302228412256268,0.11748998664886515
5244,0.7303621169916434,0.11765827612509534
5245,0.7305013927576601,0.11763584366062917
5246,0.7306406685236769,0.11761341974837972
5247,0.7307799442896936,0.11759100438345721
5248,0.7309192200557103,0.11775914634146341
5249,0.731058495821727,0.11773671175461993
5250,0.7311977715877437,0.1179047619047619
5251,0.7313370473537605,0.11788230813178442
5252,0.7314763231197772,0.11785986290936785
5253,0.7316155988857939,0.11783742623262898
5254,0.7317548746518105,0.11781499809668823
5255,0.7318941504178273,0.11798287345385347
5256,0.732033426183844,0.11796042617960426
5257,0.7321727019498607,0.11793798744531102
5258,0.7323119777158774,0.11791555724610119
5259,0.7324512534818941,0.11808328579577866
5260,0.7325905292479109,0.11825095057034221
5261,0.7327298050139276,0.11841855160615852
5262,0.7328690807799443,0.11839604713036868
5263,0.733008356545961,0.1183735512065362
5264,0.7331476323119778,0.11854103343465046
5265,0.7332869080779945,0.11870845204178537
5266,0.7334261838440111,0.11868590960881124
5267,0.7335654596100278,0.11866337573571292
5268,0.7337047353760445,0.11883067577828398
5269,0.7338440111420613,0.11899791231732777
5270,0.733983286908078,0.1189753320683112
5271,0.7341225626740947,0.11895276038702333
5272,0.7342618384401114,0.11911987860394538
5273,0.7344011142061281,0.11928693343447752
5274,0.7345403899721449,0.11945392491467577
5275,0.7346796657381616,0.11943127962085308
5276,0.7348189415041783,0.11959818043972707
5277,0.734958217270195,0.11957551639188933
5278,0.7350974930362117,0.11974232663887836
5279,0.7352367688022284,0.11971964387194545
5280,0.7353760445682451,0.11969696969696969
5281,0.7355153203342618,0.11967430410907025
5282,0.7356545961002785,0.11984096932979932
5283,0.7357938718662953,0.1198182850653038
5284,0.735933147632312,0.11979560938682816
5285,0.7360724233983287,0.11977294228949859
5286,0.7362116991643454,0.11975028376844495
5287,0.7363509749303622,0.11972763381880083
5288,0.7364902506963789,0.11970499243570348
5289,0.7366295264623955,0.11968235961429381
5290,0.7367688022284122,0.11965973534971644
5291,0.7369080779944289,0.11963711963711963
5292,0.7370473537604457,0.11961451247165533
5293,0.7371866295264624,0.11959191384847913
5294,0.7373259052924791,0.11975821684926331
5295,0.7374651810584958,0.11973559962228518
5296,0.7376044568245126,0.1197129909365559
5297,0.7377437325905293,0.11969039078723806
5298,0.737883008356546,0.11966779916949792
5299,0.7380222841225627,0.11964521607850538
5300,0.7381615598885793,0.11981132075471698
5301,0.7383008356545961,0.11978871910960197
5302,0.7384401114206128,0.11976612599019237
5303,0.7385793871866295,0.11993211389779371
5304,0.7387186629526462,0.11990950226244344
5305,0.7388579387186629,0.11988689915174364
5306,0.7389972144846797,0.11986430456087448
5307,0.7391364902506964,0.11984171848501979
5308,0.7392757660167131,0.12000753579502638
5309,0.7394150417827298,0.12017329063853834
5310,0.7395543175487466,0.12015065913370998
5311,0.7396935933147633,0.12012803615138393
5312,0.7398328690807799,0.12010542168674698
5313,0.7399721448467966,0.12027103331451157
5314,0.7401114206128133,0.12024840045163719
5315,0.7402506963788301,0.12041392285983067
5316,0.7403899721448468,0.12039127163280662
5317,0.7405292479108635,0.12055670490878315
5318,0.7406685236768802,0.12053403535163595
5319,0.740807799442897,0.12069937958262832
5320,0.7409470752089137,0.12086466165413534
5321,0.7410863509749304,0.12084194700244315
5322,0.741225626740947,0.12081924088688463
5323,0.7413649025069637,0.12079654330264888
5324,0.7415041782729805,0.12077385424492862
5325,0.7416434540389972,0.12075117370892019
5326,0.7417827298050139,0.1209162598573038
5327,0.7419220055710306,0.12089356110381078
5328,0.7420612813370474,0.12087087087087087
5329,0.7422005571030641,0.12103584162131732
5330,0.7423398328690808,0.12101313320825516
5331,0.7424791086350975,0.12099043331457512
5332,0.7426183844011142,0.12096774193548387
5333,0.742757660167131,0.1211325707856741
5334,0.7428969359331477,0.12110986126734158
5335,0.7430362116991643,0.12108716026241799
5336,0.743175487465181,0.12106446776611694
5337,0.7433147632311977,0.12122915495596777
5338,0.7434540389972145,0.12139378044211314
5339,0.7435933147632312,0.12137104326652931
5340,0.7437325905292479,0.12134831460674157
5341,0.7438718662952646,0.12132559445796667
5342,0.7440111420612814,0.12130288281542494
5343,0.7441504178272981,0.12128017967434025
5344,0.7442896935933148,0.12125748502994012
5345,0.7444289693593314,0.12123479887745557
5346,0.7445682451253481,0.12121212121212122
5347,0.7447075208913649,0.12118945202917523
5348,0.7448467966573816,0.1211667913238594
5349,0.7449860724233983,0.12133108992335016
5350,0.745125348189415,0.12149532710280374
5351,0.7452646239554318,0.12147262193982433
5352,0.7454038997214485,0.12144992526158445
5353,0.7455431754874652,0.12142723706332897
5354,0.7456824512534819,0.12140455734030631
5355,0.7458217270194986,0.12156862745098039
5356,0.7459610027855154,0.12154592979835699
5357,0.746100278551532,0.12152324061974985
5358,0.7462395543175487,0.12168719671519224
5359,0.7463788300835654,0.12166448964359022
5360,0.7465181058495822,0.12164179104477611
5361,0.7466573816155989,0.12180563327737362
5362,0.7467966573816156,0.12178291682208131
5363,0.7469359331476323,0.12194667163900802
5364,0.747075208913649,0.12192393736017897
5365,0.7472144846796658,0.12190121155638398
5366,0.7473537604456825,0.12187849422288483
5367,0.7474930362116992,0.1218557853549469
5368,0.7476323119777158,0.1220193740685544
5369,0.7477715877437325,0.12218290184391879
5370,0.7479108635097493,0.1223463687150838
5371,0.748050139275766,0.12250977471606778
5372,0.7481894150417827,0.12248696947133283
5373,0.7483286908077994,0.12246417271542899
5374,0.7484679665738162,0.12244138444361742
5375,0.7486072423398329,0.12241860465116279
5376,0.7487465181058496,0.12239583333333333
5377,0.7488857938718663,0.12237307048540078
5378,0.749025069637883,0.12253625883227966
5379,0.7491643454038998,0.12269938650306748
5380,0.7493036211699164,0.12267657992565056
5381,0.7494428969359331,0.1226537818249396
5382,0.7495821727019498,0.12281679672984021
5383,0.7497214484679666,0.12279398105145829
5384,0.7498607242339833,0.12277117384843982
5385,0.75,0.12274837511606314
5386,0.7501392757660167,0.12291125139249907
5387,0.7502785515320334,0.12288843512158901
5388,0.7504178272980502,0.12305122494432072
5389,0.7505571030640669,0.12302839116719243
5390,0.7506963788300836,0.12300556586270872
5391,0.7508356545961002,0.12316824336857726
5392,0.750974930362117,0.12314540059347182
5393,0.7511142061281337,0.12312256628963471
5394,0.7512534818941504,0.12328513162773452
5395,0.7513927576601671,0.12344763670064875
5396,0.7515320334261838,0.12361008154188288
5397,0.7516713091922006,0.12358717806188624
5398,0.7518105849582173,0.12374953686550574
5399,0.751949860724234,0.12372661604000741
5400,0.7520891364902507,0.1237037037037037
5401,0.7522284122562675,0.12386595074986113
5402,0.7523676880222842,0.12384302110329508
5403,0.7525069637883008,0.12400518230612623
5404,0.7526462395543175,0.12398223538119911
5405,0.7527855153203342,0.12395929694727105
5406,0.752924791086351,0.12393636699963004
5407,0.7530640668523677,0.1239134455335676
5408,0.7532033426183844,0.12389053254437869
5409,0.7533426183844011,0.12405250508411907
5410,0.7534818941504178,0.12402957486136784
5411,0.7536211699164346,0.12400665311402698
5412,0.7537604456824513,0.12416851441241686
5413,0.753899721448468,0.12414557546646961
5414,0.7540389972144846,0.12412264499445881
5415,0.7541782729805014,0.12409972299168975
5416,0.7543175487465181,0.12426144756277696
5417,0.7544568245125348,0.12423850839948311
5418,0.7545961002785515,0.1242155777039498
5419,0.7547353760445682,0.12419265547148921
5420,0.754874651810585,0.12416974169741697
5421,0.7550139275766017,0.12433130418741929
5422,0.7551532033426184,0.12449280708225748
5423,0.7552924791086351,0.12446985063617924
5424,0.7554317548746519,0.12444690265486726
5425,0.7555710306406686,0.12442396313364056
5426,0.7557103064066852,0.1244010320678216
5427,0.7558495821727019,0.12437810945273632
5428,0.7559888579387186,0.12435519528371408
5429,0.7561281337047354,0.12433228955608767
5430,0.7562674094707521,0.12430939226519337
5431,0.7564066852367688,0.12428650340637083
5432,0.7565459610027855,0.12444771723122239
5433,0.7566852367688023,0.1244248113381189
5434,0.756824512534819,0.12458594037541405
5435,0.7569637883008357,0.12474701011959521
5436,0.7571030640668523,0.12472406181015452
5437,0.757242339832869,0.12470112194224757
5438,0.7573816155988858,0.12467819051121735
5439,0.7575208913649025,0.12465526751241036
5440,0.7576601671309192,0.12463235294117647
5441,0.7577994428969359,0.12460944679286896
5442,0.7579387186629526,0.12477030503491364
5443,0.7580779944289694,0.12474738195847879
5444,0.7582172701949861,0.12472446730345334
5445,0.7583565459610028,0.12470156106519743
5446,0.7584958217270195,0.12467866323907455
5447,0.7586350974930363,0.12465577382045162
5448,0.758774373259053,0.12463289280469897
5449,0.7589136490250696,0.1246100201871903
5450,0.7590529247910863,0.12477064220183487
5451,0.759192200557103,0.12493120528343424
5452,0.7593314763231198,0.12509170946441672
5453,0.7594707520891365,0.12525215477718687
5454,0.7596100278551532,0.1254125412541254
5455,0.7597493036211699,0.12538955087076076
5456,0.7598885793871867,0.12554985337243402
5457,0.7600278551532034,0.12571009712296133
5458,0.7601671309192201,0.12568706485892267
5459,0.7603064066852367,0.12566404103315626
5460,0.7604456824512534,0.12564102564102564
5461,0.7605849582172702,0.1258011353232009
5462,0.7607242339832869,0.1259611863786159
5463,0.7608635097493036,0.12593812923302214
5464,0.7610027855153203,0.1259150805270864
5465,0.7611420612813371,0.12589204025617567
5466,0.7612813370473538,0.12586900841566045
5467,0.7614206128133705,0.12584598500091457
5468,0.7615598885793872,0.1258229700073153
5469,0.7616991643454039,0.1257999634302432
5470,0.7618384401114207,0.12577696526508228
5471,0.7619777158774373,0.1257539755072199
5472,0.762116991643454,0.12573099415204678
5473,0.7622562674094707,0.12570802119495705
5474,0.7623955431754874,0.12568505663134819
5475,0.7625348189415042,0.12566210045662102
5476,0.7626740947075209,0.1258217677136596
5477,0.7628133704735376,0.12579879496074492
5478,0.7629526462395543,0.12595837897042717
5479,0.7630919220055711,0.12593538966964773
5480,0.7632311977715878,0.1259124087591241
5481,0.7633704735376045,0.12588943623426382
5482,0.7635097493036211,0.12604888726742064
5483,0.7636490250696378,0.12620828013861024
5484,0.7637883008356546,0.1263676148796499
5485,0.7639275766016713,0.12634457611668187
5486,0.764066852367688,0.12632154575282536
5487,0.7642061281337047,0.12629852378348824
5488,0.7643454038997215,0.12627551020408162
5489,0.7644846796657382,0.12625250501002003
5490,0.7646239554317549,0.12622950819672132
5491,0.7647632311977716,0.12620651975960662
5492,0.7649025069637883,0.12636562272396212
5493,0.765041782729805,0.1263426178772984
5494,0.7651810584958217,0.12631962140516928
5495,0.7653203342618384,0.1264786169244768
5496,0.7654596100278551,0.12663755458515283
5497,0.7655988857938719,0.1267964344187739
5498,0.7657381615598886,0.12695525645689343
5499,0.7658774373259053,0.127114020731042
5500,0.766016713091922,0.12727272727272726
5501,0.7661559888579387,0.12724959098345756
5502,0.7662952646239555,0.1272264631043257
5503,0.7664345403899722,0.1273850626930765
5504,0.7665738161559889,0.12736191860465115
5505,0.7667130919220055,0.12733878292461398
5506,0.7668523676880222,0.12731565564838357
5507,0.766991643454039,0.1274741238423824
5508,0.7671309192200557,0.12745098039215685
5509,0.7672701949860724,0.12742784534398258
5510,0.7674094707520891,0.12758620689655173
5511,0.7675487465181059,0.1277445109780439
5512,0.7676880222841226,0.12772133526850507
5513,0.7678272980501393,0.12769816796662434
5514,0.767966573816156,0.12767500906782736
5515,0.7681058495821727,0.12765185856754308
5516,0.7682451253481895,0.12762871646120377
5517,0.7683844011142061,0.12760558274424505
5518,0.7685236768802228,0.12758245741210583
5519,0.7686629526462395,0.12774053270520022
5520,0.7688022284122563,0.12771739130434784
5521,0.768941504178273,0.1276942582865423
5522,0.7690807799442897,0.12767113364722926
5523,0.7692200557103064,0.1278290783994206
5524,0.7693593314763231,0.1278059377262853
5525,0.7694986072423399,0.1279638009049774
5526,0.7696378830083566,0.1281216069489685
5527,0.7697771587743732,0.12827935588927086
5528,0.7699164345403899,0.1282561505065123
5529,0.7700557103064067,0.12823295351781516
5530,0.7701949860724234,0.12820976491862568
5531,0.7703342618384401,0.12818658470439342
5532,0.7704735376044568,0.12834417932031814
5533,0.7706128133704735,0.12832098319175855
5534,0.7707520891364903,0.1284784965666787
5535,0.770891364902507,0.12845528455284552
5536,0.7710306406685237,0.1284320809248555
5537,0.7711699164345404,0.12840888567816508
5538,0.771309192200557,0.12838569880823403
5539,0.7714484679665738,0.12854305831377505
5540,0.7715877437325905,0.12870036101083032
5541,0.7717270194986072,0.12885760693015702
5542,0.7718662952646239,0.12883435582822086
5543,0.7720055710306407,0.12881111311564136
5544,0.7721448467966574,0.12896825396825398
5545,0.7722841225626741,0.1291253381424707
5546,0.7724233983286908,0.1291020555355211
5547,0.7725626740947075,0.12907878132323777
5548,0.7727019498607243,0.12905551550108146
5549,0.772841225626741,0.12921247071544423
5550,0.7729805013927576,0.12936936936936938
5551,0.7731197771587743,0.12934606377229327
5552,0.7732590529247911,0.12932276657060518
5553,0.7733983286908078,0.1292994777597695
5554,0.7735376044568245,0.12927619733525386
5555,0.7736768802228412,0.12925292529252924
5556,0.7738161559888579,0.12922966162706984
5557,0.7739554317548747,0.1293863595465179
5558,0.7740947075208914,0.12954300107952502
5559,0.7742339832869081,0.12951969778737182
5560,0.7743732590529248,0.12949640287769784
5561,0.7745125348189416,0.12947311634598094
5562,0.7746518105849582,0.12944983818770225
5563,0.7747910863509749,0.1296063275211217
5564,0.7749303621169916,0.12958303378864128
5565,0.7750696378830083,0.12955974842767295
5566,0.7752089136490251,0.12953647143370464
5567,0.7753481894150418,0.1296928327645051
5568,0.7754874651810585,0.12966954022988506
5569,0.7756267409470752,0.1298258215119411
5570,0.775766016713092,0.12998204667863555
5571,0.7759052924791087,0.1301382157601867
5572,0.7760445682451254,0.1302943287867911
5573,0.776183844011142,0.13027094921945093
5574,0.7763231197771587,0.1302475780409042
5575,0.7764623955431755,0.13022421524663677
5576,0.7766016713091922,0.13038020086083213
5577,0.7767409470752089,0.13035682266451498
5578,0.7768802228412256,0.13051272857655075
5579,0.7770194986072423,0.13048933500627352
5580,0.7771587743732591,0.13064516129032258
5581,0.7772980501392758,0.1306217523741265
5582,0.7774373259052925,0.13059835184521676
5583,0.7775766016713092,0.1305749596990865
5584,0.777715877437326,0.1305515759312321
5585,0.7778551532033426,0.13070725156669652
5586,0.7779944289693593,0.13068385248836376
5587,0.778133704735376,0.1306604617862896
5588,0.7782729805013927,0.1306370794559771
5589,0.7784122562674095,0.13079262837716943
5590,0.7785515320334262,0.13094812164579606
5591,0.7786908077994429,0.1309247004113754
5592,0.7788300835654596,0.13090128755364808
5593,0.7789693593314764,0.13087788306812087
5594,0.7791086350974931,0.13085448695030388
5595,0.7792479108635098,0.13083109919571045
5596,0.7793871866295264,0.13080771979985703
5597,0.7795264623955431,0.13078434875826336
5598,0.7796657381615599,0.1307609860664523
5599,0.7798050139275766,0.13073763171994998
5600,0.7799442896935933,0.13071428571428573
5601,0.78008356545961,0.13086948759150152
5602,0.7802228412256268,0.13102463405926454
5603,0.7803621169916435,0.1310012493307157
5604,0.7805013927576602,0.1311563169164882
5605,0.7806406685236769,0.1311329170383586
5606,0.7807799442896936,0.13110952550838387
5607,0.7809192200557104,0.13108614232209737
5608,0.781058495821727,0.13106276747503567
5609,0.7811977715877437,0.1312176858620075
5610,0.7813370473537604,0.13137254901960785
5611,0.7814763231197771,0.13134913562644804
5612,0.7816155988857939,0.1313257305773343
5613,0.7817548746518106,0.13130233386780688
5614,0.7818941504178273,0.13127894549340932
5615,0.782033426183844,0.13143365983971506
5616,0.7821727019498608,0.13158831908831908
5617,0.7823119777158775,0.13156489229125867
5618,0.7824512534818941,0.13154147383410467
5619,0.7825905292479108,0.13169603132229935
5620,0.7827298050139275,0.13167259786476868
5621,0.7828690807799443,0.13164917274506316
5622,0.783008356545961,0.13180362860192102
5623,0.7831476323119777,0.13178018851147075
5624,0.7832869080779944,0.13175675675675674
5625,0.7834261838440112,0.13173333333333334
5626,0.7835654596100279,0.13188766441521507
5627,0.7837047353760446,0.13186422605295894
5628,0.7838440111420613,0.1320184790334044
5629,0.783983286908078,0.13199502575945993
5630,0.7841225626740947,0.1321492007104796
5631,0.7842618384401114,0.1321257325519446
5632,0.7844011142061281,0.13210227272727273
5633,0.7845403899721448,0.13207882123202555
5634,0.7846796657381616,0.13205537806176784
5635,0.7848189415041783,0.13203194321206743
5636,0.784958217270195,0.13218594748048262
5637,0.7850974930362117,0.13233989710839097
5638,0.7852367688022284,0.13231642426392337
5639,0.7853760445682452,0.13247029615179998
5640,0.7855153203342619,0.1324468085106383
5641,0.7856545961002785,0.1324233291969509
5642,0.7857938718662952,0.1325771003190358
5643,0.7859331476323119,0.13273081694134325
5644,0.7860724233983287,0.13270729978738482
5645,0.7862116991643454,0.13268379096545616
5646,0.7863509749303621,0.13283740701381508
5647,0.7864902506963788,0.1329909686559235
5648,0.7866295264623956,0.1329674220963173
5649,0.7867688022284123,0.1331209063551071
5650,0.786908077994429,0.13327433628318583
5651,0.7870473537604457,0.133250752079278
5652,0.7871866295264623,0.13340410474168435
5653,0.7873259052924791,0.13338050592605696
5654,0.7874651810584958,0.1333569154580828
5655,0.7876044568245125,0.13351016799292661
5656,0.7877437325905292,0.13348656294200847
5657,0.787883008356546,0.13363973837723175
5658,0.7880222841225627,0.13361611876988336
5659,0.7881615598885794,0.13376921717617954
5660,0.7883008356545961,0.13392226148409894
5661,0.7884401114206128,0.13389860448683977
5662,0.7885793871866296,0.13405157188272696
5663,0.7887186629526463,0.1342044852551651
5664,0.7888579387186629,0.134180790960452
5665,0.7889972144846796,0.13433362753751102
5666,0.7891364902506964,0.1343099188139781
5667,0.7892757660167131,0.13428621845773778
5668,0.7894150417827298,0.13443895553987298
5669,0.7895543175487465,0.1344152407832069
5670,0.7896935933147632,0.1343915343915344
5671,0.78983286908078,0.1345441721036854
5672,0.7899721448467967,0.1345204513399154
5673,0.7901114206128134,0.13467301251542393
5674,0.79025069637883,0.13464927740571025
5675,0.7903899721448467,0.13462555066079296
5676,0.7905292479108635,0.1346018322762509
5677,0.7906685236768802,0.13475427162233575
5678,0.7908077994428969,0.1347305389221557
5679,0.7909470752089136,0.134882901919352
5680,0.7910863509749304,0.13485915492957745
5681,0.7912256267409471,0.13501144164759726
5682,0.7913649025069638,0.13498768039422737
5683,0.7915041782729805,0.13513989090269224
5684,0.7916434540389972,0.1352920478536242
5685,0.791782729805014,0.13544415127528583
5686,0.7919220055710307,0.13542033063665143
5687,0.7920612813370473,0.13557235800949535
5688,0.792200557103064,0.13554852320675106
5689,0.7923398328690808,0.13552469678326595
5690,0.7924791086350975,0.13550087873462213
5691,0.7926183844011142,0.13565278509927955
5692,0.7927576601671309,0.13562895291637386
5693,0.7928969359331476,0.1357807834182329
5694,0.7930362116991644,0.13575693712680015
5695,0.7931754874651811,0.13573309920983317
5696,0.7933147632311978,0.13570926966292135
5697,0.7934540389972145,0.135685448481657
5698,0.7935933147632313,0.13566163566163567
5699,0.7937325905292479,0.13581330057904895
5700,0.7938718662952646,0.13578947368421052
5701,0.7940111420612813,0.13594106297140854
5702,0.794150417827298,0.1359172220273588
5703,0.7942896935933148,0.1360687357531124
5704,0.7944289693593315,0.13604488078541374
5705,0.7945682451253482,0.13602103418054337
5706,0.7947075208913649,0.13617245005257625
5707,0.7948467966573816,0.13614858945155073
5708,0.7949860724233984,0.13612473721093202
5709,0.795125348189415,0.13627605535119985
5710,0.7952646239554317,0.13625218914185638
5711,0.7954038997214484,0.1364034319733847
5712,0.7955431754874652,0.13637955182072828
5713,0.7956824512534819,0.1363556800280063
5714,0.7958217270194986,0.13633181659082955
5715,0.7959610027855153,0.1363079615048119
5716,0.796100278551532,0.1364590622813156
5717,0.7962395543175488,0.13643519328319048
5718,0.7963788300835655,0.13641133263378805
5719,0.7965181058495822,0.1363874803287288
5720,0.7966573816155988,0.13636363636363635
5721,0.7967966573816156,0.1363398007341374
5722,0.7969359331476323,0.1364907375043691
5723,0.797075208913649,0.1364668879958064
5724,0.7972144846796657,0.1364430468204053
5725,0.7973537604456824,0.1365938864628821
5726,0.7974930362116992,0.1365700314355571
5727,0.7976323119777159,0.13654618473895583
5728,0.7977715877437326,0.13652234636871508
5729,0.7979108635097493,0.13649851632047477
5730,0.7980501392757661,0.13647469458987785
5731,0.7981894150417828,0.13645088117257023
5732,0.7983286908077994,0.13660153524075366
5733,0.7984679665738161,0.13657770800627944
5734,0.7986072423398328,0.1365538890826648
5735,0.7987465181058496,0.13670444638186574
5736,0.7988857938718663,0.13668061366806136
5737,0.799025069637883,0.13683109639184243
5738,0.7991643454038997,0.136981526664343
5739,0.7993036211699165,0.13713190451298135
5740,0.7994428969359332,0.13710801393728222
5741,0.7995821727019499,0.13708413168437555
5742,0.7997214484679666,0.13706025774991293
5743,0.7998607242339832,0.13703639212954902
5744,0.8,0.1371866295264624
5745,0.8001392757660167,0.13733681462140993
5746,0.8002785515320334,0.13731291333101286
5747,0.8004178272980501,0.1372890203584479
5748,0.8005571030640668,0.1372651356993737
5749,0.8006963788300836,0.13741520264393808
5750,0.8008356545961003,0.1373913043478261
5751,0.800974930362117,0.13736741436271951
5752,0.8011142061281337,0.1375173852573018
5753,0.8012534818941505,0.1374934816617417
5754,0.8013927576601672,0.13764337851929093
5755,0.8015320334261838,0.137619461337967
5756,0.8016713091922005,0.13759555246699096
5757,0.8018105849582172,0.1375716519020323
5758,0.801949860724234,0.13754775963876345
5759,0.8020891364902507,0.13752387567285987
5760,0.8022284122562674,0.1375
5761,0.8023676880222841,0.1376497135913904
5762,0.8025069637883009,0.1376258243665394
5763,0.8026462395543176,0.13760194343224016
5764,0.8027855153203343,0.13775156141568357
5765,0.802924791086351,0.13772766695576757
5766,0.8030640668523676,0.13787721123829344
5767,0.8032033426183844,0.13785330327726722
5768,0.8033426183844011,0.13800277392510402
5769,0.8034818941504178,0.13815219275437685
5770,0.8036211699164345,0.13830155979202774
5771,0.8037604456824513,0.13827759487090627
5772,0.803899721448468,0.13825363825363826
5773,0.8040389972144847,0.13840291009873548
5774,0.8041782729805014,0.13837894007620366
5775,0.8043175487465181,0.13835497835497834
5776,0.8044568245125349,0.13833102493074792
5777,0.8045961002785516,0.13830707979920373
5778,0.8047353760445682,0.13845621322256838
5779,0.8048746518105849,0.13843225471534867
5780,0.8050139275766016,0.1384083044982699
5781,0.8051532033426184,0.13838436256702993
5782,0.8052924791086351,0.1385333794534763
5783,0.8054317548746518,0.138509424174304
5784,0.8055710306406685,0.13865836791147995
5785,0.8057103064066853,0.13880726015557476
5786,0.805849582172702,0.13878326996197718
5787,0.8059888579387187,0.13875928805944357
5788,0.8061281337047354,0.13890808569454044
5789,0.806267409470752,0.1388840905164968
5790,0.8064066852367688,0.138860103626943
5791,0.8065459610027855,0.1388361250215852
5792,0.8066852367688022,0.1388121546961326
5793,0.8068245125348189,0.13878819264629724
5794,0.8069637883008357,0.13893683120469452
5795,0.8071030640668524,0.13891285591026747
5796,0.8072423398328691,0.1390614216701173
5797,0.8073816155988858,0.13903743315508021
5798,0.8075208913649025,0.13918592618144188
5799,0.8076601671309193,0.13916192446973616
5800,0.807799442896936,0.1393103448275862
5801,0.8079387186629526,0.13945871401482504
5802,0.8080779944289693,0.13960703205791106
5803,0.8082172701949861,0.1397552989832845
5804,0.8083565459610028,0.13973121984838044
5805,0.8084958217270195,0.1397071490094746
5806,0.8086350974930362,0.1396830864622804
5807,0.8087743732590529,0.13965903220251422
5808,0.8089136490250697,0.13980716253443526
5809,0.8090529247910864,0.13978309519710794
5810,0.8091922005571031,0.13975903614457832
5811,0.8093314763231197,0.13973498537256926
5812,0.8094707520891364,0.1397109428768066
5813,0.8096100278551532,0.13968690865301908
5814,0.8097493036211699,0.1396628826969384
5815,0.8098885793871866,0.13963886500429923
5816,0.8100278551532033,0.13961485557083905
5817,0.8101671309192201,0.13959085439229843
5818,0.8103064066852368,0.13973874183568236
5819,0.8104456824512535,0.13971472761642895
5820,0.8105849582172702,0.13969072164948454
5821,0.8107242339832869,0.13966672393059612
5822,0.8108635097493037,0.13964273445551356
5823,0.8110027855153203,0.1397904860037781
5824,0.811142061281337,0.13976648351648352
5825,0.8112813370473537,0.13974248927038627
5826,0.8114206128133705,0.13971850326124272
5827,0.8115598885793872,0.1396945254848121
5828,0.8116991643454039,0.13984214138641043
5829,0.8118384401114206,0.13981815062617944
5830,0.8119777158774373,0.13979416809605488
5831,0.8121169916434541,0.13977019379180244
5832,0.8122562674094708,0.13974622770919068
5833,0.8123955431754875,0.1398937082118978
5834,0.8125348189415041,0.13986972917380872
5835,0.8126740947075209,0.14001713796058268
5836,0.8128133704735376,0.14016449623029473
5837,0.8129526462395543,0.1401404831248929
5838,0.813091922005571,0.14028776978417265
5839,0.8132311977715877,0.14043500599417708
5840,0.8133704735376045,0.14058219178082193
5841,0.8135097493036212,0.14055812360897108
5842,0.8136490250696379,0.14070523793221498
5843,0.8137883008356546,0.1406811569399281
5844,0.8139275766016713,0.14082819986310746
5845,0.814066852367688,0.14080410607356716
5846,0.8142061281337047,0.14095107765993842
5847,0.8143454038997214,0.14092697109628868
5848,0.8144846796657381,0.1409028727770178
5849,0.8146239554317549,0.14087878269789708
5850,0.8147632311977716,0.14102564102564102
5851,0.8149025069637883,0.14117244915399077
5852,0.815041782729805,0.14114832535885166
5853,0.8151810584958217,0.1411242098069366
5854,0.8153203342618385,0.14127092586265802
5855,0.8154596100278552,0.14124679760888129
5856,0.8155988857938719,0.14122267759562843
5857,0.8157381615598885,0.1411985658186785
5858,0.8158774373259053,0.1413451689996586
5859,0.816016713091922,0.14149172213688344
5860,0.8161559888579387,0.14146757679180888
5861,0.8162952646239554,0.1414434396860604
5862,0.8164345403899721,0.1415899010576595
5863,0.8165738161559889,0.14156575132184887
5864,0.8167130919220056,0.14154160982264666
5865,0.8168523676880223,0.14151747655583974
5866,0.816991643454039,0.14149335151721787
5867,0.8171309192200558,0.14146923470257372
5868,0.8172701949860725,0.1416155419222904
5869,0.8174094707520891,0.14176179928437554
5870,0.8175487465181058,0.14173764906303238
5871,0.8176880222841225,0.1418838358031
5872,0.8178272980501393,0.1420299727520436
5873,0.817966573816156,0.1421760599352971
5874,0.8181058495821727,0.1421518556350017
5875,0.8182451253481894,0.14229787234042554
5876,0.8183844011142062,0.1424438393464942
5877,0.8185236768802229,0.14241960183767227
5878,0.8186629526462396,0.14256549846886696
5879,0.8188022284122562,0.14254124851165165
5880,0.8189415041782729,0.14251700680272109
5881,0.8190807799442897,0.14249277333786772
5882,0.8192200557103064,0.14246854811288678
5883,0.8193593314763231,0.1426143124256332
5884,0.8194986072423398,0.14259007477906185
5885,0.8196378830083565,0.1427357689039932
5886,0.8197771587743733,0.14271151885830785
5887,0.81991643454039,0.1426872770511296
5888,0.8200557103064067,0.14266304347826086
5889,0.8201949860724234,0.14280862625233487
5890,0.8203342618384402,0.14278438030560273
5891,0.8204735376044568,0.14276014259039213
5892,0.8206128133704735,0.14290563475899526
5893,0.8207520891364902,0.14305107754963517
5894,0.8208913649025069,0.14319647098744487
5895,0.8210306406685237,0.1431721798134012
5896,0.8211699164345404,0.14314789687924015
5897,0.8213091922005571,0.1432931999321689
5898,0.8214484679665738,0.14326890471346218
5899,0.8215877437325906,0.14341413798948974
5900,0.8217270194986073,0.14338983050847456
5901,0.821866295264624,0.1435349940688019
5902,0.8220055710306406,0.1436801084378177
5903,0.8221448467966573,0.14382517364052178
5904,0.8222841225626741,0.14380081300813008
5905,0.8224233983286908,0.14377646062658764
5906,0.8225626740947075,0.14392143582797157
5907,0.8227019498607242,0.14406636194345693
5908,0.822841225626741,0.1440419769803656
5909,0.8229805013927577,0.14418683364359453
5910,0.8231197771587744,0.14416243654822336
5911,0.8232590529247911,0.14413804770766367
5912,0.8233983286908078,0.14411366711772666
5913,0.8235376044568246,0.14408929477422627
5914,0.8236768802228412,0.14406493067297937
5915,0.8238161559888579,0.14420963651732882
5916,0.8239554317548746,0.14418526031102097
5917,0.8240947075208913,0.14432989690721648
5918,0.8242339832869081,0.14430550861777627
5919,0.8243732590529248,0.14428112856901504
5920,0.8245125348189415,0.14442567567567569
5921,0.8246518105849582,0.14457017395710184
5922,0.824791086350975,0.14454576156703816
5923,0.8249303621169917,0.14452135742022623
5924,0.8250696378830084,0.14449696151249156
5925,0.825208913649025,0.14447257383966244
5926,0.8253481894150417,0.1446169422882214
5927,0.8254874651810585,0.14459254260165344
5928,0.8256267409470752,0.1445681511470985
5929,0.8257660167130919,0.14471243042671614
5930,0.8259052924791086,0.14468802698145025
5931,0.8260445682451254,0.14483223739672904
5932,0.8261838440111421,0.14480782198246797
5933,0.8263231197771588,0.1447834147985842
5934,0.8264623955431755,0.14492753623188406
5935,0.8266016713091922,0.14490311710193765
5936,0.826740947075209,0.14487870619946092
5937,0.8268802228412256,0.14502273875694796
5938,0.8270194986072423,0.14499831593129
5939,0.827158774373259,0.14514227984509176
5940,0.8272980501392758,0.14511784511784512
5941,0.8274373259052925,0.14526174044773607
5942,0.8275766016713092,0.1454055873443285
5943,0.8277158774373259,0.1453811206461383
5944,0.8278551532033426,0.14535666218034993
5945,0.8279944289693594,0.1455004205214466
5946,0.8281337047353761,0.14547595021863438
5947,0.8282729805013928,0.14561964015469986
5948,0.8284122562674094,0.1457632817753867
5949,0.8285515320334261,0.14590687510505967
5950,0.8286908077994429,0.14588235294117646
5951,0.8288300835654596,0.14602587800369685
5952,0.8289693593314763,0.1460013440860215
5953,0.829108635097493,0.14597681841088528
5954,0.8292479108635098,0.14612025529056097
5955,0.8293871866295265,0.14609571788413098
5956,0.8295264623955432,0.1460711887172599
5957,0.8296657381615599,0.14621453751888536
5958,0.8298050139275766,0.14618999664316884
5959,0.8299442896935934,0.14633327739553617
5960,0.83008356545961,0.1464765100671141
5961,0.8302228412256267,0.14645193759436337
5962,0.8303621169916434,0.1465951023146595
5963,0.8305013927576602,0.14657051819553915
5964,0.8306406685236769,0.1467136150234742
5965,0.8307799442896936,0.14668901927912825
5966,0.8309192200557103,0.14666443178008717
5967,0.831058495821727,0.146807440925088
5968,0.8311977715877438,0.1467828418230563
5969,0.8313370473537605,0.14692578321326855
5970,0.8314763231197771,0.14706867671691792
5971,0.8316155988857938,0.14721152235806398
5972,0.8317548746518106,0.14735432016075017
5973,0.8318941504178273,0.14732965009208104
5974,0.832033426183844,0.14730498828255775
5975,0.8321727019498607,0.14728033472803348
5976,0.8323119777158774,0.14725568942436412
5977,0.8324512534818942,0.14739836038146228
5978,0.8325905292479109,0.14737370357979257
5979,0.8327298050139276,0.14751630707476165
5980,0.8328690807799443,0.14749163879598662
5981,0.833008356545961,0.14763417488714262
5982,0.8331476323119777,0.14760949515212304
5983,0.8332869080779944,0.14775196389771017
5984,0.8334261838440111,0.14789438502673796
5985,0.8335654596100278,0.14803675856307436
5986,0.8337047353760446,0.14801202806548613
5987,0.8338440111420613,0.1481543343911809
5988,0.833983286908078,0.14812959251837007
5989,0.8341225626740947,0.1482718316914343
5990,0.8342618384401114,0.14824707846410684
5991,0.8344011142061282,0.14822233350025038
5992,0.8345403899721449,0.1483644859813084
5993,0.8346796657381615,0.14850659102286
5994,0.8348189415041782,0.14848181514848183
5995,0.834958217270195,0.14862385321100918
5996,0.8350974930362117,0.14876584389593062
5997,0.8352367688022284,0.1487410371852593
5998,0.8353760445682451,0.14871623874624876
5999,0.8355153203342618,0.14869144857476246
6000,0.8356545961002786,0.14866666666666667
6001,0.8357938718662953,0.1488085319113481
6002,0.835933147632312,0.14895034988337222
6003,0.8360724233983287,0.1489255372313843
6004,0.8362116991643455,0.14890073284477015
6005,0.8363509749303621,0.1488759367194005
6006,0.8364902506963788,0.14901764901764902
6007,0.8366295264623955,0.14899284168470117
6008,0.8367688022284122,0.14896804260985352
6009,0.836908077994429,0.14894325178898318
6010,0.8370473537604457,0.14891846921797006
6011,0.8371866295264624,0.14889369489269672
6012,0.8373259052924791,0.14886892880904856
6013,0.8374651810584958,0.1488441709629137
6014,0.8376044568245126,0.14898570003325573
6015,0.8377437325905293,0.14912718204488778
6016,0.8378830083565459,0.14926861702127658
6017,0.8380222841225626,0.14924380920724614
6018,0.8381615598885794,0.14938517779993354
6019,0.8383008356545961,0.1493603588635986
6020,0.8384401114206128,0.1493355481727575
6021,0.8385793871866295,0.14947683109118087
6022,0.8387186629526462,0.1496180670873464
6023,0.838857938718663,0.1497592561846256
6024,0.8389972144846797,0.1499003984063745
6025,0.8391364902506964,0.15004149377593362
6026,0.839275766016713,0.15001659475605708
6027,0.8394150417827299,0.15015762402521984
6028,0.8395543175487465,0.15013271400132713
6029,0.8396935933147632,0.15010781224083597
6030,0.8398328690807799,0.15024875621890546
6031,0.8399721448467966,0.15038965345713812
6032,0.8401114206128134,0.15036472148541113
6033,0.8402506963788301,0.15033979777888282
6034,0.8403899721448468,0.15048060987736162
6035,0.8405292479108635,0.15062137531068764
6036,0.8406685236768803,0.15059642147117297
6037,0.840807799442897,0.15073712108663243
6038,0.8409470752089137,0.15071215634316
6039,0.8410863509749303,0.15068719986752774
6040,0.841225626740947,0.15066225165562913
6041,0.8413649025069638,0.15063731170336037
6042,0.8415041782729805,0.15061238000662033
6043,0.8416434540389972,0.15058745656131062
6044,0.8417827298050139,0.15056254136333555
6045,0.8419220055710307,0.15053763440860216
6046,0.8420612813370474,0.15051273569302018
6047,0.8422005571030641,0.15048784521250208
6048,0.8423398328690808,0.15046296296296297
6049,0.8424791086350975,0.1506034055215738
6050,0.8426183844011143,0.15074380165289256
6051,0.8427576601671309,0.1508841513799372
6052,0.8428969359331476,0.1508592200925314
6053,0.8430362116991643,0.1508342970427887
6054,0.843175487465181,0.15097456227287745
6055,0.8433147632311978,0.1509496284062758
6056,0.8434540389972145,0.1510898282694848
6057,0.8435933147632312,0.1512299818391943
6058,0.8437325905292479,0.15120501815780785
6059,0.8438718662952647,0.1511800627166199
6060,0.8440111420612814,0.15115511551155114
6061,0.844150417827298,0.1512951658142221
6062,0.8442896935933147,0.1514351699109205
6063,0.8444289693593314,0.15141019297377536
6064,0.8445682451253482,0.15138522427440634
6065,0.8447075208913649,0.15136026380873865
6066,0.8448467966573816,0.15150016485328058
6067,0.8449860724233983,0.15147519367067744
6068,0.8451253481894151,0.1514502307185234
6069,0.8452646239554318,0.15142527599275005
6070,0.8454038997214485,0.1515650741350906
6071,0.8455431754874652,0.15154010871355625
6072,0.8456824512534818,0.15167984189723321
6073,0.8458217270194986,0.15181952906306603
6074,0.8459610027855153,0.15195917023378333
6075,0.846100278551532,0.15193415637860083
6076,0.8462395543175487,0.15207373271889402
6077,0.8463788300835655,0.15204870824419944
6078,0.8465181058495822,0.15202369200394866
6079,0.8466573816155989,0.15199868399407798
6080,0.8467966573816156,0.15197368421052632
6081,0.8469359331476323,0.15194869264923533
6082,0.8470752089136491,0.1519237093061493
6083,0.8472144846796658,0.1518987341772152
6084,0.8473537604456824,0.15203813280736359
6085,0.8474930362116991,0.15217748562037797
6086,0.8476323119777158,0.1521524811041735
6087,0.8477715877437326,0.15212748480367996
6088,0.8479108635097493,0.15226675427069644
6089,0.848050139275766,0.15224174741336838
6090,0.8481894150417827,0.1522167487684729
6091,0.8483286908077995,0.1521917583319652
6092,0.8484679665738162,0.15216677609980303
6093,0.8486072423398329,0.15230592483177416
6094,0.8487465181058496,0.15228093206432555
6095,0.8488857938718662,0.15225594749794913
6096,0.849025069637883,0.15239501312335957
6097,0.8491643454038997,0.15237001804165984
6098,0.8493036211699164,0.15234503115775663
6099,0.8494428969359331,0.15232005246761765
6100,0.8495821727019499,0.15229508196721311
6101,0.8497214484679666,0.15227011965251597
6102,0.8498607242339833,0.1522451655195018
6103,0.85,0.15222021956414877
6104,0.8501392757660167,0.15219528178243774
6105,0.8502785515320335,0.15217035217035216
6106,0.8504178272980502,0.15214543072387815
6107,0.8505571030640668,0.15228426395939088
6108,0.8506963788300835,0.15225933202357564
6109,0.8508356545961003,0.15223440825012277
6110,0.850974930362117,0.15220949263502456
6111,0.8511142061281337,0.15234822451317298
6112,0.8512534818941504,0.15248691099476439
6113,0.8513927576601671,0.15262555210207754
6114,0.8515320334261839,0.15260058881256133
6115,0.8516713091922006,0.1525756336876533
6116,0.8518105849582173,0.1525506867233486
6117,0.851949860724234,0.1525257479156449
6118,0.8520891364902506,0.15250081726054265
6119,0.8522284122562674,0.15247589475404477
6120,0.8523676880222841,0.15261437908496733
6121,0.8525069637883008,0.15258944616892664
6122,0.8526462395543175,0.15272786671022542
6123,0.8527855153203343,0.15286624203821655
6124,0.852924791086351,0.15284128020901372
6125,0.8530640668523677,0.15281632653061225
6126,0.8532033426183844,0.15295461965393406
6127,0.8533426183844011,0.15292965562265382
6128,0.8534818941504179,0.1529046997389034
6129,0.8536211699164346,0.15287975199869472
6130,0.8537604456824512,0.1528548123980424
6131,0.8538997214484679,0.15282988093296362
6132,0.8540389972144847,0.15280495759947815
6133,0.8541782729805014,0.15294309473340942
6134,0.8543175487465181,0.15291816106944897
6135,0.8544568245125348,0.15289323553382234
6136,0.8545961002785515,0.15303129074315516
6137,0.8547353760445683,0.1531693009613818
6138,0.854874651810585,0.1531443466927338
6139,0.8550139275766017,0.15311940055383613
6140,0.8551532033426184,0.153257328990228
6141,0.8552924791086352,0.15323237257775607
6142,0.8554317548746518,0.1533702377075871
6143,0.8555710306406685,0.15334527104020837
6144,0.8557103064066852,0.15348307291666666
6145,0.8558495821727019,0.15362082994304313
6146,0.8559888579387187,0.15375854214123008
6147,0.8561281337047354,0.1538962095331056
6148,0.8562674094707521,0.1540338321405335
6149,0.8564066852367688,0.15417140998536347
6150,0.8565459610027855,0.15430894308943088
6151,0.8566852367688023,0.15444643147455697
6152,0.856824512534819,0.1544213263979194
6153,0.8569637883008356,0.1545587518283764
6154,0.8571030640668523,0.1545336366590835
6155,0.8572423398328691,0.1545085296506905
6156,0.8573816155988858,0.15448343079922028
6157,0.8575208913649025,0.1544583401006984
6158,0.8576601671309192,0.15459564793764208
6159,0.8577994428969359,0.15473291118688098
6160,0.8579387186629527,0.15487012987012988
6161,0.8580779944289694,0.15484499269599092
6162,0.8582172701949861,0.15481986368062317
6163,0.8583565459610027,0.15479474282005518
6164,0.8584958217270195,0.15476963011031797
6165,0.8586350974930362,0.15474452554744525
6166,0.8587743732590529,0.15471942912747325
6167,0.8589136490250696,0.1548564942435544
6168,0.8590529247910863,0.1548313878080415
6169,0.8591922005571031,0.15496839033879073
6170,0.8593314763231198,0.15510534846029173
6171,0.8594707520891365,0.15524226219413384
6172,0.8596100278551532,0.15521710952689566
6173,0.85974930362117,0.15519196500890978
6174,0.8598885793871867,0.15532879818594103
6175,0.8600278551532033,0.15546558704453442
6176,0.86016713091922,0.15544041450777202
6177,0.8603064066852367,0.1555771410069613
6178,0.8604456824512535,0.1557138232437682
6179,0.8605849582172702,0.1558504612396828
6180,0.8607242339832869,0.15598705501618124
6181,0.8608635097493036,0.15596181847597476
6182,0.8610027855153203,0.15593659010029118
6183,0.8611420612813371,0.15607310367135693
6184,0.8612813370473538,0.15604786545924967
6185,0.8614206128133705,0.15602263540824576
6186,0.8615598885793871,0.15599741351438734
6187,0.861699164345404,0.15613382899628253
6188,0.8618384401114206,0.15627020038784745
6189,0.8619777158774373,0.15624495071901762
6190,0.862116991643454,0.15638126009693054
6191,0.8622562674094707,0.15651752544015507
6192,0.8623955431754875,0.15665374677002583
6193,0.8625348189415042,0.15662845147747456
6194,0.8626740947075209,0.15676461091378754
6195,0.8628133704735376,0.15673930589184826
6196,0.8629526462395544,0.1567140090380891
6197,0.863091922005571,0.15668872034855574
6198,0.8632311977715877,0.15666343981929653
6199,0.8633704735376044,0.1567994837877077
6200,0.8635097493036211,0.1567741935483871
6201,0.8636490250696379,0.1567489114658926
6202,0.8637883008356546,0.15688487584650113
6203,0.8639275766016713,0.1568595840722231
6204,0.864066852367688,0.15699548678272082
6205,0.8642061281337048,0.1571313456889605
6206,0.8643454038997215,0.1572671608121173
6207,0.8644846796657382,0.157241823747382
6208,0.8646239554317549,0.15737757731958762
6209,0.8647632311977715,0.15751328716379448
6210,0.8649025069637883,0.157487922705314
6211,0.865041782729805,0.15762357108356143
6212,0.8651810584958217,0.157598197037991
6213,0.8653203342618384,0.15757283116047
6214,0.8654596100278552,0.15770840038622466
6215,0.8655988857938719,0.1578439259855189
6216,0.8657381615598886,0.157979407979408
6217,0.8658774373259053,0.15811484638893358
6218,0.866016713091922,0.15808941781923447
6219,0.8661559888579388,0.15822479498311626
6220,0.8662952646239555,0.15836012861736334
6221,0.8664345403899721,0.1583346728821733
6222,0.8665738161559888,0.15846994535519127
6223,0.8667130919220055,0.15844448015426643
6224,0.8668523676880223,0.15841902313624678
6225,0.866991643454039,0.15839357429718876
6226,0.8671309192200557,0.15852875040154193
6227,0.8672701949860724,0.15866388308977036
6228,0.8674094707520892,0.15879897238278742
6229,0.8675487465181059,0.158934018301493
6230,0.8676880222841226,0.15906902086677369
6231,0.8678272980501393,0.15904349221633768
6232,0.8679665738161559,0.15917843388960207
6233,0.8681058495821727,0.15915289587678486
6234,0.8682451253481894,0.1591273660571062
6235,0.8683844011142061,0.1591018444266239
6236,0.8685236768802228,0.1592366901860167
6237,0.8686629526462396,0.15921115921115922
6238,0.8688022284122563,0.1591856364219301
6239,0.868941504178273,0.15932040391088315
6240,0.8690807799442897,0.15929487179487178
6241,0.8692200557103064,0.15942957859317416
6242,0.8693593314763232,0.15956424223005447
6243,0.8694986072423398,0.15953868332532437
6244,0.8696378830083565,0.15951313260730302
6245,0.8697771587743732,0.15948759007205765
6246,0.86991643454039,0.15946205571565802
6247,0.8700557103064067,0.1594365295341764
6248,0.8701949860724234,0.15957106274007682
6249,0.8703342618384401,0.15970555288846217
6250,0.8704735376044568,0.15968
6251,0.8706128133704736,0.15965445528715405
6252,0.8707520891364903,0.15962891874600127
6253,0.870891364902507,0.15960339037262114
6254,0.8710306406685236,0.1597377678285897
6255,0.8711699164345403,0.15971223021582734
6256,0.8713091922005571,0.159846547314578
6257,0.8714484679665738,0.159821000479463
6258,0.8715877437325905,0.15979546180888463
6259,0.8717270194986072,0.15992970123022848
6260,0.871866295264624,0.1599041533546326
6261,0.8720055710306407,0.16003833253473887
6262,0.8721448467966574,0.1600127754710955
6263,0.8722841225626741,0.15998722656873704
6264,0.8724233983286908,0.1601213282247765
6265,0.8725626740947076,0.16009577015163606
6266,0.8727019498607242,0.16007022023619533
6267,0.8728412256267409,0.16004467847454923
6268,0.8729805013927576,0.16001914486279514
6269,0.8731197771587744,0.16015313447120752
6270,0.8732590529247911,0.16028708133971292
6271,0.8733983286908078,0.16026152128847074
6272,0.8735376044568245,0.1603954081632653
6273,0.8736768802228412,0.16036983899250756
6274,0.873816155988858,0.16050366592285623
6275,0.8739554317548747,0.16047808764940238
6276,0.8740947075208914,0.16061185468451242
6277,0.874233983286908,0.16058626732515532
6278,0.8743732590529248,0.16056068811723478
6279,0.8745125348189415,0.1605351170568562
6280,0.8746518105849582,0.16050955414012738
6281,0.8747910863509749,0.16064320967998727
6282,0.8749303621169916,0.1606176376950016
6283,0.8750696378830084,0.16059207385007163
6284,0.8752089136490251,0.16072565245066836
6285,0.8753481894150418,0.16070007955449483
6286,0.8754874651810585,0.16083359847279668
6287,0.8756267409470752,0.16080801654207094
6288,0.875766016713092,0.16078244274809161
6289,0.8759052924791086,0.16091588487835903
6290,0.8760445682451253,0.16104928457869636
6291,0.876183844011142,0.16102368462883485
6292,0.8763231197771588,0.16099809281627464
6293,0.8764623955431755,0.1609725091371365
6294,0.8766016713091922,0.1609469335875437
6295,0.8767409470752089,0.16108022239872916
6296,0.8768802228412256,0.1610546378653113
6297,0.8770194986072424,0.16118786723836748
6298,0.8771587743732591,0.16132105430295332
6299,0.8772980501392758,0.16145419907921893
6300,0.8774373259052924,0.16142857142857142
6301,0.8775766016713092,0.16140295191239487
6302,0.8777158774373259,0.16153602031101238
6303,0.8778551532033426,0.161510391876884
6304,0.8779944289693593,0.16148477157360405
6305,0.878133704735376,0.16161776367961936
6306,0.8782729805013928,0.16175071360608945
6307,0.8784122562674095,0.16188362137307755
6308,0.8785515320334262,0.161857958148383
6309,0.8786908077994429,0.16183230305912188
6310,0.8788300835654597,0.1618066561014263
6311,0.8789693593314764,0.16178101727143082
6312,0.879108635097493,0.16191381495564006
6313,0.8792479108635097,0.16204657056866784
6314,0.8793871866295264,0.16217928413050364
6315,0.8795264623955432,0.16215360253365005
6316,0.8796657381615599,0.16212792906903103
6317,0.8798050139275766,0.16210226373278455
6318,0.8799442896935933,0.16207660652105096
6319,0.88008356545961,0.1622092103180883
6320,0.8802228412256268,0.16218354430379747
6321,0.8803621169916435,0.16231608922638824
6322,0.8805013927576602,0.16229041442581463
6323,0.8806406685236768,0.16226474774632293
6324,0.8807799442896936,0.16239721695129664
6325,0.8809192200557103,0.16237154150197627
6326,0.881058495821727,0.16250395194435663
6327,0.8811977715877437,0.16247826774142562
6328,0.8813370473537604,0.16261061946902655
6329,0.8814763231197772,0.1625849265286775
6330,0.8816155988857939,0.1627172195892575
6331,0.8817548746518106,0.16269151792765757
6332,0.8818941504178273,0.16266582438408086
6333,0.8820334261838441,0.16264013895468182
6334,0.8821727019498607,0.1626144616356173
6335,0.8823119777158774,0.16258879242304658
6336,0.8824512534818941,0.16272095959595959
6337,0.8825905292479108,0.16269528167902794
6338,0.8827298050139276,0.1626696118649416
6339,0.8828690807799443,0.16280170373876005
6340,0.883008356545961,0.16293375394321766
6341,0.8831476323119777,0.1630657624980287
6342,0.8832869080779945,0.163040050457269
6343,0.8834261838440112,0.16317200063061643
6344,0.8835654596100279,0.16330390920554855
6345,0.8837047353760445,0.16343577620173366
6346,0.8838440111420612,0.1635676016388276
6347,0.883983286908078,0.16369938553647392
6348,0.8841225626740947,0.1636735979836169
6349,0.8842618384401114,0.16380532367301937
6350,0.8844011142061281,0.16393700787401574
6351,0.8845403899721448,0.1639111950873878
6352,0.8846796657381616,0.1638853904282116
6353,0.8848189415041783,0.16385959389264915
6354,0.884958217270195,0.16399118665407617
6355,0.8850974930362117,0.16396538158929977
6356,0.8852367688022285,0.16393958464443045
6357,0.8853760445682451,0.1639137958156363
6358,0.8855153203342618,0.16404529726329034
6359,0.8856545961002785,0.1640194999213713
6360,0.8857938718662952,0.1639937106918239
6361,0.885933147632312,0.1641251375569879
6362,0.8860724233983287,0.16409933983024205
6363,0.8862116991643454,0.16423070878516424
6364,0.8863509749303621,0.1643620364550597
6365,0.8864902506963789,0.16449332285938728
6366,0.8866295264623956,0.16462456801759345
6367,0.8867688022284123,0.16475577194911262
6368,0.886908077994429,0.16472989949748743
6369,0.8870473537604456,0.16470403517035642
6370,0.8871866295264624,0.16467817896389325
6371,0.8873259052924791,0.16465233087427406
6372,0.8874651810584958,0.1647834274952919
6373,0.8876044568245125,0.1647575710026675
6374,0.8877437325905293,0.16473172262315658
6375,0.887883008356546,0.16470588235294117
6376,0.8880222841225627,0.16483688833124216
6377,0.8881615598885794,0.16481103967382782
6378,0.888300835654596,0.16494198808403887
6379,0.8884401114206129,0.1649161310550243
6380,0.8885793871866295,0.16489028213166143
6381,0.8887186629526462,0.16486444131013947
6382,0.8888579387186629,0.16483860858664995
6383,0.8889972144846797,0.164969450101833
6384,0.8891364902506964,0.1651002506265664
6385,0.8892757660167131,0.16523101018010963
6386,0.8894150417827298,0.1652051362355152
6387,0.8895543175487465,0.16517927039298574
6388,0.8896935933147633,0.16515341264871633
6389,0.88983286908078,0.16528408201596495
6390,0.8899721448467967,0.1652582159624413
6391,0.8901114206128133,0.16538882803943045
6392,0.89025069637883,0.16551939924906134
6393,0.8903899721448468,0.16549350852494915
6394,0.8905292479108635,0.16546762589928057
6395,0.8906685236768802,0.16559812353401093
6396,0.8908077994428969,0.1657285803627267
6397,0.8909470752089137,0.16585899640456464
6398,0.8910863509749304,0.16583307283526103
6399,0.8912256267409471,0.1659634317862166
6400,0.8913649025069638,0.1659375
6401,0.8915041782729805,0.1659115763162006
6402,0.8916434540389973,0.16604186191815057
6403,0.8917827298050139,0.1661721068249258
6404,0.8919220055710306,0.16630231105559026
6405,0.8920612813370473,0.16643247462919594
6406,0.8922005571030641,0.16640649391195753
6407,0.8923398328690808,0.16638052130482284
6408,0.8924791086350975,0.16651061173533083
6409,0.8926183844011142,0.16648463098767358
6410,0.8927576601671309,0.16645865834633386
6411,0.8928969359331477,0.1665886757136172
6412,0.8930362116991644,0.16656269494697443
6413,0.893175487465181,0.1666926555434274
6414,0.8933147632311977,0.16666666666666666
6415,0.8934540389972145,0.16679657053780203
6416,0.8935933147632312,0.1667705735660848
6417,0.8937325905292479,0.16690042075736325
6418,0.8938718662952646,0.16703022748519789
6419,0.8940111420612813,0.16715999376849977
6420,0.8941504178272981,0.16713395638629283
6421,0.8942896935933148,0.16726366609562374
6422,0.8944289693593315,0.16739333540952975
6423,0.8945682451253482,0.1675229643468784
6424,0.8947075208913648,0.16749688667496887
6425,0.8948467966573816,0.16762645914396887
6426,0.8949860724233983,0.1676003734827264
6427,0.895125348189415,0.16772988952855142
6428,0.8952646239554317,0.16770379589296827
6429,0.8954038997214485,0.1676777103748639
6430,0.8955431754874652,0.16780715396578538
6431,0.8956824512534819,0.16778106048826
6432,0.8958217270194986,0.16791044776119404
6433,0.8959610027855153,0.16788434633918856
6434,0.8961002785515321,0.167858253030774
6435,0.8962395543175488,0.16783216783216784
6436,0.8963788300835654,0.16796146674953388
6437,0.8965181058495821,0.16793537362125213
6438,0.8966573816155989,0.16806461634047842
6439,0.8967966573816156,0.16803851529740643
6440,0.8969359331476323,0.16801242236024844
6441,0.897075208913649,0.167986337525229
6442,0.8972144846796657,0.16811549208320398
6443,0.8973537604456825,0.16808939934812975
6444,0.8974930362116992,0.1680633147113594
6445,0.8976323119777159,0.16803723816912336
6446,0.8977715877437326,0.16801116971765437
6447,0.8979108635097494,0.16798510935318753
6448,0.898050139275766,0.16811414392059554
6449,0.8981894150417827,0.16808807567064663
6450,0.8983286908077994,0.16806201550387598
6451,0.8984679665738161,0.16803596341652458
6452,0.8986072423398329,0.1680099194048357
6453,0.8987465181058496,0.16798388346505502
6454,0.8988857938718663,0.16795785559343043
6455,0.899025069637883,0.16793183578621224
6456,0.8991643454038997,0.16790582403965304
6457,0.8993036211699165,0.16803469103298746
6458,0.8994428969359332,0.16800867141529885
6459,0.8995821727019498,0.1681374825824431
6460,0.8997214484679665,0.16811145510835912
6461,0.8998607242339833,0.1682402104937316
6462,0.9,0.16821417517796347
6463,0.9001392757660167,0.16818814791892311
6464,0.9002785515320334,0.16831683168316833
6465,0.9004178272980501,0.1682907965970611
6466,0.9005571030640669,0.16826476956387257
6467,0.9006963788300836,0.1683933817844441
6468,0.9008356545961003,0.1683673469387755
6469,0.900974930362117,0.16834132014221673
6470,0.9011142061281338,0.16846986089644514
6471,0.9012534818941504,0.1685983619224231
6472,0.9013927576601671,0.16872682323856614
6473,0.9015320334261838,0.16870075699057624
6474,0.9016713091922005,0.1686746987951807
6475,0.9018105849582173,0.16864864864864865
6476,0.901949860724234,0.16877702285361335
6477,0.9020891364902507,0.1687509649529103
6478,0.9022284122562674,0.16872491509725224
6479,0.9023676880222842,0.1688532180892113
6480,0.9025069637883009,0.16882716049382715
6481,0.9026462395543176,0.16895540811603146
6482,0.9027855153203342,0.1689293427954335
6483,0.9029247910863509,0.1690575350917785
6484,0.9030640668523677,0.16903146206045652
6485,0.9032033426183844,0.1690053970701619
6486,0.9033426183844011,0.16913351834720938
6487,0.9034818941504178,0.16910744566055189
6488,0.9036211699164345,0.16923551171393342
6489,0.9037604456824513,0.16920943134535368
6490,0.903899721448468,0.16933744221879815
6491,0.9040389972144847,0.16946541364966877
6492,0.9041782729805014,0.16959334565619225
6493,0.9043175487465182,0.169721238256584
6494,0.9044568245125348,0.16984909146904836
6495,0.9045961002785515,0.16982294072363358
6496,0.9047353760445682,0.16995073891625614
6497,0.9048746518105849,0.17007849776820072
6498,0.9050139275766017,0.17020621729763005
6499,0.9051532033426184,0.1701800276965687
6500,0.9052924791086351,0.17015384615384616
6501,0.9054317548746518,0.17012767266574375
6502,0.9055710306406686,0.17010150722854506
6503,0.9057103064066853,0.1702291250192219
6504,0.905849582172702,0.17035670356703567
6505,0.9059888579387186,0.17048424289008454
6506,0.9061281337047353,0.17061174300645557
6507,0.9062674094707521,0.17058552328261872
6508,0.9064066852367688,0.17071296865396435
6509,0.9065459610027855,0.17084037486557074
6510,0.9066852367688022,0.17096774193548386
6511,0.906824512534819,0.1710950698817386
6512,0.9069637883008357,0.17106879606879608
6513,0.9071030640668524,0.17119606939966223
6514,0.9072423398328691,0.171169788148603
6515,0.9073816155988857,0.17114351496546432
6516,0.9075208913649025,0.1712707182320442
6517,0.9076601671309192,0.17124443762467392
6518,0.9077994428969359,0.17137158637618902
6519,0.9079387186629526,0.17149869611903668
6520,0.9080779944289693,0.17162576687116565
6521,0.9082172701949861,0.17175279865051374
6522,0.9083565459610028,0.17172646427476235
6523,0.9084958217270195,0.17170013797332515
6524,0.9086350974930362,0.17182709993868792
6525,0.908774373259053,0.17195402298850573
6526,0.9089136490250697,0.1720809071406681
6527,0.9090529247910863,0.17205454266891373
6528,0.909192200557103,0.1720281862745098
6529,0.9093314763231197,0.17215500076581405
6530,0.9094707520891365,0.17228177641653905
6531,0.9096100278551532,0.1724085132445261
6532,0.9097493036211699,0.17238211879975504
6533,0.9098885793871866,0.17250880146946274
6534,0.9100278551532034,0.17263544536271808
6535,0.9101671309192201,0.17260902830910482
6536,0.9103064066852368,0.17273561811505508
6537,0.9104456824512535,0.17286216919076028
6538,0.9105849582172701,0.1728357295809116
6539,0.910724233983287,0.172809298057807
6540,0.9108635097493036,0.17293577981651376
6541,0.9110027855153203,0.17306222290169698
6542,0.911142061281337,0.17318862733109142
6543,0.9112813370473538,0.1733149931224209
6544,0.9114206128133705,0.17344132029339854
6545,0.9115598885793872,0.1735676088617265
6546,0.9116991643454039,0.17354109379773908
6547,0.9118384401114206,0.1736673285474263
6548,0.9119777158774374,0.17379352474037874
6549,0.9121169916434541,0.17391968239425867
6550,0.9122562674094707,0.17389312977099236
6551,0.9123955431754874,0.1740192337047779
6552,0.9125348189415042,0.17399267399267399
6553,0.9126740947075209,0.17396612238669312
6554,0.9128133704735376,0.1739395788831248
6555,0.9129526462395543,0.1740655987795576
6556,0.913091922005571,0.17403904820012203
6557,0.9132311977715878,0.17416501448833308
6558,0.9133704735376045,0.17429094236047576
6559,0.9135097493036212,0.17441683183412104
6560,0.9136490250696379,0.174390243902439
6561,0.9137883008356545,0.17436366407559822
6562,0.9139275766016713,0.17433709234989334
6563,0.914066852367688,0.17446289806490933
6564,0.9142061281337047,0.17443631931748935
6565,0.9143454038997214,0.1744097486671744
6566,0.9144846796657382,0.1745354858361255
6567,0.9146239554317549,0.17466118471143596
6568,0.9147632311977716,0.17478684531059682
6569,0.9149025069637883,0.17491246765108845
6570,0.915041782729805,0.1750380517503805
6571,0.9151810584958218,0.17501141378785573
6572,0.9153203342618385,0.17513694461351187
6573,0.9154596100278551,0.17526243724326793
6574,0.9155988857938718,0.1753878916945543
6575,0.9157381615598886,0.17536121673003802
6576,0.9158774373259053,0.17548661800486617
6577,0.916016713091922,0.17545993614109776
6578,0.9161559888579387,0.17558528428093645
6579,0.9162952646239554,0.17555859553123576
6580,0.9164345403899722,0.1756838905775076
6581,0.9165738161559889,0.17580914754596566
6582,0.9167130919220056,0.17578243694925555
6583,0.9168523676880223,0.17575573446756798
6584,0.916991643454039,0.1758809234507898
6585,0.9171309192200557,0.17585421412300684
6586,0.9172701949860724,0.17582751290616458
6587,0.9174094707520891,0.175800819796569
6588,0.9175487465181058,0.17592592592592593
6589,0.9176880222841226,0.17605099408104416
6590,0.9178272980501393,0.17602427921092564
6591,0.917966573816156,0.17614929449248976
6592,0.9181058495821727,0.17627427184466019
6593,0.9182451253481894,0.17639921128469588
6594,0.9183844011142062,0.17652411282984531
6595,0.9185236768802229,0.17649734647460197
6596,0.9186629526462395,0.17662219526986053
6597,0.9188022284122562,0.1765954221615886
6598,0.918941504178273,0.17656865716883904
6599,0.9190807799442897,0.17669343839975754
6600,0.9192200557103064,0.17681818181818182
6601,0.9193593314763231,0.17679139524314497
6602,0.9194986072423398,0.1767646167827931
6603,0.9196378830083566,0.17673784643343934
6604,0.9197771587743733,0.17671108419139916
6605,0.91991643454039,0.17668433005299017
6606,0.9200557103064066,0.17680896155010598
6607,0.9201949860724234,0.17693355532011504
6608,0.9203342618384401,0.17705811138014527
6609,0.9204735376044568,0.17703132092600998
6610,0.9206128133704735,0.17700453857791226
6611,0.9207520891364902,0.17712902737861141
6612,0.920891364902507,0.17710223835450695
6613,0.9210306406685237,0.1772266747315893
6614,0.9211699164345404,0.17719987904445117
6615,0.9213091922005571,0.17732426303854876
6616,0.9214484679665739,0.1772974607013301
6617,0.9215877437325906,0.17727066646516548
6618,0.9217270194986072,0.17724388032638258
6619,0.9218662952646239,0.17721710228131138
6620,0.9220055710306406,0.17719033232628398
6621,0.9221448467966574,0.1773146050445552
6622,0.9222841225626741,0.17728782845061916
6623,0.9224233983286908,0.1774120489204288
6624,0.9225626740947075,0.1773852657004831
6625,0.9227019498607242,0.17735849056603772
6626,0.922841225626741,0.17733172351343193
6627,0.9229805013927577,0.17745586238116795
6628,0.9231197771587744,0.17742908871454435
6629,0.923259052924791,0.17755317544124302
6630,0.9233983286908078,0.17767722473604827
6631,0.9235376044568245,0.17780123661589503
6632,0.9236768802228412,0.1779252110977081
6633,0.9238161559888579,0.17789838685361073
6634,0.9239554317548746,0.17802230931564667
6635,0.9240947075208914,0.17799547852298417
6636,0.9242339832869081,0.17796865581675708
6637,0.9243732590529248,0.1780925116769625
6638,0.9245125348189415,0.17821633021994576
6639,0.9246518105849583,0.178189486368429
6640,0.924791086350975,0.17816265060240963
6641,0.9249303621169916,0.1782864026502033
6642,0.9250696378830083,0.1784101174345077
6643,0.925208913649025,0.1783832605750414
6644,0.9253481894150418,0.1785069235400361
6645,0.9254874651810585,0.17863054928517683
6646,0.9256267409470752,0.17875413782726451
6647,0.9257660167130919,0.1788776891830901
6648,0.9259052924791087,0.17900120336943443
6649,0.9260445682451254,0.17897428184689426
6650,0.9261838440111421,0.17894736842105263
6651,0.9263231197771588,0.1789204630882574
6652,0.9264623955431754,0.17904389657245942
6653,0.9266016713091922,0.1790169848188787
6654,0.9267409470752089,0.17899008115419296
6655,0.9268802228412256,0.17896318557475582
6656,0.9270194986072423,0.17908653846153846
6657,0.927158774373259,0.1790596364728857
6658,0.9272980501392758,0.17903274256533494
6659,0.9274373259052925,0.17900585673524552
6660,0.9275766016713092,0.178978978978979
6661,0.9277158774373259,0.17910223690136617
6662,0.9278551532033427,0.17922545782047433
6663,0.9279944289693594,0.17919855920756417
6664,0.928133704735376,0.17917166866746698
6665,0.9282729805013927,0.17914478619654914
6666,0.9284122562674094,0.17926792679267928
6667,0.9285515320334262,0.17939103044847757
6668,0.9286908077994429,0.17951409718056388
6669,0.9288300835654596,0.1794871794871795
6670,0.9289693593314763,0.17946026986506747
6671,0.9291086350974931,0.17958327087393194
6672,0.9292479108635098,0.1797062350119904
6673,0.9293871866295265,0.17982916229581897
6674,0.9295264623955432,0.1799520527419838
6675,0.9296657381615598,0.1799250936329588
6676,0.9298050139275766,0.1798981426003595
6677,0.9299442896935933,0.1800209675003744
6678,0.93008356545961,0.18014375561545373
6679,0.9302228412256267,0.18026650696212007
6680,0.9303621169916435,0.18023952095808382
6681,0.9305013927576602,0.18021254303248016
6682,0.9306406685236769,0.18018557318168213
6683,0.9307799442896936,0.1803082448002394
6684,0.9309192200557103,0.18028126870137642
6685,0.9310584958217271,0.18025430067314885
6686,0.9311977715877438,0.18037690696978761
6687,0.9313370473537604,0.18049947659638105
6688,0.9314763231197771,0.180622009569378
6689,0.9316155988857938,0.1807445059052175
6690,0.9317548746518106,0.18071748878923766
6691,0.9318941504178273,0.18083993424002393
6692,0.932033426183844,0.1809623430962343
6693,0.9321727019498607,0.18108471537427162
6694,0.9323119777158775,0.18105766357932476
6695,0.9324512534818942,0.1810306198655713
6696,0.9325905292479109,0.18100358422939067
6697,0.9327298050139275,0.18112587725847396
6698,0.9328690807799442,0.181248133771275
6699,0.933008356545961,0.18122107777280191
6700,0.9331476323119777,0.18119402985074626
6701,0.9332869080779944,0.18131622145948367
6702,0.9334261838440111,0.18128916741271262
6703,0.9335654596100279,0.18141130836938685
6704,0.9337047353760446,0.18138424821002386
6705,0.9338440111420613,0.18135719612229678
6706,0.933983286908078,0.1813301521025947
6707,0.9341225626740947,0.18145221410466678
6708,0.9342618384401115,0.1815742397137746
6709,0.9344011142061281,0.1815471754359815
6710,0.9345403899721448,0.18152011922503725
6711,0.9346796657381615,0.18164208016689018
6712,0.9348189415041783,0.18176400476758045
6713,0.934958217270195,0.18173692834798152
6714,0.9350974930362117,0.1817098599940423
6715,0.9352367688022284,0.18183172002978407
6716,0.9353760445682451,0.18195354377605719
6717,0.9355153203342619,0.18207533124906952
6718,0.9356545961002786,0.18204822863947603
6719,0.9357938718662953,0.18202113409733592
6720,0.935933147632312,0.1819940476190476
6721,0.9360724233983287,0.18196696920101174
6722,0.9362116991643454,0.18208866408806904
6723,0.9363509749303621,0.18221032277257176
6724,0.9364902506963788,0.18233194527067223
6725,0.9366295264623955,0.18245353159851302
6726,0.9367688022284123,0.18257508177222717
6727,0.936908077994429,0.18269659580793815
6728,0.9370473537604457,0.18266944114149822
6729,0.9371866295264624,0.18279090503789566
6730,0.9373259052924791,0.1827637444279346
6731,0.9374651810584959,0.18273659188827812
6732,0.9376044568245125,0.1828579916815211
6733,0.9377437325905292,0.18297935541363433
6734,0.9378830083565459,0.18295218295218296
6735,0.9380222841225627,0.18307349665924277
6736,0.9381615598885794,0.18304631828978624
6737,0.9383008356545961,0.18301914798871902
6738,0.9384401114206128,0.18314039774413773
6739,0.9385793871866295,0.1832616115150616
6740,0.9387186629526463,0.18338278931750743
6741,0.938857938718663,0.18350393116748256
6742,0.9389972144846797,0.18347671314150105
6743,0.9391364902506963,0.18344950318849176
6744,0.9392757660167131,0.1834223013048636
6745,0.9394150417827298,0.18354336545589325
6746,0.9395543175487465,0.18351615772309518
6747,0.9396935933147632,0.18348895805543206
6748,0.9398328690807799,0.1834617664493183
6749,0.9399721448467967,0.18343458290117054
6750,0.9401114206128134,0.1834074074074074
6751,0.9402506963788301,0.1835283661679751
6752,0.9403899721448468,0.18364928909952608
6753,0.9405292479108636,0.1837701762179772
6754,0.9406685236768803,0.183891027539236
6755,0.9408077994428969,0.1840118430792006
6756,0.9409470752089136,0.1839846062759029
6757,0.9410863509749303,0.18395737753440877
6758,0.9412256267409471,0.18407812962414916
6759,0.9413649025069638,0.18405089510282585
6760,0.9415041782729805,0.18402366863905326
6761,0.9416434540389972,0.18414435734358822
6762,0.9417827298050139,0.18426501035196688
6763,0.9419220055710307,0.18438562768002364
6764,0.9420612813370474,0.18450620934358367
6765,0.942200557103064,0.18462675535846268
6766,0.9423398328690807,0.18459946792787466
6767,0.9424791086350975,0.1845721885621398
6768,0.9426183844011142,0.1845449172576832
6769,0.9427576601671309,0.1846653863199882
6770,0.9428969359331476,0.18478581979320532
6771,0.9430362116991643,0.18490621769310295
6772,0.9431754874651811,0.18487891317188423
6773,0.9433147632311978,0.18485161671342093
6774,0.9434540389972145,0.18497195157956894
6775,0.9435933147632312,0.18494464944649447
6776,0.943732590529248,0.18491735537190082
6777,0.9438718662952646,0.18489006935222074
6778,0.9440111420612813,0.18486279138388906
6779,0.944150417827298,0.184983035845995
6780,0.9442896935933147,0.18495575221238938
6781,0.9444289693593315,0.18507594750036868
6782,0.9445682451253482,0.18519610734296668
6783,0.9447075208913649,0.18531623175586023
6784,0.9448467966573816,0.18543632075471697
6785,0.9449860724233984,0.18555637435519529
6786,0.9451253481894151,0.18552903035661655
6787,0.9452646239554318,0.1855016944157949
6788,0.9454038997214484,0.18547436652916913
6789,0.9455431754874651,0.18544704669318016
6790,0.9456824512534819,0.18556701030927836
6791,0.9458217270194986,0.18568693859519952
6792,0.9459610027855153,0.18580683156654887
6793,0.946100278551532,0.18592668923892242
6794,0.9462395543175487,0.18604651162790697
6795,0.9463788300835655,0.1861662987490802
6796,0.9465181058495822,0.1862860506180106
6797,0.9466573816155989,0.18640576725025745
6798,0.9467966573816156,0.186525448661371
6799,0.9469359331476324,0.1864980144138844
6800,0.947075208913649,0.18661764705882353
6801,0.9472144846796657,0.18659020732245257
6802,0.9473537604456824,0.1867097912378712
6803,0.9474930362116991,0.1868293399970601
6804,0.9476323119777159,0.18680188124632569
6805,0.9477715877437326,0.18692138133725203
6806,0.9479108635097493,0.1868939171319424
6807,0.948050139275766,0.1868664609960335
6808,0.9481894150417828,0.18698589894242068
6809,0.9483286908077995,0.18695843736231457
6810,0.9484679665738162,0.18707782672540382
6811,0.9486072423398328,0.18705035971223022
6812,0.9487465181058495,0.18716970052847914
6813,0.9488857938718663,0.18714222809335096
6814,0.949025069637883,0.18711476372174934
6815,0.9491643454038997,0.18708730741012472
6816,0.9493036211699164,0.18720657276995306
6817,0.9494428969359332,0.1873258031392108
6818,0.9495821727019499,0.18744499853329422
6819,0.9497214484679666,0.18741750989881215
6820,0.9498607242339833,0.18739002932551319
6821,0.95,0.18750916287934322
6822,0.9501392757660168,0.18762826150688947
6823,0.9502785515320334,0.18774732522350873
6824,0.9504178272980501,0.18786635404454866
6825,0.9505571030640668,0.187985347985348
6826,0.9506963788300835,0.18810430706123646
6827,0.9508356545961003,0.18807675406474295
6828,0.950974930362117,0.18819566490919742
6829,0.9511142061281337,0.18831454092839361
6830,0.9512534818941504,0.1884333821376281
6831,0.9513927576601672,0.18840579710144928
6832,0.9515320334261839,0.18837822014051522
6833,0.9516713091922006,0.1884969998536514
6834,0.9518105849582172,0.18861574480538484
6835,0.9519498607242339,0.18873445501097294
6836,0.9520891364902507,0.18885313048566413
6837,0.9522284122562674,0.18897177124469797
6838,0.9523676880222841,0.18909037730330505
6839,0.9525069637883008,0.18906272846907443
6840,0.9526462395543176,0.1891812865497076
6841,0.9527855153203343,0.18915363250986697
6842,0.952924791086351,0.18927214264834843
6843,0.9530640668523677,0.18924448341370745
6844,0.9532033426183844,0.1892168322618352
6845,0.9533426183844012,0.1891891891891892
6846,0.9534818941504178,0.18930762489044697
6847,0.9536211699164345,0.1894260259967869
6848,0.9537604456824512,0.1895443925233645
6849,0.953899721448468,0.1896627244853263
6850,0.9540389972144847,0.1897810218978102
6851,0.9541782729805014,0.18989928477594512
6852,0.9543175487465181,0.19001751313485113
6853,0.9544568245125348,0.18998978549540346
6854,0.9545961002785516,0.1901079661511526
6855,0.9547353760445683,0.19008023340627278
6856,0.954874651810585,0.19019836639439908
6857,0.9550139275766016,0.19017062855476155
6858,0.9551532033426184,0.19014289880431612
6859,0.9552924791086351,0.19011517713952472
6860,0.9554317548746518,0.1902332361516035
6861,0.9555710306406685,0.19020550940096195
6862,0.9557103064066852,0.19032352083940543
6863,0.955849582172702,0.19044149788722134
6864,0.9559888579387187,0.19041375291375293
6865,0.9561281337047354,0.19038601602330663
6866,0.9562674094707521,0.1903582872123507
6867,0.9564066852367687,0.19047619047619047
6868,0.9565459610027855,0.1905940594059406
6869,0.9566852367688022,0.19056631241811034
6870,0.9568245125348189,0.19053857350800582
6871,0.9569637883008356,0.19051084267210014
6872,0.9571030640668524,0.19062863795110593
6873,0.9572423398328691,0.19060090208060526
6874,0.9573816155988858,0.19057317427989526
6875,0.9575208913649025,0.19069090909090908
6876,0.9576601671309192,0.19066317626527052
6877,0.957799442896936,0.19063545150501673
6878,0.9579387186629527,0.19060773480662985
6879,0.9580779944289693,0.19058002616659397
6880,0.958217270194986,0.19069767441860466
6881,0.9583565459610028,0.1906699607615172
6882,0.9584958217270195,0.19064225515838418
6883,0.9586350974930362,0.19061455760569518
6884,0.9587743732590529,0.19058686809994188
6885,0.9589136490250696,0.190559186637618
6886,0.9590529247910864,0.19053151321521927
6887,0.9591922005571031,0.1906490489327719
6888,0.9593314763231198,0.19062137049941927
6889,0.9594707520891365,0.19059370010161125
6890,0.9596100278551533,0.19056603773584907
6891,0.95974930362117,0.19068350021767522
6892,0.9598885793871866,0.1906558328496808
6893,0.9600278551532033,0.19077324822283476
6894,0.96016713091922,0.19074557586306934
6895,0.9603064066852368,0.19086294416243654
6896,0.9604456824512535,0.19098027842227377
6897,0.9605849582172702,0.19095258808177468
6898,0.9607242339832869,0.1910698753261815
6899,0.9608635097493036,0.19118712856935788
6900,0.9610027855153204,0.19115942028985508
6901,0.9611420612813371,0.19127662657585856
6902,0.9612813370473537,0.1913937988988699
6903,0.9614206128133704,0.19136607272200493
6904,0.9615598885793872,0.19133835457705678
6905,0.9616991643454039,0.19145546705286023
6906,0.9618384401114206,0.19157254561251086
6907,0.9619777158774373,0.19168959027073984
6908,0.962116991643454,0.19180660104226982
6909,0.9622562674094708,0.19192357794181503
6910,0.9623955431754875,0.19204052098408103
6911,0.9625348189415042,0.19215743018376502
6912,0.9626740947075209,0.19212962962962962
6913,0.9628133704735377,0.19224649211630263
6914,0.9629526462395543,0.1923633207983801
6915,0.963091922005571,0.19233550253073028
6916,0.9632311977715877,0.19230769230769232
6917,0.9633704735376044,0.19227989012577706
6918,0.9635097493036212,0.19239664642960394
6919,0.9636490250696379,0.1925133689839572
6920,0.9637883008356546,0.19248554913294796
6921,0.9639275766016713,0.19245773732119636
6922,0.9640668523676881,0.19257440046229413
6923,0.9642061281337048,0.19269102990033224
6924,0.9643454038997215,0.1926632004621606
6925,0.9644846796657381,0.19263537906137185
6926,0.9646239554317548,0.19260756569448456
6927,0.9647632311977716,0.1927241229969684
6928,0.9649025069637883,0.1928406466512702
6929,0.965041782729805,0.19295713667195843
6930,0.9651810584958217,0.19307359307359306
6931,0.9653203342618384,0.19304573654595297
6932,0.9654596100278552,0.19316214656664743
6933,0.9655988857938719,0.193134285302178
6934,0.9657381615598886,0.19325064897606
6935,0.9658774373259053,0.19336697909156453
6936,0.966016713091922,0.19348327566320647
6937,0.9661559888579387,0.1935995387054923
6938,0.9662952646239554,0.19357163447679446
6939,0.9664345403899721,0.19368785127539992
6940,0.9665738161559888,0.1936599423631124
6941,0.9667130919220056,0.1937761129520242
6942,0.9668523676880223,0.19389225007202535
6943,0.966991643454039,0.1940083537375774
6944,0.9671309192200557,0.19412442396313365
6945,0.9672701949860725,0.19424046076313894
6946,0.9674094707520892,0.19435646415202995
6947,0.9675487465181059,0.19447243414423493
6948,0.9676880222841225,0.19444444444444445
6949,0.9678272980501392,0.19456036839833069
6950,0.967966573816156,0.1945323741007194
6951,0.9681058495821727,0.19450438785786217
6952,0.9682451253481894,0.19462025316455697
6953,0.9683844011142061,0.194592262332806
6954,0.9685236768802229,0.19470808167960885
6955,0.9686629526462396,0.19482386772106397
6956,0.9688022284122563,0.19493962047153537
6957,0.968941504178273,0.19505533994537874
6958,0.9690807799442896,0.19502730669732682
6959,0.9692200557103064,0.1951429803132634
6960,0.9693593314763231,0.19525862068965516
6961,0.9694986072423398,0.19537422784082747
6962,0.9696378830083565,0.19534616489514509
6963,0.9697771587743732,0.19546172626741348
6964,0.96991643454039,0.19557725445146468
6965,0.9700557103064067,0.19569274946159368
6966,0.9701949860724234,0.19580821131208728
6967,0.9703342618384401,0.19578010621501363
6968,0.9704735376044569,0.195752009184845
6969,0.9706128133704736,0.19586741282823936
6970,0.9707520891364902,0.19598278335724534
6971,0.9708913649025069,0.1959546693444269
6972,0.9710306406685236,0.1959265633964429
6973,0.9711699164345404,0.1958984655098236
6974,0.9713091922005571,0.19587037568110124
6975,0.9714484679665738,0.19598566308243728
6976,0.9715877437325905,0.19610091743119265
6977,0.9717270194986073,0.19621613874157948
6978,0.971866295264624,0.19633132702780165
6979,0.9720055710306407,0.196446482304055
6980,0.9721448467966574,0.19656160458452723
6981,0.972284122562674,0.19667669388339779
6982,0.9724233983286908,0.19679175021483816
6983,0.9725626740947075,0.19676356866676215
6984,0.9727019498607242,0.19673539518900343
6985,0.9728412256267409,0.1968503937007874
6986,0.9729805013927577,0.196822215860292
6987,0.9731197771587744,0.19693716902819522
6988,0.9732590529247911,0.19690898683457356
6989,0.9733983286908078,0.19702389469165832
6990,0.9735376044568245,0.1971387696709585
6991,0.9736768802228413,0.1971105707338006
6992,0.973816155988858,0.19708237986270022
6993,0.9739554317548746,0.19705419705419705
6994,0.9740947075208913,0.19716900200171575
6995,0.974233983286908,0.19728377412437456
6996,0.9743732590529248,0.19725557461406518
6997,0.9745125348189415,0.1973703015578105
6998,0.9746518105849582,0.19748499571306088
6999,0.9747910863509749,0.19745677953993426
7000,0.9749303621169917,0.19742857142857143
7001,0.9750696378830084,0.1975432081131267
7002,0.9752089136490251,0.19765781205369895
7003,0.9753481894150418,0.1977723832643153
7004,0.9754874651810584,0.19788692175899486
7005,0.9756267409470752,0.19785867237687366
7006,0.9757660167130919,0.19797316585783614
7007,0.9759052924791086,0.19794491223062652
7008,0.9760445682451253,0.1980593607305936
7009,0.9761838440111421,0.1981737765729776
7010,0.9763231197771588,0.19814550641940085
7011,0.9764623955431755,0.19825987733561545
7012,0.9766016713091922,0.198374215630348
7013,0.9767409470752089,0.19848852131755312
7014,0.9768802228412257,0.19860279441117765
7015,0.9770194986072424,0.19857448325017818
7016,0.977158774373259,0.19868871151653364
7017,0.9772980501392757,0.198660396180704
7018,0.9774373259052925,0.19863208891422057
7019,0.9775766016713092,0.19874626015101865
7020,0.9777158774373259,0.1987179487179487
7021,0.9778551532033426,0.19883207520296253
7022,0.9779944289693593,0.19880375961264596
7023,0.9781337047353761,0.19877545208600314
7024,0.9782729805013928,0.19874715261958997
7025,0.9784122562674095,0.1987188612099644
7026,0.9785515320334262,0.1986905778536863
7027,0.978690807799443,0.19866230254731748
7028,0.9788300835654596,0.19863403528742174
7029,0.9789693593314763,0.19874804381846636
7030,0.979108635097493,0.19871977240398292
7031,0.9792479108635097,0.19883373631062437
7032,0.9793871866295265,0.19880546075085323
7033,0.9795264623955432,0.19891938006540594
7034,0.9796657381615599,0.199033266988911
7035,0.9798050139275766,0.19914712153518124
7036,0.9799442896935933,0.1992609437180216
7037,0.9800835654596101,0.19923262754014495
7038,0.9802228412256268,0.199204319408923
7039,0.9803621169916434,0.19917601932092627
7040,0.9805013927576601,0.19928977272727272
7041,0.9806406685236769,0.19926146854140037
7042,0.9807799442896936,0.19923317239420618
7043,0.9809192200557103,0.19934686923186143
7044,0.981058495821727,0.19946053378762066
7045,0.9811977715877437,0.1994322214336409
7046,0.9813370473537605,0.19940391711609423
7047,0.9814763231197772,0.19937562083155952
7048,0.9816155988857939,0.19948921679909193
7049,0.9817548746518105,0.19946091644204852
7050,0.9818941504178273,0.19957446808510637
7051,0.982033426183844,0.1995461636647284
7052,0.9821727019498607,0.19965967101531482
7053,0.9823119777158774,0.19977314617893094
7054,0.9824512534818941,0.19988658916926566
7055,0.9825905292479109,0.1998582565556343
7056,0.9827298050139276,0.19997165532879818
7057,0.9828690807799443,0.19994331869066176
7058,0.983008356545961,0.19991499008217625
7059,0.9831476323119778,0.19988666949992917
7060,0.9832869080779945,0.1998583569405099
7061,0.9834261838440111,0.19997167540008498
7062,0.9835654596100278,0.20008496176720475
7063,0.9837047353760445,0.2001982160555005
7064,0.9838440111420613,0.20016987542468856
7065,0.983983286908078,0.2002830856334041
7066,0.9841225626740947,0.20039626379847156
7067,0.9842618384401114,0.2005094099334937
7068,0.9844011142061281,0.20062252405206565
7069,0.9845403899721449,0.20059414344320273
7070,0.9846796657381616,0.20070721357850071
7071,0.9848189415041783,0.20082025173242823
7072,0.984958217270195,0.20093325791855204
7073,0.9850974930362117,0.20104623215043121
7074,0.9852367688022284,0.20115917444161718
7075,0.9853760445682451,0.20113074204946996
7076,0.9855153203342618,0.2011023176936122
7077,0.9856545961002785,0.20107390137063727
7078,0.9857938718662953,0.20118677592540266
7079,0.985933147632312,0.20129961859019635
7080,0.9860724233983287,0.20127118644067796
7081,0.9862116991643454,0.20138398531280893
7082,0.9863509749303622,0.20135554927986443
7083,0.9864902506963789,0.20132712127629535
7084,0.9866295264623955,0.2012987012987013
7085,0.9867688022284122,0.20127028934368385
7086,0.9869080779944289,0.20138300874964718
7087,0.9870473537604457,0.2014956963454212
7088,0.9871866295264624,0.20160835214446954
7089,0.9873259052924791,0.20172097616024828
7090,0.9874651810584958,0.20183356840620592
7091,0.9876044568245126,0.2019461288957834
7092,0.9877437325905293,0.20205865764241399
7093,0.987883008356546,0.20203017059072326
7094,0.9880222841225627,0.20214265576543558
7095,0.9881615598885793,0.2021141649048626
7096,0.9883008356545961,0.20222660653889515
7097,0.9884401114206128,0.20219811187825842
7098,0.9885793871866295,0.2023105100028177
7099,0.9887186629526462,0.20228201155092265
7100,0.9888579387186629,0.2023943661971831
7101,0.9889972144846797,0.20236586396282213
7102,0.9891364902506964,0.20233736975499858
7103,0.9892757660167131,0.2023088835703224
7104,0.9894150417827298,0.20242117117117117
7105,0.9895543175487466,0.20253342716396905
7106,0.9896935933147633,0.20250492541514215
7107,0.9898328690807799,0.20247643168706908
7108,0.9899721448467966,0.20258863252673046
7109,0.9901114206128133,0.20270080180053454
7110,0.9902506963788301,0.20267229254571026
7111,0.9903899721448468,0.20278441850653917
7112,0.9905292479108635,0.202896512935883
7113,0.9906685236768802,0.20300857584704063
7114,0.990807799442897,0.2029800393590104
7115,0.9909470752089137,0.20295151089248067
7116,0.9910863509749304,0.2029229904440697
7117,0.991225626740947,0.20303498665167907
7118,0.9913649025069637,0.20314695139084013
7119,0.9915041782729805,0.20325888467481387
7120,0.9916434540389972,0.20337078651685395
7121,0.9917827298050139,0.20348265693020642
7122,0.9919220055710306,0.2034540859309183
7123,0.9920612813370474,0.20356591323880388
7124,0.9922005571030641,0.2036777091521617
7125,0.9923398328690808,0.20378947368421052
7126,0.9924791086350975,0.20390120684816165
7127,0.9926183844011142,0.20401290865721902
7128,0.992757660167131,0.20412457912457913
7129,0.9928969359331477,0.2040959461355029
7130,0.9930362116991643,0.20406732117812063
7131,0.993175487465181,0.2041789370354789
7132,0.9933147632311977,0.2042905215928211
7133,0.9934540389972145,0.20440207486331136
7134,0.9935933147632312,0.20451359686010653
7135,0.9937325905292479,0.204625087596356
7136,0.9938718662952646,0.20473654708520178
7137,0.9940111420612814,0.2048479753397786
7138,0.9941504178272981,0.2049593723732138
7139,0.9942896935933148,0.20507073819862726
7140,0.9944289693593314,0.20504201680672268
7141,0.9945682451253481,0.20501330345889932
7142,0.9947075208913649,0.20512461495379444
7143,0.9948467966573816,0.20523589528209435
7144,0.9949860724233983,0.20520716685330348
7145,0.995125348189415,0.2053184044786564
7146,0.9952646239554318,0.20542961097117268
7147,0.9954038997214485,0.20554078634392053
7148,0.9955431754874652,0.20565193060996081
7149,0.9956824512534819,0.20562316407889214
7150,0.9958217270194986,0.20573426573426573
7151,0.9959610027855154,0.20584533631659907
7152,0.996100278551532,0.20595637583892618
7153,0.9962395543175487,0.20606738431427374
7154,0.9963788300835654,0.20617836175566118
7155,0.9965181058495822,0.20628930817610064
7156,0.9966573816155989,0.20640022358859697
7157,0.9967966573816156,0.20637138465837643
7158,0.9969359331476323,0.20648225761385863
7159,0.997075208913649,0.20659309959491548
7160,0.9972144846796658,0.20656424581005586
7161,0.9973537604456825,0.20653540008378718
7162,0.9974930362116992,0.20664618821558223
7163,0.9976323119777158,0.20675694541393272
7164,0.9977715877437325,0.2068676716917923
7165,0.9979108635097493,0.20697836706210745
7166,0.998050139275766,0.2069494836728998
7167,0.9981894150417827,0.20706013673782614
7168,0.9983286908077994,0.20717075892857142
7169,0.9984679665738162,0.20714186078951038
7170,0.9986072423398329,0.20725244072524407
7171,0.9987465181058496,0.20736298982010878
7172,0.9988857938718663,0.20747350808700502
7173,0.999025069637883,0.20758399553882614
7174,0.9991643454038998,0.20769445218845833
7175,0.9993036211699164,0.20780487804878048
7176,0.9994428969359331,0.20791527313266445
7177,0.9995821727019498,0.2078863034694162
7178,0.9997214484679666,0.2079966564502647
7179,0.9998607242339833,0.20810697868783953
7180,1.0,0.20821727019498606
