accepted,coverage,risk
1,0.0001392757660167131,0.0
2,0.0002785515320334262,0.0
3,0.00041782729805013927,0.0
4,0.0005571030640668524,0.0
5,0.0006963788300835655,0.0
6,0.0008356545961002785,0.0
7,0.0009749303621169916,0.0
8,0.0011142061281337048,0.0
9,0.0012534818941504179,0.0
10,0.001392757660167131,0.0
11,0.001532033426183844,0.0
12,0.001671309192200557,0.0
13,0.0018105849582172701,0.0
14,0.0019498607242339832,0.0
15,0.0020891364902506965,0.0
16,0.0022284122562674096,0.0
17,0.0023676880222841226,0.0
18,0.0025069637883008357,0.0
19,0.0026462395543175488,0.0
20,0.002785515320334262,0.0
21,0.002924791086350975,0.0
22,0.003064066852367688,0.0
23,0.003203342618384401,0.0
24,0.003342618384401114,0.0
25,0.003481894150417827,0.0
26,0.0036211699164345403,0.0
27,0.0037604456824512533,0.0
28,0.0038997214484679664,0.0
29,0.00403899721448468,0.0
30,0.004178272980501393,0.0
31,0.004317548746518106,0.0
32,0.004456824512534819,0.0
33,0.004596100278551532,0.0
34,0.004735376044568245,0.0
35,0.004874651810584958,0.0
36,0.005013927576601671,0.0
37,0.0051532033426183845,0.0
38,0.0052924791086350976,0.0
39,0.005431754874651811,0.0
40,0.005571030640668524,0.0
41,0.005710306406685237,0.0
42,0.00584958217270195,0.0
43,0.005988857938718663,0.0
44,0.006128133704735376,0.0
45,0.006267409470752089,0.0
46,0.006406685236768802,0.0
47,0.006545961002785515,0.0
48,0.006685236768802228,0.0
49,0.006824512534818941,0.0
50,0.006963788300835654,0.0
51,0.0071030640668523675,0.0
52,0.0072423398328690805,0.0
53,0.007381615598885794,0.0
54,0.007520891364902507,0.0
55,0.00766016713091922,0.0
56,0.007799442896935933,0.0
57,0.007938718662952647,0.0
58,0.00807799442896936,0.0
59,0.008217270194986073,0.0
60,0.008356545961002786,0.0
61,0.008495821727019499,0.0
62,0.008635097493036212,0.0
63,0.008774373259052925,0.0
64,0.008913649025069638,0.0
65,0.009052924791086351,0.0
66,0.009192200557103064,0.0
67,0.009331476323119777,0.0
68,0.00947075208913649,0.0
69,0.009610027855153204,0.0
70,0.009749303621169917,0.0
71,0.00988857938718663,0.0
72,0.010027855153203343,0.0
73,0.010167130919220056,0.0
74,0.010306406685236769,0.0
75,0.010445682451253482,0.0
76,0.010584958217270195,0.0
77,0.010724233983286908,0.0
78,0.010863509749303621,0.0
79,0.011002785515320334,0.0
80,0.011142061281337047,0.0
81,0.01128133704735376,0.0
82,0.011420612813370474,0.0
83,0.011559888579387187,0.0
84,0.0116991643454039,0.0
85,0.011838440111420613,0.0
86,0.011977715877437326,0.0
87,0.012116991643454039,0.0
88,0.012256267409470752,0.0
89,0.012395543175487465,0.0
90,0.012534818941504178,0.0
91,0.012674094707520891,0.0
92,0.012813370473537604,0.0
93,0.012952646239554317,0.0
94,0.01309192200557103,0.0
95,0.013231197771587743,0.0
96,0.013370473537604457,0.0
97,0.01350974930362117,0.0
98,0.013649025069637883,0.0
99,0.013788300835654596,0.0
100,0.013927576601671309,0.0
101,0.014066852367688022,0.0
102,0.014206128133704735,0.0
103,0.014345403899721448,0.0
104,0.014484679665738161,0.0
105,0.014623955431754874,0.0
106,0.014763231197771587,0.0
107,0.0149025069637883,0.0
108,0.015041782729805013,0.0
109,0.015181058495821726,0.0
110,0.01532033426183844,0.0
111,0.015459610027855153,0.0
112,0.015598885793871866,0.0
113,0.01573816155988858,0.0
114,0.015877437325905294,0.0
115,0.016016713091922007,0.0
116,0.01615598885793872,0.0
117,0.016295264623955433,0.0
118,0.016434540389972146,0.0
119,0.01657381615598886,0.0
120,0.016713091922005572,0.0
121,0.016852367688022285,0.0
122,0.016991643454038998,0.0
123,0.01713091922005571,0.0
124,0.017270194986072424,0.0
125,0.017409470752089137,0.0
126,0.01754874651810585,0.0
127,0.017688022284122563,0.0
128,0.017827298050139277,0.0
129,0.01796657381615599,0.0
130,0.018105849582172703,0.0
131,0.018245125348189416,0.0
132,0.01838440111420613,0.0
133,0.018523676880222842,0.0
134,0.018662952646239555,0.0
135,0.018802228412256268,0.0
136,0.01894150417827298,0.0
137,0.019080779944289694,0.0
138,0.019220055710306407,0.0
139,0.01935933147632312,0.0
140,0.019498607242339833,0.0
141,0.019637883008356546,0.0
142,0.01977715877437326,0.0
143,0.019916434540389973,0.0
144,0.020055710306406686,0.0
145,0.0201949860724234,0.0
146,0.020334261838440112,0.0
147,0.020473537604456825,0.0
148,0.020612813370473538,0.0
149,0.02075208913649025,0.0
150,0.020891364902506964,0.0
151,0.021030640668523677,0.0
152,0.02116991643454039,0.0
153,0.021309192200557103,0.0
154,0.021448467966573816,0.0
155,0.02158774373259053,0.0
156,0.021727019498607242,0.0
157,0.021866295264623956,0.0
158,0.02200557103064067,0.0
159,0.02214484679665738,0.0
160,0.022284122562674095,0.0
161,0.022423398328690808,0.0
162,0.02256267409470752,0.0
163,0.022701949860724234,0.0
164,0.022841225626740947,0.0
165,0.02298050139275766,0.0
166,0.023119777158774373,0.0
167,0.023259052924791086,0.0
168,0.0233983286908078,0.0
169,0.023537604456824512,0.0
170,0.023676880222841225,0.0
171,0.02381615598885794,0.0
172,0.02395543175487465,0.0
173,0.024094707520891365,0.0
174,0.024233983286908078,0.0
175,0.02437325905292479,0.0
176,0.024512534818941504,0.0
177,0.024651810584958217,0.0
178,0.02479108635097493,0.0
179,0.024930362116991643,0.0
180,0.025069637883008356,0.0
181,0.02520891364902507,0.0
182,0.025348189415041782,0.0
183,0.025487465181058495,0.0
184,0.02562674094707521,0.0
185,0.02576601671309192,0.0
186,0.025905292479108635,0.0
187,0.026044568245125348,0.0
188,0.02618384401114206,0.0
189,0.026323119777158774,0.0
190,0.026462395543175487,0.0
191,0.0266016713091922,0.0
192,0.026740947075208913,0.0
193,0.026880222841225626,0.0
194,0.02701949860724234,0.0
195,0.027158774373259052,0.0
196,0.027298050139275765,0.0
197,0.02743732590529248,0.0
198,0.02757660167130919,0.0
199,0.027715877437325905,0.0
200,0.027855153203342618,0.0
201,0.02799442896935933,0.0
202,0.028133704735376044,0.0
203,0.028272980501392757,0.0
204,0.02841225626740947,0.0
205,0.028551532033426183,0.0
206,0.028690807799442896,0.0
207,0.02883008356545961,0.0
208,0.028969359331476322,0.0
209,0.029108635097493035,0.0
210,0.02924791086350975,0.0
211,0.02938718662952646,0.0
212,0.029526462395543174,0.0
213,0.029665738161559888,0.0
214,0.0298050139275766,0.0
215,0.029944289693593314,0.0
216,0.030083565459610027,0.0
217,0.03022284122562674,0.0
218,0.030362116991643453,0.0
219,0.030501392757660166,0.0
220,0.03064066852367688,0.0
221,0.030779944289693592,0.0
222,0.030919220055710305,0.0
223,0.031058495821727018,0.0
224,0.03119777158774373,0.0
225,0.031337047353760444,0.0
226,0.03147632311977716,0.0
227,0.03161559888579387,0.0
228,0.03175487465181059,0.0
229,0.0318941504178273,0.0
230,0.03203342618384401,0.0
231,0.03217270194986072,0.0
232,0.03231197771587744,0.0
233,0.03245125348189415,0.0
234,0.032590529247910865,0.0
235,0.032729805013927575,0.0
236,0.03286908077994429,0.0
237,0.033008356545961,0.0
238,0.03314763231197772,0.0
239,0.03328690807799443,0.0
240,0.033426183844011144,0.0
241,0.033565459610027853,0.0
242,0.03370473537604457,0.0
243,0.03384401114206128,0.0
244,0.033983286908077996,0.0
245,0.034122562674094706,0.0
246,0.03426183844011142,0.0
247,0.03440111420612813,0.0
248,0.03454038997214485,0.0
249,0.03467966573816156,0.0
250,0.034818941504178275,0.0
251,0.034958217270194984,0.0
252,0.0350974930362117,0.0
253,0.03523676880222841,0.0
254,0.03537604456824513,0.0
255,0.035515320334261836,0.0
256,0.03565459610027855,0.0
257,0.03579387186629526,0.0
258,0.03593314763231198,0.0
259,0.03607242339832869,0.0
260,0.036211699164345405,0.0
261,0.036350974930362115,0.0
262,0.03649025069637883,0.0
263,0.03662952646239554,0.0
264,0.03676880222841226,0.0
265,0.03690807799442897,0.0
266,0.037047353760445684,0.0
267,0.03718662952646239,0.0
268,0.03732590529247911,0.0
269,0.03746518105849582,0.0
270,0.037604456824512536,0.0
271,0.037743732590529246,0.0
272,0.03788300835654596,0.0
273,0.03802228412256267,0.0
274,0.03816155988857939,0.0
275,0.0383008356545961,0.0
276,0.038440111420612814,0.0
277,0.038579387186629524,0.0
278,0.03871866295264624,0.0
279,0.03885793871866295,0.0
280,0.03899721448467967,0.0
281,0.039136490250696376,0.0
282,0.03927576601671309,0.0
283,0.0394150417827298,0.0
284,0.03955431754874652,0.0
285,0.03969359331476323,0.0
286,0.039832869080779945,0.0
287,0.039972144846796655,0.0
288,0.04011142061281337,0.0
289,0.04025069637883008,0.0
290,0.0403899721448468,0.0
291,0.04052924791086351,0.0
292,0.040668523676880224,0.0
293,0.04080779944289693,0.0
294,0.04094707520891365,0.0
295,0.04108635097493036,0.0
296,0.041225626740947076,0.0
297,0.041364902506963785,0.0
298,0.0415041782729805,0.0
299,0.04164345403899721,0.0
300,0.04178272980501393,0.0
301,0.04192200557103064,0.0
302,0.042061281337047354,0.0
303,0.042200557103064064,0.0
304,0.04233983286908078,0.0
305,0.04247910863509749,0.0
306,0.04261838440111421,0.0
307,0.042757660167130916,0.0
308,0.04289693593314763,0.0
309,0.04303621169916434,0.0
310,0.04317548746518106,0.0
311,0.04331476323119777,0.0
312,0.043454038997214485,0.0
313,0.043593314763231195,0.0
314,0.04373259052924791,0.0
315,0.04387186629526462,0.0
316,0.04401114206128134,0.0
317,0.04415041782729805,0.0
318,0.04428969359331476,0.0
319,0.04442896935933147,0.0
320,0.04456824512534819,0.0
321,0.0447075208913649,0.0
322,0.044846796657381616,0.0
323,0.044986072423398325,0.0
324,0.04512534818941504,0.0
325,0.04526462395543175,0.0
326,0.04540389972144847,0.0
327,0.045543175487465185,0.0
328,0.045682451253481894,0.0
329,0.04582172701949861,0.0
330,0.04596100278551532,0.0
331,0.04610027855153204,0.0
332,0.046239554317548746,0.0
333,0.04637883008356546,0.0
334,0.04651810584958217,0.0
335,0.04665738161559889,0.0
336,0.0467966573816156,0.0
337,0.046935933147632315,0.0
338,0.047075208913649025,0.0
339,0.04721448467966574,0.0
340,0.04735376044568245,0.0
341,0.04749303621169917,0.0
342,0.04763231197771588,0.0
343,0.047771587743732594,0.0
344,0.0479108635097493,0.0
345,0.04805013927576602,0.0
346,0.04818941504178273,0.0
347,0.048328690807799446,0.0
348,0.048467966573816156,0.0
349,0.04860724233983287,0.0
350,0.04874651810584958,0.0
351,0.0488857938718663,0.0
352,0.04902506963788301,0.0
353,0.049164345403899724,0.0
354,0.049303621169916434,0.0
355,0.04944289693593315,0.0
356,0.04958217270194986,0.0
357,0.04972144846796658,0.0
358,0.049860724233983286,0.0
359,0.05,0.0
360,0.05013927576601671,0.0
361,0.05027855153203343,0.0
362,0.05041782729805014,0.0
363,0.050557103064066855,0.0
364,0.050696378830083565,0.0
365,0.05083565459610028,0.0
366,0.05097493036211699,0.0
367,0.05111420612813371,0.0
368,0.05125348189415042,0.0
369,0.051392757660167133,0.0
370,0.05153203342618384,0.0
371,0.05167130919220056,0.0
372,0.05181058495821727,0.0
373,0.051949860724233986,0.0
374,0.052089136490250695,0.0
375,0.05222841225626741,0.0
376,0.05236768802228412,0.0
377,0.05250696378830084,0.0
378,0.05264623955431755,0.0
379,0.052785515320334264,0.0
380,0.052924791086350974,0.0
381,0.05306406685236769,0.0
382,0.0532033426183844,0.0
383,0.053342618384401116,0.0
384,0.053481894150417826,0.0
385,0.05362116991643454,0.0
386,0.05376044568245125,0.0
387,0.05389972144846797,0.0
388,0.05403899721448468,0.0
389,0.054178272980501395,0.0
390,0.054317548746518104,0.0
391,0.05445682451253482,0.0
392,0.05459610027855153,0.0
393,0.05473537604456825,0.0
394,0.05487465181058496,0.0
395,0.05501392757660167,0.0
396,0.05515320334261838,0.0
397,0.0552924791086351,0.0
398,0.05543175487465181,0.0
399,0.055571030640668526,0.0
400,0.055710306406685235,0.0
401,0.05584958217270195,0.0
402,0.05598885793871866,0.0
403,0.05612813370473538,0.0
404,0.05626740947075209,0.0
405,0.056406685236768804,0.0
406,0.056545961002785514,0.0
407,0.05668523676880223,0.0
408,0.05682451253481894,0.0
409,0.056963788300835656,0.0
410,0.057103064066852366,0.0
411,0.05724233983286908,0.0
412,0.05738161559888579,0.0
413,0.05752089136490251,0.0
414,0.05766016713091922,0.0
415,0.057799442896935935,0.0
416,0.057938718662952644,0.0
417,0.05807799442896936,0.0
418,0.05821727019498607,0.0
419,0.05835654596100279,0.0
420,0.0584958217270195,0.0
421,0.05863509749303621,0.0
422,0.05877437325905292,0.0
423,0.05891364902506964,0.0
424,0.05905292479108635,0.0
425,0.059192200557103065,0.0
426,0.059331476323119775,0.0
427,0.05947075208913649,0.0
428,0.0596100278551532,0.0
429,0.05974930362116992,0.0
430,0.05988857938718663,0.0
431,0.060027855153203344,0.0
432,0.06016713091922005,0.0
433,0.06030640668523677,0.0
434,0.06044568245125348,0.0
435,0.060584958217270196,0.0
436,0.060724233983286906,0.0
437,0.06086350974930362,0.0
438,0.06100278551532033,0.0
439,0.06114206128133705,0.0
440,0.06128133704735376,0.0
441,0.061420612813370475,0.0
442,0.061559888579387184,0.0
443,0.0616991643454039,0.0
444,0.06183844011142061,0.0
445,0.06197771587743733,0.0
446,0.062116991643454036,0.0
447,0.06225626740947075,0.0
448,0.06239554317548746,0.0
449,0.06253481894150417,0.0
450,0.06267409470752089,0.0
451,0.0628133704735376,0.0
452,0.06295264623955432,0.0
453,0.06309192200557102,0.0
454,0.06323119777158774,0.0
455,0.06337047353760446,0.0
456,0.06350974930362117,0.0
457,0.06364902506963788,0.0
458,0.0637883008356546,0.0
459,0.06392757660167131,0.0
460,0.06406685236768803,0.0
461,0.06420612813370473,0.0
462,0.06434540389972145,0.0
463,0.06448467966573816,0.0
464,0.06462395543175488,0.0
465,0.06476323119777158,0.0
466,0.0649025069637883,0.0
467,0.06504178272980501,0.0
468,0.06518105849582173,0.0
469,0.06532033426183843,0.0
470,0.06545961002785515,0.0
471,0.06559888579387187,0.0
472,0.06573816155988858,0.0
473,0.06587743732590529,0.0
474,0.066016713091922,0.0
475,0.06615598885793872,0.0
476,0.06629526462395544,0.0
477,0.06643454038997214,0.0
478,0.06657381615598885,0.0
479,0.06671309192200557,0.0
480,0.06685236768802229,0.0
481,0.06699164345403899,0.0
482,0.06713091922005571,0.0
483,0.06727019498607242,0.0
484,0.06740947075208914,0.0
485,0.06754874651810584,0.0
486,0.06768802228412256,0.0
487,0.06782729805013928,0.0
488,0.06796657381615599,0.0
489,0.0681058495821727,0.0
490,0.06824512534818941,0.0
491,0.06838440111420613,0.0
492,0.06852367688022284,0.0
493,0.06866295264623956,0.0
494,0.06880222841225626,0.0
495,0.06894150417827298,0.0
496,0.0690807799442897,0.0
497,0.06922005571030641,0.0
498,0.06935933147632312,0.0
499,0.06949860724233983,0.0
500,0.06963788300835655,0.0
501,0.06977715877437327,0.0
502,0.06991643454038997,0.0
503,0.07005571030640668,0.0
504,0.0701949860724234,0.0
505,0.07033426183844012,0.0
506,0.07047353760445682,0.0
507,0.07061281337047354,0.0
508,0.07075208913649025,0.0
509,0.07089136490250697,0.0
510,0.07103064066852367,0.0
511,0.07116991643454039,0.0
512,0.0713091922005571,0.0
513,0.07144846796657382,0.0
514,0.07158774373259053,0.0
515,0.07172701949860724,0.0
516,0.07186629526462396,0.0
517,0.07200557103064067,0.0
518,0.07214484679665738,0.0
519,0.0722841225626741,0.0
520,0.07242339832869081,0.0
521,0.07256267409470753,0.0
522,0.07270194986072423,0.0
523,0.07284122562674095,0.0
524,0.07298050139275766,0.0
525,0.07311977715877438,0.0
526,0.07325905292479108,0.0
527,0.0733983286908078,0.0
528,0.07353760445682452,0.0
529,0.07367688022284123,0.0
530,0.07381615598885793,0.0
531,0.07395543175487465,0.0
532,0.07409470752089137,0.0
533,0.07423398328690808,0.0
534,0.07437325905292479,0.0
535,0.0745125348189415,0.0
536,0.07465181058495822,0.0
537,0.07479108635097494,0.0
538,0.07493036211699164,0.0
539,0.07506963788300836,0.0
540,0.07520891364902507,0.0
541,0.07534818941504179,0.0
542,0.07548746518105849,0.0
543,0.07562674094707521,0.0
544,0.07576601671309192,0.0
545,0.07590529247910864,0.0
546,0.07604456824512534,0.0
547,0.07618384401114206,0.0
548,0.07632311977715878,0.0
549,0.0764623955431755,0.0
550,0.0766016713091922,0.0
551,0.07674094707520891,0.0
552,0.07688022284122563,0.0
553,0.07701949860724235,0.0
554,0.07715877437325905,0.0
555,0.07729805013927576,0.0
556,0.07743732590529248,0.0
557,0.0775766016713092,0.0
558,0.0777158774373259,0.0
559,0.07785515320334262,0.0
560,0.07799442896935933,0.0
561,0.07813370473537605,0.0
562,0.07827298050139275,0.0
563,0.07841225626740947,0.0
564,0.07855153203342619,0.0
565,0.0786908077994429,0.0
566,0.0788300835654596,0.0
567,0.07896935933147632,0.0
568,0.07910863509749304,0.0
569,0.07924791086350975,0.0
570,0.07938718662952646,0.0
571,0.07952646239554317,0.0
572,0.07966573816155989,0.0
573,0.0798050139275766,0.0
574,0.07994428969359331,0.0
575,0.08008356545961003,0.0
576,0.08022284122562674,0.0
577,0.08036211699164346,0.0
578,0.08050139275766016,0.0
579,0.08064066852367688,0.0
580,0.0807799442896936,0.0
581,0.08091922005571031,0.0
582,0.08105849582172701,0.0
583,0.08119777158774373,0.0
584,0.08133704735376045,0.0
585,0.08147632311977716,0.0
586,0.08161559888579387,0.0
587,0.08175487465181058,0.0
588,0.0818941504178273,0.0
589,0.08203342618384402,0.0
590,0.08217270194986072,0.0
591,0.08231197771587744,0.0
592,0.08245125348189415,0.0
593,0.08259052924791087,0.0
594,0.08272980501392757,0.0
595,0.08286908077994429,0.0
596,0.083008356545961,0.0
597,0.08314763231197772,0.0
598,0.08328690807799442,0.0
599,0.08342618384401114,0.0
600,0.08356545961002786,0.0
601,0.08370473537604457,0.0
602,0.08384401114206128,0.0
603,0.08398328690807799,0.0
604,0.08412256267409471,0.0
605,0.08426183844011143,0.0
606,0.08440111420612813,0.0
607,0.08454038997214484,0.0
608,0.08467966573816156,0.0
609,0.08481894150417828,0.0
610,0.08495821727019498,0.0
611,0.0850974930362117,0.0
612,0.08523676880222841,0.0
613,0.08537604456824513,0.0
614,0.08551532033426183,0.0
615,0.08565459610027855,0.0
616,0.08579387186629527,0.0
617,0.08593314763231198,0.0
618,0.08607242339832868,0.0
619,0.0862116991643454,0.0
620,0.08635097493036212,0.0
621,0.08649025069637883,0.0
622,0.08662952646239554,0.0
623,0.08676880222841225,0.0
624,0.08690807799442897,0.0
625,0.08704735376044569,0.0
626,0.08718662952646239,0.0
627,0.0873259052924791,0.0
628,0.08746518105849582,0.0
629,0.08760445682451254,0.0
630,0.08774373259052924,0.0
631,0.08788300835654596,0.0
632,0.08802228412256267,0.0
633,0.08816155988857939,0.0
634,0.0883008356545961,0.0
635,0.08844011142061281,0.0
636,0.08857938718662953,0.0
637,0.08871866295264624,0.0
638,0.08885793871866295,0.0
639,0.08899721448467966,0.0
640,0.08913649025069638,0.0
641,0.0892757660167131,0.0
642,0.0894150417827298,0.0
643,0.08955431754874651,0.0
644,0.08969359331476323,0.0
645,0.08983286908077995,0.0
646,0.08997214484679665,0.0
647,0.09011142061281337,0.0
648,0.09025069637883008,0.0
649,0.0903899721448468,0.0
650,0.0905292479108635,0.0
651,0.09066852367688022,0.0
652,0.09080779944289694,0.0
653,0.09094707520891365,0.0
654,0.09108635097493037,0.0
655,0.09122562674094707,0.0
656,0.09136490250696379,0.0
657,0.0915041782729805,0.0
658,0.09164345403899722,0.0
659,0.09178272980501392,0.0
660,0.09192200557103064,0.0
661,0.09206128133704736,0.0
662,0.09220055710306407,0.0
663,0.09233983286908078,0.0
664,0.09247910863509749,0.0
665,0.09261838440111421,0.0
666,0.09275766016713093,0.0
667,0.09289693593314763,0.0
668,0.09303621169916435,0.0
669,0.09317548746518106,0.0
670,0.09331476323119778,0.0
671,0.09345403899721448,0.0
672,0.0935933147632312,0.0
673,0.09373259052924791,0.0
674,0.09387186629526463,0.0
675,0.09401114206128133,0.0
676,0.09415041782729805,0.0
677,0.09428969359331477,0.0
678,0.09442896935933148,0.0
679,0.09456824512534819,0.0
680,0.0947075208913649,0.0
681,0.09484679665738162,0.0
682,0.09498607242339834,0.0
683,0.09512534818941504,0.0
684,0.09526462395543175,0.0
685,0.09540389972144847,0.0
686,0.09554317548746519,0.0
687,0.09568245125348189,0.0
688,0.0958217270194986,0.0
689,0.09596100278551532,0.0
690,0.09610027855153204,0.0
691,0.09623955431754874,0.0
692,0.09637883008356546,0.0
693,0.09651810584958218,0.0
694,0.09665738161559889,0.0
695,0.0967966573816156,0.0
696,0.09693593314763231,0.0
697,0.09707520891364903,0.0
698,0.09721448467966574,0.0
699,0.09735376044568245,0.0
700,0.09749303621169916,0.0
701,0.09763231197771588,0.0
702,0.0977715877437326,0.0
703,0.0979108635097493,0.0
704,0.09805013927576602,0.0
705,0.09818941504178273,0.0
706,0.09832869080779945,0.0
707,0.09846796657381615,0.0
708,0.09860724233983287,0.0
709,0.09874651810584958,0.0
710,0.0988857938718663,0.0
711,0.099025069637883,0.0
712,0.09916434540389972,0.0
713,0.09930362116991644,0.0
714,0.09944289693593315,0.0
715,0.09958217270194986,0.0
716,0.09972144846796657,0.0
717,0.09986072423398329,0.0
718,0.1,0.0
719,0.10013927576601671,0.0
720,0.10027855153203342,0.0
721,0.10041782729805014,0.0
722,0.10055710306406686,0.0
723,0.10069637883008356,0.0
724,0.10083565459610028,0.0
725,0.100974930362117,0.0
726,0.10111420612813371,0.0
727,0.10125348189415041,0.0
728,0.10139275766016713,0.0
729,0.10153203342618385,0.0
730,0.10167130919220056,0.0
731,0.10181058495821727,0.0
732,0.10194986072423398,0.0
733,0.1020891364902507,0.0
734,0.10222841225626741,0.0
735,0.10236768802228412,0.0
736,0.10250696378830083,0.0
737,0.10264623955431755,0.0
738,0.10278551532033427,0.0
739,0.10292479108635097,0.0
740,0.10306406685236769,0.0
741,0.1032033426183844,0.0
742,0.10334261838440112,0.0
743,0.10348189415041782,0.0
744,0.10362116991643454,0.0
745,0.10376044568245125,0.0
746,0.10389972144846797,0.0
747,0.10403899721448467,0.0
748,0.10417827298050139,0.0
749,0.10431754874651811,0.0
750,0.10445682451253482,0.0
751,0.10459610027855153,0.0
752,0.10473537604456824,0.0
753,0.10487465181058496,0.0
754,0.10501392757660168,0.0
755,0.10515320334261838,0.0
756,0.1052924791086351,0.0
757,0.10543175487465181,0.0
758,0.10557103064066853,0.0
759,0.10571030640668523,0.0
760,0.10584958217270195,0.0
761,0.10598885793871866,0.0
762,0.10612813370473538,0.0
763,0.10626740947075208,0.0
764,0.1064066852367688,0.0
765,0.10654596100278552,0.0
766,0.10668523676880223,0.0
767,0.10682451253481894,0.0
768,0.10696378830083565,0.0
769,0.10710306406685237,0.0
770,0.10724233983286909,0.0
771,0.10738161559888579,0.0
772,0.1075208913649025,0.0
773,0.10766016713091922,0.0
774,0.10779944289693594,0.0
775,0.10793871866295264,0.0
776,0.10807799442896936,0.0
777,0.10821727019498607,0.0
778,0.10835654596100279,0.0
779,0.10849582172701949,0.0
780,0.10863509749303621,0.0
781,0.10877437325905293,0.0
782,0.10891364902506964,0.0
783,0.10905292479108634,0.0
784,0.10919220055710306,0.0
785,0.10933147632311978,0.0
786,0.1094707520891365,0.0
787,0.1096100278551532,0.0
788,0.10974930362116991,0.0
789,0.10988857938718663,0.0
790,0.11002785515320335,0.0
791,0.11016713091922005,0.0
792,0.11030640668523677,0.0
793,0.11044568245125348,0.0
794,0.1105849582172702,0.0
795,0.1107242339832869,0.0
796,0.11086350974930362,0.0
797,0.11100278551532033,0.0
798,0.11114206128133705,0.0
799,0.11128133704735375,0.0
800,0.11142061281337047,0.0
801,0.11155988857938719,0.0
802,0.1116991643454039,0.0
803,0.1118384401114206,0.0
804,0.11197771587743732,0.0
805,0.11211699164345404,0.0
806,0.11225626740947076,0.0
807,0.11239554317548746,0.0
808,0.11253481894150417,0.0
809,0.11267409470752089,0.0
810,0.11281337047353761,0.0
811,0.11295264623955431,0.0
812,0.11309192200557103,0.0
813,0.11323119777158774,0.0
814,0.11337047353760446,0.0
815,0.11350974930362116,0.0
816,0.11364902506963788,0.0
817,0.1137883008356546,0.0
818,0.11392757660167131,0.0
819,0.11406685236768803,0.0
820,0.11420612813370473,0.0
821,0.11434540389972145,0.0
822,0.11448467966573816,0.0
823,0.11462395543175488,0.0
824,0.11476323119777158,0.0
825,0.1149025069637883,0.0
826,0.11504178272980502,0.0
827,0.11518105849582173,0.0
828,0.11532033426183844,0.0
829,0.11545961002785515,0.0
830,0.11559888579387187,0.0
831,0.11573816155988859,0.0
832,0.11587743732590529,0.0
833,0.116016713091922,0.0
834,0.11615598885793872,0.0
835,0.11629526462395544,0.0
836,0.11643454038997214,0.0
837,0.11657381615598886,0.0
838,0.11671309192200557,0.0
839,0.11685236768802229,0.0
840,0.116991643454039,0.0
841,0.11713091922005571,0.0
842,0.11727019498607243,0.0
843,0.11740947075208914,0.0
844,0.11754874651810585,0.0
845,0.11768802228412256,0.0
846,0.11782729805013928,0.0
847,0.117966573816156,0.0
848,0.1181058495821727,0.0
849,0.11824512534818941,0.0
850,0.11838440111420613,0.0
851,0.11852367688022285,0.0
852,0.11866295264623955,0.0
853,0.11880222841225627,0.0
854,0.11894150417827298,0.0
855,0.1190807799442897,0.0
856,0.1192200557103064,0.0
857,0.11935933147632312,0.0
858,0.11949860724233984,0.0
859,0.11963788300835655,0.0
860,0.11977715877437325,0.0
861,0.11991643454038997,0.0
862,0.12005571030640669,0.0
863,0.1201949860724234,0.0
864,0.1203342618384401,0.0
865,0.12047353760445682,0.0
866,0.12061281337047354,0.0
867,0.12075208913649026,0.0
868,0.12089136490250696,0.0
869,0.12103064066852368,0.0
870,0.12116991643454039,0.0
871,0.12130919220055711,0.0
872,0.12144846796657381,0.0
873,0.12158774373259053,0.0
874,0.12172701949860724,0.0
875,0.12186629526462396,0.0
876,0.12200557103064066,0.0
877,0.12214484679665738,0.0
878,0.1222841225626741,0.0
879,0.12242339832869081,0.0
880,0.12256267409470752,0.0
881,0.12270194986072423,0.0
882,0.12284122562674095,0.0
883,0.12298050139275767,0.0
884,0.12311977715877437,0.0
885,0.12325905292479108,0.0
886,0.1233983286908078,0.0
887,0.12353760445682452,0.0
888,0.12367688022284122,0.0
889,0.12381615598885794,0.0
890,0.12395543175487465,0.0
891,0.12409470752089137,0.0
892,0.12423398328690807,0.0
893,0.12437325905292479,0.0
894,0.1245125348189415,0.0
895,0.12465181058495822,0.0
896,0.12479108635097493,0.0
897,0.12493036211699164,0.0
898,0.12506963788300834,0.0
899,0.12520891364902506,0.0
900,0.12534818941504178,0.0
901,0.1254874651810585,0.0
902,0.1256267409470752,0.0
903,0.12576601671309193,0.0
904,0.12590529247910864,0.0
905,0.12604456824512536,0.0
906,0.12618384401114205,0.0
907,0.12632311977715877,0.0
908,0.12646239554317548,0.0
909,0.1266016713091922,0.0
910,0.12674094707520892,0.0
911,0.12688022284122563,0.0
912,0.12701949860724235,0.0
913,0.12715877437325906,0.0
914,0.12729805013927575,0.0
915,0.12743732590529247,0.0
916,0.1275766016713092,0.0
917,0.1277158774373259,0.0
918,0.12785515320334262,0.0
919,0.12799442896935934,0.0
920,0.12813370473537605,0.0
921,0.12827298050139277,0.0
922,0.12841225626740946,0.0
923,0.12855153203342617,0.0
924,0.1286908077994429,0.0
925,0.1288300835654596,0.0
926,0.12896935933147632,0.0
927,0.12910863509749304,0.0
928,0.12924791086350976,0.0
929,0.12938718662952647,0.0
930,0.12952646239554316,0.0
931,0.12966573816155988,0.0
932,0.1298050139275766,0.0
933,0.1299442896935933,0.0
934,0.13008356545961003,0.0
935,0.13022284122562675,0.0
936,0.13036211699164346,0.0
937,0.13050139275766018,0.0
938,0.13064066852367687,0.0
939,0.13077994428969358,0.0
940,0.1309192200557103,0.0
941,0.13105849582172702,0.0
942,0.13119777158774373,0.0
943,0.13133704735376045,0.0
944,0.13147632311977717,0.0
945,0.13161559888579388,0.0
946,0.13175487465181057,0.0
947,0.1318941504178273,0.0
948,0.132033426183844,0.0
949,0.13217270194986072,0.0
950,0.13231197771587744,0.0010526315789473684
951,0.13245125348189415,0.0010515247108307045
952,0.13259052924791087,0.0010504201680672268
953,0.1327298050139276,0.001049317943336831
954,0.13286908077994428,0.0010482180293501049
955,0.133008356545961,0.0010471204188481676
956,0.1331476323119777,0.0010460251046025104
957,0.13328690807799443,0.0010449320794148381
958,0.13342618384401114,0.0010438413361169101
959,0.13356545961002786,0.0010427528675703858
960,0.13370473537604458,0.0010416666666666667
961,0.1338440111420613,0.001040582726326743
962,0.13398328690807798,0.0010395010395010396
963,0.1341225626740947,0.0010384215991692627
964,0.13426183844011141,0.001037344398340249
965,0.13440111420612813,0.0010362694300518134
966,0.13454038997214485,0.0010351966873706005
967,0.13467966573816156,0.001034126163391934
968,0.13481894150417828,0.0010330578512396695
969,0.134958217270195,0.0010319917440660474
970,0.13509749303621169,0.0010309278350515464
971,0.1352367688022284,0.0010298661174047373
972,0.13537604456824512,0.00102880658436214
973,0.13551532033426184,0.0010277492291880781
974,0.13565459610027855,0.001026694045174538
975,0.13579387186629527,0.0010256410256410256
976,0.13593314763231198,0.0010245901639344263
977,0.1360724233983287,0.0010235414534288639
978,0.1362116991643454,0.0010224948875255625
979,0.1363509749303621,0.0010214504596527069
980,0.13649025069637882,0.0010204081632653062
981,0.13662952646239554,0.0010193679918450561
982,0.13676880222841226,0.0010183299389002036
983,0.13690807799442897,0.001017293997965412
984,0.1370473537604457,0.0010162601626016261
985,0.1371866295264624,0.0010152284263959391
986,0.13732590529247912,0.0010141987829614604
987,0.1374651810584958,0.0010131712259371835
988,0.13760445682451253,0.0010121457489878543
989,0.13774373259052924,0.0010111223458038423
990,0.13788300835654596,0.00101010101010101
991,0.13802228412256268,0.0010090817356205853
992,0.1381615598885794,0.0010080645161290322
993,0.1383008356545961,0.0010070493454179255
994,0.13844011142061283,0.001006036217303823
995,0.13857938718662952,0.0010050251256281408
996,0.13871866295264623,0.001004016064257028
997,0.13885793871866295,0.0010030090270812437
998,0.13899721448467967,0.002004008016032064
999,0.13913649025069638,0.002002002002002002
1000,0.1392757660167131,0.002
1001,0.13941504178272981,0.001998001998001998
1002,0.13955431754874653,0.001996007984031936
1003,0.13969359331476322,0.0019940179461615153
1004,0.13983286908077994,0.00199203187250996
1005,0.13997214484679665,0.001990049751243781
1006,0.14011142061281337,0.0019880715705765406
1007,0.1402506963788301,0.0019860973187686196
1008,0.1403899721448468,0.001984126984126984
1009,0.14052924791086352,0.0019821605550049554
1010,0.14066852367688024,0.0019801980198019802
1011,0.14080779944289692,0.0019782393669634025
1012,0.14094707520891364,0.001976284584980237
1013,0.14108635097493036,0.0019743336623889436
1014,0.14122562674094707,0.0019723865877712033
1015,0.1413649025069638,0.0019704433497536944
1016,0.1415041782729805,0.001968503937007874
1017,0.14164345403899722,0.0019665683382497543
1018,0.14178272980501394,0.0019646365422396855
1019,0.14192200557103063,0.001962708537782139
1020,0.14206128133704735,0.00196078431372549
1021,0.14220055710306406,0.0019588638589618022
1022,0.14233983286908078,0.0019569471624266144
1023,0.1424791086350975,0.0019550342130987292
1024,0.1426183844011142,0.001953125
1025,0.14275766016713093,0.001951219512195122
1026,0.14289693593314765,0.001949317738791423
1027,0.14303621169916433,0.0019474196689386564
1028,0.14317548746518105,0.0019455252918287938
1029,0.14331476323119777,0.001943634596695821
1030,0.14345403899721448,0.001941747572815534
1031,0.1435933147632312,0.0019398642095053346
1032,0.14373259052924792,0.001937984496124031
1033,0.14387186629526463,0.001936108422071636
1034,0.14401114206128135,0.0019342359767891683
1035,0.14415041782729804,0.001932367149758454
1036,0.14428969359331476,0.0019305019305019305
1037,0.14442896935933147,0.0019286403085824494
1038,0.1445682451253482,0.0019267822736030828
1039,0.1447075208913649,0.0028873917228103944
1040,0.14484679665738162,0.0028846153846153848
1041,0.14498607242339834,0.002881844380403458
1042,0.14512534818941505,0.0028790786948176585
1043,0.14526462395543174,0.0028763183125599234
1044,0.14540389972144846,0.0028735632183908046
1045,0.14554317548746518,0.0028708133971291866
1046,0.1456824512534819,0.0028680688336520078
1047,0.1458217270194986,0.0028653295128939827
1048,0.14596100278551533,0.0028625954198473282
1049,0.14610027855153204,0.0038131553860819827
1050,0.14623955431754876,0.0038095238095238095
1051,0.14637883008356545,0.003805899143672693
1052,0.14651810584958216,0.0038022813688212928
1053,0.14665738161559888,0.003798670465337132
1054,0.1467966573816156,0.003795066413662239
1055,0.1469359331476323,0.004739336492890996
1056,0.14707520891364903,0.004734848484848485
1057,0.14721448467966575,0.004730368968779565
1058,0.14735376044568246,0.004725897920604915
1059,0.14749303621169915,0.004721435316336166
1060,0.14763231197771587,0.0047169811320754715
1061,0.14777158774373259,0.00471253534401508
1062,0.1479108635097493,0.004708097928436911
1063,0.14805013927576602,0.004703668861712135
1064,0.14818941504178273,0.004699248120300752
1065,0.14832869080779945,0.005633802816901409
1066,0.14846796657381617,0.005628517823639775
1067,0.14860724233983286,0.005623242736644799
1068,0.14874651810584957,0.0056179775280898875
1069,0.1488857938718663,0.005612722170252572
1070,0.149025069637883,0.005607476635514018
1071,0.14916434540389972,0.0056022408963585435
1072,0.14930362116991644,0.005597014925373134
1073,0.14944289693593316,0.005591798695246971
1074,0.14958217270194987,0.00558659217877095
1075,0.14972144846796656,0.005581395348837209
1076,0.14986072423398328,0.0055762081784386614
1077,0.15,0.005571030640668524
1078,0.1501392757660167,0.0055658627087198514
1079,0.15027855153203343,0.006487488415199258
1080,0.15041782729805014,0.006481481481481481
1081,0.15055710306406686,0.0064754856614246065
1082,0.15069637883008358,0.006469500924214418
1083,0.15083565459610027,0.006463527239150508
1084,0.15097493036211698,0.006457564575645757
1085,0.1511142061281337,0.0064516129032258064
1086,0.15125348189415042,0.006445672191528545
1087,0.15139275766016713,0.006439742410303588
1088,0.15153203342618385,0.006433823529411764
1089,0.15167130919220057,0.006427915518824609
1090,0.15181058495821728,0.007339449541284404
1091,0.15194986072423397,0.007332722273143905
1092,0.1520891364902507,0.007326007326007326
1093,0.1522284122562674,0.007319304666056725
1094,0.15236768802228412,0.007312614259597806
1095,0.15250696378830084,0.0073059360730593605
1096,0.15264623955431755,0.0072992700729927005
1097,0.15278551532033427,0.007292616226071103
1098,0.152924791086351,0.007285974499089253
1099,0.15306406685236768,0.007279344858962694
1100,0.1532033426183844,0.007272727272727273
1101,0.1533426183844011,0.007266121707538601
1102,0.15348189415041782,0.007259528130671506
1103,0.15362116991643454,0.007252946509519492
1104,0.15376044568245126,0.007246376811594203
1105,0.15389972144846797,0.007239819004524887
1106,0.1540389972144847,0.007233273056057866
1107,0.15417827298050138,0.007226738934056007
1108,0.1543175487465181,0.007220216606498195
1109,0.1544568245125348,0.007213706041478809
1110,0.15459610027855153,0.007207207207207207
1111,0.15473537604456825,0.0072007200720072
1112,0.15487465181058496,0.007194244604316547
1113,0.15501392757660168,0.0071877807726864335
1114,0.1551532033426184,0.00718132854578097
1115,0.15529247910863508,0.007174887892376682
1116,0.1554317548746518,0.007168458781362007
1117,0.15557103064066852,0.007162041181736795
1118,0.15571030640668523,0.007155635062611807
1119,0.15584958217270195,0.0071492403932082215
1120,0.15598885793871867,0.007142857142857143
1121,0.15612813370473538,0.007136485280999108
1122,0.1562674094707521,0.0071301247771836
1123,0.1564066852367688,0.007123775601068566
1124,0.1565459610027855,0.0071174377224199285
1125,0.15668523676880222,0.0071111111111111115
1126,0.15682451253481894,0.007104795737122558
1127,0.15696378830083565,0.00709849157054126
1128,0.15710306406685237,0.0070921985815602835
1129,0.1572423398328691,0.0070859167404783
1130,0.1573816155988858,0.007079646017699115
1131,0.1575208913649025,0.007073386383731211
1132,0.1576601671309192,0.007067137809187279
1133,0.15779944289693593,0.00706090026478376
1134,0.15793871866295264,0.007054673721340388
1135,0.15807799442896936,0.007048458149779736
1136,0.15821727019498608,0.007042253521126761
1137,0.1583565459610028,0.007036059806508356
1138,0.1584958217270195,0.007029876977152899
1139,0.1586350974930362,0.007023705004389816
1140,0.15877437325905291,0.007017543859649123
1141,0.15891364902506963,0.007011393514460999
1142,0.15905292479108635,0.0070052539404553416
1143,0.15919220055710306,0.00699912510936133
1144,0.15933147632311978,0.006993006993006993
1145,0.1594707520891365,0.0069868995633187774
1146,0.1596100278551532,0.006980802792321117
1147,0.15974930362116993,0.006974716652136007
1148,0.15988857938718662,0.006968641114982578
1149,0.16002785515320334,0.006962576153176675
1150,0.16016713091922005,0.006956521739130435
1151,0.16030640668523677,0.0069504778453518675
1152,0.16044568245125349,0.006944444444444444
1153,0.1605849582172702,0.006938421509106678
1154,0.16072423398328692,0.006932409012131715
1155,0.16086350974930363,0.006926406926406926
1156,0.16100278551532032,0.006920415224913495
1157,0.16114206128133704,0.007778738115816767
1158,0.16128133704735376,0.007772020725388601
1159,0.16142061281337047,0.007765314926660914
1160,0.1615598885793872,0.007758620689655172
1161,0.1616991643454039,0.007751937984496124
1162,0.16183844011142062,0.00774526678141136
1163,0.16197771587743734,0.007738607050730868
1164,0.16211699164345403,0.00859106529209622
1165,0.16225626740947074,0.008583690987124463
1166,0.16239554317548746,0.009433962264150943
1167,0.16253481894150418,0.009425878320479864
1168,0.1626740947075209,0.009417808219178082
1169,0.1628133704735376,0.009409751924721984
1170,0.16295264623955433,0.009401709401709401
1171,0.16309192200557104,0.009393680614859094
1172,0.16323119777158773,0.00938566552901024
1173,0.16337047353760445,0.00937766410912191
1174,0.16350974930362117,0.009369676320272573
1175,0.16364902506963788,0.009361702127659575
1176,0.1637883008356546,0.00935374149659864
1177,0.16392757660167132,0.009345794392523364
1178,0.16406685236768803,0.00933786078098472
1179,0.16420612813370475,0.009329940627650551
1180,0.16434540389972144,0.009322033898305085
1181,0.16448467966573815,0.009314140558848433
1182,0.16462395543175487,0.009306260575296108
1183,0.1647632311977716,0.009298393913778529
1184,0.1649025069637883,0.009290540540540541
1185,0.16504178272980502,0.009282700421940928
1186,0.16518105849582174,0.00927487352445194
1187,0.16532033426183845,0.009267059814658803
1188,0.16545961002785514,0.009259259259259259
1189,0.16559888579387186,0.009251471825063078
1190,0.16573816155988857,0.009243697478991597
1191,0.1658774373259053,0.009235936188077247
1192,0.166016713091922,0.009228187919463088
1193,0.16615598885793872,0.009220452640402346
1194,0.16629526462395544,0.009212730318257957
1195,0.16643454038997216,0.009205020920502092
1196,0.16657381615598885,0.00919732441471572
1197,0.16671309192200556,0.009189640768588136
1198,0.16685236768802228,0.009181969949916527
1199,0.166991643454039,0.009174311926605505
1200,0.1671309192200557,0.009166666666666667
1201,0.16727019498607243,0.009159034138218152
1202,0.16740947075208915,0.009151414309484194
1203,0.16754874651810586,0.00997506234413965
1204,0.16768802228412255,0.009966777408637873
1205,0.16782729805013927,0.00995850622406639
1206,0.16796657381615598,0.009950248756218905
1207,0.1681058495821727,0.009942004971002486
1208,0.16824512534818942,0.009933774834437087
1209,0.16838440111420613,0.009925558312655087
1210,0.16852367688022285,0.009917355371900827
1211,0.16866295264623957,0.00990916597853014
1212,0.16880222841225626,0.009900990099009901
1213,0.16894150417827297,0.00989282769991756
1214,0.1690807799442897,0.009884678747940691
1215,0.1692200557103064,0.009876543209876543
1216,0.16935933147632312,0.009868421052631578
1217,0.16949860724233984,0.010682004930156122
1218,0.16963788300835655,0.010673234811165846
1219,0.16977715877437327,0.01066447908121411
1220,0.16991643454038996,0.010655737704918032
1221,0.17005571030640668,0.011466011466011465
1222,0.1701949860724234,0.011456628477905073
1223,0.1703342618384401,0.011447260834014717
1224,0.17047353760445683,0.011437908496732025
1225,0.17061281337047354,0.011428571428571429
1226,0.17075208913649026,0.011419249592169658
1227,0.17089136490250698,0.011409942950285249
1228,0.17103064066852366,0.011400651465798045
1229,0.17116991643454038,0.011391375101708706
1230,0.1713091922005571,0.011382113821138212
1231,0.17144846796657381,0.011372867587327376
1232,0.17158774373259053,0.011363636363636364
1233,0.17172701949860725,0.0113544201135442
1234,0.17186629526462396,0.011345218800648298
1235,0.17200557103064068,0.011336032388663968
1236,0.17214484679665737,0.011326860841423949
1237,0.17228412256267409,0.01131770412287793
1238,0.1724233983286908,0.011308562197092083
1239,0.17256267409470752,0.011299435028248588
1240,0.17270194986072424,0.012096774193548387
1241,0.17284122562674095,0.012087026591458501
1242,0.17298050139275767,0.012077294685990338
1243,0.17311977715877438,0.012067578439259855
1244,0.17325905292479107,0.012057877813504822
1245,0.1733983286908078,0.012048192771084338
1246,0.1735376044568245,0.012038523274478331
1247,0.17367688022284122,0.012028869286287089
1248,0.17381615598885794,0.01201923076923077
1249,0.17395543175487466,0.01200960768614892
1250,0.17409470752089137,0.012
1251,0.1742339832869081,0.011990407673860911
1252,0.17437325905292478,0.011980830670926517
1253,0.1745125348189415,0.011971268954509178
1254,0.1746518105849582,0.011961722488038277
1255,0.17479108635097493,0.01195219123505976
1256,0.17493036211699164,0.01194267515923567
1257,0.17506963788300836,0.011933174224343675
1258,0.17520891364902508,0.01192368839427663
1259,0.1753481894150418,0.011914217633042097
1260,0.17548746518105848,0.011904761904761904
1261,0.1756267409470752,0.011895321173671689
1262,0.17576601671309192,0.011885895404120444
1263,0.17590529247910863,0.011876484560570071
1264,0.17604456824512535,0.011867088607594937
1265,0.17618384401114207,0.011857707509881422
1266,0.17632311977715878,0.011848341232227487
1267,0.1764623955431755,0.011838989739542225
1268,0.1766016713091922,0.011829652996845425
1269,0.1767409470752089,0.01182033096926714
1270,0.17688022284122562,0.012598425196850394
1271,0.17701949860724234,0.012588512981904013
1272,0.17715877437325905,0.012578616352201259
1273,0.17729805013927577,0.012568735271013355
1274,0.1774373259052925,0.012558869701726845
1275,0.1775766016713092,0.012549019607843137
1276,0.1777158774373259,0.012539184952978056
1277,0.1778551532033426,0.012529365700861394
1278,0.17799442896935933,0.012519561815336464
1279,0.17813370473537604,0.013291634089132134
1280,0.17827298050139276,0.01328125
1281,0.17841225626740947,0.01327088212334114
1282,0.1785515320334262,0.01326053042121685
1283,0.1786908077994429,0.013250194855806703
1284,0.1788300835654596,0.0132398753894081
1285,0.1789693593314763,0.013229571984435798
1286,0.17910863509749303,0.013219284603421462
1287,0.17924791086350975,0.01320901320901321
1288,0.17938718662952646,0.013198757763975156
1289,0.17952646239554318,0.013188518231186967
1290,0.1796657381615599,0.01317829457364341
1291,0.1798050139275766,0.013168086754453912
1292,0.1799442896935933,0.013157894736842105
1293,0.18008356545961002,0.013147718484145398
1294,0.18022284122562673,0.01313755795981453
1295,0.18036211699164345,0.013127413127413128
1296,0.18050139275766017,0.013117283950617283
1297,0.18064066852367688,0.013107170393215111
1298,0.1807799442896936,0.013097072419106317
1299,0.18091922005571032,0.01308698999230177
1300,0.181058495821727,0.013846153846153847
1301,0.18119777158774372,0.013835511145272867
1302,0.18133704735376044,0.014592933947772658
1303,0.18147632311977716,0.014581734458940905
1304,0.18161559888579387,0.014570552147239263
1305,0.1817548746518106,0.014559386973180077
1306,0.1818941504178273,0.01454823889739663
1307,0.18203342618384402,0.014537107880642693
1308,0.18217270194986074,0.01452599388379205
1309,0.18231197771587743,0.014514896867838044
1310,0.18245125348189414,0.01450381679389313
1311,0.18259052924791086,0.014492753623188406
1312,0.18272980501392758,0.014481707317073171
1313,0.1828690807799443,0.015232292460015232
1314,0.183008356545961,0.015220700152207
1315,0.18314763231197773,0.015209125475285171
1316,0.18328690807799444,0.015197568389057751
1317,0.18342618384401113,0.015186028853454821
1318,0.18356545961002785,0.015174506828528073
1319,0.18370473537604456,0.015163002274450341
1320,0.18384401114206128,0.015151515151515152
1321,0.183983286908078,0.01514004542013626
1322,0.18412256267409471,0.015128593040847202
1323,0.18426183844011143,0.015117157974300832
1324,0.18440111420612815,0.015105740181268883
1325,0.18454038997214484,0.01509433962264151
1326,0.18467966573816155,0.015082956259426848
1327,0.18481894150417827,0.015071590052750565
1328,0.18495821727019499,0.015060240963855422
1329,0.1850974930362117,0.01580135440180587
1330,0.18523676880222842,0.015789473684210527
1331,0.18537604456824514,0.015777610818933134
1332,0.18551532033426185,0.015765765765765764
1333,0.18565459610027854,0.015753938484621154
1334,0.18579387186629526,0.015742128935532233
1335,0.18593314763231197,0.015730337078651686
1336,0.1860724233983287,0.016467065868263474
1337,0.1862116991643454,0.016454749439042633
1338,0.18635097493036212,0.016442451420029897
1339,0.18649025069637884,0.016430171769977596
1340,0.18662952646239556,0.016417910447761194
1341,0.18676880222841225,0.01640566741237882
1342,0.18690807799442896,0.01639344262295082
1343,0.18704735376044568,0.016381236038719285
1344,0.1871866295264624,0.01636904761904762
1345,0.1873259052924791,0.017100371747211896
1346,0.18746518105849583,0.017087667161961365
1347,0.18760445682451254,0.017074981440237565
1348,0.18774373259052926,0.017062314540059347
1349,0.18788300835654595,0.01704966641957005
1350,0.18802228412256267,0.017037037037037038
1351,0.18816155988857938,0.017024426350851222
1352,0.1883008356545961,0.01775147928994083
1353,0.18844011142061282,0.017738359201773836
1354,0.18857938718662953,0.01772525849335303
1355,0.18871866295264625,0.01845018450184502
1356,0.18885793871866297,0.018436578171091445
1357,0.18899721448467965,0.018422991893883568
1358,0.18913649025069637,0.018409425625920472
1359,0.1892757660167131,0.01839587932303164
1360,0.1894150417827298,0.01838235294117647
1361,0.18955431754874652,0.018368846436443792
1362,0.18969359331476324,0.018355359765051395
1363,0.18983286908077995,0.018341892883345562
1364,0.18997214484679667,0.018328445747800588
1365,0.19011142061281336,0.018315018315018316
1366,0.19025069637883008,0.018301610541727673
1367,0.1903899721448468,0.019019751280175568
1368,0.1905292479108635,0.019005847953216373
1369,0.19066852367688022,0.018991964937910884
1370,0.19080779944289694,0.01897810218978102
1371,0.19094707520891366,0.018964259664478483
1372,0.19108635097493037,0.018950437317784258
1373,0.19122562674094706,0.018936635105608158
1374,0.19136490250696378,0.018922852983988356
1375,0.1915041782729805,0.01890909090909091
1376,0.1916434540389972,0.0188953488372093
1377,0.19178272980501393,0.01888162672476398
1378,0.19192200557103065,0.018867924528301886
1379,0.19206128133704736,0.01885424220449601
1380,0.19220055710306408,0.01884057971014493
1381,0.19233983286908077,0.01882693700217234
1382,0.19247910863509748,0.01881331403762663
1383,0.1926183844011142,0.018799710773680405
1384,0.19275766016713092,0.01878612716763006
1385,0.19289693593314763,0.018772563176895306
1386,0.19303621169916435,0.01875901875901876
1387,0.19317548746518107,0.018745493871665464
1388,0.19331476323119778,0.018731988472622477
1389,0.19345403899721447,0.018718502519798418
1390,0.1935933147632312,0.019424460431654675
1391,0.1937325905292479,0.019410496046010063
1392,0.19387186629526462,0.020114942528735632
1393,0.19401114206128134,0.020100502512562814
1394,0.19415041782729806,0.020086083213773313
1395,0.19428969359331477,0.02007168458781362
1396,0.1944289693593315,0.02005730659025788
1397,0.19456824512534818,0.020042949176807445
1398,0.1947075208913649,0.020028612303290415
1399,0.1948467966573816,0.020729092208720514
1400,0.19498607242339833,0.020714285714285713
1401,0.19512534818941504,0.02069950035688794
1402,0.19526462395543176,0.020684736091298145
1403,0.19540389972144848,0.020669992872416252
1404,0.1955431754874652,0.020655270655270654
1405,0.19568245125348188,0.020640569395017794
1406,0.1958217270194986,0.020625889046941678
1407,0.19596100278551531,0.02061122956645345
1408,0.19610027855153203,0.020596590909090908
1409,0.19623955431754875,0.0205819730305181
1410,0.19637883008356546,0.02056737588652482
1411,0.19651810584958218,0.020552799433026223
1412,0.1966573816155989,0.020538243626062325
1413,0.1967966573816156,0.020523708421797595
1414,0.1969359331476323,0.02050919377652051
1415,0.19707520891364902,0.02049469964664311
1416,0.19721448467966574,0.020480225988700564
1417,0.19735376044568245,0.02117148906139732
1418,0.19749303621169917,0.021156558533145273
1419,0.19763231197771589,0.021141649048625793
1420,0.1977715877437326,0.02112676056338028
1421,0.1979108635097493,0.0211118930330753
1422,0.198050139275766,0.02109704641350211
1423,0.19818941504178272,0.02108222066057625
1424,0.19832869080779944,0.021067415730337078
1425,0.19846796657381616,0.021052631578947368
1426,0.19860724233983287,0.021037868162692847
1427,0.1987465181058496,0.02102312543798178
1428,0.1988857938718663,0.02100840336134454
1429,0.199025069637883,0.02099370188943317
1430,0.1991643454038997,0.02097902097902098
1431,0.19930362116991643,0.020964360587002098
1432,0.19944289693593314,0.02094972067039106
1433,0.19958217270194986,0.0209351011863224
1434,0.19972144846796658,0.02092050209205021
1435,0.1998607242339833,0.020905923344947737
1436,0.2,0.020891364902506964
1437,0.2001392757660167,0.020876826722338204
1438,0.20027855153203342,0.02086230876216968
1439,0.20041782729805013,0.020847810979847115
1440,0.20055710306406685,0.020833333333333332
1441,0.20069637883008357,0.020818875780707843
1442,0.20083565459610028,0.020804438280166437
1443,0.200974930362117,0.02079002079002079
1444,0.20111420612813372,0.02077562326869806
1445,0.2012534818941504,0.020761245674740483
1446,0.20139275766016712,0.02074688796680498
1447,0.20153203342618384,0.02073255010366275
1448,0.20167130919220055,0.020718232044198894
1449,0.20181058495821727,0.02139406487232574
1450,0.201949860724234,0.021379310344827585
1451,0.2020891364902507,0.021364576154376293
1452,0.20222841225626742,0.02134986225895317
1453,0.2023676880222841,0.021335168616655197
1454,0.20250696378830083,0.021320495185694635
1455,0.20264623955431754,0.021993127147766325
1456,0.20278551532033426,0.02197802197802198
1457,0.20292479108635098,0.02196293754289636
1458,0.2030640668523677,0.02194787379972565
1459,0.2032033426183844,0.02193283070596299
1460,0.20334261838440112,0.021917808219178082
1461,0.2034818941504178,0.02190280629705681
1462,0.20362116991643453,0.02188782489740082
1463,0.20376044568245125,0.022556390977443608
1464,0.20389972144846796,0.022540983606557378
1465,0.20403899721448468,0.022525597269624574
1466,0.2041782729805014,0.022510231923601638
1467,0.2043175487465181,0.022494887525562373
1468,0.20445682451253483,0.022479564032697547
1469,0.20459610027855155,0.0224642614023145
1470,0.20473537604456823,0.022448979591836733
1471,0.20487465181058495,0.022433718558803536
1472,0.20501392757660167,0.02309782608695652
1473,0.20515320334261838,0.02308214528173795
1474,0.2052924791086351,0.023066485753052916
1475,0.20543175487465182,0.02305084745762712
1476,0.20557103064066853,0.023035230352303523
1477,0.20571030640668525,0.023019634394041977
1478,0.20584958217270194,0.02368064952638701
1479,0.20598885793871866,0.023664638269100743
1480,0.20612813370473537,0.02364864864864865
1481,0.2062674094707521,0.02363268062120189
1482,0.2064066852367688,0.024291497975708502
1483,0.20654596100278552,0.024275118004045852
1484,0.20668523676880224,0.02425876010781671
1485,0.20682451253481896,0.024242424242424242
1486,0.20696378830083564,0.024226110363391656
1487,0.20710306406685236,0.0242098184263618
1488,0.20724233983286908,0.024193548387096774
1489,0.2073816155988858,0.0241773002014775
1490,0.2075208913649025,0.024161073825503355
1491,0.20766016713091923,0.02414486921529175
1492,0.20779944289693594,0.024128686327077747
1493,0.20793871866295266,0.024112525117213665
1494,0.20807799442896935,0.024096385542168676
1495,0.20821727019498606,0.024080267558528427
1496,0.20835654596100278,0.02406417112299465
1497,0.2084958217270195,0.02404809619238477
1498,0.20863509749303621,0.02403204272363151
1499,0.20877437325905293,0.02401601067378252
1500,0.20891364902506965,0.024
1501,0.20905292479108636,0.023984010659560292
1502,0.20919220055710305,0.023968042609853527
1503,0.20933147632311977,0.023952095808383235
1504,0.20947075208913649,0.023936170212765957
1505,0.2096100278551532,0.023920265780730896
1506,0.20974930362116992,0.02390438247011952
1507,0.20988857938718664,0.023888520238885203
1508,0.21002785515320335,0.023872679045092837
1509,0.21016713091922007,0.024519549370444003
1510,0.21030640668523676,0.024503311258278145
1511,0.21044568245125347,0.024487094639311716
1512,0.2105849582172702,0.02447089947089947
1513,0.2107242339832869,0.024454725710508923
1514,0.21086350974930362,0.02443857331571995
1515,0.21100278551532034,0.02442244224422442
1516,0.21114206128133706,0.024406332453825858
1517,0.21128133704735377,0.024390243902439025
1518,0.21142061281337046,0.024374176548089592
1519,0.21155988857938718,0.024358130348913758
1520,0.2116991643454039,0.024342105263157894
1521,0.2118384401114206,0.024326101249178174
1522,0.21197771587743733,0.02431011826544021
1523,0.21211699164345404,0.02495075508864084
1524,0.21225626740947076,0.024934383202099737
1525,0.21239554317548748,0.024918032786885248
1526,0.21253481894150417,0.02490170380078637
1527,0.21267409470752088,0.024885396201702686
1528,0.2128133704735376,0.024869109947643978
1529,0.21295264623955432,0.02485284499672989
1530,0.21309192200557103,0.02483660130718954
1531,0.21323119777158775,0.024820378837361202
1532,0.21337047353760447,0.024804177545691905
1533,0.21350974930362118,0.024787997390737115
1534,0.21364902506963787,0.024771838331160364
1535,0.2137883008356546,0.024755700325732898
1536,0.2139275766016713,0.024739583333333332
1537,0.21406685236768802,0.0247234873129473
1538,0.21420612813370474,0.0247074122236671
1539,0.21434540389972145,0.024691358024691357
1540,0.21448467966573817,0.024675324675324677
1541,0.2146239554317549,0.02465931213497729
1542,0.21476323119777158,0.02464332036316472
1543,0.2149025069637883,0.02462734931950745
1544,0.215041782729805,0.02461139896373057
1545,0.21518105849582173,0.02459546925566343
1546,0.21532033426183844,0.02457956015523933
1547,0.21545961002785516,0.02456367162249515
1548,0.21559888579387188,0.02454780361757106
1549,0.2157381615598886,0.024531956100710135
1550,0.21587743732590528,0.025161290322580646
1551,0.216016713091922,0.025145067698259187
1552,0.2161559888579387,0.025128865979381444
1553,0.21629526462395543,0.025112685125563427
1554,0.21643454038997215,0.025096525096525095
1555,0.21657381615598886,0.02508038585209003
1556,0.21671309192200558,0.02506426735218509
1557,0.2168523676880223,0.025048169556840076
1558,0.21699164345403898,0.02503209242618742
1559,0.2171309192200557,0.025016035920461834
1560,0.21727019498607242,0.025
1561,0.21740947075208913,0.024983984625240232
1562,0.21754874651810585,0.02496798975672215
1563,0.21768802228412257,0.02495201535508637
1564,0.21782729805013928,0.024936061381074168
1565,0.217966573816156,0.024920127795527155
1566,0.2181058495821727,0.02490421455938697
1567,0.2182451253481894,0.02488832163369496
1568,0.21838440111420612,0.024872448979591837
1569,0.21852367688022284,0.0248565965583174
1570,0.21866295264623956,0.024840764331210193
1571,0.21880222841225627,0.024824952259707194
1572,0.218941504178273,0.02480916030534351
1573,0.2190807799442897,0.024793388429752067
1574,0.2192200557103064,0.02477763659466328
1575,0.2193593314763231,0.024761904761904763
1576,0.21949860724233983,0.024746192893401017
1577,0.21963788300835654,0.024730500951173115
1578,0.21977715877437326,0.024714828897338403
1579,0.21991643454038998,0.024699176694110196
1580,0.2200557103064067,0.024683544303797468
1581,0.2201949860724234,0.024667931688804556
1582,0.2203342618384401,0.02465233881163085
1583,0.22047353760445682,0.024636765634870498
1584,0.22061281337047353,0.025252525252525252
1585,0.22075208913649025,0.025236593059936908
1586,0.22089136490250696,0.025220680958385876
1587,0.22103064066852368,0.02520478890989288
1588,0.2211699164345404,0.02518891687657431
1589,0.22130919220055711,0.025173064820641914
1590,0.2214484679665738,0.025157232704402517
1591,0.22158774373259052,0.0251414204902577
1592,0.22172701949860724,0.025753768844221106
1593,0.22186629526462395,0.02573760200878845
1594,0.22200557103064067,0.025721455457967377
1595,0.22214484679665739,0.025705329153605017
1596,0.2222841225626741,0.02568922305764411
1597,0.22242339832869082,0.02567313713212273
1598,0.2225626740947075,0.025657071339173967
1599,0.22270194986072422,0.02626641651031895
1600,0.22284122562674094,0.02625
1601,0.22298050139275766,0.02623360399750156
1602,0.22311977715877437,0.026217228464419477
1603,0.2232590529247911,0.026200873362445413
1604,0.2233983286908078,0.026184538653366583
1605,0.22353760445682452,0.026168224299065422
1606,0.2236768802228412,0.026774595267745952
1607,0.22381615598885793,0.026757934038581208
1608,0.22395543175487465,0.026741293532338308
1609,0.22409470752089136,0.026724673710379118
1610,0.22423398328690808,0.02670807453416149
1611,0.2243732590529248,0.02669149596523898
1612,0.2245125348189415,0.026674937965260544
1613,0.22465181058495823,0.026658400495970243
1614,0.22479108635097492,0.02664188351920694
1615,0.22493036211699163,0.027244582043343655
1616,0.22506963788300835,0.027227722772277228
1617,0.22520891364902507,0.027210884353741496
1618,0.22534818941504178,0.027194066749072928
1619,0.2254874651810585,0.027177269919703522
1620,0.22562674094707522,0.027777777777777776
1621,0.22576601671309193,0.027760641579272053
1622,0.22590529247910862,0.027743526510480888
1623,0.22604456824512534,0.027726432532347505
1624,0.22618384401114205,0.02770935960591133
1625,0.22632311977715877,0.027692307692307693
1626,0.2264623955431755,0.027675276752767528
1627,0.2266016713091922,0.027658266748617086
1628,0.22674094707520892,0.02764127764127764
1629,0.22688022284122564,0.027624309392265192
1630,0.22701949860724233,0.027607361963190184
1631,0.22715877437325904,0.027590435315757205
1632,0.22729805013927576,0.027573529411764705
1633,0.22743732590529248,0.027556644213104716
1634,0.2275766016713092,0.027539779681762546
1635,0.2277158774373259,0.027522935779816515
1636,0.22785515320334263,0.02750611246943765
1637,0.22799442896935934,0.02748930971288943
1638,0.22813370473537606,0.027472527472527472
1639,0.22827298050139275,0.027455765710799267
1640,0.22841225626740946,0.027439024390243903
1641,0.22855153203342618,0.027422303473491772
1642,0.2286908077994429,0.027405602923264313
1643,0.2288300835654596,0.027388922702373707
1644,0.22896935933147633,0.02737226277372263
1645,0.22910863509749305,0.02735562310030395
1646,0.22924791086350976,0.027339003645200487
1647,0.22938718662952645,0.0273224043715847
1648,0.22952646239554317,0.027305825242718445
1649,0.22966573816155988,0.0272892662219527
1650,0.2298050139275766,0.02727272727272727
1651,0.22994428969359332,0.027256208358570563
1652,0.23008356545961003,0.027239709443099273
1653,0.23022284122562675,0.02722323049001815
1654,0.23036211699164347,0.02720677146311971
1655,0.23050139275766016,0.027190332326283987
1656,0.23064066852367687,0.02717391304347826
1657,0.2307799442896936,0.02715751357875679
1658,0.2309192200557103,0.027141133896260553
1659,0.23105849582172702,0.027124773960216998
1660,0.23119777158774374,0.027710843373493974
1661,0.23133704735376046,0.027694160144491272
1662,0.23147632311977717,0.027677496991576414
1663,0.23161559888579386,0.027660853878532773
1664,0.23175487465181058,0.027644230769230768
1665,0.2318941504178273,0.02762762762762763
1666,0.232033426183844,0.027611044417767107
1667,0.23217270194986073,0.027594481103779243
1668,0.23231197771587744,0.027577937649880094
1669,0.23245125348189416,0.02756141402037148
1670,0.23259052924791088,0.027544910179640718
1671,0.23272980501392757,0.02752842609216038
1672,0.23286908077994428,0.02751196172248804
1673,0.233008356545961,0.02749551703526599
1674,0.23314763231197771,0.027479091995221028
1675,0.23328690807799443,0.02746268656716418
1676,0.23342618384401115,0.027446300715990454
1677,0.23356545961002786,0.027429934406678593
1678,0.23370473537604458,0.027413587604290822
1679,0.23384401114206127,0.0273972602739726
1680,0.233983286908078,0.02738095238095238
1681,0.2341225626740947,0.027364663890541343
1682,0.23426183844011142,0.027348394768133173
1683,0.23440111420612814,0.027332144979203804
1684,0.23454038997214485,0.027315914489311165
1685,0.23467966573816157,0.027299703264094956
1686,0.23481894150417829,0.027876631079478055
1687,0.23495821727019497,0.027860106698280974
1688,0.2350974930362117,0.027843601895734597
1689,0.2352367688022284,0.027827116637063352
1690,0.23537604456824512,0.027810650887573965
1691,0.23551532033426184,0.027794204612655235
1692,0.23565459610027856,0.027777777777777776
1693,0.23579387186629527,0.027761370348493797
1694,0.235933147632312,0.027744982290436836
1695,0.23607242339832868,0.027728613569321534
1696,0.2362116991643454,0.027712264150943397
1697,0.2363509749303621,0.02769593400117855
1698,0.23649025069637883,0.02767962308598351
1699,0.23662952646239555,0.02766333137139494
1700,0.23676880222841226,0.027647058823529413
1701,0.23690807799442898,0.027630805408583186
1702,0.2370473537604457,0.027614571092831962
1703,0.23718662952646238,0.02759835584263065
1704,0.2373259052924791,0.027582159624413145
1705,0.23746518105849582,0.02756598240469208
1706,0.23760445682451253,0.027549824150058615
1707,0.23774373259052925,0.02753368482718219
1708,0.23788300835654597,0.027517564402810304
1709,0.23802228412256268,0.028086600351082503
1710,0.2381615598885794,0.028070175438596492
1711,0.2383008356545961,0.028053769725306838
1712,0.2384401114206128,0.028621495327102803
1713,0.23857938718662952,0.02918855808523059
1714,0.23871866295264624,0.029171528588098017
1715,0.23885793871866295,0.029154518950437316
1716,0.23899721448467967,0.029137529137529136
1717,0.2391364902506964,0.029120559114735003
1718,0.2392757660167131,0.02910360884749709
1719,0.2394150417827298,0.029086678301337987
1720,0.2395543175487465,0.029069767441860465
1721,0.23969359331476323,0.02905287623474724
1722,0.23983286908077994,0.029616724738675958
1723,0.23997214484679666,0.02959953569355775
1724,0.24011142061281338,0.029582366589327145
1725,0.2402506963788301,0.030144927536231884
1726,0.2403899721448468,0.030127462340672075
1727,0.2405292479108635,0.030110017371163866
1728,0.2406685236768802,0.03009259259259259
1729,0.24080779944289693,0.03007518796992481
1730,0.24094707520891365,0.03005780346820809
1731,0.24108635097493036,0.03004043905257077
1732,0.24122562674094708,0.03002309468822171
1733,0.2413649025069638,0.030005770340450086
1734,0.2415041782729805,0.029988465974625143
1735,0.2416434540389972,0.029971181556195964
1736,0.24178272980501392,0.029953917050691243
1737,0.24192200557103063,0.029936672423719057
1738,0.24206128133704735,0.02991944764096663
1739,0.24220055710306407,0.030477285796434734
1740,0.24233983286908078,0.03045977011494253
1741,0.2424791086350975,0.030442274554853533
1742,0.24261838440111422,0.030424799081515498
1743,0.2427576601671309,0.030407343660355707
1744,0.24289693593314762,0.030389908256880736
1745,0.24303621169916434,0.03037249283667622
1746,0.24317548746518106,0.030355097365406643
1747,0.24331476323119777,0.03033772180881511
1748,0.2434540389972145,0.03032036613272311
1749,0.2435933147632312,0.030303030303030304
1750,0.24373259052924792,0.030285714285714287
1751,0.2438718662952646,0.03026841804683038
1752,0.24401114206128133,0.030251141552511414
1753,0.24415041782729804,0.030233884768967486
1754,0.24428969359331476,0.030216647662485746
1755,0.24442896935933148,0.0301994301994302
1756,0.2445682451253482,0.03018223234624146
1757,0.2447075208913649,0.03016505406943654
1758,0.24484679665738163,0.030147895335608646
1759,0.24498607242339832,0.030130756111426946
1760,0.24512534818941503,0.03068181818181818
1761,0.24526462395543175,0.030664395229982964
1762,0.24540389972144847,0.03064699205448354
1763,0.24554317548746518,0.030629608621667612
1764,0.2456824512534819,0.030612244897959183
1765,0.24582172701949861,0.03059490084985836
1766,0.24596100278551533,0.030577576443941108
1767,0.24610027855153202,0.030560271646859084
1768,0.24623955431754874,0.030542986425339366
1769,0.24637883008356545,0.030525720746184284
1770,0.24651810584958217,0.030508474576271188
1771,0.2466573816155989,0.031055900621118012
1772,0.2467966573816156,0.031038374717832957
1773,0.24693593314763232,0.03102086858432036
1774,0.24707520891364904,0.03100338218714769
1775,0.24721448467966572,0.030985915492957747
1776,0.24735376044568244,0.030968468468468468
1777,0.24749303621169916,0.030951041080472707
1778,0.24763231197771587,0.03093363329583802
1779,0.2477715877437326,0.030916245081506463
1780,0.2479108635097493,0.03089887640449438
1781,0.24805013927576602,0.030881527231892195
1782,0.24818941504178274,0.030864197530864196
1783,0.24832869080779943,0.030846887268648347
1784,0.24846796657381615,0.030829596412556053
1785,0.24860724233983286,0.03081232492997199
1786,0.24874651810584958,0.030795072788353865
1787,0.2488857938718663,0.03077783995523223
1788,0.249025069637883,0.03076062639821029
1789,0.24916434540389973,0.03130240357741755
1790,0.24930362116991645,0.03128491620111732
1791,0.24944289693593313,0.03126744835287549
1792,0.24958217270194985,0.03125
1793,0.24972144846796657,0.031232571109871723
1794,0.24986072423398328,0.03121516164994426
1795,0.25,0.03119777158774373
1796,0.2501392757660167,0.031180400890868598
1797,0.25027855153203343,0.03171953255425709
1798,0.2504178272980501,0.03170189098998888
1799,0.25055710306406687,0.03168426903835464
1800,0.25069637883008355,0.03222222222222222
1801,0.2508356545961003,0.03220433092726263
1802,0.250974930362117,0.03218645948945616
1803,0.25111420612813373,0.03216860787576262
1804,0.2512534818941504,0.03215077605321508
1805,0.2513927576601671,0.03213296398891967
1806,0.25153203342618385,0.03211517165005537
1807,0.25167130919220054,0.032097399003873824
1808,0.2518105849582173,0.032079646017699116
1809,0.251949860724234,0.032061912658927584
1810,0.2520891364902507,0.032044198895027624
1811,0.2522284122562674,0.03202650469353948
1812,0.2523676880222841,0.03200883002207505
1813,0.25250696378830084,0.031991174848317705
1814,0.25264623955431753,0.03197353914002205
1815,0.2527855153203343,0.031955922865013774
1816,0.25292479108635096,0.031938325991189426
1817,0.2530640668523677,0.032471106219042374
1818,0.2532033426183844,0.033003300330033
1819,0.25334261838440114,0.032985156679494226
1820,0.25348189415041783,0.03296703296703297
1821,0.2536211699164345,0.032948929159802305
1822,0.25376044568245126,0.03293084522502744
1823,0.25389972144846795,0.03291278113000549
1824,0.2540389972144847,0.03289473684210526
1825,0.2541782729805014,0.03287671232876712
1826,0.25431754874651813,0.03285870755750274
1827,0.2544568245125348,0.03284072249589491
1828,0.2545961002785515,0.03282275711159737
1829,0.25473537604456825,0.03280481137233461
1830,0.25487465181058494,0.03278688524590164
1831,0.2550139275766017,0.03276897870016385
1832,0.2551532033426184,0.03275109170305677
1833,0.2552924791086351,0.03273322422258593
1834,0.2554317548746518,0.03271537622682661
1835,0.25557103064066855,0.0326975476839237
1836,0.25571030640668524,0.032679738562091505
1837,0.25584958217270193,0.0326619488296135
1838,0.2559888579387187,0.03264417845484222
1839,0.25612813370473536,0.03262642740619902
1840,0.2562674094707521,0.03260869565217391
1841,0.2564066852367688,0.03259098316132537
1842,0.25654596100278554,0.03257328990228013
1843,0.2566852367688022,0.032555615843733045
1844,0.2568245125348189,0.03253796095444685
1845,0.25696378830083566,0.032520325203252036
1846,0.25710306406685235,0.032502708559046585
1847,0.2572423398328691,0.03248511099079589
1848,0.2573816155988858,0.032467532467532464
1849,0.2575208913649025,0.03244997295835587
1850,0.2576601671309192,0.032432432432432434
1851,0.25779944289693596,0.03241491085899514
1852,0.25793871866295265,0.032397408207343416
1853,0.25807799442896934,0.032379924446842956
1854,0.2582172701949861,0.032362459546925564
1855,0.25835654596100277,0.03234501347708895
1856,0.2584958217270195,0.032327586206896554
1857,0.2586350974930362,0.03231017770597738
1858,0.25877437325905295,0.03229278794402583
1859,0.25891364902506964,0.0322754168908015
1860,0.2590529247910863,0.03225806451612903
1861,0.25919220055710307,0.03277807630306287
1862,0.25933147632311976,0.03276047261009667
1863,0.2594707520891365,0.03274288781535158
1864,0.2596100278551532,0.03272532188841202
1865,0.25974930362116994,0.032707774798927614
1866,0.2598885793871866,0.03269024651661308
1867,0.26002785515320337,0.03267273701124799
1868,0.26016713091922006,0.032655246252676656
1869,0.26030640668523675,0.03263777421080792
1870,0.2604456824512535,0.032620320855614976
1871,0.2605849582172702,0.03260288615713522
1872,0.2607242339832869,0.03258547008547009
1873,0.2608635097493036,0.032568072610784836
1874,0.26100278551532036,0.03255069370330843
1875,0.26114206128133705,0.03253333333333333
1876,0.26128133704735373,0.03251599147121535
1877,0.2614206128133705,0.03249866808737347
1878,0.26155988857938717,0.03248136315228967
1879,0.2616991643454039,0.032464076636508785
1880,0.2618384401114206,0.032446808510638296
1881,0.26197771587743734,0.03242955874534822
1882,0.26211699164345403,0.032412327311370885
1883,0.2622562674094708,0.0323951141795008
1884,0.26239554317548747,0.03237791932059448
1885,0.26253481894150416,0.03289124668435013
1886,0.2626740947075209,0.032873806998939555
1887,0.2628133704735376,0.03285638579756227
1888,0.26295264623955433,0.03283898305084746
1889,0.263091922005571,0.0328215987294865
1890,0.26323119777158777,0.0328042328042328
1891,0.26337047353760445,0.03278688524590164
1892,0.26350974930362114,0.03276955602536998
1893,0.2636490250696379,0.032752245113576335
1894,0.2637883008356546,0.03273495248152059
1895,0.2639275766016713,0.03271767810026385
1896,0.264066852367688,0.03270042194092827
1897,0.26420612813370475,0.03268318397469689
1898,0.26434540389972144,0.032665964172813484
1899,0.2644846796657382,0.03264876250658241
1900,0.2646239554317549,0.03315789473684211
1901,0.26476323119777156,0.03314045239347712
1902,0.2649025069637883,0.033123028391167195
1903,0.265041782729805,0.03310562270099842
1904,0.26518105849582174,0.03308823529411765
1905,0.26532033426183843,0.03307086614173228
1906,0.2654596100278552,0.03305351521511018
1907,0.26559888579387186,0.03303618248557944
1908,0.26573816155988855,0.0330188679245283
1909,0.2658774373259053,0.03352540597171294
1910,0.266016713091922,0.033507853403141365
1911,0.26615598885793873,0.03349031920460492
1912,0.2662952646239554,0.03347280334728033
1913,0.26643454038997216,0.0334553058024046
1914,0.26657381615598885,0.03343782654127482
1915,0.2667130919220056,0.03342036553524804
1916,0.2668523676880223,0.033402922755741124
1917,0.266991643454039,0.03338549817423057
1918,0.2671309192200557,0.03336809176225235
1919,0.2672701949860724,0.03335070349140177
1920,0.26740947075208915,0.03333333333333333
1921,0.26754874651810584,0.03331598125976054
1922,0.2676880222841226,0.03329864724245578
1923,0.2678272980501393,0.033281331253250133
1924,0.26796657381615596,0.033264033264033266
1925,0.2681058495821727,0.03324675324675325
1926,0.2682451253481894,0.033229491173416406
1927,0.26838440111420614,0.03321224701608718
1928,0.26852367688022283,0.03371369294605809
1929,0.2686629526462396,0.033696215655780196
1930,0.26880222841225626,0.03367875647668394
1931,0.268941504178273,0.033661315380631794
1932,0.2690807799442897,0.03364389233954451
1933,0.2692200557103064,0.03362648732540093
1934,0.2693593314763231,0.03360910031023785
1935,0.2694986072423398,0.03359173126614987
1936,0.26963788300835656,0.033574380165289255
1937,0.26977715877437325,0.03355704697986577
1938,0.26991643454039,0.033539731682146544
1939,0.2700557103064067,0.03403816400206292
1940,0.27019498607242337,0.03402061855670103
1941,0.2703342618384401,0.03400309119010819
1942,0.2704735376044568,0.03398558187435633
1943,0.27061281337047355,0.033968090581574885
1944,0.27075208913649024,0.033950617283950615
1945,0.270891364902507,0.0339331619537275
1946,0.27103064066852367,0.03391572456320658
1947,0.2711699164345404,0.03389830508474576
1948,0.2713091922005571,0.033880903490759756
1949,0.2714484679665738,0.03386351975371986
1950,0.27158774373259054,0.033846153846153845
1951,0.2717270194986072,0.033828805740645826
1952,0.27186629526462397,0.03381147540983607
1953,0.27200557103064066,0.03379416282642089
1954,0.2721448467966574,0.033776867963152504
1955,0.2722841225626741,0.03375959079283888
1956,0.2724233983286908,0.03374233128834356
1957,0.2725626740947075,0.03372508942258559
1958,0.2727019498607242,0.033707865168539325
1959,0.27284122562674096,0.033690658499234305
1960,0.27298050139275765,0.034183673469387756
1961,0.2731197771587744,0.034166241713411524
1962,0.2732590529247911,0.034148827726809376
1963,0.2733983286908078,0.03413143148242486
1964,0.2735376044568245,0.03411405295315682
1965,0.2736768802228412,0.03409669211195929
1966,0.27381615598885795,0.0340793489318413
1967,0.27395543175487463,0.03457041179461108
1968,0.2740947075208914,0.034552845528455285
1969,0.27423398328690807,0.03453529710512951
1970,0.2743732590529248,0.03451776649746193
1971,0.2745125348189415,0.03450025367833587
1972,0.27465181058495824,0.034482758620689655
1973,0.27479108635097493,0.03446528129751647
1974,0.2749303621169916,0.034447821681864235
1975,0.27506963788300837,0.034430379746835445
1976,0.27520891364902506,0.03441295546558704
1977,0.2753481894150418,0.0343955488113303
1978,0.2754874651810585,0.034378159757330634
1979,0.27562674094707523,0.03436078827690753
1980,0.2757660167130919,0.03434343434343434
1981,0.2759052924791086,0.034326097930338216
1982,0.27604456824512535,0.034308779011099896
1983,0.27618384401114204,0.03429147755925366
1984,0.2763231197771588,0.034274193548387094
1985,0.2764623955431755,0.03425692695214106
1986,0.2766016713091922,0.03423967774420947
1987,0.2767409470752089,0.034222445898339206
1988,0.27688022284122565,0.03420523138832998
1989,0.27701949860724234,0.03418803418803419
1990,0.27715877437325903,0.034170854271356785
1991,0.2772980501392758,0.03465595178302361
1992,0.27743732590529246,0.03463855421686747
1993,0.2775766016713092,0.03462117410938284
1994,0.2777158774373259,0.03460381143430291
1995,0.27785515320334264,0.03458646616541353
1996,0.27799442896935933,0.034569138276553106
1997,0.278133704735376,0.03455182774161242
1998,0.27827298050139276,0.03453453453453453
1999,0.27841225626740945,0.03501750875437719
2000,0.2785515320334262,0.035
2001,0.2786908077994429,0.03498250874562719
2002,0.27883008356545963,0.03496503496503497
2003,0.2789693593314763,0.034947578632051925
2004,0.27910863509749306,0.03493013972055888
2005,0.27924791086350975,0.034912718204488775
2006,0.27938718662952644,0.03489531405782652
2007,0.2795264623955432,0.03487792725460887
2008,0.2796657381615599,0.035358565737051796
2009,0.2798050139275766,0.0353409656545545
2010,0.2799442896935933,0.035323383084577116
2011,0.28008356545961005,0.035305818000994534
2012,0.28022284122562674,0.0352882703777336
2013,0.28036211699164343,0.03527074018877298
2014,0.2805013927576602,0.035253227408143
2015,0.28064066852367686,0.03573200992555831
2016,0.2807799442896936,0.03571428571428571
2017,0.2809192200557103,0.03619236489836391
2018,0.28105849582172704,0.03617443012884044
2019,0.28119777158774373,0.03615651312530956
2020,0.28133704735376047,0.036138613861386136
2021,0.28147632311977716,0.03612073231073726
2022,0.28161559888579385,0.036597428288822946
2023,0.2817548746518106,0.0365793376173999
2024,0.2818941504178273,0.036561264822134384
2025,0.282033426183844,0.03654320987654321
2026,0.2821727019498607,0.03652517275419546
2027,0.28231197771587746,0.036507153428712386
2028,0.28245125348189415,0.03648915187376726
2029,0.28259052924791084,0.036471168063085264
2030,0.2827298050139276,0.03645320197044335
2031,0.28286908077994427,0.03643525356967011
2032,0.283008356545961,0.03641732283464567
2033,0.2831476323119777,0.03639940973930152
2034,0.28328690807799445,0.03638151425762045
2035,0.28342618384401114,0.03636363636363636
2036,0.2835654596100279,0.036345776031434185
2037,0.28370473537604457,0.03632793323514973
2038,0.28384401114206126,0.03631010794896958
2039,0.283983286908078,0.036292300147130946
2040,0.2841225626740947,0.03627450980392157
2041,0.28426183844011144,0.036256736893679566
2042,0.2844011142061281,0.03623898139079334
2043,0.28454038997214487,0.03622124326970142
2044,0.28467966573816156,0.036203522504892366
2045,0.28481894150417825,0.036185819070904644
2046,0.284958217270195,0.03616813294232649
2047,0.2850974930362117,0.0361504640937958
2048,0.2852367688022284,0.0361328125
2049,0.2853760445682451,0.03611517813567594
2050,0.28551532033426186,0.036585365853658534
2051,0.28565459610027855,0.036567528035104824
2052,0.2857938718662953,0.03654970760233918
2053,0.285933147632312,0.03653190452995616
2054,0.28607242339832867,0.0365141187925998
2055,0.2862116991643454,0.0364963503649635
2056,0.2863509749303621,0.036478599221789886
2057,0.28649025069637885,0.036460865337870685
2058,0.28662952646239553,0.03644314868804665
2059,0.2867688022284123,0.036425449247207385
2060,0.28690807799442897,0.03640776699029126
2061,0.28704735376044566,0.036390101892285295
2062,0.2871866295264624,0.036372453928225024
2063,0.2873259052924791,0.036354823073194376
2064,0.28746518105849583,0.036337209302325583
2065,0.2876044568245125,0.03631961259079903
2066,0.28774373259052927,0.03630203291384317
2067,0.28788300835654596,0.036284470246734396
2068,0.2880222841225627,0.0362669245647969
2069,0.2881615598885794,0.03624939584340261
2070,0.2883008356545961,0.036231884057971016
2071,0.2884401114206128,0.036214389183969097
2072,0.2885793871866295,0.036196911196911194
2073,0.28871866295264625,0.0361794500723589
2074,0.28885793871866294,0.03616200578592092
2075,0.2889972144846797,0.03614457831325301
2076,0.2891364902506964,0.036127167630057806
2077,0.28927576601671307,0.036109773712084736
2078,0.2894150417827298,0.03609239653512993
2079,0.2895543175487465,0.03655603655603656
2080,0.28969359331476324,0.03653846153846154
2081,0.28983286908077993,0.03652090341182124
2082,0.2899721448467967,0.03650336215177714
2083,0.29011142061281336,0.03648583773403745
2084,0.2902506963788301,0.036468330134357005
2085,0.2903899721448468,0.03645083932853717
2086,0.2905292479108635,0.0364333652924257
2087,0.29066852367688023,0.03641590800191662
2088,0.2908077994428969,0.03639846743295019
2089,0.29094707520891366,0.036381043561512685
2090,0.29108635097493035,0.03636363636363636
2091,0.2912256267409471,0.03634624581539933
2092,0.2913649025069638,0.036328871892925434
2093,0.2915041782729805,0.036311514572384136
2094,0.2916434540389972,0.03629417382999045
2095,0.2917827298050139,0.036276849642004776
2096,0.29192200557103065,0.03625954198473282
2097,0.29206128133704734,0.036242250834525515
2098,0.2922005571030641,0.03622497616777884
2099,0.2923398328690808,0.03620771796093378
2100,0.2924791086350975,0.03619047619047619
2101,0.2926183844011142,0.036173250832936696
2102,0.2927576601671309,0.03615604186489058
2103,0.29289693593314764,0.03613884926295768
2104,0.29303621169916433,0.03612167300380228
2105,0.2931754874651811,0.036104513064133016
2106,0.29331476323119776,0.03608736942070275
2107,0.2934540389972145,0.036070242050308496
2108,0.2935933147632312,0.036053130929791274
2109,0.2937325905292479,0.036036036036036036
2110,0.2938718662952646,0.03601895734597156
2111,0.2940111420612813,0.03600189483657035
2112,0.29415041782729806,0.03598484848484849
2113,0.29428969359331475,0.035967818267865596
2114,0.2944289693593315,0.03642384105960265
2115,0.2945682451253482,0.03640661938534279
2116,0.2947075208913649,0.036389413988657845
2117,0.2948467966573816,0.036372224846480866
2118,0.2949860724233983,0.03635505193578848
2119,0.29512534818941505,0.03633789523360075
2120,0.29526462395543174,0.03632075471698113
2121,0.2954038997214485,0.036303630363036306
2122,0.29554317548746517,0.03628652214891612
2123,0.2956824512534819,0.03626943005181347
2124,0.2958217270194986,0.036252354048964215
2125,0.29596100278551535,0.03623529411764706
2126,0.29610027855153204,0.03621825023518344
2127,0.2962395543175487,0.03620122237893747
2128,0.29637883008356547,0.03618421052631579
2129,0.29651810584958216,0.03616721465476749
2130,0.2966573816155989,0.036619718309859155
2131,0.2967966573816156,0.03660253402158611
2132,0.29693593314763234,0.036585365853658534
2133,0.297075208913649,0.03656821378340366
2134,0.2972144846796657,0.03655107778819119
2135,0.29735376044568246,0.03653395784543326
2136,0.29749303621169915,0.03651685393258427
2137,0.2976323119777159,0.03696771174543753
2138,0.2977715877437326,0.03695042095416277
2139,0.2979108635097493,0.03693314633006078
2140,0.298050139275766,0.03691588785046729
2141,0.29818941504178276,0.036898645492760396
2142,0.29832869080779945,0.03688141923436041
2143,0.29846796657381613,0.036864209052729816
2144,0.2986072423398329,0.03684701492537314
2145,0.29874651810584957,0.03682983682983683
2146,0.2988857938718663,0.03681267474370923
2147,0.299025069637883,0.0367955286446204
2148,0.29916434540389975,0.03677839851024209
2149,0.29930362116991643,0.036761284318287575
2150,0.2994428969359331,0.036744186046511626
2151,0.29958217270194987,0.037192003719200374
2152,0.29972144846796656,0.03717472118959108
2153,0.2998607242339833,0.03715745471435207
2154,0.3,0.03714020427112349
2155,0.30013927576601673,0.037122969837587005
2156,0.3002785515320334,0.03710575139146568
2157,0.30041782729805017,0.03708854891052388
2158,0.30055710306406686,0.03707136237256719
2159,0.30069637883008354,0.037054191755442334
2160,0.3008356545961003,0.037037037037037035
2161,0.300974930362117,0.03701989819527996
2162,0.3011142061281337,0.03700277520814061
2163,0.3012534818941504,0.03698566805362922
2164,0.30139275766016715,0.036968576709796676
2165,0.30153203342618384,0.03695150115473441
2166,0.30167130919220053,0.03693444136657433
2167,0.3018105849582173,0.03691739732348869
2168,0.30194986072423396,0.03690036900369004
2169,0.3020891364902507,0.036883356385431075
2170,0.3022284122562674,0.03686635944700461
2171,0.30236768802228414,0.036849378166743434
2172,0.30250696378830083,0.03683241252302026
2173,0.3026462395543176,0.03681546249424758
2174,0.30278551532033426,0.03679852805887764
2175,0.30292479108635095,0.0367816091954023
2176,0.3030640668523677,0.03676470588235294
2177,0.3032033426183844,0.03674781809830041
2178,0.30334261838440113,0.03673094582185491
2179,0.3034818941504178,0.036714089031665904
2180,0.30362116991643456,0.03669724770642202
2181,0.30376044568245125,0.036680421824850984
2182,0.30389972144846794,0.03666361136571952
2183,0.3040389972144847,0.03664681630783326
2184,0.3041782729805014,0.03663003663003663
2185,0.3043175487465181,0.036613272311212815
2186,0.3044568245125348,0.036596523330283626
2187,0.30459610027855155,0.03657978966620942
2188,0.30473537604456824,0.03656307129798903
2189,0.304874651810585,0.03654636820465966
2190,0.3050139275766017,0.0365296803652968
2191,0.30515320334261836,0.03651300775901415
2192,0.3052924791086351,0.0364963503649635
2193,0.3054317548746518,0.0364797081623347
2194,0.30557103064066854,0.03646308113035551
2195,0.30571030640668523,0.03644646924829157
2196,0.305849582172702,0.03642987249544627
2197,0.30598885793871866,0.03641329085116067
2198,0.30612813370473535,0.036396724294813464
2199,0.3062674094707521,0.03638017280582083
2200,0.3064066852367688,0.03636363636363636
2201,0.3065459610027855,0.03634711494775102
2202,0.3066852367688022,0.03633060853769301
2203,0.30682451253481896,0.03631411711302769
2204,0.30696378830083565,0.036297640653357534
2205,0.3071030640668524,0.036281179138321996
2206,0.3072423398328691,0.03626473254759746
2207,0.30738161559888577,0.03670140462165836
2208,0.3075208913649025,0.036684782608695655
2209,0.3076601671309192,0.03666817564508828
2210,0.30779944289693595,0.037104072398190045
2211,0.30793871866295264,0.0370872908186341
2212,0.3080779944289694,0.037070524412296565
2213,0.30821727019498607,0.03705377315860822
2214,0.30835654596100276,0.037037037037037035
2215,0.3084958217270195,0.03702031602708804
2216,0.3086350974930362,0.03700361010830325
2217,0.30877437325905294,0.03698691926026162
2218,0.3089136490250696,0.0369702434625789
2219,0.30905292479108637,0.036953582694907616
2220,0.30919220055710306,0.036936936936936934
2221,0.3093314763231198,0.03692030616839262
2222,0.3094707520891365,0.0369036903690369
2223,0.3096100278551532,0.03688708951866847
2224,0.3097493036211699,0.0368705035971223
2225,0.3098885793871866,0.036853932584269666
2226,0.31002785515320336,0.03728661275831087
2227,0.31016713091922005,0.037269869779973056
2228,0.3103064066852368,0.037253141831238776
2229,0.3104456824512535,0.037236428891879766
2230,0.31058495821727017,0.037219730941704034
2231,0.3107242339832869,0.037203047960555805
2232,0.3108635097493036,0.03718637992831541
2233,0.31100278551532035,0.03716972682489924
2234,0.31114206128133703,0.03715308863025962
2235,0.3112813370473538,0.03713646532438479
2236,0.31142061281337047,0.03711985688729875
2237,0.3115598885793872,0.037103263299061245
2238,0.3116991643454039,0.03708668453976765
2239,0.3118384401114206,0.03707012058954891
2240,0.31197771587743733,0.03705357142857143
2241,0.312116991643454,0.037037037037037035
2242,0.31225626740947077,0.037020517395182875
2243,0.31239554317548746,0.03700401248328132
2244,0.3125348189415042,0.0374331550802139
2245,0.3126740947075209,0.037416481069042315
2246,0.3128133704735376,0.037399821905609976
2247,0.3129526462395543,0.037383177570093455
2248,0.313091922005571,0.037366548042704624
2249,0.31323119777158775,0.037349933303690526
2250,0.31337047353760444,0.037333333333333336
2251,0.3135097493036212,0.037316748111950244
2252,0.3136490250696379,0.037300177619893425
2253,0.3137883008356546,0.037283621837549935
2254,0.3139275766016713,0.037267080745341616
2255,0.314066852367688,0.03725055432372506
2256,0.31420612813370474,0.03723404255319149
2257,0.31434540389972143,0.03721754541426672
2258,0.3144846796657382,0.037643932683790966
2259,0.31462395543175486,0.03762726870296591
2260,0.3147632311977716,0.03761061946902655
2261,0.3149025069637883,0.03759398496240601
2262,0.315041782729805,0.03757736516357206
2263,0.31518105849582173,0.037560760053026956
2264,0.3153203342618384,0.037544169611307424
2265,0.31545961002785516,0.037527593818984545
2266,0.31559888579387185,0.03751103265666372
2267,0.3157381615598886,0.03749448610498456
2268,0.3158774373259053,0.03747795414462081
2269,0.31601671309192203,0.0374614367562803
2270,0.3161559888579387,0.037444933920704845
2271,0.3162952646239554,0.03742844561867019
2272,0.31643454038997215,0.037411971830985914
2273,0.31657381615598884,0.03739551253849538
2274,0.3167130919220056,0.03737906772207564
2275,0.3168523676880223,0.03736263736263736
2276,0.316991643454039,0.03734622144112478
2277,0.3171309192200557,0.03732981993851559
2278,0.3172701949860724,0.03731343283582089
2279,0.31740947075208914,0.03729706011408512
2280,0.31754874651810583,0.03728070175438596
2281,0.3176880222841226,0.037264357737834285
2282,0.31782729805013926,0.03724802804557406
2283,0.317966573816156,0.03723171265878231
2284,0.3181058495821727,0.037215411558669004
2285,0.31824512534818944,0.037199124726477024
2286,0.31838440111420613,0.03718285214348206
2287,0.3185236768802228,0.03716659379099257
2288,0.31866295264623956,0.03715034965034965
2289,0.31880222841225625,0.03713411970292704
2290,0.318941504178273,0.03711790393013101
2291,0.3190807799442897,0.03753819292885203
2292,0.3192200557103064,0.037521815008726006
2293,0.3193593314763231,0.03750545137374618
2294,0.31949860724233986,0.03792502179598954
2295,0.31963788300835655,0.03790849673202614
2296,0.31977715877437324,0.03789198606271777
2297,0.31991643454039,0.037875489769264255
2298,0.32005571030640667,0.037859007832898174
2299,0.3201949860724234,0.03784254023488473
2300,0.3203342618384401,0.03782608695652174
2301,0.32047353760445685,0.03780964797913951
2302,0.32061281337047354,0.037793223284100785
2303,0.3207520891364902,0.0377768128528007
2304,0.32089136490250697,0.037760416666666664
2305,0.32103064066852366,0.03774403470715835
2306,0.3211699164345404,0.03772766695576756
2307,0.3213091922005571,0.0377113133940182
2308,0.32144846796657384,0.037694974003466206
2309,0.3215877437325905,0.038111736682546554
2310,0.32172701949860727,0.0380952380952381
2311,0.32186629526462396,0.03851146689744699
2312,0.32200557103064065,0.038494809688581315
2313,0.3221448467966574,0.038910505836575876
2314,0.3222841225626741,0.03889369057908384
2315,0.3224233983286908,0.039308855291576676
2316,0.3225626740947075,0.03929188255613126
2317,0.32270194986072426,0.03927492447129909
2318,0.32284122562674095,0.039257981018119066
2319,0.32298050139275764,0.039241052177662786
2320,0.3231197771587744,0.039224137931034485
2321,0.32325905292479107,0.03920723825937096
2322,0.3233983286908078,0.03919035314384152
2323,0.3235376044568245,0.039603960396039604
2324,0.32367688022284125,0.040017211703958694
2325,0.32381615598885793,0.04
2326,0.3239554317548747,0.03998280309544282
2327,0.32409470752089137,0.039965620971207566
2328,0.32423398328690806,0.03994845360824742
2329,0.3243732590529248,0.0399313009875483
2330,0.3245125348189415,0.039914163090128754
2331,0.32465181058495823,0.039897039897039896
2332,0.3247910863509749,0.03987993138936535
2333,0.32493036211699167,0.039862837548221175
2334,0.32506963788300836,0.03984575835475578
2335,0.32520891364902504,0.039828693790149895
2336,0.3253481894150418,0.03981164383561644
2337,0.3254874651810585,0.03979460847240052
2338,0.3256267409470752,0.039777587681779296
2339,0.3257660167130919,0.03976058144506199
2340,0.32590529247910865,0.040170940170940174
2341,0.32604456824512534,0.04015378043571124
2342,0.3261838440111421,0.04013663535439795
2343,0.3263231197771588,0.040119504908237305
2344,0.32646239554317547,0.04010238907849829
2345,0.3266016713091922,0.040085287846481875
2346,0.3267409470752089,0.040068201193520885
2347,0.32688022284122564,0.040477204942479764
2348,0.32701949860724233,0.04045996592844974
2349,0.3271587743732591,0.04044274159216688
2350,0.32729805013927576,0.04042553191489362
2351,0.32743732590529245,0.040408336877924285
2352,0.3275766016713092,0.04039115646258504
2353,0.3277158774373259,0.04037399065023375
2354,0.32785515320334263,0.04035683942225998
2355,0.3279944289693593,0.040339702760084924
2356,0.32813370473537606,0.04032258064516129
2357,0.32827298050139275,0.04030547305897327
2358,0.3284122562674095,0.04028837998303647
2359,0.3285515320334262,0.04027130139889784
2360,0.3286908077994429,0.04025423728813559
2361,0.3288300835654596,0.04023718763235917
2362,0.3289693593314763,0.04022015241320914
2363,0.32910863509749305,0.04062632247143462
2364,0.32924791086350974,0.04060913705583756
2365,0.3293871866295265,0.04059196617336152
2366,0.3295264623955432,0.04057480980557904
2367,0.32966573816155986,0.04055766793409379
2368,0.3298050139275766,0.04054054054054054
2369,0.3299442896935933,0.040523427606585054
2370,0.33008356545961004,0.04050632911392405
2371,0.33022284122562673,0.04048924504428511
2372,0.3303621169916435,0.04047217537942664
2373,0.33050139275766016,0.040455120101137804
2374,0.3306406685236769,0.040438079191238416
2375,0.3307799442896936,0.04042105263157895
2376,0.3309192200557103,0.04040404040404041
2377,0.33105849582172703,0.040387042490534285
2378,0.3311977715877437,0.040370058873002525
2379,0.33133704735376046,0.0403530895334174
2380,0.33147632311977715,0.040336134453781515
2381,0.3316155988857939,0.04031919361612768
2382,0.3317548746518106,0.04072208228379513
2383,0.33189415041782727,0.04070499370541335
2384,0.332033426183844,0.040687919463087245
2385,0.3321727019498607,0.04067085953878407
2386,0.33231197771587745,0.040653813914501256
2387,0.33245125348189414,0.040636782572266446
2388,0.3325905292479109,0.04061976549413735
2389,0.33272980501392757,0.041021347844286314
2390,0.3328690807799443,0.04142259414225941
2391,0.333008356545961,0.04140526976160602
2392,0.3331476323119777,0.041387959866220736
2393,0.33328690807799444,0.041370664437944
2394,0.3334261838440111,0.041353383458646614
2395,0.33356545961002787,0.04133611691022965
2396,0.33370473537604456,0.041318864774624375
2397,0.3338440111420613,0.04130162703379224
2398,0.333983286908078,0.04128440366972477
2399,0.3341225626740947,0.04126719466444352
2400,0.3342618384401114,0.04125
2401,0.3344011142061281,0.04123281965847563
2402,0.33454038997214486,0.04121565362198168
2403,0.33467966573816155,0.04119850187265917
2404,0.3348189415041783,0.04118136439267887
2405,0.334958217270195,0.041164241164241167
2406,0.3350974930362117,0.04114713216957606
2407,0.3352367688022284,0.041130037390943085
2408,0.3353760445682451,0.04111295681063123
2409,0.33551532033426185,0.0410958904109589
2410,0.33565459610027853,0.04107883817427386
2411,0.3357938718662953,0.04106180008295313
2412,0.33593314763231197,0.041044776119402986
2413,0.3360724233983287,0.04102776626605885
2414,0.3362116991643454,0.04101077050538525
2415,0.3363509749303621,0.040993788819875775
2416,0.33649025069637883,0.04097682119205298
2417,0.3366295264623955,0.04095986760446835
2418,0.33676880222841227,0.04094292803970223
2419,0.33690807799442896,0.040926002480363786
2420,0.3370473537604457,0.04090909090909091
2421,0.3371866295264624,0.040892193308550186
2422,0.33732590529247913,0.04087530966143683
2423,0.3374651810584958,0.04085843995047462
2424,0.3376044568245125,0.041254125412541254
2425,0.33774373259052926,0.041237113402061855
2426,0.33788300835654594,0.041220115416323165
2427,0.3380222841225627,0.04120313143798929
2428,0.3381615598885794,0.04118616144975288
2429,0.3383008356545961,0.04116920543433512
2430,0.3384401114206128,0.0411522633744856
2431,0.3385793871866295,0.04113533525298231
2432,0.33871866295264624,0.04111842105263158
2433,0.33885793871866293,0.04110152075626798
2434,0.3389972144846797,0.04149548069022186
2435,0.33913649025069637,0.04147843942505133
2436,0.3392757660167131,0.04146141215106732
2437,0.3394150417827298,0.041444398851046366
2438,0.33955431754874654,0.041427399507793276
2439,0.33969359331476323,0.04141041410414104
2440,0.3398328690807799,0.04139344262295082
2441,0.33997214484679666,0.04137648504711184
2442,0.34011142061281335,0.04135954135954136
2443,0.3402506963788301,0.04134261154318461
2444,0.3403899721448468,0.04132569558101473
2445,0.34052924791086353,0.04130879345603272
2446,0.3406685236768802,0.04129190515126738
2447,0.3408077994428969,0.04127503064977524
2448,0.34094707520891365,0.04125816993464052
2449,0.34108635097493034,0.04124132298897509
2450,0.3412256267409471,0.04122448979591837
2451,0.3413649025069638,0.041207670338637294
2452,0.3415041782729805,0.04119086460032626
2453,0.3416434540389972,0.0411740725642071
2454,0.34178272980501395,0.041157294213528935
2455,0.34192200557103064,0.04114052953156823
2456,0.34206128133704733,0.04112377850162866
2457,0.3422005571030641,0.04110704110704111
2458,0.34233983286908076,0.04109031733116355
2459,0.3424791086350975,0.04107360715738105
2460,0.3426183844011142,0.04105691056910569
2461,0.34275766016713094,0.041040227549776515
2462,0.34289693593314763,0.041023558082859464
2463,0.3430362116991644,0.04100690215184734
2464,0.34317548746518106,0.040990259740259744
2465,0.34331476323119775,0.040973630831643
2466,0.3434540389972145,0.040957015409570155
2467,0.3435933147632312,0.04094041345764086
2468,0.34373259052924793,0.04092382495948136
2469,0.3438718662952646,0.04090724989874443
2470,0.34401114206128136,0.04129554655870445
2471,0.34415041782729805,0.04127883447996762
2472,0.34428969359331474,0.0412621359223301
2473,0.3444289693593315,0.041245450869389404
2474,0.34456824512534817,0.041228779304769606
2475,0.3447075208913649,0.041616161616161614
2476,0.3448467966573816,0.04159935379644588
2477,0.34498607242339835,0.04158255954784013
2478,0.34512534818941504,0.041565778853914444
2479,0.3452646239554318,0.04154901169826543
2480,0.34540389972144847,0.04153225806451613
2481,0.34554317548746516,0.041515517936316
2482,0.3456824512534819,0.041498791297340853
2483,0.3458217270194986,0.041884816753926704
2484,0.34596100278551534,0.04186795491143317
2485,0.346100278551532,0.041851106639839035
2486,0.34623955431754877,0.0418342719227675
2487,0.34637883008356546,0.04181745074386811
2488,0.34651810584958215,0.04180064308681672
2489,0.3466573816155989,0.041783848935315386
2490,0.3467966573816156,0.04176706827309237
2491,0.3469359331476323,0.04175030108390205
2492,0.347075208913649,0.04173354735152488
2493,0.34721448467966576,0.041716807059767345
2494,0.34735376044568245,0.04170008019246191
2495,0.3474930362116992,0.04168336673346693
2496,0.3476323119777159,0.041666666666666664
2497,0.34777158774373257,0.04164997997597117
2498,0.3479108635097493,0.041633306645316254
2499,0.348050139275766,0.041616646658663464
2500,0.34818941504178275,0.0416
2501,0.34832869080779943,0.041583366653338664
2502,0.3484679665738162,0.04156674660271783
2503,0.34860724233983287,0.041550139832201356
2504,0.34874651810584956,0.04153354632587859
2505,0.3488857938718663,0.04151696606786427
2506,0.349025069637883,0.041500399042298484
2507,0.34916434540389973,0.04148384523334663
2508,0.3493036211699164,0.04146730462519936
2509,0.34944289693593317,0.04145077720207254
2510,0.34958217270194986,0.04143426294820717
2511,0.3497214484679666,0.041417761847869376
2512,0.3498607242339833,0.041401273885350316
2513,0.35,0.041384799044966177
2514,0.3501392757660167,0.04136833731105807
2515,0.3502785515320334,0.04135188866799205
2516,0.35041782729805016,0.0417329093799682
2517,0.35055710306406684,0.041716328963051254
2518,0.3506963788300836,0.04169976171564734
2519,0.3508356545961003,0.04168320762207225
2520,0.35097493036211697,0.041666666666666664
2521,0.3511142061281337,0.04165013883379611
2522,0.3512534818941504,0.04163362410785091
2523,0.35139275766016714,0.041617122473246136
2524,0.35153203342618383,0.04160063391442155
2525,0.3516713091922006,0.041584158415841586
2526,0.35181058495821727,0.04156769596199525
2527,0.351949860724234,0.04155124653739612
2528,0.3520891364902507,0.04153481012658228
2529,0.3522284122562674,0.04151838671411625
2530,0.35236768802228413,0.041501976284584984
2531,0.3525069637883008,0.04148557882259976
2532,0.35264623955431756,0.041469194312796206
2533,0.35278551532033425,0.04145282273983419
2534,0.352924791086351,0.04143646408839779
2535,0.3530640668523677,0.04181459566074951
2536,0.3532033426183844,0.0417981072555205
2537,0.3533426183844011,0.04178163184864012
2538,0.3534818941504178,0.04176516942474389
2539,0.35362116991643455,0.041748719968491534
2540,0.35376044568245124,0.04173228346456693
2541,0.353899721448468,0.04171585989767808
2542,0.3540389972144847,0.041699449252557044
2543,0.3541782729805014,0.04168305151395989
2544,0.3543175487465181,0.041666666666666664
2545,0.3544568245125348,0.04165029469548134
2546,0.35459610027855154,0.041633935585231735
2547,0.35473537604456823,0.0420102080879466
2548,0.354874651810585,0.0423861852433281
2549,0.35501392757660166,0.04276186739897999
2550,0.3551532033426184,0.04274509803921569
2551,0.3552924791086351,0.042728341826734614
2552,0.3554317548746518,0.042711598746081506
2553,0.35557103064066853,0.0426948687818253
2554,0.3557103064066852,0.04267815191855912
2555,0.35584958217270196,0.0426614481409002
2556,0.35598885793871865,0.042644757433489826
2557,0.3561281337047354,0.04262807978099335
2558,0.3562674094707521,0.042611415168100075
2559,0.3564066852367688,0.04259476357952325
2560,0.3565459610027855,0.042578125
2561,0.3566852367688022,0.04256149941429129
2562,0.35682451253481895,0.04254488680718189
2563,0.35696378830083564,0.0425282871634803
2564,0.3571030640668524,0.04251170046801872
2565,0.35724233983286907,0.04249512670565302
2566,0.3573816155988858,0.04247856586126267
2567,0.3575208913649025,0.04246201791975068
2568,0.3576601671309192,0.04244548286604361
2569,0.35779944289693594,0.04242896068509148
2570,0.3579387186629526,0.042801556420233464
2571,0.35807799442896937,0.043173862310385065
2572,0.35821727019498606,0.04315707620528771
2573,0.3583565459610028,0.043140303148076174
2574,0.3584958217270195,0.04312354312354312
2575,0.35863509749303624,0.04310679611650486
2576,0.3587743732590529,0.04309006211180124
2577,0.3589136490250696,0.04307334109429569
2578,0.35905292479108636,0.043056633048875095
2579,0.35919220055710305,0.04303993796044979
2580,0.3593314763231198,0.04302325581395349
2581,0.3594707520891365,0.043006586594343275
2582,0.3596100278551532,0.04298993028659954
2583,0.3597493036211699,0.04336043360433604
2584,0.3598885793871866,0.04373065015479876
2585,0.36002785515320335,0.043713733075435204
2586,0.36016713091922004,0.04369682907965971
2587,0.3603064066852368,0.04367993815229996
2588,0.36044568245125347,0.04366306027820711
2589,0.3605849582172702,0.043646195442255696
2590,0.3607242339832869,0.044015444015444015
2591,0.36086350974930365,0.04438440756464686
2592,0.36100278551532033,0.04436728395061729
2593,0.361142061281337,0.044350173544157344
2594,0.36128133704735377,0.04433307632999229
2595,0.36142061281337046,0.04431599229287091
2596,0.3615598885793872,0.04429892141756549
2597,0.3616991643454039,0.04428186368887178
2598,0.36183844011142063,0.04426481909160893
2599,0.3619777158774373,0.04424778761061947
2600,0.362116991643454,0.04423076923076923
2601,0.36225626740947076,0.04459823144944252
2602,0.36239554317548744,0.044581091468101464
2603,0.3625348189415042,0.04456396465616596
2604,0.3626740947075209,0.0445468509984639
2605,0.3628133704735376,0.04452975047984645
2606,0.3629526462395543,0.044512663085188024
2607,0.36309192200557106,0.04449558879938627
2608,0.36323119777158774,0.04447852760736196
2609,0.36337047353760443,0.04446147949405903
2610,0.3635097493036212,0.044444444444444446
2611,0.36364902506963787,0.04442742244350823
2612,0.3637883008356546,0.0444104134762634
2613,0.3639275766016713,0.044393417527745886
2614,0.36406685236768804,0.04437643458301454
2615,0.36420612813370473,0.044359464627151055
2616,0.3643454038997215,0.04434250764525994
2617,0.36448467966573816,0.04432556362246848
2618,0.36462395543175485,0.04430863254392666
2619,0.3647632311977716,0.044291714394807176
2620,0.3649025069637883,0.044274809160305344
2621,0.36504178272980503,0.04425791682563907
2622,0.3651810584958217,0.04424103737604882
2623,0.36532033426183846,0.04422417079679756
2624,0.36545961002785515,0.04420731707317073
2625,0.36559888579387184,0.04419047619047619
2626,0.3657381615598886,0.044173648134044174
2627,0.3658774373259053,0.044156832889227254
2628,0.366016713091922,0.0441400304414003
2629,0.3661559888579387,0.04412324077596044
2630,0.36629526462395545,0.04410646387832699
2631,0.36643454038997214,0.044089699733941466
2632,0.3665738161559889,0.044072948328267476
2633,0.3667130919220056,0.04405620964679073
2634,0.36685236768802226,0.04403948367501898
2635,0.366991643454039,0.04402277039848197
2636,0.3671309192200557,0.04400606980273141
2637,0.36727019498607244,0.043989381873340914
2638,0.36740947075208913,0.04397270659590599
2639,0.3675487465181059,0.04395604395604396
2640,0.36768802228412256,0.04393939393939394
2641,0.36782729805013925,0.04392275653161681
2642,0.367966573816156,0.04390613171839516
2643,0.3681058495821727,0.04388951948543322
2644,0.36824512534818943,0.044251134644478066
2645,0.3683844011142061,0.044234404536862004
2646,0.36852367688022286,0.04421768707482993
2647,0.36866295264623955,0.04420098224404987
2648,0.3688022284122563,0.04418429003021148
2649,0.368941504178273,0.044167610419026046
2650,0.36908077994428967,0.04415094339622642
2651,0.3692200557103064,0.044134288947566956
2652,0.3693593314763231,0.04411764705882353
2653,0.36949860724233985,0.044101017715793445
2654,0.36963788300835654,0.044084400904295405
2655,0.3697771587743733,0.04406779661016949
2656,0.36991643454038997,0.04405120481927711
2657,0.37005571030640666,0.04403462551750094
2658,0.3701949860724234,0.04401805869074492
2659,0.3703342618384401,0.04400150432493419
2660,0.37047353760445684,0.04398496240601504
2661,0.3706128133704735,0.043968432919954906
2662,0.37075208913649027,0.0439519158527423
2663,0.37089136490250696,0.04393541119038678
2664,0.3710306406685237,0.04391891891891892
2665,0.3711699164345404,0.04390243902439024
2666,0.3713091922005571,0.04388597149287322
2667,0.3714484679665738,0.043869516310461196
2668,0.3715877437325905,0.04385307346326837
2669,0.37172701949860726,0.04383664293742975
2670,0.37186629526462395,0.043820224719101124
2671,0.3720055710306407,0.04380381879445901
2672,0.3721448467966574,0.0437874251497006
2673,0.37228412256267407,0.04377104377104377
2674,0.3724233983286908,0.043754674644727
2675,0.3725626740947075,0.04373831775700934
2676,0.37270194986072425,0.043721973094170405
2677,0.37284122562674094,0.04370564064251027
2678,0.3729805013927577,0.043689320388349516
2679,0.37311977715877437,0.043673012318029114
2680,0.3732590529247911,0.04365671641791045
2681,0.3733983286908078,0.043640432674375236
2682,0.3735376044568245,0.0436241610738255
2683,0.37367688022284123,0.04398061871039881
2684,0.3738161559888579,0.043964232488822655
2685,0.37395543175487467,0.04394785847299814
2686,0.37409470752089136,0.04393149664929263
2687,0.3742339832869081,0.04391514700409378
2688,0.3743732590529248,0.04389880952380952
2689,0.3745125348189415,0.04388248419486798
2690,0.3746518105849582,0.04386617100371747
2691,0.3747910863509749,0.044221479004087696
2692,0.37493036211699166,0.04420505200594354
2693,0.37506963788300834,0.044188637207575196
2694,0.3752089136490251,0.04417223459539718
2695,0.3753481894150418,0.04452690166975881
2696,0.3754874651810585,0.0448813056379822
2697,0.3756267409470752,0.04486466444197256
2698,0.3757660167130919,0.044848035581912526
2699,0.37590529247910864,0.0448314190440904
2700,0.37604456824512533,0.044814814814814814
2701,0.3761838440111421,0.04479822288041466
2702,0.37632311977715877,0.044781643227239085
2703,0.3764623955431755,0.04476507584165742
2704,0.3766016713091922,0.04474852071005917
2705,0.3767409470752089,0.04473197781885398
2706,0.37688022284122563,0.044715447154471545
2707,0.3770194986072423,0.04469892870336165
2708,0.37715877437325906,0.045051698670605614
2709,0.37729805013927575,0.045035068290882246
2710,0.3774373259052925,0.045018450184501846
2711,0.3775766016713092,0.0450018443378827
2712,0.37771587743732593,0.04498525073746313
2713,0.3778551532033426,0.04496866936970144
2714,0.3779944289693593,0.045320560058953574
2715,0.37813370473537605,0.045303867403314914
2716,0.37827298050139274,0.04528718703976436
2717,0.3784122562674095,0.04527051895472948
2718,0.3785515320334262,0.04525386313465784
2719,0.3786908077994429,0.045237219566016916
2720,0.3788300835654596,0.04522058823529412
2721,0.3789693593314763,0.04520396912899669
2722,0.37910863509749304,0.045187362233651725
2723,0.37924791086350973,0.045170767535806094
2724,0.3793871866295265,0.04515418502202643
2725,0.37952646239554316,0.04513761467889908
2726,0.3796657381615599,0.04512105649303008
2727,0.3798050139275766,0.045104510451045104
2728,0.37994428969359334,0.045087976539589444
2729,0.38008356545961003,0.045071454745327956
2730,0.3802228412256267,0.045054945054945054
2731,0.38036211699164346,0.04503844745514463
2732,0.38050139275766015,0.045021961932650074
2733,0.3806406685236769,0.04500548847420417
2734,0.3807799442896936,0.044989027066569126
2735,0.38091922005571033,0.04497257769652651
2736,0.381058495821727,0.044956140350877194
2737,0.3811977715877437,0.04493971501644136
2738,0.38133704735376045,0.04492330168005844
2739,0.38147632311977714,0.044906900328587074
2740,0.3816155988857939,0.04489051094890511
2741,0.38175487465181057,0.044874133527909525
2742,0.3818941504178273,0.044857768052516414
2743,0.382033426183844,0.044841414509660955
2744,0.38217270194986075,0.044825072886297376
2745,0.38231197771587744,0.04480874316939891
2746,0.3824512534818941,0.04479242534595776
2747,0.38259052924791087,0.04477611940298507
2748,0.38272980501392756,0.04475982532751092
2749,0.3828690807799443,0.04474354310658421
2750,0.383008356545961,0.04472727272727273
2751,0.38314763231197774,0.04471101417666303
2752,0.3832869080779944,0.04469476744186047
2753,0.3834261838440111,0.0446785325099891
2754,0.38356545961002786,0.04502541757443718
2755,0.38370473537604455,0.04500907441016334
2756,0.3838440111420613,0.04499274310595065
2757,0.383983286908078,0.044976423648893725
2758,0.3841225626740947,0.044960116026105876
2759,0.3842618384401114,0.0449438202247191
2760,0.38440111420612816,0.04492753623188406
2761,0.38454038997214485,0.04491126403477001
2762,0.38467966573816154,0.04489500362056481
2763,0.3848189415041783,0.044878754976474845
2764,0.38495821727019497,0.04486251808972504
2765,0.3850974930362117,0.04484629294755877
2766,0.3852367688022284,0.04483007953723789
2767,0.38537604456824515,0.04481387784604265
2768,0.38551532033426184,0.044797687861271675
2769,0.3856545961002785,0.04478150957024196
2770,0.38579387186629527,0.044765342960288806
2771,0.38593314763231196,0.04474918801876579
2772,0.3860724233983287,0.044733044733044736
2773,0.3862116991643454,0.04471691309051569
2774,0.38635097493036213,0.04506128334534967
2775,0.3864902506963788,0.04504504504504504
2776,0.38662952646239557,0.04502881844380403
2777,0.38676880222841226,0.045012603528988115
2778,0.38690807799442894,0.04499640028797696
2779,0.3870473537604457,0.04498020870816841
2780,0.3871866295264624,0.044964028776978415
2781,0.3873259052924791,0.044947860481841066
2782,0.3874651810584958,0.04493170381020848
2783,0.38760445682451256,0.044915558749550846
2784,0.38774373259052924,0.04489942528735632
2785,0.387883008356546,0.04488330341113106
2786,0.3880222841225627,0.04486719310839914
2787,0.38816155988857937,0.044851094366702544
2788,0.3883008356545961,0.04483500717360115
2789,0.3884401114206128,0.04481893151667264
2790,0.38857938718662954,0.044802867383512544
2791,0.38871866295264623,0.04478681476173414
2792,0.388857938718663,0.04477077363896848
2793,0.38899721448467967,0.044754744002864305
2794,0.38913649025069635,0.044738725841088046
2795,0.3892757660167131,0.044722719141323794
2796,0.3894150417827298,0.044706723891273246
2797,0.38955431754874653,0.0446907400786557
2798,0.3896935933147632,0.044674767691208005
2799,0.38983286908077996,0.04465880671668453
2800,0.38997214484679665,0.045
2801,0.3901114206128134,0.04498393430917529
2802,0.3902506963788301,0.044967880085653104
2803,0.3903899721448468,0.04530859793078844
2804,0.3905292479108635,0.04529243937232525
2805,0.3906685236768802,0.04527629233511586
2806,0.39080779944289695,0.04526015680684248
2807,0.39094707520891364,0.04524403277520485
2808,0.3910863509749304,0.04522792022792023
2809,0.3912256267409471,0.04521181915272339
2810,0.39136490250696376,0.04519572953736655
2811,0.3915041782729805,0.04517965136961935
2812,0.3916434540389972,0.04516358463726885
2813,0.39178272980501394,0.04514752932811945
2814,0.39192200557103063,0.045131485429992894
2815,0.3920612813370474,0.045115452930728245
2816,0.39220055710306406,0.045099431818181816
2817,0.3923398328690808,0.04508342208022719
2818,0.3924791086350975,0.045067423704755145
2819,0.3926183844011142,0.045406172401560835
2820,0.39275766016713093,0.04539007092198582
2821,0.3928969359331476,0.045373980857851826
2822,0.39303621169916436,0.04535790219702339
2823,0.39317548746518105,0.04534183492738222
2824,0.3933147632311978,0.0453257790368272
2825,0.3934540389972145,0.04530973451327434
2826,0.3935933147632312,0.04529370134465676
2827,0.3937325905292479,0.045277679518924654
2828,0.3938718662952646,0.04526166902404526
2829,0.39401114206128135,0.04524566984800283
2830,0.39415041782729804,0.04558303886925795
2831,0.3942896935933148,0.045566937477922995
2832,0.39442896935933147,0.045550847457627115
2833,0.3945682451253482,0.04553476879632898
2834,0.3947075208913649,0.045871559633027525
2835,0.3948467966573816,0.04585537918871252
2836,0.39498607242339834,0.045839210155148094
2837,0.395125348189415,0.04582305252026789
2838,0.39526462395543177,0.04580690627202255
2839,0.39540389972144846,0.04579077139837971
2840,0.3955431754874652,0.045774647887323945
2841,0.3956824512534819,0.04575853572685674
2842,0.3958217270194986,0.04609429978888107
2843,0.3959610027855153,0.04607808652831516
2844,0.396100278551532,0.04606188466947961
2845,0.39623955431754876,0.04604569420035149
2846,0.39637883008356545,0.04602951510892481
2847,0.3965181058495822,0.0460133473832104
2848,0.3966573816155989,0.046348314606741575
2849,0.3967966573816156,0.04633204633204633
2850,0.3969359331476323,0.04631578947368421
2851,0.397075208913649,0.04629954401964223
2852,0.39721448467966575,0.04628330995792426
2853,0.39735376044568244,0.046267087276550996
2854,0.3974930362116992,0.046250875963559916
2855,0.39763231197771587,0.04623467600700525
2856,0.3977715877437326,0.046218487394957986
2857,0.3979108635097493,0.04655232761638082
2858,0.398050139275766,0.046536039188243526
2859,0.39818941504178273,0.04651976215459951
2860,0.3983286908077994,0.04650349650349651
2861,0.39846796657381617,0.046836770360013984
2862,0.39860724233983286,0.04682040531097135
2863,0.3987465181058496,0.04715333566189312
2864,0.3988857938718663,0.04748603351955307
2865,0.39902506963788303,0.0474694589877836
2866,0.3991643454038997,0.047801814375436145
2867,0.3993036211699164,0.04778514126264388
2868,0.39944289693593316,0.04811715481171548
2869,0.39958217270194984,0.04810038340885326
2870,0.3997214484679666,0.04843205574912892
2871,0.3998607242339833,0.04841518634622083
2872,0.4,0.0483983286908078
2873,0.4001392757660167,0.04872955099199443
2874,0.4002785515320334,0.04871259568545581
2875,0.40041782729805014,0.04869565217391304
2876,0.40055710306406683,0.048678720445062586
2877,0.4006963788300836,0.04866180048661801
2878,0.40083565459610027,0.048644892286309936
2879,0.400974930362117,0.048627995831886074
2880,0.4011142061281337,0.04861111111111111
2881,0.40125348189415044,0.048941339812565085
2882,0.40139275766016713,0.04892435808466343
2883,0.4015320334261838,0.04890738813735692
2884,0.40167130919220057,0.04889042995839112
2885,0.40181058495821725,0.048873483535528596
2886,0.401949860724234,0.04885654885654886
2887,0.4020891364902507,0.048839625909248355
2888,0.40222841225626743,0.04882271468144044
2889,0.4023676880222841,0.04880581516095535
2890,0.4025069637883008,0.048788927335640137
2891,0.40264623955431755,0.0487720511933587
2892,0.40278551532033424,0.0487551867219917
2893,0.402924791086351,0.04873833390943657
2894,0.4030640668523677,0.048721492743607465
2895,0.4032033426183844,0.04870466321243523
2896,0.4033426183844011,0.048687845303867404
2897,0.40348189415041785,0.04867103900586814
2898,0.40362116991643454,0.048654244306418216
2899,0.40376044568245123,0.048637461193515
2900,0.403899721448468,0.04862068965517241
2901,0.40403899721448466,0.04860392967942089
2902,0.4041782729805014,0.048587181254307374
2903,0.4043175487465181,0.04891491560454702
2904,0.40445682451253484,0.048898071625344354
2905,0.40459610027855153,0.049225473321858865
2906,0.4047353760445682,0.049208534067446665
2907,0.40487465181058496,0.04919160646714826
2908,0.40501392757660165,0.049174690508940855
2909,0.4051532033426184,0.04915778618081815
2910,0.4052924791086351,0.04914089347079038
2911,0.40543175487465183,0.04912401236688423
2912,0.4055710306406685,0.049107142857142856
2913,0.40571030640668526,0.04909028492962582
2914,0.40584958217270195,0.04907343857240906
2915,0.40598885793871864,0.04905660377358491
2916,0.4061281337047354,0.049039780521262004
2917,0.40626740947075207,0.049022968803565305
2918,0.4064066852367688,0.049006168608636054
2919,0.4065459610027855,0.048989379924631725
2920,0.40668523676880225,0.04897260273972603
2921,0.40682451253481894,0.04895583704210887
2922,0.4069637883008356,0.04893908281998631
2923,0.40710306406685237,0.04892234006158057
2924,0.40724233983286906,0.04890560875512996
2925,0.4073816155988858,0.04888888888888889
2926,0.4075208913649025,0.04887218045112782
2927,0.40766016713091924,0.0491971301674069
2928,0.4077994428969359,0.04918032786885246
2929,0.40793871866295267,0.04916353704335951
2930,0.40807799442896936,0.049146757679180884
2931,0.40821727019498605,0.04912998976458546
2932,0.4083565459610028,0.04911323328785812
2933,0.4084958217270195,0.049096488237299694
2934,0.4086350974930362,0.049079754601226995
2935,0.4087743732590529,0.04906303236797274
2936,0.40891364902506966,0.04904632152588556
2937,0.40905292479108635,0.049029622063329927
2938,0.4091922005571031,0.04901293396868618
2939,0.4093314763231198,0.04899625723035046
2940,0.40947075208913647,0.04897959183673469
2941,0.4096100278551532,0.04896293777626658
2942,0.4097493036211699,0.04894629503738953
2943,0.40988857938718665,0.04892966360856269
2944,0.41002785515320334,0.04891304347826087
2945,0.4101671309192201,0.048896434634974534
2946,0.41030640668523677,0.048879837067209775
2947,0.41044568245125346,0.04886325076348829
2948,0.4105849582172702,0.04918588873812754
2949,0.4107242339832869,0.04916920990166158
2950,0.41086350974930363,0.04915254237288136
2951,0.4110027855153203,0.04913588614029143
2952,0.41114206128133707,0.04911924119241192
2953,0.41128133704735376,0.04910260751777853
2954,0.4114206128133705,0.04908598510494245
2955,0.4115598885793872,0.049069373942470386
2956,0.4116991643454039,0.04905277401894452
2957,0.4118384401114206,0.049036185322962465
2958,0.4119777158774373,0.049019607843137254
2959,0.41211699164345406,0.04900304156809733
2960,0.41225626740947074,0.048986486486486486
2961,0.4123955431754875,0.04896994258696386
2962,0.4125348189415042,0.04929101958136394
2963,0.41267409470752087,0.04927438407019912
2964,0.4128133704735376,0.049257759784075573
2965,0.4129526462395543,0.04924114671163575
2966,0.41309192200557104,0.049224544841537425
2967,0.41323119777158773,0.04920795416245366
2968,0.4133704735376045,0.04919137466307277
2969,0.41350974930362117,0.04917480633209835
2970,0.4136490250696379,0.04915824915824916
2971,0.4137883008356546,0.04914170313025917
2972,0.4139275766016713,0.04912516823687752
2973,0.41406685236768803,0.04910864446686848
2974,0.4142061281337047,0.04909213180901143
2975,0.41434540389972147,0.04907563025210084
2976,0.41448467966573815,0.049059139784946235
2977,0.4146239554317549,0.04904266039637219
2978,0.4147632311977716,0.049026192075218265
2979,0.4149025069637883,0.04900973481033904
2980,0.415041782729805,0.04899328859060403
2981,0.4151810584958217,0.048976853404897686
2982,0.41532033426183845,0.04896042924211938
2983,0.41545961002785514,0.04927924907810929
2984,0.4155988857938719,0.0492627345844504
2985,0.4157381615598886,0.04924623115577889
2986,0.4158774373259053,0.049229738780977896
2987,0.416016713091922,0.04921325744894543
2988,0.4161559888579387,0.04919678714859438
2989,0.41629526462395544,0.04918032786885246
2990,0.41643454038997213,0.04916387959866221
2991,0.4165738161559889,0.04914744232698094
2992,0.41671309192200556,0.04913101604278075
2993,0.4168523676880223,0.04911460073504845
2994,0.416991643454039,0.04909819639278557
2995,0.4171309192200557,0.04908180300500835
2996,0.41727019498607243,0.04906542056074766
2997,0.4174094707520891,0.04904904904904905
2998,0.41754874651810586,0.04903268845897265
2999,0.41768802228412255,0.049016338779593195
3000,0.4178272980501393,0.049
3001,0.417966573816156,0.048983672109296904
3002,0.41810584958217273,0.048967355096602265
3003,0.4182451253481894,0.04895104895104895
3004,0.4183844011142061,0.048934753661784285
3005,0.41852367688022285,0.04891846921797005
3006,0.41866295264623954,0.04890219560878244
3007,0.4188022284122563,0.04888593282341204
3008,0.41894150417827297,0.04886968085106383
3009,0.4190807799442897,0.04918577600531738
3010,0.4192200557103064,0.04916943521594684
3011,0.4193593314763231,0.04915310528063766
3012,0.41949860724233984,0.04946879150066401
3013,0.4196378830083565,0.04945237305011616
3014,0.41977715877437327,0.049435965494359656
3015,0.41991643454038996,0.0494195688225539
3016,0.4200557103064067,0.04973474801061008
3017,0.4201949860724234,0.04971826317533974
3018,0.42033426183844014,0.04970178926441352
3019,0.4204735376044568,0.04968532626697582
3020,0.4206128133704735,0.04966887417218543
3021,0.42075208913649026,0.04965243296921549
3022,0.42089136490250695,0.04963600264725347
3023,0.4210306406685237,0.04961958319550116
3024,0.4211699164345404,0.0496031746031746
3025,0.4213091922005571,0.049586776859504134
3026,0.4214484679665738,0.0495703899537343
3027,0.4215877437325905,0.049554013875123884
3028,0.42172701949860725,0.04953764861294584
3029,0.42186629526462394,0.04952129415648729
3030,0.4220055710306407,0.04983498349834983
3031,0.42214484679665737,0.04981854173540086
3032,0.4222841225626741,0.049802110817941954
3033,0.4224233983286908,0.04978569073524563
3034,0.42256267409470755,0.04976928147659855
3035,0.42270194986072424,0.04975288303130148
3036,0.4228412256267409,0.05006587615283267
3037,0.42298050139275767,0.050049390846229835
3038,0.42311977715877436,0.050032916392363395
3039,0.4232590529247911,0.05001645278051991
3040,0.4233983286908078,0.05
3041,0.42353760445682453,0.049983558040118385
3042,0.4236768802228412,0.049967126890203814
3043,0.4238161559888579,0.04995070653959908
3044,0.42395543175487466,0.04993429697766097
3045,0.42409470752089135,0.04991789819376026
3046,0.4242339832869081,0.04990151017728168
3047,0.4243732590529248,0.04988513291762389
3048,0.4245125348189415,0.049868766404199474
3049,0.4246518105849582,0.050180387012135126
3050,0.42479108635097496,0.05016393442622951
3051,0.42493036211699164,0.05014749262536873
3052,0.42506963788300833,0.050131061598951504
3053,0.4252089136490251,0.05011464133639044
3054,0.42534818941504177,0.05009823182711198
3055,0.4254874651810585,0.05008183306055646
3056,0.4256267409470752,0.05006544502617801
3057,0.42576601671309194,0.050049067713444556
3058,0.42590529247910863,0.0500327011118378
3059,0.4260445682451253,0.05001634521085322
3060,0.42618384401114207,0.05
3061,0.42632311977715875,0.04998366546880104
3062,0.4264623955431755,0.04996734160679295
3063,0.4266016713091922,0.04995102840352596
3064,0.42674094707520893,0.04993472584856397
3065,0.4268802228412256,0.049918433931484506
3066,0.42701949860724236,0.049902152641878667
3067,0.42715877437325905,0.049885881969351155
3068,0.42729805013927574,0.049869621903520206
3069,0.4274373259052925,0.04985337243401759
3070,0.4275766016713092,0.0498371335504886
3071,0.4277158774373259,0.04982090524259199
3072,0.4278551532033426,0.0498046875
3073,0.42799442896935935,0.049788480312398305
3074,0.42813370473537604,0.04977228366948601
3075,0.42827298050139273,0.04975609756097561
3076,0.4284122562674095,0.04973992197659298
3077,0.42855153203342616,0.049723756906077346
3078,0.4286908077994429,0.049707602339181284
3079,0.4288300835654596,0.049691458265670674
3080,0.42896935933147634,0.04967532467532468
3081,0.42910863509749303,0.04965920155793573
3082,0.4292479108635098,0.04964308890330954
3083,0.42938718662952646,0.049626986701265
3084,0.42952646239554315,0.04961089494163424
3085,0.4296657381615599,0.04959481361426256
3086,0.4298050139275766,0.04957874270900842
3087,0.42994428969359333,0.04956268221574344
3088,0.43008356545961,0.049546632124352334
3089,0.43022284122562676,0.04953059242473292
3090,0.43036211699164345,0.04951456310679612
3091,0.43050139275766014,0.04949854416046587
3092,0.4306406685236769,0.04948253557567917
3093,0.4307799442896936,0.049466537342386034
3094,0.4309192200557103,0.04945054945054945
3095,0.431058495821727,0.0494345718901454
3096,0.43119777158774375,0.04941860465116279
3097,0.43133704735376044,0.04940264772360349
3098,0.4314763231197772,0.04938670109748225
3099,0.43161559888579387,0.049370764762826716
3100,0.43175487465181056,0.04935483870967742
3101,0.4318941504178273,0.04966139954853273
3102,0.432033426183844,0.04964539007092199
3103,0.43217270194986074,0.04962939091202063
3104,0.4323119777158774,0.04961340206185567
3105,0.43245125348189417,0.04959742351046699
3106,0.43259052924791086,0.04990341274951706
3107,0.4327298050139276,0.04988735114258127
3108,0.4328690807799443,0.04987129987129987
3109,0.433008356545961,0.04985525892569958
3110,0.4331476323119777,0.04983922829581994
3111,0.4332869080779944,0.049823207971713274
3112,0.43342618384401116,0.04980719794344473
3113,0.43356545961002785,0.04979119820109219
3114,0.4337047353760446,0.04977520873474631
3115,0.4338440111420613,0.04975922953451043
3116,0.43398328690807797,0.04974326059050064
3117,0.4341225626740947,0.05004812319538017
3118,0.4342618384401114,0.05003207184092367
3119,0.43440111420612815,0.05001603077909587
3120,0.43454038997214484,0.05
3121,0.4346796657381616,0.049983979493752
3122,0.43481894150417827,0.05028827674567585
3123,0.434958217270195,0.05027217419148255
3124,0.4350974930362117,0.05025608194622279
3125,0.4352367688022284,0.05024
3126,0.43537604456824514,0.05022392834293026
3127,0.4355153203342618,0.05020786696514231
3128,0.43565459610027857,0.0501918158567775
3129,0.43579387186629526,0.050175775007989774
3130,0.435933147632312,0.05015974440894569
3131,0.4360724233983287,0.05014372404982434
3132,0.4362116991643454,0.05012771392081737
3133,0.4363509749303621,0.05011171401212895
3134,0.4364902506963788,0.05009572431397575
3135,0.43662952646239556,0.05007974481658692
3136,0.43676880222841225,0.05038265306122449
3137,0.436908077994429,0.05036659228562321
3138,0.4370473537604457,0.05035054174633524
3139,0.4371866295264624,0.05033450143357757
3140,0.4373259052924791,0.05031847133757962
3141,0.4374651810584958,0.05030245144858325
3142,0.43760445682451254,0.05028644175684278
3143,0.43774373259052923,0.05027044225262488
3144,0.437883008356546,0.05025445292620865
3145,0.43802228412256267,0.05023847376788553
3146,0.4381615598885794,0.050222504767959315
3147,0.4383008356545961,0.05020654591674611
3148,0.4384401114206128,0.05019059720457433
3149,0.43857938718662953,0.05017465862178469
3150,0.4387186629526462,0.05015873015873016
3151,0.43885793871866297,0.05014281180577594
3152,0.43899721448467965,0.05012690355329949
3153,0.4391364902506964,0.05011100539169045
3154,0.4392757660167131,0.05009511731135067
3155,0.43941504178272983,0.05007923930269414
3156,0.4395543175487465,0.05038022813688213
3157,0.4396935933147632,0.050364269876465
3158,0.43983286908077995,0.050348321722609245
3159,0.43997214484679664,0.050332383665717
3160,0.4401114206128134,0.05031645569620253
3161,0.4402506963788301,0.05030053780449225
3162,0.4403899721448468,0.05060088551549652
3163,0.4405292479108635,0.05090104331331015
3164,0.4406685236768802,0.05088495575221239
3165,0.44080779944289694,0.050868878357030016
3166,0.44094707520891363,0.050852811118130135
3167,0.4410863509749304,0.05083675402589201
3168,0.44122562674094706,0.05082070707070707
3169,0.4413649025069638,0.050804670242978855
3170,0.4415041782729805,0.050788643533123026
3171,0.44164345403899724,0.05077262693156733
3172,0.44178272980501393,0.05075662042875158
3173,0.4419220055710306,0.05074062401512764
3174,0.44206128133704736,0.050724637681159424
3175,0.44220055710306405,0.05070866141732284
3176,0.4423398328690808,0.05069269521410579
3177,0.4424791086350975,0.05067673906200818
3178,0.44261838440111423,0.05066079295154185
3179,0.4427576601671309,0.05064485687323057
3180,0.4428969359331476,0.050628930817610066
3181,0.44303621169916435,0.050613014775227914
3182,0.44317548746518104,0.05059710873664362
3183,0.4433147632311978,0.050581212692428525
3184,0.4434540389972145,0.05087939698492462
3185,0.4435933147632312,0.05086342229199372
3186,0.4437325905292479,0.05084745762711865
3187,0.44387186629526465,0.05083150298085974
3188,0.44401114206128134,0.051129234629861985
3189,0.444150417827298,0.051113201630605204
3190,0.44428969359331477,0.05109717868338558
3191,0.44442896935933146,0.05108116577875274
3192,0.4445682451253482,0.05137844611528822
3193,0.4447075208913649,0.05136235515189477
3194,0.44484679665738164,0.05134627426424546
3195,0.4449860724233983,0.0513302034428795
3196,0.445125348189415,0.05131414267834793
3197,0.44526462395543176,0.05129809196121364
3198,0.44540389972144845,0.051594746716697934
3199,0.4455431754874652,0.051578618318224446
3200,0.4456824512534819,0.0515625
3201,0.4458217270194986,0.05154639175257732
3202,0.4459610027855153,0.051530293566520925
3203,0.44610027855153206,0.05151420543240712
3204,0.44623955431754875,0.05149812734082397
3205,0.44637883008356544,0.0514820592823713
3206,0.4465181058495822,0.05146600124766064
3207,0.44665738161559887,0.05144995322731525
3208,0.4467966573816156,0.05143391521197008
3209,0.4469359331476323,0.051417887192271736
3210,0.44707520891364905,0.0514018691588785
3211,0.44721448467966574,0.051385861102460295
3212,0.4473537604456824,0.05136986301369863
3213,0.44749303621169917,0.051353874883286646
3214,0.44763231197771586,0.05133789670192906
3215,0.4477715877437326,0.05132192846034215
3216,0.4479108635097493,0.051305970149253734
3217,0.44805013927576604,0.051600870376126824
3218,0.4481894150417827,0.05158483530142946
3219,0.44832869080779947,0.051568810189499846
3220,0.44846796657381616,0.0515527950310559
3221,0.44860724233983285,0.05153678981682707
3222,0.4487465181058496,0.051520794537554315
3223,0.4488857938718663,0.05150480918399007
3224,0.449025069637883,0.05148883374689826
3225,0.4491643454038997,0.05147286821705426
3226,0.44930362116991646,0.05145691258524489
3227,0.44944289693593314,0.051440966842268364
3228,0.44958217270194983,0.051425030978934326
3229,0.4497214484679666,0.0514091049860638
3230,0.44986072423398327,0.051393188854489166
3231,0.45,0.05137728257505416
3232,0.4501392757660167,0.05136138613861386
3233,0.45027855153203344,0.05134549953603464
3234,0.45041782729805013,0.051329622758194186
3235,0.4505571030640669,0.05162287480680062
3236,0.45069637883008357,0.05160692212608158
3237,0.45083565459610025,0.05159097930182267
3238,0.450974930362117,0.05157504632489191
3239,0.4511142061281337,0.05155912318616857
3240,0.45125348189415043,0.05154320987654321
3241,0.4513927576601671,0.05152730638691762
3242,0.45153203342618387,0.05181986428130783
3243,0.45167130919220055,0.05180388529139685
3244,0.45181058495821724,0.051787916152897656
3245,0.451949860724234,0.05177195685670262
3246,0.4520891364902507,0.051756007393715345
3247,0.4522284122562674,0.051740067754850634
3248,0.4523676880222841,0.05172413793103448
3249,0.45250696378830085,0.05170821791320406
3250,0.45264623955431754,0.052
3251,0.4527855153203343,0.0519840049215626
3252,0.452924791086351,0.0519680196801968
3253,0.45306406685236766,0.051952044266830616
3254,0.4532033426183844,0.0519360786724032
3255,0.4533426183844011,0.05192012288786482
3256,0.45348189415041784,0.05221130221130221
3257,0.45362116991643453,0.05219527172244397
3258,0.4537604456824513,0.0521792510742787
3259,0.45389972144846796,0.05247008284749923
3260,0.45403899721448465,0.05245398773006135
3261,0.4541782729805014,0.05243790248390064
3262,0.4543175487465181,0.052421827099938687
3263,0.45445682451253483,0.05240576156910818
3264,0.4545961002785515,0.05238970588235294
3265,0.45473537604456826,0.05237366003062787
3266,0.45487465181058495,0.05235762400489896
3267,0.4550139275766017,0.05234159779614325
3268,0.4551532033426184,0.05232558139534884
3269,0.4552924791086351,0.052309574793514835
3270,0.4554317548746518,0.05229357798165138
3271,0.4555710306406685,0.05227759095077958
3272,0.45571030640668525,0.05226161369193154
3273,0.45584958217270194,0.05224564619615032
3274,0.4559888579387187,0.05222968845448992
3275,0.4561281337047354,0.052213740458015266
3276,0.4562674094707521,0.0521978021978022
3277,0.4564066852367688,0.05218187366493744
3278,0.4565459610027855,0.052471018913971934
3279,0.45668523676880224,0.052455016773406526
3280,0.4568245125348189,0.05274390243902439
3281,0.45696378830083567,0.052727826882048155
3282,0.45710306406685236,0.05301645338208409
3283,0.4572423398328691,0.05300030459945172
3284,0.4573816155988858,0.052984165651644335
3285,0.4575208913649025,0.052968036529680365
3286,0.4576601671309192,0.05295191722458917
3287,0.4577994428969359,0.052935807727411015
3288,0.45793871866295266,0.05291970802919708
3289,0.45807799442896935,0.052903618121009424
3290,0.4582172701949861,0.05288753799392097
3291,0.4583565459610028,0.0528714676390155
3292,0.4584958217270195,0.05285540704738761
3293,0.4586350974930362,0.05283935621014273
3294,0.4587743732590529,0.052823315118397086
3295,0.45891364902506965,0.052807283763277695
3296,0.45905292479108634,0.05279126213592233
3297,0.4591922005571031,0.052775250227479524
3298,0.45933147632311977,0.05275924802910855
3299,0.4594707520891365,0.05304637769020915
3300,0.4596100278551532,0.05303030303030303
3301,0.4597493036211699,0.05301423810966374
3302,0.45988857938718664,0.05299818291944276
3303,0.4600278551532033,0.05328489252194974
3304,0.46016713091922007,0.053268765133171914
3305,0.46030640668523676,0.05325264750378215
3306,0.4604456824512535,0.05323653962492438
3307,0.4605849582172702,0.05322044148775325
3308,0.46072423398328693,0.053204353083434096
3309,0.4608635097493036,0.05318827440314294
3310,0.4610027855153203,0.053172205438066465
3311,0.46114206128133706,0.053156146179401995
3312,0.46128133704735375,0.05314009661835749
3313,0.4614206128133705,0.05342589797766375
3314,0.4615598885793872,0.053409776704888355
3315,0.4616991643454039,0.05339366515837104
3316,0.4618384401114206,0.05337756332931243
3317,0.4619777158774373,0.05366294844739222
3318,0.46211699164345404,0.05364677516576251
3319,0.46225626740947073,0.05393190720096415
3320,0.4623955431754875,0.05391566265060241
3321,0.46253481894150417,0.05389942788316772
3322,0.4626740947075209,0.053883202889825406
3323,0.4628133704735376,0.05386698766175143
3324,0.46295264623955434,0.05385078219013237
3325,0.46309192200557103,0.053834586466165416
3326,0.4632311977715877,0.054119061936259774
3327,0.46337047353760447,0.05440336639615269
3328,0.46350974930362115,0.05438701923076923
3329,0.4636490250696379,0.05437068188645239
3330,0.4637883008356546,0.05435435435435435
3331,0.46392757660167133,0.054338036625637944
3332,0.464066852367688,0.05432172869147659
3333,0.4642061281337047,0.054305430543054305
3334,0.46434540389972145,0.054289142171565684
3335,0.46448467966573814,0.05427286356821589
3336,0.4646239554317549,0.054256594724220626
3337,0.4647632311977716,0.054240335630806116
3338,0.4649025069637883,0.054224086279209105
3339,0.465041782729805,0.05420784666067685
3340,0.46518105849582175,0.05419161676646707
3341,0.46532033426183844,0.054474708171206226
3342,0.46545961002785513,0.05475763016157989
3343,0.4655988857938719,0.05474125037391565
3344,0.46573816155988856,0.05502392344497608
3345,0.4658774373259053,0.05530642750373692
3346,0.466016713091922,0.05528989838613269
3347,0.46615598885793874,0.05527337914550343
3348,0.46629526462395543,0.055256869772998804
3349,0.4664345403899721,0.055240370259779036
3350,0.46657381615598886,0.05522388059701493
3351,0.46671309192200555,0.055207400775887795
3352,0.4668523676880223,0.05548926014319809
3353,0.466991643454039,0.055472711005070084
3354,0.46713091922005573,0.055456171735241505
3355,0.4672701949860724,0.055439642324888225
3356,0.46740947075208916,0.05542312276519666
3357,0.46754874651810585,0.05540661304736372
3358,0.46768802228412254,0.05539011316259678
3359,0.4678272980501393,0.055373623102113724
3360,0.467966573816156,0.055357142857142855
3361,0.4681058495821727,0.05534067241892294
3362,0.4682451253481894,0.05562165377751339
3363,0.46838440111420615,0.05590246803449301
3364,0.46852367688022284,0.0558858501783591
3365,0.46866295264623953,0.05586924219910847
3366,0.46880222841225627,0.055852644087938205
3367,0.46894150417827296,0.05583605583605584
3368,0.4690807799442897,0.056116389548693586
3369,0.4692200557103064,0.05609973285841496
3370,0.46935933147632314,0.056083086053412466
3371,0.4694986072423398,0.056066449124888756
3372,0.46963788300835657,0.05604982206405694
3373,0.46977715877437326,0.05603320486214053
3374,0.46991643454038995,0.056016597510373446
3375,0.4700557103064067,0.056
3376,0.4701949860724234,0.055983412322274884
3377,0.4703342618384401,0.055966834468463136
3378,0.4704735376044568,0.05595026642984014
3379,0.47061281337047356,0.055933708197691626
3380,0.47075208913649025,0.05591715976331361
3381,0.47089136490250694,0.055900621118012424
3382,0.4710306406685237,0.05588409225310467
3383,0.47116991643454037,0.055867573159917236
3384,0.4713091922005571,0.05585106382978723
3385,0.4714484679665738,0.056129985228951254
3386,0.47158774373259055,0.05611340815121087
3387,0.47172701949860724,0.05609684086211987
3388,0.471866295264624,0.05608028335301062
3389,0.47200557103064067,0.05606373561522573
3390,0.47214484679665736,0.05604719764011799
3391,0.4722841225626741,0.056030669419050425
3392,0.4724233983286908,0.05630896226415094
3393,0.47256267409470754,0.056292366637194224
3394,0.4727019498607242,0.056275780789628756
3395,0.47284122562674097,0.05625920471281296
3396,0.47298050139275766,0.05624263839811543
3397,0.47311977715877435,0.05622608183691492
3398,0.4732590529247911,0.05620953502060035
3399,0.4733983286908078,0.056192997940570755
3400,0.4735376044568245,0.05617647058823529
3401,0.4736768802228412,0.056159952955013234
3402,0.47381615598885796,0.0564373897707231
3403,0.47395543175487465,0.05642080517190714
3404,0.4740947075208914,0.0564042303172738
3405,0.4742339832869081,0.05638766519823789
3406,0.47437325905292477,0.056664709336465065
3407,0.4745125348189415,0.056648077487525685
3408,0.4746518105849582,0.05663145539906103
3409,0.47479108635097494,0.056614843062481664
3410,0.47493036211699163,0.05659824046920821
3411,0.4750696378830084,0.05658164761067136
3412,0.47520891364902507,0.05656506447831184
3413,0.47534818941504176,0.056548491063580425
3414,0.4754874651810585,0.056531927357937904
3415,0.4756267409470752,0.05651537335285505
3416,0.47576601671309193,0.05649882903981265
3417,0.4759052924791086,0.056482294410301434
3418,0.47604456824512537,0.056465769455822115
3419,0.47618384401114205,0.05644925416788535
3420,0.4763231197771588,0.056432748538011696
3421,0.4764623955431755,0.05641625255773166
3422,0.4766016713091922,0.056399766218585626
3423,0.4767409470752089,0.05638328951212387
3424,0.4768802228412256,0.0566588785046729
3425,0.47701949860724235,0.05664233576642336
3426,0.47715877437325904,0.056625802685347344
3427,0.4772980501392758,0.05660927925299095
3428,0.4774373259052925,0.056592765460910154
3429,0.4775766016713092,0.0568678915135608
3430,0.4777158774373259,0.056851311953352766
3431,0.4778551532033426,0.05683474205770912
3432,0.47799442896935934,0.056818181818181816
3433,0.47813370473537603,0.05680163122633265
3434,0.4782729805013928,0.056785090273733255
3435,0.47841225626740946,0.056768558951965066
3436,0.4785515320334262,0.056752037252619326
3437,0.4786908077994429,0.05673552516729706
3438,0.4788300835654596,0.056719022687609075
3439,0.47896935933147633,0.05670252980517592
3440,0.479108635097493,0.056686046511627904
3441,0.47924791086350976,0.05666957279860506
3442,0.47938718662952645,0.05665310865775712
3443,0.4795264623955432,0.05663665408074354
3444,0.4796657381615599,0.05662020905923345
3445,0.47980501392757663,0.05660377358490566
3446,0.4799442896935933,0.05658734764944864
3447,0.48008356545961,0.05657093124456049
3448,0.48022284122562675,0.05655452436194896
3449,0.48036211699164344,0.0565381269933314
3450,0.4805013927576602,0.05652173913043478
3451,0.4806406685236769,0.056505360764995655
3452,0.4807799442896936,0.05648899188876014
3453,0.4809192200557103,0.056762235737040256
3454,0.481058495821727,0.056745801968731906
3455,0.48119777158774374,0.057018813314037624
3456,0.4813370473537604,0.05700231481481482
3457,0.48147632311977717,0.05727509401214926
3458,0.48161559888579386,0.05725853094274147
3459,0.4817548746518106,0.05724197745013009
3460,0.4818941504178273,0.05722543352601156
3461,0.48203342618384404,0.05720889916209188
3462,0.4821727019498607,0.05719237435008666
3463,0.4823119777158774,0.05717585908172105
3464,0.48245125348189416,0.05715935334872979
3465,0.48259052924791085,0.05714285714285714
3466,0.4827298050139276,0.05741488747836122
3467,0.4828690807799443,0.05739832708393424
3468,0.483008356545961,0.05738177623990773
3469,0.4831476323119777,0.05736523493802249
3470,0.4832869080779944,0.05734870317002882
3471,0.48342618384401115,0.05733218092768655
3472,0.48356545961002784,0.0576036866359447
3473,0.4837047353760446,0.05758710048949035
3474,0.48384401114206127,0.057570523891767415
3475,0.483983286908078,0.05755395683453238
3476,0.4841225626740947,0.05782508630609896
3477,0.48426183844011145,0.058096059821685364
3478,0.48440111420612814,0.05807935595169638
3479,0.4845403899721448,0.058062661684392065
3480,0.48467966573816157,0.058045977011494256
3481,0.48481894150417826,0.058029301924734274
3482,0.484958217270195,0.058012636415852956
3483,0.4850974930362117,0.05799598047660063
3484,0.48523676880222844,0.05797933409873708
3485,0.4853760445682451,0.05824964131994261
3486,0.4855153203342618,0.05823293172690763
3487,0.48565459610027856,0.0585030111843992
3488,0.48579387186629525,0.058486238532110095
3489,0.485933147632312,0.058469475494411005
3490,0.4860724233983287,0.05845272206303725
3491,0.4862116991643454,0.0584359782297336
3492,0.4863509749303621,0.058419243986254296
3493,0.48649025069637886,0.05840251932436301
3494,0.48662952646239555,0.05838580423583286
3495,0.48676880222841223,0.058655221745350504
3496,0.486908077994429,0.05863844393592677
3497,0.48704735376044567,0.05862167572204747
3498,0.4871866295264624,0.058604917095483135
3499,0.4873259052924791,0.05858816804801372
3500,0.48746518105849584,0.05857142857142857
3501,0.48760445682451253,0.058554698657526424
3502,0.4877437325905292,0.05853797829811536
3503,0.48788300835654597,0.058521267485012844
3504,0.48802228412256266,0.05850456621004566
3505,0.4881615598885794,0.05848787446504993
3506,0.4883008356545961,0.05847119224187108
3507,0.48844011142061283,0.05873966353008269
3508,0.4885793871866295,0.05872291904218928
3509,0.48871866295264627,0.058706184098033624
3510,0.48885793871866295,0.05868945868945869
3511,0.48899721448467964,0.05867274280831672
3512,0.4891364902506964,0.058656036446469245
3513,0.4892757660167131,0.05863933959578708
3514,0.4894150417827298,0.058622652248150255
3515,0.4895543175487465,0.05860597439544808
3516,0.48969359331476325,0.05858930602957907
3517,0.48983286908077994,0.05857264714245095
3518,0.48997214484679663,0.05855599772598067
3519,0.4901114206128134,0.05853935777209435
3520,0.49025069637883006,0.058522727272727275
3521,0.4903899721448468,0.05850610621982391
3522,0.4905292479108635,0.05848949460533787
3523,0.49066852367688024,0.05875674141356798
3524,0.49080779944289693,0.058740068104426786
3525,0.4909470752089137,0.05872340425531915
3526,0.49108635097493036,0.05870674985819626
3527,0.49122562674094705,0.05869010490501843
3528,0.4913649025069638,0.058673469387755105
3529,0.4915041782729805,0.05865684329838481
3530,0.49164345403899723,0.05864022662889518
3531,0.4917827298050139,0.05890682526196545
3532,0.49192200557103066,0.05889014722536806
3533,0.49206128133704735,0.05887347863005944
3534,0.49220055710306404,0.0588568194680249
3535,0.4923398328690808,0.05884016973125884
3536,0.4924791086350975,0.058823529411764705
3537,0.4926183844011142,0.05880689850155499
3538,0.4927576601671309,0.058790276992651214
3539,0.49289693593314765,0.05877366487708392
3540,0.49303621169916434,0.05875706214689266
3541,0.4931754874651811,0.058740468794125957
3542,0.4933147632311978,0.058723884810841336
3543,0.49345403899721446,0.05870731018910528
3544,0.4935933147632312,0.05869074492099323
3545,0.4937325905292479,0.05895627644569817
3546,0.49387186629526464,0.05893965031020869
3547,0.4940111420612813,0.059204961939667324
3548,0.49415041782729807,0.05918827508455468
3549,0.49428969359331476,0.05917159763313609
3550,0.49442896935933145,0.059154929577464786
3551,0.4945682451253482,0.05941988172345818
3552,0.4947075208913649,0.05940315315315315
3553,0.4948467966573816,0.0593864339994371
3554,0.4949860724233983,0.05936972425436128
3555,0.49512534818941506,0.05935302390998594
3556,0.49526462395543175,0.0593363329583802
3557,0.4954038997214485,0.05931965139162215
3558,0.4955431754874652,0.059302979201798764
3559,0.49568245125348187,0.0592863163810059
3560,0.4958217270194986,0.05926966292134832
3561,0.4959610027855153,0.05925301881493962
3562,0.49610027855153205,0.05951712521055587
3563,0.49623955431754874,0.059500420993544766
3564,0.4963788300835655,0.05948372615039282
3565,0.49651810584958217,0.059467040673211784
3566,0.49665738161559886,0.05945036455412227
3567,0.4967966573816156,0.05943369778525372
3568,0.4969359331476323,0.05969730941704036
3569,0.49707520891364904,0.059680582796301486
3570,0.4972144846796657,0.05966386554621849
3571,0.49735376044568247,0.05964715765891907
3572,0.49749303621169916,0.059630459126539755
3573,0.4976323119777159,0.05961376994122586
3574,0.4977715877437326,0.05987688864017907
3575,0.4979108635097493,0.05986013986013986
3576,0.498050139275766,0.059843400447427295
3577,0.4981894150417827,0.05982667039418507
3578,0.49832869080779946,0.05980994969256568
3579,0.49846796657381615,0.059793238334730374
3580,0.4986072423398329,0.05977653631284916
3581,0.4987465181058496,0.05975984361910081
3582,0.49888579387186627,0.059743160245672805
3583,0.499025069637883,0.059726486184761375
3584,0.4991643454038997,0.05970982142857143
3585,0.49930362116991645,0.0596931659693166
3586,0.49944289693593313,0.05967651979921919
3587,0.4995821727019499,0.05965988291051018
3588,0.49972144846796657,0.05964325529542921
3589,0.4998607242339833,0.059626636946224575
3590,0.5,0.0596100278551532
3591,0.5001392757660167,0.05987190197716513
3592,0.5002785515320334,0.05985523385300668
3593,0.5004178272980502,0.059838575006957974
3594,0.5005571030640669,0.05982192543127435
3595,0.5006963788300836,0.059805285118219746
3596,0.5008356545961002,0.060066740823136816
3597,0.500974930362117,0.060050041701417846
3598,0.5011142061281337,0.06003335186214564
3599,0.5012534818941504,0.06001667129758266
3600,0.5013927576601671,0.06
3601,0.5015320334261838,0.05998333796167731
3602,0.5016713091922006,0.059966685174902834
3603,0.5018105849582173,0.05995004163197336
3604,0.501949860724234,0.05993340732519423
3605,0.5020891364902507,0.05991678224687933
3606,0.5022284122562675,0.059900166389351084
3607,0.5023676880222842,0.0598835597449404
3608,0.5025069637883008,0.06014412416851441
3609,0.5026462395543175,0.0601274591299529
3610,0.5027855153203342,0.060110803324099724
3611,0.502924791086351,0.06009415674328441
3612,0.5030640668523677,0.060077519379844964
3613,0.5032033426183844,0.06006089122612787
3614,0.5033426183844011,0.0600442722744881
3615,0.5034818941504178,0.06030428769017981
3616,0.5036211699164346,0.060564159292035395
3617,0.5037604456824513,0.060547414984794025
3618,0.503899721448468,0.06053067993366501
3619,0.5040389972144846,0.060513954130975406
3620,0.5041782729805014,0.06049723756906077
3621,0.5043175487465181,0.06048053024026512
3622,0.5044568245125348,0.06046383213694092
3623,0.5045961002785515,0.06044714325144908
3624,0.5047353760445682,0.060430463576158944
3625,0.504874651810585,0.06041379310344828
3626,0.5050139275766017,0.060397131825703256
3627,0.5051532033426184,0.060380479735318446
3628,0.5052924791086351,0.0603638368246968
3629,0.5054317548746519,0.0606227610912097
3630,0.5055710306406686,0.06088154269972452
3631,0.5057103064066852,0.06114018176810796
3632,0.5058495821727019,0.061398678414096915
3633,0.5059888579387186,0.061381778144783926
3634,0.5061281337047354,0.061640066042927905
3635,0.5062674094707521,0.06162310866574965
3636,0.5064066852367688,0.061606160616061605
3637,0.5065459610027855,0.061864173769590323
3638,0.5066852367688023,0.06184716877405168
3639,0.506824512534819,0.06183017312448475
3640,0.5069637883008357,0.06208791208791209
3641,0.5071030640668523,0.06207085965394123
3642,0.507242339832869,0.06205381658429435
3643,0.5073816155988858,0.06203678287125995
3644,0.5075208913649025,0.062019758507135016
3645,0.5076601671309192,0.06227709190672154
3646,0.5077994428969359,0.062260010970927045
3647,0.5079387186629526,0.062242939402248426
3648,0.5080779944289694,0.062225877192982455
3649,0.5082172701949861,0.062208824335434364
3650,0.5083565459610028,0.06219178082191781
3651,0.5084958217270195,0.062174746644754864
3652,0.5086350974930363,0.062157721796276016
3653,0.508774373259053,0.06214070626882015
3654,0.5089136490250696,0.06212370005473454
3655,0.5090529247910863,0.06210670314637483
3656,0.509192200557103,0.06208971553610503
3657,0.5093314763231198,0.06207273721629751
3658,0.5094707520891365,0.06205576817933297
3659,0.5096100278551532,0.062038808417600434
3660,0.5097493036211699,0.062021857923497264
3661,0.5098885793871867,0.06200491668942912
3662,0.5100278551532034,0.06198798470780994
3663,0.5101671309192201,0.06197106197106197
3664,0.5103064066852367,0.06195414847161572
3665,0.5104456824512534,0.061937244201909956
3666,0.5105849582172702,0.06192034915439171
3667,0.5107242339832869,0.06190346332151623
3668,0.5108635097493036,0.061886586695747
3669,0.5110027855153203,0.06214227309893704
3670,0.5111420612813371,0.06212534059945504
3671,0.5112813370473538,0.06210841732497957
3672,0.5114206128133705,0.06209150326797386
3673,0.5115598885793872,0.06207459842090934
3674,0.5116991643454039,0.06205770277626565
3675,0.5118384401114207,0.06231292517006803
3676,0.5119777158774373,0.062295973884657234
3677,0.512116991643454,0.062279031819418004
3678,0.5122562674094707,0.06253398586188146
3679,0.5123955431754874,0.06251698831204132
3680,0.5125348189415042,0.0625
3681,0.5126740947075209,0.06248302091822874
3682,0.5128133704735376,0.06246605105920695
3683,0.5129526462395543,0.06244909041542221
3684,0.5130919220055711,0.06243213897937025
3685,0.5132311977715878,0.06241519674355495
3686,0.5133704735376045,0.062398263700488336
3687,0.5135097493036211,0.062381339842690536
3688,0.5136490250696378,0.06236442516268981
3689,0.5137883008356546,0.06261859582542695
3690,0.5139275766016713,0.06260162601626017
3691,0.514066852367688,0.06285559468978597
3692,0.5142061281337047,0.0628385698808234
3693,0.5143454038997215,0.0628215542919036
3694,0.5144846796657382,0.06280454791553872
3695,0.5146239554317549,0.06278755074424898
3696,0.5147632311977716,0.06277056277056277
3697,0.5149025069637883,0.06302407357316743
3698,0.515041782729805,0.06327744726879395
3699,0.5151810584958217,0.06326034063260341
3700,0.5153203342618384,0.06351351351351352
3701,0.5154596100278551,0.06376654958119427
3702,0.5155988857938719,0.06374932468935711
3703,0.5157381615598886,0.06400216041047799
3704,0.5158774373259053,0.06398488120950324
3705,0.516016713091922,0.06423751686909582
3706,0.5161559888579387,0.06422018348623854
3707,0.5162952646239555,0.06420285945508497
3708,0.5164345403899722,0.06418554476806904
3709,0.5165738161559889,0.06443785386896737
3710,0.5167130919220055,0.06442048517520216
3711,0.5168523676880222,0.06440312584209108
3712,0.516991643454039,0.06438577586206896
3713,0.5171309192200557,0.06436843522757878
3714,0.5172701949860724,0.06435110393107162
3715,0.5174094707520891,0.06433378196500673
3716,0.5175487465181059,0.06458557588805167
3717,0.5176880222841226,0.0645682001614205
3718,0.5178272980501393,0.064550833781603
3719,0.517966573816156,0.06453347674105943
3720,0.5181058495821727,0.06451612903225806
3721,0.5182451253481895,0.06449879064767536
3722,0.5183844011142061,0.06448146157979581
3723,0.5185236768802228,0.064464141821112
3724,0.5186629526462395,0.0644468313641246
3725,0.5188022284122563,0.06442953020134229
3726,0.518941504178273,0.0644122383252818
3727,0.5190807799442897,0.06439495572846794
3728,0.5192200557103064,0.06464592274678112
3729,0.5193593314763231,0.06462858675248055
3730,0.5194986072423399,0.06461126005361931
3731,0.5196378830083566,0.06459394264272313
3732,0.5197771587743732,0.06457663451232583
3733,0.5199164345403899,0.0645593356549692
3734,0.5200557103064067,0.064542046063203
3735,0.5201949860724234,0.064524765729585
3736,0.5203342618384401,0.06450749464668094
3737,0.5204735376044568,0.0644902328070645
3738,0.5206128133704735,0.06474050294275013
3739,0.5207520891364903,0.06472318801818668
3740,0.520891364902507,0.06470588235294118
3741,0.5210306406685237,0.06468858593958834
3742,0.5211699164345404,0.06467129877071084
3743,0.521309192200557,0.06465402083889928
3744,0.5214484679665738,0.06463675213675214
3745,0.5215877437325905,0.06461949265687583
3746,0.5217270194986072,0.06460224239188468
3747,0.5218662952646239,0.06458500133440086
3748,0.5220055710306407,0.06456776947705443
3749,0.5221448467966574,0.06455054681248333
3750,0.5222841225626741,0.06453333333333333
3751,0.5224233983286908,0.06451612903225806
3752,0.5225626740947075,0.06449893390191898
3753,0.5227019498607243,0.06448174793498535
3754,0.522841225626741,0.06446457112413426
3755,0.5229805013927576,0.06444740346205059
3756,0.5231197771587743,0.06443024494142705
3757,0.5232590529247911,0.06441309555496406
3758,0.5233983286908078,0.06439595529536987
3759,0.5235376044568245,0.06437882415536046
3760,0.5236768802228412,0.06436170212765957
3761,0.5238161559888579,0.06461047593725074
3762,0.5239554317548747,0.06485911749069644
3763,0.5240947075208914,0.06484188147754451
3764,0.5242339832869081,0.06482465462274177
3765,0.5243732590529248,0.0648074369189907
3766,0.5245125348189416,0.0647902283590016
3767,0.5246518105849582,0.06477302893549243
3768,0.5247910863509749,0.06475583864118896
3769,0.5249303621169916,0.06473865746882462
3770,0.5250696378830083,0.06472148541114059
3771,0.5252089136490251,0.06470432246088571
3772,0.5253481894150418,0.06468716861081654
3773,0.5254874651810585,0.06467002385369733
3774,0.5256267409470752,0.06465288818229994
3775,0.525766016713092,0.06463576158940397
3776,0.5259052924791087,0.06488347457627118
3777,0.5260445682451254,0.06486629600211809
3778,0.526183844011142,0.0648491265219693
3779,0.5263231197771587,0.06483196612860545
3780,0.5264623955431755,0.06481481481481481
3781,0.5266016713091922,0.06479767257339328
3782,0.5267409470752089,0.06478053939714437
3783,0.5268802228412256,0.0647634152788792
3784,0.5270194986072423,0.06474630021141649
3785,0.5271587743732591,0.06472919418758256
3786,0.5272980501392758,0.06497622820919176
3787,0.5274373259052925,0.06495907050435701
3788,0.5275766016713092,0.06494192185850053
3789,0.527715877437326,0.06492478226444973
3790,0.5278551532033426,0.06490765171503958
3791,0.5279944289693593,0.06489053020311264
3792,0.528133704735376,0.06487341772151899
3793,0.5282729805013927,0.06485631426311626
3794,0.5284122562674095,0.06483921982076964
3795,0.5285515320334262,0.06482213438735178
3796,0.5286908077994429,0.06480505795574289
3797,0.5288300835654596,0.06478799051883066
3798,0.5289693593314764,0.06477093206951026
3799,0.5291086350974931,0.06475388260068439
3800,0.5292479108635098,0.06473684210526316
3801,0.5293871866295264,0.06471981057616416
3802,0.5295264623955431,0.06470278800631246
3803,0.5296657381615599,0.06468577438864055
3804,0.5298050139275766,0.06466876971608833
3805,0.5299442896935933,0.06465177398160316
3806,0.53008356545961,0.06463478717813978
3807,0.5302228412256268,0.06488048332019963
3808,0.5303621169916435,0.06512605042016807
3809,0.5305013927576602,0.06510895248096614
3810,0.5306406685236769,0.06509186351706037
3811,0.5307799442896936,0.06507478352138546
3812,0.5309192200557104,0.06505771248688352
3813,0.531058495821727,0.06504065040650407
3814,0.5311977715877437,0.06502359727320399
3815,0.5313370473537604,0.06526867627785059
3816,0.5314763231197771,0.06525157232704402
3817,0.5316155988857939,0.06523447733822374
3818,0.5317548746518106,0.06547930853850184
3819,0.5318941504178273,0.06546216286986122
3820,0.532033426183844,0.06544502617801047
3821,0.5321727019498608,0.06542789845590159
3822,0.5323119777158775,0.06541077969649398
3823,0.5324512534818941,0.06539366989275439
3824,0.5325905292479108,0.06563807531380753
3825,0.5327298050139275,0.06562091503267974
3826,0.5328690807799443,0.06586513329848406
3827,0.533008356545961,0.065847922654821
3828,0.5331476323119777,0.06609195402298851
3829,0.5332869080779944,0.0660746931313659
3830,0.5334261838440112,0.06605744125326371
3831,0.5335654596100279,0.0660401983816236
3832,0.5337047353760446,0.06602296450939457
3833,0.5338440111420613,0.066005739629533
3834,0.533983286908078,0.06598852373500261
3835,0.5341225626740947,0.06597131681877444
3836,0.5342618384401114,0.0659541188738269
3837,0.5344011142061281,0.06593692989314569
3838,0.5345403899721448,0.06591974986972382
3839,0.5346796657381616,0.0659025787965616
3840,0.5348189415041783,0.06588541666666667
3841,0.534958217270195,0.0658682634730539
3842,0.5350974930362117,0.06585111920874545
3843,0.5352367688022284,0.06583398386677075
3844,0.5353760445682452,0.06581685744016649
3845,0.5355153203342619,0.06579973992197659
3846,0.5356545961002785,0.0657826313052522
3847,0.5357938718662952,0.06576553158305173
3848,0.5359331476323119,0.06574844074844075
3849,0.5360724233983287,0.06599116653676279
3850,0.5362116991643454,0.06623376623376623
3851,0.5363509749303621,0.06621656712542197
3852,0.5364902506963788,0.06619937694704049
3853,0.5366295264623956,0.06618219569166883
3854,0.5367688022284123,0.06616502335236119
3855,0.536908077994429,0.06614785992217899
3856,0.5370473537604457,0.06613070539419087
3857,0.5371866295264623,0.06611355976147265
3858,0.5373259052924791,0.06635562467599793
3859,0.5374651810584958,0.06659756413578648
3860,0.5376044568245125,0.06658031088082901
3861,0.5377437325905292,0.06656306656306657
3862,0.537883008356546,0.06654583117555671
3863,0.5380222841225627,0.06652860471136422
3864,0.5381615598885794,0.06651138716356107
3865,0.5383008356545961,0.06649417852522639
3866,0.5384401114206128,0.06647697878944646
3867,0.5385793871866296,0.06645978794931472
3868,0.5387186629526463,0.06644260599793175
3869,0.5388579387186629,0.06642543292840528
3870,0.5389972144846796,0.06640826873385013
3871,0.5391364902506964,0.06639111340738828
3872,0.5392757660167131,0.06637396694214875
3873,0.5394150417827298,0.06635682933126776
3874,0.5395543175487465,0.06633970056788849
3875,0.5396935933147632,0.06632258064516129
3876,0.53983286908078,0.06630546955624356
3877,0.5399721448467967,0.06628836729429971
3878,0.5401114206128134,0.06627127385250128
3879,0.54025069637883,0.06625418922402682
3880,0.5403899721448467,0.06649484536082474
3881,0.5405292479108635,0.06647771192991497
3882,0.5406685236768802,0.06646058732612056
3883,0.5408077994428969,0.06644347154262169
3884,0.5409470752089136,0.06642636457260556
3885,0.5410863509749304,0.06640926640926641
3886,0.5412256267409471,0.06639217704580545
3887,0.5413649025069638,0.06637509647543093
3888,0.5415041782729805,0.06635802469135803
3889,0.5416434540389972,0.06634096168680895
3890,0.541782729805014,0.06632390745501285
3891,0.5419220055710307,0.06630686198920586
3892,0.5420612813370473,0.06628982528263104
3893,0.542200557103064,0.0662727973285384
3894,0.5423398328690808,0.0662557781201849
3895,0.5424791086350975,0.0662387676508344
3896,0.5426183844011142,0.0662217659137577
3897,0.5427576601671309,0.06620477290223249
3898,0.5428969359331476,0.06618778860954336
3899,0.5430362116991644,0.06642728904847396
3900,0.5431754874651811,0.06641025641025641
3901,0.5433147632311978,0.06639323250448603
3902,0.5434540389972145,0.066376217324449
3903,0.5435933147632313,0.06635921086343838
3904,0.5437325905292479,0.06634221311475409
3905,0.5438718662952646,0.06632522407170295
3906,0.5440111420612813,0.06630824372759857
3907,0.544150417827298,0.06629127207576145
3908,0.5442896935933148,0.06627430910951894
3909,0.5444289693593315,0.06625735482220517
3910,0.5445682451253482,0.06624040920716112
3911,0.5447075208913649,0.06622347225773459
3912,0.5448467966573816,0.06620654396728017
3913,0.5449860724233984,0.06618962432915922
3914,0.545125348189415,0.06617271333673991
3915,0.5452646239554317,0.06615581098339719
3916,0.5454038997214484,0.06613891726251277
3917,0.5455431754874652,0.06612203216747511
3918,0.5456824512534819,0.06610515569167943
3919,0.5458217270194986,0.06608828782852769
3920,0.5459610027855153,0.06607142857142857
3921,0.546100278551532,0.0660545779137975
3922,0.5462395543175488,0.0660377358490566
3923,0.5463788300835655,0.06602090237063472
3924,0.5465181058495822,0.06600407747196738
3925,0.5466573816155988,0.06598726114649682
3926,0.5467966573816156,0.06622516556291391
3927,0.5469359331476323,0.06620830150241915
3928,0.547075208913649,0.06619144602851323
3929,0.5472144846796657,0.06617459913463986
3930,0.5473537604456824,0.06615776081424936
3931,0.5474930362116992,0.06614093106079878
3932,0.5476323119777159,0.06612410986775177
3933,0.5477715877437326,0.06610729722857869
3934,0.5479108635097493,0.06609049313675648
3935,0.5480501392757661,0.06607369758576874
3936,0.5481894150417828,0.0663109756097561
3937,0.5483286908077994,0.0665481330962662
3938,0.5484679665738161,0.06653123412899949
3939,0.5486072423398328,0.06651434374206651
3940,0.5487465181058496,0.066751269035533
3941,0.5488857938718663,0.06673433138797259
3942,0.549025069637883,0.0669710806697108
3943,0.5491643454038997,0.06695409586609181
3944,0.5493036211699165,0.06719066937119675
3945,0.5494428969359332,0.06717363751584284
3946,0.5495821727019499,0.06715661429295489
3947,0.5497214484679666,0.06713959969597162
3948,0.5498607242339832,0.0671225937183384
3949,0.55,0.06735882501899215
3950,0.5501392757660167,0.06734177215189874
3951,0.5502785515320334,0.06757782839787396
3952,0.5504178272980501,0.06756072874493928
3953,0.5505571030640668,0.06754363774348596
3954,0.5506963788300836,0.06752655538694992
3955,0.5508356545961003,0.0675094816687737
3956,0.550974930362117,0.06749241658240647
3957,0.5511142061281337,0.06747536012130402
3958,0.5512534818941505,0.06745831227892875
3959,0.5513927576601672,0.06744127304874968
3960,0.5515320334261838,0.06742424242424243
3961,0.5516713091922005,0.06740722039888918
3962,0.5518105849582172,0.0673902069661787
3963,0.551949860724234,0.06762553620994197
3964,0.5520891364902507,0.06760847628657922
3965,0.5522284122562674,0.06784363177805801
3966,0.5523676880222841,0.06782652546646495
3967,0.5525069637883009,0.06806150743634988
3968,0.5526462395543176,0.06804435483870967
3969,0.5527855153203343,0.06802721088435375
3970,0.552924791086351,0.06801007556675064
3971,0.5530640668523676,0.06799294887937547
3972,0.5532033426183844,0.06797583081570997
3973,0.5533426183844011,0.06795872136924239
3974,0.5534818941504178,0.06794162053346754
3975,0.5536211699164345,0.06792452830188679
3976,0.5537604456824513,0.06790744466800805
3977,0.553899721448468,0.06814181543877294
3978,0.5540389972144847,0.06812468577174459
3979,0.5541782729805014,0.06810756471475245
3980,0.5543175487465181,0.06809045226130653
3981,0.5544568245125349,0.06807334840492339
3982,0.5545961002785516,0.0683073832245103
3983,0.5547353760445682,0.06854130052724078
3984,0.5548746518105849,0.06877510040160642
3985,0.5550139275766016,0.06875784190715183
3986,0.5551532033426184,0.06874059207225289
3987,0.5552924791086351,0.06872335089039378
3988,0.5554317548746518,0.0687061183550652
3989,0.5555710306406685,0.06868889445976435
3990,0.5557103064066853,0.06867167919799498
3991,0.555849582172702,0.06865447256326736
3992,0.5559888579387187,0.0688877755511022
3993,0.5561281337047354,0.06887052341597796
3994,0.556267409470752,0.06885327991987981
3995,0.5564066852367688,0.0690863579474343
3996,0.5565459610027855,0.06931931931931933
3997,0.5566852367688022,0.06930197648236178
3998,0.5568245125348189,0.06928464232116058
3999,0.5569637883008357,0.0692673168292073
4000,0.5571030640668524,0.06925
4001,0.5572423398328691,0.06948262934266433
4002,0.5573816155988858,0.06946526736631684
4003,0.5575208913649025,0.06944791406445167
4004,0.5576601671309193,0.06968031968031968
4005,0.557799442896936,0.0696629213483146
4006,0.5579387186629526,0.06964553170244633
4007,0.5580779944289693,0.06962815073621163
4008,0.5582172701949861,0.06961077844311377
4009,0.5583565459610028,0.06959341481666251
4010,0.5584958217270195,0.06957605985037406
4011,0.5586350974930362,0.06955871353777113
4012,0.5587743732590529,0.06979062811565304
4013,0.5589136490250697,0.0697732369798156
4014,0.5590529247910864,0.06975585450921774
4015,0.5591922005571031,0.06973848069738481
4016,0.5593314763231197,0.0697211155378486
4017,0.5594707520891364,0.06970375902414737
4018,0.5596100278551532,0.06968641114982578
4019,0.5597493036211699,0.06966907190843494
4020,0.5598885793871866,0.06965174129353234
4021,0.5600278551532033,0.06963441929868192
4022,0.5601671309192201,0.069617105917454
4023,0.5603064066852368,0.0695998011434253
4024,0.5604456824512535,0.06958250497017893
4025,0.5605849582172702,0.06956521739130435
4026,0.5607242339832869,0.06954793840039741
4027,0.5608635097493037,0.06953066799106035
4028,0.5610027855153203,0.06951340615690169
4029,0.561142061281337,0.06949615289153636
4030,0.5612813370473537,0.06947890818858561
4031,0.5614206128133705,0.069461672041677
4032,0.5615598885793872,0.06944444444444445
4033,0.5616991643454039,0.06942722539052815
4034,0.5618384401114206,0.06941001487357462
4035,0.5619777158774373,0.06939281288723669
4036,0.5621169916434541,0.06937561942517344
4037,0.5622562674094708,0.06960614317562547
4038,0.5623955431754875,0.06983655274888559
4039,0.5625348189415041,0.06981926219361229
4040,0.5626740947075209,0.06980198019801981
4041,0.5628133704735376,0.06978470675575353
4042,0.5629526462395543,0.06976744186046512
4043,0.563091922005571,0.06975018550581251
4044,0.5632311977715877,0.06973293768545995
4045,0.5633704735376045,0.06971569839307787
4046,0.5635097493036212,0.06969846762234305
4047,0.5636490250696379,0.06968124536693847
4048,0.5637883008356546,0.06966403162055336
4049,0.5639275766016713,0.06964682637688319
4050,0.564066852367688,0.06962962962962962
4051,0.5642061281337047,0.06985929400148111
4052,0.5643454038997214,0.06984205330700888
4053,0.5644846796657381,0.07007155193683691
4054,0.5646239554317549,0.07005426739023186
4055,0.5647632311977716,0.07003699136868063
4056,0.5649025069637883,0.07001972386587771
4057,0.565041782729805,0.07000246487552379
4058,0.5651810584958217,0.06998521439132578
4059,0.5653203342618385,0.0699679724069968
4060,0.5654596100278552,0.06995073891625615
4061,0.5655988857938719,0.06993351391282936
4062,0.5657381615598885,0.06991629739044805
4063,0.5658774373259053,0.07014521289687423
4064,0.566016713091922,0.07012795275590551
4065,0.5661559888579387,0.07035670356703567
4066,0.5662952646239554,0.07033939990162322
4067,0.5664345403899721,0.07056798623063683
4068,0.5665738161559889,0.07055063913470994
4069,0.5667130919220056,0.07053330056524945
4070,0.5668523676880223,0.07051597051597051
4071,0.566991643454039,0.07049864898059445
4072,0.5671309192200558,0.07048133595284872
4073,0.5672701949860725,0.07046403142646698
4074,0.5674094707520891,0.070446735395189
4075,0.5675487465181058,0.07042944785276073
4076,0.5676880222841225,0.07041216879293424
4077,0.5678272980501393,0.07039489820946775
4078,0.567966573816156,0.07037763609612555
4079,0.5681058495821727,0.07060554057367002
4080,0.5682451253481894,0.07058823529411765
4081,0.5683844011142062,0.07057093849546679
4082,0.5685236768802229,0.07055365017148457
4083,0.5686629526462396,0.07053637031594416
4084,0.5688022284122562,0.07051909892262488
4085,0.5689415041782729,0.07074663402692778
4086,0.5690807799442897,0.07072931962799804
4087,0.5692200557103064,0.0707120137019819
4088,0.5693593314763231,0.07093933463796477
4089,0.5694986072423398,0.07092198581560284
4090,0.5696378830083565,0.07090464547677261
4091,0.5697771587743733,0.070887313615253
4092,0.56991643454039,0.07086999022482894
4093,0.5700557103064067,0.07085267529929147
4094,0.5701949860724234,0.07083536883243771
4095,0.5703342618384402,0.07081807081807082
4096,0.5704735376044568,0.07080078125
4097,0.5706128133704735,0.07078350012204052
4098,0.5707520891364902,0.07076622742801367
4099,0.5708913649025069,0.07074896316174677
4100,0.5710306406685237,0.07073170731707316
4101,0.5711699164345404,0.07071445988783223
4102,0.5713091922005571,0.07094100438810337
4103,0.5714484679665738,0.07092371435534975
4104,0.5715877437325906,0.07115009746588694
4105,0.5717270194986073,0.07113276492082826
4106,0.571866295264624,0.07135898684851437
4107,0.5720055710306406,0.07134161188215242
4108,0.5721448467966573,0.07156767283349562
4109,0.5722841225626741,0.07155025553662692
4110,0.5724233983286908,0.07153284671532846
4111,0.5725626740947075,0.07151544636341522
4112,0.5727019498607242,0.07149805447470817
4113,0.572841225626741,0.07148067104303428
4114,0.5729805013927577,0.07146329606222654
4115,0.5731197771587744,0.07168894289185905
4116,0.5732590529247911,0.07167152575315841
4117,0.5733983286908078,0.07189701238766091
4118,0.5735376044568246,0.0718795531811559
4119,0.5736768802228412,0.07186210245205146
4120,0.5738161559888579,0.07184466019417475
4121,0.5739554317548746,0.0718272264013589
4122,0.5740947075208913,0.07180980106744299
4123,0.5742339832869081,0.07203492602473927
4124,0.5743732590529248,0.07201745877788555
4125,0.5745125348189415,0.07224242424242425
4126,0.5746518105849582,0.07222491517207949
4127,0.574791086350975,0.07220741458686697
4128,0.5749303621169917,0.07218992248062016
4129,0.5750696378830084,0.07241462823928312
4130,0.575208913649025,0.07239709443099274
4131,0.5753481894150417,0.07262164124909223
4132,0.5754874651810585,0.07260406582768635
4133,0.5756267409470752,0.07258649891120252
4134,0.5757660167130919,0.07256894049346879
4135,0.5759052924791086,0.07255139056831923
4136,0.5760445682451254,0.0725338491295938
4137,0.5761838440111421,0.0727580372250423
4138,0.5763231197771588,0.07274045432576123
4139,0.5764623955431755,0.07296448417492148
4140,0.5766016713091922,0.07294685990338164
4141,0.576740947075209,0.07292924414392658
4142,0.5768802228412256,0.07291163689039111
4143,0.5770194986072423,0.07289403813661598
4144,0.577158774373259,0.07287644787644787
4145,0.5772980501392758,0.07285886610373944
4146,0.5774373259052925,0.07284129281234925
4147,0.5775766016713092,0.07282372799614178
4148,0.5777158774373259,0.07304725168756027
4149,0.5778551532033426,0.0730296456977585
4150,0.5779944289693594,0.07301204819277109
4151,0.5781337047353761,0.07299445916646591
4152,0.5782729805013928,0.07321772639691715
4153,0.5784122562674094,0.07344088610642908
4154,0.5785515320334261,0.07366393837265287
4155,0.5786908077994429,0.0736462093862816
4156,0.5788300835654596,0.07362848893166506
4157,0.5789693593314763,0.07361077700264614
4158,0.579108635097493,0.07383357383357383
4159,0.5792479108635098,0.07381582111084395
4160,0.5793871866295265,0.07379807692307692
4161,0.5795264623955432,0.0737803412641192
4162,0.5796657381615599,0.07376261412782316
4163,0.5798050139275766,0.07374489550804708
4164,0.5799442896935934,0.07372718539865514
4165,0.58008356545961,0.07370948379351741
4166,0.5802228412256267,0.07369179068650984
4167,0.5803621169916434,0.07367410607151428
4168,0.5805013927576602,0.07365642994241843
4169,0.5806406685236769,0.07363876229311586
4170,0.5807799442896936,0.073621103117506
4171,0.5809192200557103,0.07360345240949413
4172,0.581058495821727,0.0738255033557047
4173,0.5811977715877438,0.07380781212556914
4174,0.5813370473537605,0.07379012937230474
4175,0.5814763231197771,0.07377245508982036
4176,0.5816155988857938,0.07375478927203065
4177,0.5817548746518106,0.07373713191285612
4178,0.5818941504178273,0.07371948300622308
4179,0.582033426183844,0.07370184254606366
4180,0.5821727019498607,0.07368421052631578
4181,0.5823119777158774,0.0739057641712509
4182,0.5824512534818942,0.07388809182209469
4183,0.5825905292479109,0.07387042792254363
4184,0.5827298050139276,0.0738527724665392
4185,0.5828690807799443,0.07383512544802867
4186,0.583008356545961,0.0740563784042045
4187,0.5831476323119777,0.0740386911870074
4188,0.5832869080779944,0.07402101241642789
4189,0.5834261838440111,0.0740033420864168
4190,0.5835654596100278,0.07398568019093078
4191,0.5837047353760446,0.07396802672393224
4192,0.5838440111420613,0.07395038167938932
4193,0.583983286908078,0.07393274505127594
4194,0.5841225626740947,0.07391511683357177
4195,0.5842618384401114,0.07389749702026222
4196,0.5844011142061282,0.07387988560533841
4197,0.5845403899721449,0.07386228258279724
4198,0.5846796657381615,0.07384468794664126
4199,0.5848189415041782,0.0740652536318171
4200,0.584958217270195,0.07404761904761904
4201,0.5850974930362117,0.07402999285884314
4202,0.5852367688022284,0.07401237505949548
4203,0.5853760445682451,0.07399476564358791
4204,0.5855153203342618,0.07397716460513797
4205,0.5856545961002786,0.07395957193816885
4206,0.5857938718662953,0.07394198763670946
4207,0.585933147632312,0.07392441169479438
4208,0.5860724233983287,0.07390684410646388
4209,0.5862116991643455,0.07388928486576384
4210,0.5863509749303621,0.07410926365795724
4211,0.5864902506963788,0.07432913797197815
4212,0.5866295264623955,0.07431149097815765
4213,0.5867688022284122,0.07429385236173748
4214,0.586908077994429,0.07451352634076887
4215,0.5870473537604457,0.07449584816132859
4216,0.5871866295264624,0.07447817836812144
4217,0.5873259052924791,0.07446051695518141
4218,0.5874651810584958,0.07444286391654813
4219,0.5876044568245126,0.07442521924626688
4220,0.5877437325905293,0.07464454976303317
4221,0.5878830083565459,0.07462686567164178
4222,0.5880222841225626,0.07460918995736618
4223,0.5881615598885794,0.07459152261425527
4224,0.5883008356545961,0.07457386363636363
4225,0.5884401114206128,0.07455621301775148
4226,0.5885793871866295,0.07477520113582584
4227,0.5887186629526462,0.07475751123728412
4228,0.588857938718663,0.07473982970671712
4229,0.5889972144846797,0.07495861905887917
4230,0.5891364902506964,0.07494089834515366
4231,0.589275766016713,0.07515953675254076
4232,0.5894150417827299,0.07537807183364839
4233,0.5895543175487465,0.07536026458776282
4234,0.5896935933147632,0.07557864903164856
4235,0.5898328690807799,0.0755608028335301
4236,0.5899721448467966,0.07554296506137866
4237,0.5901114206128134,0.07552513570922822
4238,0.5902506963788301,0.07550731477111845
4239,0.5903899721448468,0.0754895022410946
4240,0.5905292479108635,0.07570754716981132
4241,0.5906685236768803,0.07568969582645603
4242,0.590807799442897,0.07567185289957568
4243,0.5909470752089137,0.07565401838321942
4244,0.5910863509749303,0.07563619227144204
4245,0.591225626740947,0.07561837455830389
4246,0.5913649025069638,0.07560056523787094
4247,0.5915041782729805,0.07558276430421473
4248,0.5916434540389972,0.07556497175141243
4249,0.5917827298050139,0.0757825370675453
4250,0.5919220055710307,0.076
4251,0.5920612813370474,0.07598212185368149
4252,0.5922005571030641,0.0761994355597366
4253,0.5923398328690808,0.07618151892781566
4254,0.5924791086350975,0.0763986835919135
4255,0.5926183844011143,0.07638072855464159
4256,0.5927576601671309,0.07636278195488722
4257,0.5928969359331476,0.07634484378670425
4258,0.5930362116991643,0.07656176608736497
4259,0.593175487465181,0.07654378962197698
4260,0.5933147632311978,0.07652582159624413
4261,0.5934540389972145,0.07650786200422437
4262,0.5935933147632312,0.07648991083998123
4263,0.5937325905292479,0.07647196809758386
4264,0.5938718662952647,0.07645403377110695
4265,0.5940111420612814,0.07643610785463072
4266,0.594150417827298,0.07665260196905767
4267,0.5942896935933147,0.07686899460979611
4268,0.5944289693593314,0.07685098406747891
4269,0.5945682451253482,0.07683298196298899
4270,0.5947075208913649,0.07681498829039812
4271,0.5948467966573816,0.07679700304378366
4272,0.5949860724233983,0.07677902621722846
4273,0.5951253481894151,0.07676105780482097
4274,0.5952646239554318,0.07674309780065512
4275,0.5954038997214485,0.0767251461988304
4276,0.5955431754874652,0.07670720299345182
4277,0.5956824512534818,0.07668926817862988
4278,0.5958217270194986,0.0766713417484806
4279,0.5959610027855153,0.0766534236971255
4280,0.596100278551532,0.07663551401869159
4281,0.5962395543175487,0.07661761270731138
4282,0.5963788300835655,0.07659971975712283
4283,0.5965181058495822,0.07658183516226943
4284,0.5966573816155989,0.0765639589169001
4285,0.5967966573816156,0.0765460910151692
4286,0.5969359331476323,0.07652823145123658
4287,0.5970752089136491,0.07651038021926755
4288,0.5972144846796658,0.07649253731343283
4289,0.5973537604456824,0.0764747027279086
4290,0.5974930362116991,0.0766899766899767
4291,0.5976323119777158,0.07690515031461198
4292,0.5977715877437326,0.07688723205964586
4293,0.5979108635097493,0.07686932215234102
4294,0.598050139275766,0.0768514205868654
4295,0.5981894150417827,0.07683352735739232
4296,0.5983286908077995,0.07681564245810056
4297,0.5984679665738162,0.0767977658831743
4298,0.5986072423398329,0.07677989762680316
4299,0.5987465181058496,0.07699464991858572
4300,0.5988857938718662,0.07697674418604651
4301,0.599025069637883,0.07695884677981865
4302,0.5991643454038997,0.07717340771734077
4303,0.5993036211699164,0.07715547292586568
4304,0.5994428969359331,0.07736988847583644
4305,0.5995821727019499,0.0775842044134727
4306,0.5997214484679666,0.07756618671620993
4307,0.5998607242339833,0.07754817738565127
4308,0.6,0.0777623026926648
4309,0.6001392757660167,0.07774425620793687
4310,0.6002785515320335,0.0777262180974478
4311,0.6004178272980502,0.07770818835536998
4312,0.6005571030640668,0.07792207792207792
4313,0.6006963788300835,0.07790401112914444
4314,0.6008356545961003,0.07811775614279091
4315,0.600974930362117,0.07809965237543454
4316,0.6011142061281337,0.07808155699721965
4317,0.6012534818941504,0.07806347000231642
4318,0.6013927576601671,0.07804539138490042
4319,0.6015320334261839,0.07825885621671683
4320,0.6016713091922006,0.07824074074074074
4321,0.6018105849582173,0.07822263364961815
4322,0.601949860724234,0.07820453493752892
4323,0.6020891364902506,0.07818644459865834
4324,0.6022284122562674,0.07816836262719704
4325,0.6023676880222841,0.07815028901734104
4326,0.6025069637883008,0.07813222376329172
4327,0.6026462395543175,0.07834527386179801
4328,0.6027855153203343,0.0783271719038817
4329,0.602924791086351,0.07830907830907831
4330,0.6030640668523677,0.07852193995381063
4331,0.6032033426183844,0.07850380974370814
4332,0.6033426183844011,0.07848568790397045
4333,0.6034818941504179,0.07846757442880221
4334,0.6036211699164346,0.07844946931241348
4335,0.6037604456824512,0.07866205305651672
4336,0.6038997214484679,0.0786439114391144
4337,0.6040389972144847,0.07862577818768735
4338,0.6041782729805014,0.07883817427385892
4339,0.6043175487465181,0.07905047245909196
4340,0.6044568245125348,0.07903225806451612
4341,0.6045961002785515,0.07901405206173692
4342,0.6047353760445683,0.07899585444495624
4343,0.604874651810585,0.0789776652083813
4344,0.6050139275766017,0.07895948434622468
4345,0.6051532033426184,0.07917146144994246
4346,0.6052924791086352,0.07938334100322135
4347,0.6054317548746518,0.07959512307338394
4348,0.6055710306406685,0.07980680772769089
4349,0.6057103064066852,0.07978845711657852
4350,0.6058495821727019,0.07977011494252874
4351,0.6059888579387187,0.0797517811997242
4352,0.6061281337047354,0.07973345588235294
4353,0.6062674094707521,0.07971513898460832
4354,0.6064066852367688,0.0799265043638034
4355,0.6065459610027855,0.07990815154994259
4356,0.6066852367688023,0.07988980716253444
4357,0.606824512534819,0.07987147119577691
4358,0.6069637883008356,0.07985314364387333
4359,0.6071030640668523,0.07983482450103235
4360,0.6072423398328691,0.0798165137614679
4361,0.6073816155988858,0.07979821141939922
4362,0.6075208913649025,0.08000917010545622
4363,0.6076601671309192,0.07999083199633279
4364,0.6077994428969359,0.08020164986251145
4365,0.6079387186629527,0.08018327605956473
4366,0.6080779944289694,0.08016491067338526
4367,0.6082172701949861,0.08014655369819097
4368,0.6083565459610027,0.08012820512820513
4369,0.6084958217270195,0.08033875028610667
4370,0.6086350974930362,0.08032036613272311
4371,0.6087743732590529,0.08030199039121483
4372,0.6089136490250696,0.0802836230558097
4373,0.6090529247910863,0.0802652641207409
4374,0.6091922005571031,0.08024691358024691
4375,0.6093314763231198,0.08022857142857143
4376,0.6094707520891365,0.08021023765996343
4377,0.6096100278551532,0.08019191226867718
4378,0.60974930362117,0.08017359524897213
4379,0.6098885793871867,0.08015528659511303
4380,0.6100278551532033,0.08013698630136987
4381,0.61016713091922,0.08011869436201781
4382,0.6103064066852367,0.08032861706983113
4383,0.6104456824512535,0.08031028975587497
4384,0.6105849582172702,0.08052007299270073
4385,0.6107242339832869,0.08050171037628279
4386,0.6108635097493036,0.08048335613315094
4387,0.6110027855153203,0.08046501025757921
4388,0.6111420612813371,0.08067456700091158
4389,0.6112813370473538,0.08065618591934381
4390,0.6114206128133705,0.0806378132118451
4391,0.6115598885793871,0.08061944887269415
4392,0.611699164345404,0.08060109289617487
4393,0.6118384401114206,0.08058274527657637
4394,0.6119777158774373,0.08056440600819299
4395,0.612116991643454,0.080773606370876
4396,0.6122562674094707,0.08075523202911739
4397,0.6123955431754875,0.0807368660450307
4398,0.6125348189415042,0.08071850841291496
4399,0.6126740947075209,0.08070015912707433
4400,0.6128133704735376,0.08068181818181819
4401,0.6129526462395544,0.08066348557146104
4402,0.613091922005571,0.08064516129032258
4403,0.6132311977715877,0.08062684533272768
4404,0.6133704735376044,0.08060853769300635
4405,0.6135097493036211,0.0808172531214529
4406,0.6136490250696379,0.08079891057648661
4407,0.6137883008356546,0.08078057635579759
4408,0.6139275766016713,0.080989110707804
4409,0.614066852367688,0.0809707416647766
4410,0.6142061281337048,0.08095238095238096
4411,0.6143454038997215,0.08093402856495126
4412,0.6144846796657382,0.08091568449682683
4413,0.6146239554317549,0.08089734874235215
4414,0.6147632311977715,0.08087902129587675
4415,0.6149025069637883,0.08108720271800679
4416,0.615041782729805,0.08129528985507246
4417,0.6151810584958217,0.08127688476341408
4418,0.6153203342618384,0.08125848800362155
4419,0.6154596100278552,0.08124009957003847
4420,0.6155988857938719,0.08122171945701358
4421,0.6157381615598886,0.08120334765890071
4422,0.6158774373259053,0.0811849841700588
4423,0.616016713091922,0.08116662898485191
4424,0.6161559888579388,0.081374321880651
4425,0.6162952646239555,0.08135593220338982
4426,0.6164345403899721,0.0815634884771803
4427,0.6165738161559888,0.0815450643776824
4428,0.6167130919220055,0.08175248419150859
4429,0.6168523676880223,0.08173402573944456
4430,0.616991643454039,0.08171557562076749
4431,0.6171309192200557,0.08169713382983525
4432,0.6172701949860724,0.0819043321299639
4433,0.6174094707520892,0.08188585607940446
4434,0.6175487465181059,0.08186738836265223
4435,0.6176880222841226,0.0818489289740699
4436,0.6178272980501393,0.08183047790802525
4437,0.6179665738161559,0.0820374126662159
4438,0.6181058495821727,0.08224425416854439
4439,0.6182451253481894,0.08222572651498085
4440,0.6183844011142061,0.08220720720720721
4441,0.6185236768802228,0.08218869623958568
4442,0.6186629526462396,0.08217019360648356
4443,0.6188022284122563,0.08215169930227324
4444,0.618941504178273,0.08213321332133214
4445,0.6190807799442897,0.08211473565804274
4446,0.6192200557103064,0.08232118758434548
4447,0.6193593314763232,0.08252754666067011
4448,0.6194986072423398,0.0825089928057554
4449,0.6196378830083565,0.08271521690267476
4450,0.6197771587743732,0.08269662921348314
4451,0.61991643454039,0.08267804987643226
4452,0.6200557103064067,0.08265947888589398
4453,0.6201949860724234,0.08264091623624523
4454,0.6203342618384401,0.08262236192186799
4455,0.6204735376044568,0.08260381593714927
4456,0.6206128133704736,0.08258527827648116
4457,0.6207520891364903,0.08256674893426072
4458,0.620891364902507,0.08254822790489008
4459,0.6210306406685236,0.08252971518277641
4460,0.6211699164345403,0.08251121076233184
4461,0.6213091922005571,0.08249271463797354
4462,0.6214484679665738,0.08247422680412371
4463,0.6215877437325905,0.0824557472552095
4464,0.6217270194986072,0.08243727598566308
4465,0.621866295264624,0.08241881298992161
4466,0.6220055710306407,0.08240035826242723
4467,0.6221448467966574,0.08260577568838147
4468,0.6222841225626741,0.08258728737690242
4469,0.6224233983286908,0.0827925710449765
4470,0.6225626740947076,0.08277404921700224
4471,0.6227019498607242,0.08275553567434578
4472,0.6228412256267409,0.08273703041144902
4473,0.6229805013927576,0.08294209702660407
4474,0.6231197771587744,0.08314707197139025
4475,0.6232590529247911,0.08312849162011174
4476,0.6233983286908078,0.08310991957104558
4477,0.6235376044568245,0.08309135581862855
4478,0.6236768802228412,0.08329611433675749
4479,0.623816155988858,0.08327751730296941
4480,0.6239554317548747,0.08325892857142857
4481,0.6240947075208914,0.08324034813657666
4482,0.624233983286908,0.08322177599286033
4483,0.6243732590529248,0.08320321213473121
4484,0.6245125348189415,0.08318465655664585
4485,0.6246518105849582,0.08316610925306578
4486,0.6247910863509749,0.08314757021845742
4487,0.6249303621169916,0.08312903944729218
4488,0.6250696378830084,0.08333333333333333
4489,0.6252089136490251,0.0833147694364001
4490,0.6253481894150418,0.08329621380846325
4491,0.6254874651810585,0.08327766644399912
4492,0.6256267409470752,0.08325912733748887
4493,0.625766016713092,0.08324059648341865
4494,0.6259052924791086,0.08322207387627949
4495,0.6260445682451253,0.0832035595105673
4496,0.626183844011142,0.08318505338078291
4497,0.6263231197771588,0.08316655548143206
4498,0.6264623955431755,0.08337038683859493
4499,0.6266016713091922,0.08357412758390753
4500,0.6267409470752089,0.08355555555555555
4501,0.6268802228412256,0.08353699177960454
4502,0.6270194986072424,0.08351843625055531
4503,0.6271587743732591,0.08372196313568732
4504,0.6272980501392758,0.08392539964476022
4505,0.6274373259052924,0.08390677025527192
4506,0.6275766016713092,0.08411007545494896
4507,0.6277158774373259,0.08431329043709784
4508,0.6278551532033426,0.08429458740017746
4509,0.6279944289693593,0.08427589265912619
4510,0.628133704735376,0.08425720620842572
4511,0.6282729805013928,0.08423852804256263
4512,0.6284122562674095,0.08421985815602837
4513,0.6285515320334262,0.0842011965433193
4514,0.6286908077994429,0.08418254319893664
4515,0.6288300835654597,0.08416389811738649
4516,0.6289693593314764,0.08436669619131976
4517,0.629108635097493,0.08434801859641355
4518,0.6292479108635097,0.08432934926958831
4519,0.6293871866295264,0.08431068820535517
4520,0.6295264623955432,0.08429203539823009
4521,0.6296657381615599,0.08449458084494581
4522,0.6298050139275766,0.08447589562140646
4523,0.6299442896935933,0.0844572186601813
4524,0.63008356545961,0.08443854995579134
4525,0.6302228412256268,0.08464088397790055
4526,0.6303621169916435,0.08462218294299602
4527,0.6305013927576602,0.08460349017009057
4528,0.6306406685236768,0.08480565371024736
4529,0.6307799442896936,0.08478692868182822
4530,0.6309192200557103,0.0847682119205298
4531,0.631058495821727,0.0849702052527036
4532,0.6311977715877437,0.08495145631067962
4533,0.6313370473537604,0.08493271564085594
4534,0.6314763231197772,0.08491398323775916
4535,0.6316155988857939,0.08489525909592062
4536,0.6317548746518106,0.08509700176366843
4537,0.6318941504178273,0.08507824553669825
4538,0.6320334261838441,0.08505949757602468
4539,0.6321727019498607,0.08504075787618418
4540,0.6323119777158774,0.08502202643171806
4541,0.6324512534818941,0.08500330323717242
4542,0.6325905292479108,0.08520475561426684
4543,0.6327298050139276,0.08540611930442439
4544,0.6328690807799443,0.08538732394366197
4545,0.633008356545961,0.08536853685368537
4546,0.6331476323119777,0.08534975802903652
4547,0.6332869080779945,0.08533098746426215
4548,0.6334261838440112,0.0853122251539138
4549,0.6335654596100279,0.08529347109254781
4550,0.6337047353760445,0.08549450549450549
4551,0.6338440111420612,0.08569545154911008
4552,0.633983286908078,0.08567662565905097
4553,0.6341225626740947,0.08565780803865583
4554,0.6342618384401114,0.08563899868247694
4555,0.6344011142061281,0.08562019758507135
4556,0.6345403899721448,0.08560140474100088
4557,0.6346796657381616,0.08558262014483213
4558,0.6348189415041783,0.08578323826239578
4559,0.634958217270195,0.08576442202237333
4560,0.6350974930362117,0.08574561403508772
4561,0.6352367688022285,0.08572681429511073
4562,0.6353760445682451,0.08570802279701885
4563,0.6355153203342618,0.08568923953539338
4564,0.6356545961002785,0.08567046450482033
4565,0.6357938718662952,0.08565169769989048
4566,0.635933147632312,0.08585194918966273
4567,0.6360724233983287,0.08583315086490037
4568,0.6362116991643454,0.08581436077057793
4569,0.6363509749303621,0.08579557890129132
4570,0.6364902506963789,0.08599562363238512
4571,0.6366295264623956,0.08597681032596806
4572,0.6367688022284123,0.08595800524934383
4573,0.636908077994429,0.0859392083971135
4574,0.6370473537604456,0.08592041976388282
4575,0.6371866295264624,0.0859016393442623
4576,0.6373259052924791,0.08610139860139861
4577,0.6374651810584958,0.08608258684727987
4578,0.6376044568245125,0.08628221930974224
4579,0.6377437325905293,0.08648176457741866
4580,0.637883008356546,0.08646288209606987
4581,0.6380222841225627,0.08644400785854617
4582,0.6381615598885794,0.08642514185945002
4583,0.638300835654596,0.08640628409338862
4584,0.6384401114206129,0.08638743455497382
4585,0.6385793871866295,0.08636859323882225
4586,0.6387186629526462,0.08634976013955517
4587,0.6388579387186629,0.08654894266405058
4588,0.6389972144846797,0.08653007846556234
4589,0.6391364902506964,0.08672913488777512
4590,0.6392757660167131,0.08671023965141612
4591,0.6394150417827298,0.08669135264648224
4592,0.6395543175487465,0.08689024390243902
4593,0.6396935933147633,0.0868713259307642
4594,0.63983286908078,0.087070091423596
4595,0.6399721448467967,0.08705114254624592
4596,0.6401114206128133,0.08724978241949521
4597,0.64025069637883,0.08723080269741136
4598,0.6403899721448468,0.08721183123096998
4599,0.6405292479108635,0.08741030658838878
4600,0.6406685236768802,0.08760869565217391
4601,0.6408077994428969,0.08758965442295154
4602,0.6409470752089137,0.08778791829639288
4603,0.6410863509749304,0.08798609602433195
4604,0.6412256267409471,0.08818418766290183
4605,0.6413649025069638,0.08816503800217156
4606,0.6415041782729805,0.08814589665653495
4607,0.6416434540389973,0.08812676362057738
4608,0.6417827298050139,0.0881076388888889
4609,0.6419220055710306,0.08808852245606422
4610,0.6420612813370473,0.08806941431670282
4611,0.6422005571030641,0.0880503144654088
4612,0.6423398328690808,0.08803122289679098
4613,0.6424791086350975,0.08801213960546282
4614,0.6426183844011142,0.08799306458604247
4615,0.6427576601671309,0.08819068255687974
4616,0.6428969359331477,0.08817157712305027
4617,0.6430362116991644,0.08836907082521117
4618,0.643175487465181,0.08856647899523604
4619,0.6433147632311977,0.08854730461138774
4620,0.6434540389972145,0.08852813852813853
4621,0.6435933147632312,0.08850898074009955
4622,0.6437325905292479,0.08848983124188663
4623,0.6438718662952646,0.08868699978369024
4624,0.6440111420612813,0.08866782006920415
4625,0.6441504178272981,0.08864864864864865
4626,0.6442896935933148,0.08884565499351492
4627,0.6444289693593315,0.08882645342554571
4628,0.6445682451253482,0.08902333621434745
4629,0.6447075208913648,0.08900410455821992
4630,0.6448467966573816,0.08920086393088553
4631,0.6449860724233983,0.08939753832865471
4632,0.645125348189415,0.08937823834196891
4633,0.6452646239554317,0.08957478955320526
4634,0.6454038997214485,0.08955545964609408
4635,0.6455431754874652,0.0895361380798274
4636,0.6456824512534819,0.08951682484900776
4637,0.6458217270194986,0.0894975199482424
4638,0.6459610027855153,0.08947822337214316
4639,0.6461002785515321,0.08967449881439965
4640,0.6462395543175488,0.0896551724137931
4641,0.6463788300835654,0.08985132514544279
4642,0.6465181058495821,0.08983196897888841
4643,0.6466573816155989,0.08981262115011845
4644,0.6467966573816156,0.08979328165374677
4645,0.6469359331476323,0.08998923573735199
4646,0.647075208913649,0.09018510546706844
4647,0.6472144846796657,0.09038089089735313
4648,0.6473537604456825,0.09036144578313253
4649,0.6474930362116992,0.0903420090342009
4650,0.6476323119777159,0.09032258064516129
4651,0.6477715877437326,0.09030316061062137
4652,0.6479108635097494,0.09028374892519346
4653,0.648050139275766,0.09026434558349453
4654,0.6481894150417827,0.09045981951009884
4655,0.6483286908077994,0.09044038668098818
4656,0.6484679665738161,0.09063573883161512
4657,0.6486072423398329,0.09083100708610693
4658,0.6487465181058496,0.09081150708458566
4659,0.6488857938718663,0.09079201545396008
4660,0.649025069637883,0.0907725321888412
4661,0.6491643454038997,0.09075305728384467
4662,0.6493036211699165,0.09094809094809095
4663,0.6494428969359332,0.09092858674672957
4664,0.6495821727019498,0.09112349914236707
4665,0.6497214484679665,0.09110396570203644
4666,0.6498607242339833,0.09108444063437635
4667,0.65,0.09106492393400471
4668,0.6501392757660167,0.09104541559554413
4669,0.6502785515320334,0.09102591561362176
4670,0.6504178272980501,0.09100642398286937
4671,0.6505571030640669,0.09098694069792336
4672,0.6506963788300836,0.09096746575342465
4673,0.6508356545961003,0.09094799914401883
4674,0.650974930362117,0.09114249037227215
4675,0.6511142061281338,0.09112299465240642
4676,0.6512534818941504,0.09110350727117195
4677,0.6513927576601671,0.09129784049604447
4678,0.6515320334261838,0.09127832407011544
4679,0.6516713091922005,0.09125881598632186
4680,0.6518105849582173,0.09123931623931623
4681,0.651949860724234,0.09121982482375561
4682,0.6520891364902507,0.0914139256727894
4683,0.6522284122562674,0.09160794362588084
4684,0.6523676880222842,0.09158838599487618
4685,0.6525069637883009,0.09156883671291355
4686,0.6526462395543176,0.09176269739650021
4687,0.6527855153203342,0.09195647535737145
4688,0.6529247910863509,0.09193686006825938
4689,0.6530640668523677,0.09191725314566006
4690,0.6532033426183844,0.09189765458422175
4691,0.6533426183844011,0.09187806437859732
4692,0.6534818941504178,0.09207161125319693
4693,0.6536211699164345,0.09205199232900065
4694,0.6537604456824513,0.09224541968470387
4695,0.653899721448468,0.09222577209797657
4696,0.6540389972144847,0.092206132879046
4697,0.6541782729805014,0.09239940387481371
4698,0.6543175487465182,0.09237973605789698
4699,0.6544568245125348,0.0925728878484784
4700,0.6545961002785515,0.09276595744680852
4701,0.6547353760445682,0.0927462242076154
4702,0.6548746518105849,0.09272649936197362
4703,0.6550139275766017,0.09270678290452902
4704,0.6551532033426184,0.09268707482993198
4705,0.6552924791086351,0.0926673751328374
4706,0.6554317548746518,0.09264768380790481
4707,0.6555710306406686,0.09262800084979818
4708,0.6557103064066853,0.09260832625318606
4709,0.655849582172702,0.09258866001274156
4710,0.6559888579387186,0.09256900212314224
4711,0.6561281337047353,0.09254935257907027
4712,0.6562674094707521,0.09274193548387097
4713,0.6564066852367688,0.09293443666454487
4714,0.6565459610027855,0.09291472210436996
4715,0.6566852367688022,0.09289501590668081
4716,0.656824512534819,0.09308736217133164
4717,0.6569637883008357,0.09306762772948908
4718,0.6571030640668524,0.09304790165324289
4719,0.6572423398328691,0.09324009324009325
4720,0.6573816155988857,0.09322033898305085
4721,0.6575208913649025,0.09320059309468333
4722,0.6576601671309192,0.09318085556967387
4723,0.6577994428969359,0.09316112640271014
4724,0.6579387186629526,0.09314140558848434
4725,0.6580779944289693,0.09312169312169312
4726,0.6582172701949861,0.09331358442657639
4727,0.6583565459610028,0.09329384387560821
4728,0.6584958217270195,0.0932741116751269
4729,0.6586350974930362,0.09325438781983506
4730,0.658774373259053,0.09344608879492601
4731,0.6589136490250697,0.09342633692665399
4732,0.6590529247910863,0.09340659340659341
4733,0.659192200557103,0.09338685822945278
4734,0.6593314763231197,0.09336713138994508
4735,0.6594707520891365,0.09355860612460401
4736,0.6596100278551532,0.09353885135135136
4737,0.6597493036211699,0.09351910491872494
4738,0.6598885793871866,0.09349936682144365
4739,0.6600278551532034,0.09347963705423085
4740,0.6601671309192201,0.09367088607594937
4741,0.6603064066852368,0.09365112845391267
4742,0.6604456824512535,0.09363137916490932
4743,0.6605849582172701,0.0938224752266498
4744,0.660724233983287,0.0938026981450253
4745,0.6608635097493036,0.09378292939936776
4746,0.6610027855153203,0.09376316898440792
4747,0.661142061281337,0.09374341689488097
4748,0.6612813370473538,0.09372367312552654
4749,0.6614206128133705,0.09391450831754053
4750,0.6615598885793872,0.09410526315789473
4751,0.6616991643454039,0.09429593769732687
4752,0.6618384401114206,0.09427609427609428
4753,0.6619777158774374,0.09425625920471281
4754,0.6621169916434541,0.09423643247791334
4755,0.6622562674094707,0.09442691903259727
4756,0.6623955431754874,0.09461732548359966
4757,0.6625348189415042,0.09480765188143789
4758,0.6626740947075209,0.09478772593526692
4759,0.6628133704735376,0.09476780836310149
4760,0.6629526462395543,0.09474789915966386
4761,0.663091922005571,0.09472799831968073
4762,0.6632311977715878,0.09470810583788324
4763,0.6633704735376045,0.09489817342011338
4764,0.6635097493036212,0.095088161209068
4765,0.6636490250696379,0.0950682056663169
4766,0.6637883008356545,0.09504825849769198
4767,0.6639275766016713,0.09502831969792322
4768,0.664066852367688,0.09500838926174497
4769,0.6642061281337047,0.09498846718389599
4770,0.6643454038997214,0.09517819706498952
4771,0.6644846796657382,0.0951582477468036
4772,0.6646239554317549,0.09513830678960604
4773,0.6647632311977716,0.09511837418814163
4774,0.6649025069637883,0.09509844993715962
4775,0.665041782729805,0.09507853403141361
4776,0.6651810584958218,0.09505862646566164
4777,0.6653203342618385,0.09503872723466611
4778,0.6654596100278551,0.0950188363331938
4779,0.6655988857938718,0.0949989537560159
4780,0.6657381615598886,0.09497907949790795
4781,0.6658774373259053,0.0951683748169839
4782,0.666016713091922,0.09535759096612297
4783,0.6661559888579387,0.09533765419192976
4784,0.6662952646239554,0.09552675585284282
4785,0.6664345403899722,0.0955067920585162
4786,0.6665738161559889,0.09548683660676975
4787,0.6667130919220056,0.09546688949237518
4788,0.6668523676880223,0.0954469507101086
4789,0.666991643454039,0.09542702025475047
4790,0.6671309192200557,0.0954070981210856
4791,0.6672701949860724,0.09538718430390315
4792,0.6674094707520891,0.09557595993322204
4793,0.6675487465181058,0.09555601919465888
4794,0.6676880222841226,0.09553608677513559
4795,0.6678272980501393,0.09572471324296142
4796,0.667966573816156,0.09570475396163469
4797,0.6681058495821727,0.09589326662497394
4798,0.6682451253481894,0.09587328053355565
4799,0.6683844011142062,0.09585330277141071
4800,0.6685236768802229,0.09583333333333334
4801,0.6686629526462395,0.09581337221412206
4802,0.6688022284122562,0.09579341940857976
4803,0.668941504178273,0.09598167811784301
4804,0.6690807799442897,0.09616985845129059
4805,0.6692200557103064,0.0963579604578564
4806,0.6693593314763231,0.09633791094465252
4807,0.6694986072423398,0.09652589972956106
4808,0.6696378830083566,0.09650582362728785
4809,0.6697771587743733,0.09648575587440217
4810,0.66991643454039,0.09646569646569647
4811,0.6700557103064066,0.09644564539596757
4812,0.6701949860724234,0.09663341645885287
4813,0.6703342618384401,0.0968211094951174
4814,0.6704735376044568,0.09700872455338595
4815,0.6706128133704735,0.09698857736240914
4816,0.6707520891364902,0.09717607973421927
4817,0.670891364902507,0.09715590616566327
4818,0.6710306406685237,0.09713574097135741
4819,0.6711699164345404,0.0971155841460884
4820,0.6713091922005571,0.0970954356846473
4821,0.6714484679665739,0.09728272142708981
4822,0.6715877437325906,0.09726254666113646
4823,0.6717270194986072,0.09724238026124818
4824,0.6718662952646239,0.09722222222222222
4825,0.6720055710306406,0.09740932642487046
4826,0.6721448467966574,0.09738914214670534
4827,0.6722841225626741,0.09736896623161384
4828,0.6724233983286908,0.09734879867439934
4829,0.6725626740947075,0.09732863946986954
4830,0.6727019498607242,0.09730848861283643
4831,0.672841225626741,0.09728834609811633
4832,0.6729805013927577,0.0972682119205298
4833,0.6731197771587744,0.09745499689633767
4834,0.673259052924791,0.09743483657426562
4835,0.6733983286908078,0.09762150982419855
4836,0.6735376044568245,0.097808105872622
4837,0.6736768802228412,0.09799462476741783
4838,0.6738161559888579,0.09797436957420422
4839,0.6739554317548746,0.09795412275263485
4840,0.6740947075208914,0.09793388429752066
4841,0.6742339832869081,0.09791365420367693
4842,0.6743732590529248,0.09789343246592318
4843,0.6745125348189415,0.09807970266363825
4844,0.6746518105849583,0.09805945499587118
4845,0.674791086350975,0.09803921568627451
4846,0.6749303621169916,0.09801898472967396
4847,0.6750696378830083,0.09820507530431194
4848,0.675208913649025,0.0983910891089109
4849,0.6753481894150418,0.09857702619096721
4850,0.6754874651810585,0.09876288659793814
4851,0.6756267409470752,0.09874252731395589
4852,0.6757660167130919,0.09872217642209398
4853,0.6759052924791087,0.09870183391716464
4854,0.6760445682451254,0.09868149979398434
4855,0.6761838440111421,0.09866117404737385
4856,0.6763231197771588,0.09884678747940692
4857,0.6764623955431754,0.09903232448013177
4858,0.6766016713091922,0.09901193906957596
4859,0.6767409470752089,0.09899156204980449
4860,0.6768802228412256,0.09897119341563786
4861,0.6770194986072423,0.09895083316190084
4862,0.677158774373259,0.09893048128342247
4863,0.6772980501392758,0.09911577215710467
4864,0.6774373259052925,0.09930098684210527
4865,0.6775766016713092,0.09928057553956834
4866,0.6777158774373259,0.09946568023016851
4867,0.6778551532033427,0.09944524347647421
4868,0.6779944289693594,0.09942481511914544
4869,0.678133704735376,0.09960977613472992
4870,0.6782729805013927,0.0997946611909651
4871,0.6784122562674094,0.09997947033463354
4872,0.6785515320334262,0.10016420361247948
4873,0.6786908077994429,0.10014364867638005
4874,0.6788300835654596,0.10012310217480509
4875,0.6789693593314763,0.1001025641025641
4876,0.6791086350974931,0.10028712059064807
4877,0.6792479108635098,0.1002665573098216
4878,0.6793871866295265,0.1002460024600246
4879,0.6795264623955432,0.10022545603607297
4880,0.6796657381615598,0.10020491803278689
4881,0.6798050139275766,0.10018438844499078
4882,0.6799442896935933,0.10016386726751332
4883,0.68008356545961,0.10014335449518738
4884,0.6802228412256267,0.10012285012285012
4885,0.6803621169916435,0.10010235414534288
4886,0.6805013927576602,0.10008186655751125
4887,0.6806406685236769,0.10006138735420503
4888,0.6807799442896936,0.10004091653027823
4889,0.6809192200557103,0.10002045408058907
4890,0.6810584958217271,0.1
4891,0.6811977715877438,0.09997955428337764
4892,0.6813370473537604,0.09995911692559281
4893,0.6814763231197771,0.09993868792152054
4894,0.6816155988857938,0.09991826726604004
4895,0.6817548746518106,0.10010214504596528
4896,0.6818941504178273,0.1002859477124183
4897,0.682033426183844,0.10026546865427813
4898,0.6821727019498607,0.10024499795835035
4899,0.6823119777158775,0.1002245356195142
4900,0.6824512534818942,0.10020408163265306
4901,0.6825905292479109,0.10018363599265456
4902,0.6827298050139275,0.10016319869441044
4903,0.6828690807799442,0.10014276973281665
4904,0.683008356545961,0.100326264274062
4905,0.6831476323119777,0.10030581039755351
4906,0.6832869080779944,0.1002853648593559
4907,0.6834261838440111,0.10046871815773385
4908,0.6835654596100279,0.1006519967400163
4909,0.6837047353760446,0.10083520065186392
4910,0.6838440111420613,0.10081466395112017
4911,0.683983286908078,0.10079413561392792
4912,0.6841225626740947,0.10097719869706841
4913,0.6842618384401115,0.10095664563403216
4914,0.6844011142061281,0.10093610093610093
4915,0.6845403899721448,0.10091556459816887
4916,0.6846796657381615,0.10089503661513426
4917,0.6848189415041783,0.10087451698189953
4918,0.684958217270195,0.10085400569337129
4919,0.6850974930362117,0.10083350274446026
4920,0.6852367688022284,0.1008130081300813
4921,0.6853760445682451,0.10079252184515343
4922,0.6855153203342619,0.10077204388459976
4923,0.6856545961002786,0.10075157424334755
4924,0.6857938718662953,0.10093419983753046
4925,0.685933147632312,0.10091370558375634
4926,0.6860724233983287,0.10109622411693057
4927,0.6862116991643454,0.10107570529734118
4928,0.6863509749303621,0.1010551948051948
4929,0.6864902506963788,0.10123757354432948
4930,0.6866295264623955,0.10141987829614604
4931,0.6867688022284123,0.10160210910565808
4932,0.686908077994429,0.10158150851581509
4933,0.6870473537604457,0.10176363267788364
4934,0.6871866295264624,0.10194568301580867
4935,0.6873259052924791,0.10212765957446808
4936,0.6874651810584959,0.10230956239870341
4937,0.6876044568245125,0.10249139153331983
4938,0.6877437325905292,0.10247063588497367
4939,0.6878830083565459,0.10244988864142539
4940,0.6880222841225627,0.10242914979757085
4941,0.6881615598885794,0.10261080752884032
4942,0.6883008356545961,0.10259004451639013
4943,0.6884401114206128,0.10256928990491604
4944,0.6885793871866295,0.10254854368932038
4945,0.6887186629526463,0.1025278058645096
4946,0.688857938718663,0.10270926000808735
4947,0.6889972144846797,0.10268849807964422
4948,0.6891364902506963,0.1026677445432498
4949,0.6892757660167131,0.10284906041624571
4950,0.6894150417827298,0.10282828282828282
4951,0.6895543175487465,0.10280751363360938
4952,0.6896935933147632,0.10278675282714055
4953,0.6898328690807799,0.1029678982434888
4954,0.6899721448467967,0.10294711344368188
4955,0.6901114206128134,0.1029263370332997
4956,0.6902506963788301,0.10310734463276836
4957,0.6903899721448468,0.10328827920112972
4958,0.6905292479108636,0.10326744655102864
4959,0.6906685236768803,0.10324662230288364
4960,0.6908077994428969,0.1034274193548387
4961,0.6909470752089136,0.10340657125579521
4962,0.6910863509749303,0.1033857315598549
4963,0.6912256267409471,0.10336490026193834
4964,0.6913649025069638,0.10334407735697018
4965,0.6915041782729805,0.10332326283987915
4966,0.6916434540389972,0.10350382601691502
4967,0.6917827298050139,0.10368431648882626
4968,0.6919220055710307,0.1036634460547504
4969,0.6920612813370474,0.10364258402092977
4970,0.692200557103064,0.10362173038229376
4971,0.6923398328690807,0.1036008851337759
4972,0.6924791086350975,0.10358004827031375
4973,0.6926183844011142,0.10355921978684898
4974,0.6927576601671309,0.1037394451145959
4975,0.6928969359331476,0.10371859296482412
4976,0.6930362116991643,0.10389871382636656
4977,0.6931754874651811,0.10387783805505324
4978,0.6933147632311978,0.10385697067095219
4979,0.6934540389972145,0.10403695521188994
4980,0.6935933147632312,0.10401606425702811
4981,0.693732590529248,0.10419594458943987
4982,0.6938718662952646,0.10437575270975512
4983,0.6940111420612813,0.10455548866144893
4984,0.694150417827298,0.10453451043338684
4985,0.6942896935933147,0.1045135406218656
4986,0.6944289693593315,0.1044925792218211
4987,0.6945682451253482,0.10447162622819331
4988,0.6947075208913649,0.10445068163592622
4989,0.6948467966573816,0.10442974543996793
4990,0.6949860724233984,0.10460921843687375
4991,0.6951253481894151,0.10458825886595872
4992,0.6952646239554318,0.1045673076923077
4993,0.6954038997214484,0.10454636491087523
4994,0.6955431754874651,0.10452543051661994
4995,0.6956824512534819,0.1047047047047047
4996,0.6958217270194986,0.10488390712570056
4997,0.6959610027855153,0.10506303782269362
4998,0.696100278551532,0.10504201680672269
4999,0.6962395543175487,0.10502100420084017
5000,0.6963788300835655,0.105
5001,0.6965181058495822,0.10517896420715857
5002,0.6966573816155989,0.10515793682526989
5003,0.6967966573816156,0.10513691784929043
5004,0.6969359331476324,0.10511590727418066
5005,0.697075208913649,0.10529470529470529
5006,0.6972144846796657,0.1052736715940871
5007,0.6973537604456824,0.10525264629518674
5008,0.6974930362116991,0.10523162939297125
5009,0.6976323119777159,0.10521062088241166
5010,0.6977715877437326,0.10538922155688622
5011,0.6979108635097493,0.1053681899820395
5012,0.698050139275766,0.10534716679968077
5013,0.6981894150417828,0.10552563335328147
5014,0.6983286908077995,0.10550458715596331
5015,0.6984679665738162,0.10548354935194416
5016,0.6986072423398328,0.10546251993620415
5017,0.6987465181058495,0.10544149890372732
5018,0.6988857938718663,0.10542048624950179
5019,0.699025069637883,0.10559872484558677
5020,0.6991643454038997,0.10557768924302789
5021,0.6993036211699164,0.1057558255327624
5022,0.6994428969359332,0.1057347670250896
5023,0.6995821727019499,0.10571371690224965
5024,0.6997214484679666,0.10589171974522293
5025,0.6998607242339833,0.10587064676616915
5026,0.7,0.10584958217270195
5027,0.7001392757660168,0.10582852595981698
5028,0.7002785515320334,0.10580747812251393
5029,0.7004178272980501,0.10578643865579639
5030,0.7005571030640668,0.10576540755467197
5031,0.7006963788300835,0.10574438481415226
5032,0.7008356545961003,0.10572337042925278
5033,0.700974930362117,0.10570236439499305
5034,0.7011142061281337,0.10568136670639651
5035,0.7012534818941504,0.10566037735849057
5036,0.7013927576601672,0.10563939634630659
5037,0.7015320334261839,0.10561842366487989
5038,0.7016713091922006,0.1055974593092497
5039,0.7018105849582172,0.10557650327445922
5040,0.7019498607242339,0.10575396825396825
5041,0.7020891364902507,0.10573298948621306
5042,0.7022284122562674,0.10571201904006347
5043,0.7023676880222841,0.1058893515764426
5044,0.7025069637883008,0.10586835844567803
5045,0.7026462395543176,0.10584737363726462
5046,0.7027855153203343,0.10602457391993658
5047,0.702924791086351,0.10600356647513375
5048,0.7030640668523677,0.10598256735340729
5049,0.7032033426183844,0.10615963557140028
5050,0.7033426183844012,0.10613861386138614
5051,0.7034818941504178,0.10611760047515344
5052,0.7036211699164345,0.10629453681710213
5053,0.7037604456824512,0.10627350089056006
5054,0.703899721448468,0.10625247328848438
5055,0.7040389972144847,0.10623145400593471
5056,0.7041782729805014,0.10640822784810126
5057,0.7043175487465181,0.10638718607870279
5058,0.7044568245125348,0.10656385923289838
5059,0.7045961002785516,0.10654279501877842
5060,0.7047353760445683,0.10652173913043478
5061,0.704874651810585,0.10669828097213989
5062,0.7050139275766016,0.10687475306203081
5063,0.7051532033426184,0.10705115544143788
5064,0.7052924791086351,0.10703001579778831
5065,0.7054317548746518,0.10700888450148074
5066,0.7055710306406685,0.10698776154757204
5067,0.7057103064066852,0.10716400236826525
5068,0.705849582172702,0.10714285714285714
5069,0.7059888579387187,0.1071217202604064
5070,0.7061281337047354,0.10710059171597633
5071,0.7062674094707521,0.10707947150463419
5072,0.7064066852367687,0.1070583596214511
5073,0.7065459610027855,0.10723437808003154
5074,0.7066852367688022,0.10721324398896334
5075,0.7068245125348189,0.10719211822660099
5076,0.7069637883008356,0.10736800630417652
5077,0.7071030640668524,0.10734685838093362
5078,0.7072423398328691,0.10752264671130367
5079,0.7073816155988858,0.10769836582004332
5080,0.7075208913649025,0.10767716535433071
5081,0.7076601671309192,0.10765597323361543
5082,0.707799442896936,0.10783156237701692
5083,0.7079387186629527,0.10800708243163486
5084,0.7080779944289693,0.10798583792289536
5085,0.708217270194986,0.1079646017699115
5086,0.7083565459610028,0.1081399921352733
5087,0.7084958217270195,0.10831531354432868
5088,0.7086350974930362,0.1082940251572327
5089,0.7087743732590529,0.10827274513656907
5090,0.7089136490250696,0.10825147347740668
5091,0.7090529247910864,0.10842663523865645
5092,0.7091922005571031,0.10840534171249018
5093,0.7093314763231198,0.10838405654820342
5094,0.7094707520891365,0.10855908912446015
5095,0.7096100278551533,0.1085377821393523
5096,0.70974930362117,0.108712715855573
5097,0.7098885793871866,0.10869138709044536
5098,0.7100278551532033,0.10886622204786191
5099,0.71016713091922,0.10904098842910374
5100,0.7103064066852368,0.10901960784313726
5101,0.7104456824512535,0.10899823564007058
5102,0.7105849582172702,0.10897687181497452
5103,0.7107242339832869,0.10895551636292378
5104,0.7108635097493036,0.10893416927899686
5105,0.7110027855153204,0.10910871694417237
5106,0.7111420612813371,0.10928319623971798
5107,0.7112813370473537,0.10926179753279812
5108,0.7114206128133704,0.10943617854346124
5109,0.7115598885793872,0.1096104912898806
5110,0.7116991643454039,0.10978473581213308
5111,0.7118384401114206,0.1097632557229505
5112,0.7119777158774373,0.10993740219092332
5113,0.712116991643454,0.10991590064541365
5114,0.7122562674094708,0.10989440750879938
5115,0.7123955431754875,0.11006842619745845
5116,0.7125348189415042,0.11004691164972635
5117,0.7126740947075209,0.11002540551104163
5118,0.7128133704735377,0.11019929660023446
5119,0.7129526462395543,0.11037311974995116
5120,0.713091922005571,0.1103515625
5121,0.7132311977715877,0.11033001366920524
5122,0.7133704735376044,0.11050370948848107
5123,0.7135097493036212,0.11067733749756002
5124,0.7136490250696379,0.11085089773614364
5125,0.7137883008356546,0.11082926829268293
5126,0.7139275766016713,0.11080764728833398
5127,0.7140668523676881,0.11078603471815877
5128,0.7142061281337048,0.11076443057722309
5129,0.7143454038997215,0.11093780464028076
5130,0.7144846796657381,0.11091617933723197
5131,0.7146239554317548,0.11089456246345741
5132,0.7147632311977716,0.11087295401402962
5133,0.7149025069637883,0.11104617182933957
5134,0.715041782729805,0.11102454226723803
5135,0.7151810584958217,0.11119766309639727
5136,0.7153203342618384,0.1111760124610592
5137,0.7154596100278552,0.11134903640256959
5138,0.7155988857938719,0.11132736473335929
5139,0.7157381615598886,0.11150029188558085
5140,0.7158774373259053,0.11147859922178989
5141,0.716016713091922,0.11145691499708228
5142,0.7161559888579387,0.11162971606378841
5143,0.7162952646239554,0.11180244993194634
5144,0.7164345403899721,0.11178071539657854
5145,0.7165738161559888,0.11175898931000972
5146,0.7167130919220056,0.11193159735717062
5147,0.7168523676880223,0.11190985039829027
5148,0.716991643454039,0.11188811188811189
5149,0.7171309192200557,0.11186638182171295
5150,0.7172701949860725,0.11184466019417476
5151,0.7174094707520892,0.1120170840613473
5152,0.7175487465181059,0.11199534161490683
5153,0.7176880222841225,0.1121676693188434
5154,0.7178272980501392,0.11214590609235545
5155,0.717966573816156,0.11212415130940834
5156,0.7181058495821727,0.11210240496508922
5157,0.7182451253481894,0.11208066705448905
5158,0.7183844011142061,0.11225281116711903
5159,0.7185236768802229,0.11242488854429153
5160,0.7186629526462396,0.1124031007751938
5161,0.7188022284122563,0.11238132144933152
5162,0.718941504178273,0.11255327392483533
5163,0.7190807799442896,0.11272515979081929
5164,0.7192200557103064,0.11289697908597986
5165,0.7193593314763231,0.11287512100677638
5166,0.7194986072423398,0.11285327138985675
5167,0.7196378830083565,0.11283143023030773
5168,0.7197771587743732,0.1130030959752322
5169,0.71991643454039,0.11298123428129232
5170,0.7200557103064067,0.11295938104448743
5171,0.7201949860724234,0.11293753625991104
5172,0.7203342618384401,0.11291569992266048
5173,0.7204735376044569,0.11308718345254204
5174,0.7206128133704736,0.11306532663316583
5175,0.7207520891364902,0.11304347826086956
5176,0.7208913649025069,0.11321483771251932
5177,0.7210306406685236,0.11319296890090787
5178,0.7211699164345404,0.11317110853611433
5179,0.7213091922005571,0.1131492566132458
5180,0.7214484679665738,0.11332046332046332
5181,0.7215877437325905,0.11349160393746381
5182,0.7217270194986073,0.11366267850250869
5183,0.721866295264624,0.11364074860119622
5184,0.7220055710306407,0.11361882716049383
5185,0.7221448467966574,0.11359691417550627
5186,0.722284122562674,0.11357500964134208
5187,0.7224233983286908,0.11355311355311355
5188,0.7225626740947075,0.11353122590593678
5189,0.7227019498607242,0.11370206205434573
5190,0.7228412256267409,0.1138728323699422
5191,0.7229805013927577,0.11404353689077248
5192,0.7231197771587744,0.11421417565485362
5193,0.7232590529247911,0.11438474870017332
5194,0.7233983286908078,0.11436272622256449
5195,0.7235376044568245,0.11434071222329163
5196,0.7236768802228413,0.11431870669745958
5197,0.723816155988858,0.11429670964017702
5198,0.7239554317548746,0.11446710273181993
5199,0.7240947075208913,0.1146374302750529
5200,0.724233983286908,0.1148076923076923
5201,0.7243732590529248,0.11497788886752548
5202,0.7245125348189415,0.11514801999231065
5203,0.7246518105849582,0.11512588891024408
5204,0.7247910863509749,0.11510376633358954
5205,0.7249303621169917,0.11527377521613832
5206,0.7250696378830084,0.1152516327314637
5207,0.7252089136490251,0.11522949875168043
5208,0.7253481894150418,0.11539938556067589
5209,0.7254874651810584,0.11537723171434057
5210,0.7256267409470752,0.11554702495201535
5211,0.7257660167130919,0.11552485127614662
5212,0.7259052924791086,0.11550268610897928
5213,0.7260445682451253,0.11548052944561672
5214,0.7261838440111421,0.11545838128116609
5215,0.7263231197771588,0.11543624161073826
5216,0.7264623955431755,0.1156058282208589
5217,0.7266016713091922,0.11577534981790301
5218,0.7267409470752089,0.1157531621310847
5219,0.7268802228412257,0.1157309829469247
5220,0.7270194986072424,0.11590038314176246
5221,0.727158774373259,0.11587818425588968
5222,0.7272980501392757,0.11585599387207966
5223,0.7274373259052925,0.11583381198544898
5224,0.7275766016713092,0.11581163859111791
5225,0.7277158774373259,0.11598086124401914
5226,0.7278551532033426,0.11595866819747416
5227,0.7279944289693593,0.11593648364262484
5228,0.7281337047353761,0.11591430757459832
5229,0.7282729805013928,0.11589213998852553
5230,0.7284122562674095,0.1158699808795411
5231,0.7285515320334262,0.11603899827948767
5232,0.728690807799443,0.11601681957186544
5233,0.7288300835654596,0.11618574431492451
5234,0.7289693593314763,0.11635460450897975
5235,0.729108635097493,0.11633237822349571
5236,0.7292479108635097,0.1163101604278075
5237,0.7293871866295265,0.11628795111705174
5238,0.7295264623955432,0.11626575028636885
5239,0.7296657381615599,0.11624355793090284
5240,0.7298050139275766,0.11622137404580153
5241,0.7299442896935933,0.11619919862621637
5242,0.7300835654596101,0.11617703166730256
5243,0.7302228412256268,0.11615487316421896
5244,0.7303621169916434,0.11613272311212815
5245,0.7305013927576601,0.11611058150619638
5246,0.7306406685236769,0.1160884483415936
5247,0.7307799442896936,0.11606632361349342
5248,0.7309192200557103,0.11623475609756098
5249,0.731058495821727,0.11621261192608116
5250,0.7311977715877437,0.11619047619047619
5251,0.7313370473537605,0.11635878880213292
5252,0.7314763231197772,0.11633663366336634
5253,0.7316155988857939,0.11650485436893204
5254,0.7317548746518105,0.11648267986296156
5255,0.7318941504178273,0.11646051379638439
5256,0.732033426183844,0.11643835616438356
5257,0.7321727019498607,0.1164162069621457
5258,0.7323119777158774,0.11658425256751617
5259,0.7324512534818941,0.11656208404639665
5260,0.7325905292479109,0.11653992395437263
5261,0.7327298050139276,0.11670785021858962
5262,0.7328690807799443,0.11668567084758646
5263,0.733008356545961,0.11666349990499715
5264,0.7331476323119778,0.11664133738601824
5265,0.7332869080779945,0.1168091168091168
5266,0.7334261838440111,0.11697683251044436
5267,0.7335654596100278,0.11695462312511866
5268,0.7337047353760445,0.11693242217160213
5269,0.7338440111420613,0.11710001897893338
5270,0.733983286908078,0.11726755218216318
5271,0.7341225626740947,0.11724530449630051
5272,0.7342618384401114,0.11741274658573596
5273,0.7344011142061281,0.11758012516593969
5274,0.7345403899721449,0.11755783086841107
5275,0.7346796657381616,0.11772511848341233
5276,0.7348189415041783,0.11770280515542077
5277,0.734958217270195,0.1178700018950161
5278,0.7350974930362117,0.1178476695718075
5279,0.7352367688022284,0.11782534570941466
5280,0.7353760445682451,0.1178030303030303
5281,0.7355153203342618,0.11778072334785078
5282,0.7356545961002785,0.1179477470655055
5283,0.7357938718662953,0.11792542116221844
5284,0.735933147632312,0.11809235427706283
5285,0.7360724233983287,0.11807000946073794
5286,0.7362116991643454,0.1182368520620507
5287,0.7363509749303622,0.11821448836769434
5288,0.7364902506963789,0.11838124054462935
5289,0.7366295264623955,0.11854792966534317
5290,0.7367688022284122,0.11871455576559546
5291,0.7369080779944289,0.11888111888111888
5292,0.7370473537604457,0.11885865457294029
5293,0.7371866295264624,0.1188361987530701
5294,0.7373259052924791,0.11900264450321119
5295,0.7374651810584958,0.11898016997167139
5296,0.7376044568245126,0.11895770392749244
5297,0.7377437325905293,0.11912403247121012
5298,0.737883008356546,0.11929029822574556
5299,0.7380222841225627,0.11945650122664654
5300,0.7381615598885793,0.11943396226415094
5301,0.7383008356545961,0.11941143180531975
5302,0.7384401114206128,0.11957751791776688
5303,0.7385793871866295,0.11955496888553649
5304,0.7387186629526462,0.11953242835595777
5305,0.7388579387186629,0.11969839773798303
5306,0.7389972144846797,0.11986430456087448
5307,0.7391364902506964,0.11984171848501979
5308,0.7392757660167131,0.11981914091936699
5309,0.7394150417827298,0.11979657185910718
5310,0.7395543175487466,0.11977401129943503
5311,0.7396935933147633,0.11975145923554886
5312,0.7398328690807799,0.1197289156626506
5313,0.7399721448467966,0.11970638057594579
5314,0.7401114206128133,0.11968385397064359
5315,0.7402506963788301,0.11966133584195672
5316,0.7403899721448468,0.11963882618510158
5317,0.7405292479108635,0.1198044009779951
5318,0.7406685236768802,0.11978187288454306
5319,0.740807799442897,0.11975935326189133
5320,0.7409470752089137,0.11973684210526316
5321,0.7410863509749304,0.11971433940988536
5322,0.741225626740947,0.11969184517098835
5323,0.7413649025069637,0.11985722337027992
5324,0.7415041782729805,0.12002253944402705
5325,0.7416434540389972,0.12
5326,0.7417827298050139,0.12016522718738265
5327,0.7419220055710306,0.12033039234090483
5328,0.7420612813370474,0.12030780780780781
5329,0.7422005571030641,0.12028523175079753
5330,0.7423398328690808,0.12026266416510319
5331,0.7424791086350975,0.12024010504595761
5332,0.7426183844011142,0.12021755438859714
5333,0.742757660167131,0.12038252390774423
5334,0.7428969359331477,0.12054743157105362
5335,0.7430362116991643,0.12052483598875352
5336,0.743175487465181,0.12050224887556221
5337,0.7433147632311977,0.1206670414090313
5338,0.7434540389972145,0.12083177219932559
5339,0.7435933147632312,0.12080914028844353
5340,0.7437325905292479,0.12078651685393259
5341,0.7438718662952646,0.12076390189103164
5342,0.7440111420612814,0.12074129539498316
5343,0.7441504178272981,0.12071869736103313
5344,0.7442896935933148,0.12088323353293413
5345,0.7444289693593314,0.12086061739943872
5346,0.7445682451253481,0.12083800972689862
5347,0.7447075208913649,0.12081541051056667
5348,0.7448467966573816,0.12079281974569933
5349,0.7449860724233983,0.12077023742755655
5350,0.745125348189415,0.12093457943925234
5351,0.7452646239554318,0.12109886002616334
5352,0.7454038997214485,0.12126307922272048
5353,0.7455431754874652,0.12124042592938539
5354,0.7456824512534819,0.12140455734030631
5355,0.7458217270194986,0.12138188608776844
5356,0.7459610027855154,0.12154592979835699
5357,0.746100278551532,0.12152324061974985
5358,0.7462395543175487,0.12150055991041434
5359,0.7463788300835654,0.12147788766560925
5360,0.7465181058495822,0.12145522388059701
5361,0.7466573816155989,0.12161910091400858
5362,0.7467966573816156,0.12159641924654979
5363,0.7469359331476323,0.12176020883833676
5364,0.747075208913649,0.12192393736017897
5365,0.7472144846796658,0.12190121155638398
5366,0.7473537604456825,0.12206485277674245
5367,0.7474930362116992,0.12204210918576486
5368,0.7476323119777158,0.1220193740685544
5369,0.7477715877437325,0.12218290184391879
5370,0.7479108635097493,0.1223463687150838
5371,0.748050139275766,0.12232358964811021
5372,0.7481894150417827,0.12230081906180193
5373,0.7483286908077994,0.12227805695142378
5374,0.7484679665738162,0.12225530331224414
5375,0.7486072423398329,0.12223255813953489
5376,0.7487465181058496,0.12220982142857142
5377,0.7488857938718663,0.1221870931746327
5378,0.749025069637883,0.12216437337300111
5379,0.7491643454038998,0.12214166201896264
5380,0.7493036211699164,0.12230483271375464
5381,0.7494428969359331,0.12228210369819736
5382,0.7495821727019498,0.12244518766257896
5383,0.7497214484679666,0.12242244101801969
5384,0.7498607242339833,0.1225854383358098
5385,0.75,0.12274837511606314
5386,0.7501392757660167,0.1227255848496101
5387,0.7502785515320334,0.12270280304436607
5388,0.7504178272980502,0.1228656273199703
5389,0.7505571030640669,0.12284282798292818
5390,0.7506963788300836,0.12282003710575139
5391,0.7508356545961002,0.12279725468373215
5392,0.750974930362117,0.12277448071216618
5393,0.7511142061281337,0.1229371407379937
5394,0.7512534818941504,0.12309974045235447
5395,0.7513927576601671,0.12326227988878591
5396,0.7515320334261838,0.12323943661971831
5397,0.7516713091922006,0.12321660181582361
5398,0.7518105849582173,0.12319377547239718
5399,0.751949860724234,0.12317095758473791
5400,0.7520891364902507,0.12333333333333334
5401,0.7522284122562675,0.12331049805591557
5402,0.7523676880222842,0.1232876712328767
5403,0.7525069637883008,0.12326485285952249
5404,0.7526462395543175,0.1232420429311621
5405,0.7527855153203342,0.12321924144310824
5406,0.752924791086351,0.12338142804291528
5407,0.7530640668523677,0.12335860921028297
5408,0.7532033426183844,0.1235207100591716
5409,0.7533426183844011,0.1234978739138473
5410,0.7534818941504178,0.12347504621072089
5411,0.7536211699164346,0.1234522269451118
5412,0.7537604456824513,0.12342941611234294
5413,0.753899721448468,0.12340661370774063
5414,0.7540389972144846,0.12356852604359068
5415,0.7541782729805014,0.12354570637119114
5416,0.7543175487465181,0.12370753323485968
5417,0.7544568245125348,0.12386930035074764
5418,0.7545961002785515,0.12403100775193798
5419,0.7547353760445682,0.12400811957925817
5420,0.754874651810585,0.12398523985239852
5421,0.7550139275766017,0.12396236856668512
5422,0.7551532033426184,0.12412393950571744
5423,0.7552924791086351,0.1241010510787387
5424,0.7554317548746519,0.12407817109144542
5425,0.7555710306406686,0.12423963133640553
5426,0.7557103064066852,0.12421673424253594
5427,0.7558495821727019,0.12419384558688042
5428,0.7559888579387186,0.12435519528371408
5429,0.7561281337047354,0.12433228955608767
5430,0.7562674094707521,0.12430939226519337
5431,0.7564066852367688,0.12428650340637083
5432,0.7565459610027855,0.12444771723122239
5433,0.7566852367688023,0.1244248113381189
5434,0.756824512534819,0.12440191387559808
5435,0.7569637883008357,0.12437902483900644
5436,0.7571030640668523,0.1243561442236939
5437,0.757242339832869,0.12433327202501379
5438,0.7573816155988858,0.12431040823832291
5439,0.7575208913649025,0.1244714101856959
5440,0.7576601671309192,0.12444852941176471
5441,0.7577994428969359,0.1244256570483367
5442,0.7579387186629526,0.12440279309077545
5443,0.7580779944289694,0.12456365974646334
5444,0.7582172701949861,0.1245407788390889
5445,0.7583565459610028,0.12451790633608815
5446,0.7584958217270195,0.12449504223283143
5447,0.7586350974930363,0.1244721865246925
5448,0.758774373259053,0.12444933920704845
5449,0.7589136490250696,0.1246100201871903
5450,0.7590529247910863,0.12458715596330275
5451,0.759192200557103,0.12474775270592552
5452,0.7593314763231198,0.12472487160674982
5453,0.7594707520891365,0.12470199889968825
5454,0.7596100278551532,0.12467913458012468
5455,0.7597493036211699,0.12483959670027497
5456,0.7598885793871867,0.125
5457,0.7600278551532034,0.12497709364119479
5458,0.7601671309192201,0.12495419567607183
5459,0.7603064066852367,0.12493130610001832
5460,0.7604456824512534,0.12490842490842491
5461,0.7605849582172702,0.12488555209668559
5462,0.7607242339832869,0.1250457707799341
5463,0.7608635097493036,0.12502288120080543
5464,0.7610027855153203,0.12518301610541727
5465,0.7611420612813371,0.1253430924062214
5466,0.7612813370473538,0.12550311013538237
5467,0.7614206128133705,0.12548015364916773
5468,0.7615598885793872,0.12545720555961962
5469,0.7616991643454039,0.12543426586213202
5470,0.7618384401114207,0.12541133455210238
5471,0.7619777158774373,0.12538841162493145
5472,0.762116991643454,0.12554824561403508
5473,0.7622562674094707,0.12570802119495705
5474,0.7623955431754874,0.12568505663134819
5475,0.7625348189415042,0.12566210045662102
5476,0.7626740947075209,0.1256391526661797
5477,0.7628133704735376,0.12561621325543182
5478,0.7629526462395543,0.1257758305951077
5479,0.7630919220055711,0.1257528746121555
5480,0.7632311977715878,0.12572992700729926
5481,0.7633704735376045,0.12588943623426382
5482,0.7635097493036211,0.12604888726742064
5483,0.7636490250696378,0.12620828013861024
5484,0.7637883008356546,0.1261852662290299
5485,0.7639275766016713,0.1261622607110301
5486,0.764066852367688,0.12613926358002187
5487,0.7642061281337047,0.1261162748314197
5488,0.7643454038997215,0.1260932944606414
5489,0.7644846796657382,0.12607032246310804
5490,0.7646239554317549,0.1260473588342441
5491,0.7647632311977716,0.12602440356947733
5492,0.7649025069637883,0.1260014566642389
5493,0.765041782729805,0.12597851811396324
5494,0.7651810584958217,0.1259555879140881
5495,0.7653203342618384,0.1259326660600546
5496,0.7654596100278551,0.12590975254730713
5497,0.7655988857938719,0.12606876478078952
5498,0.7657381615598886,0.126045834849036
5499,0.7658774373259053,0.1260229132569558
5500,0.766016713091922,0.12618181818181817
5501,0.7661559888579387,0.12615888020359933
5502,0.7662952646239555,0.1261359505634315
5503,0.7664345403899722,0.12611302925676904
5504,0.7665738161559889,0.12609011627906977
5505,0.7667130919220055,0.12606721162579473
5506,0.7668523676880222,0.1262259353432619
5507,0.766991643454039,0.12638460141637917
5508,0.7671309192200557,0.12636165577342048
5509,0.7672701949860724,0.1265202396079143
5510,0.7674094707520891,0.126497277676951
5511,0.7675487465181059,0.12665577935039013
5512,0.7676880222841226,0.12681422351233673
5513,0.7678272980501393,0.12679122075095228
5514,0.767966573816156,0.1267682263329706
5515,0.7681058495821727,0.12674524025385311
5516,0.7682451253481895,0.12672226250906454
5517,0.7683844011142061,0.12669929309407288
5518,0.7685236768802228,0.1266763320043494
5519,0.7686629526462395,0.12683457148034064
5520,0.7688022284122563,0.12681159420289856
5521,0.768941504178273,0.1269697518565477
5522,0.7690807799442897,0.12712785222745382
5523,0.7692200557103064,0.12710483432916894
5524,0.7693593314763231,0.1270818247646633
5525,0.7694986072423399,0.12705882352941175
5526,0.7696378830083566,0.1270358306188925
5527,0.7697771587743732,0.12719377600868464
5528,0.7699164345403899,0.12735166425470332
5529,0.7700557103064067,0.12732863085548923
5530,0.7701949860724234,0.12730560578661845
5531,0.7703342618384401,0.12746338817573677
5532,0.7704735376044568,0.12744034707158353
5533,0.7706128133704735,0.12741731429604192
5534,0.7707520891364903,0.12757499096494399
5535,0.770891364902507,0.12755194218608853
5536,0.7710306406685237,0.12752890173410406
5537,0.7711699164345404,0.1276864728192162
5538,0.771309192200557,0.12766341639581077
5539,0.7714484679665738,0.12764036829752662
5540,0.7715877437325905,0.12779783393501806
5541,0.7717270194986072,0.1277747698971305
5542,0.7718662952646239,0.12775171418260556
5543,0.7720055710306407,0.12790907450838895
5544,0.7721448467966574,0.12788600288600288
5545,0.7722841225626741,0.12804328223624886
5546,0.7724233983286908,0.1280201947349441
5547,0.7725626740947075,0.12799711555795926
5548,0.7727019498607243,0.12815428983417448
5549,0.772841225626741,0.12813119480987564
5550,0.7729805013927576,0.12828828828828828
5551,0.7731197771587743,0.1282651774455053
5552,0.7732590529247911,0.1284221902017291
5553,0.7733983286908078,0.12857914640734738
5554,0.7735376044568245,0.12855599567879006
5555,0.7736768802228412,0.12853285328532854
5556,0.7738161559888579,0.1286897048236141
5557,0.7739554317548747,0.12866654669785857
5558,0.7740947075208914,0.12864339690536164
5559,0.7742339832869081,0.1286202554416262
5560,0.7743732590529248,0.12877697841726618
5561,0.7745125348189416,0.12875382125516993
5562,0.7746518105849582,0.12891046386192018
5563,0.7747910863509749,0.12888729103001978
5564,0.7749303621169916,0.12886412652767792
5565,0.7750696378830083,0.12884097035040432
5566,0.7752089136490251,0.12881782249371182
5567,0.7753481894150418,0.1289743129153943
5568,0.7754874651810585,0.12895114942528735
5569,0.7756267409470752,0.12892799425390555
5570,0.775766016713092,0.1290843806104129
5571,0.7759052924791087,0.12924071082390953
5572,0.7760445682451254,0.12939698492462312
5573,0.776183844011142,0.12937376637358694
5574,0.7763231197771587,0.12952996053103696
5575,0.7764623955431755,0.1295067264573991
5576,0.7766016713091922,0.12948350071736012
5577,0.7767409470752089,0.12946028330643716
5578,0.7768802228412256,0.1296163499462173
5579,0.7770194986072423,0.1295931170460656
5580,0.7771587743732591,0.1295698924731183
5581,0.7772980501392758,0.12954667622289912
5582,0.7774373259052925,0.12952346829093514
5583,0.7775766016713092,0.12967938384381156
5584,0.777715877437326,0.1298352435530086
5585,0.7778551532033426,0.12981199641897942
5586,0.7779944289693593,0.1297887576083065
5587,0.778133704735376,0.1299445140504743
5588,0.7782729805013927,0.12992125984251968
5589,0.7784122562674095,0.12989801395598496
5590,0.7785515320334262,0.1300536672629696
5591,0.7786908077994429,0.13003040600965837
5592,0.7788300835654596,0.1301859799713877
5593,0.7789693593314764,0.13034149830144823
5594,0.7791086350974931,0.13031819806936004
5595,0.7792479108635098,0.13047363717605004
5596,0.7793871866295264,0.13045032165832737
5597,0.7795264623955431,0.13042701447203858
5598,0.7796657381615599,0.13040371561271882
5599,0.7798050139275766,0.1305590283979282
5600,0.7799442896935933,0.13053571428571428
5601,0.78008356545961,0.13051240849848242
5602,0.7802228412256268,0.13048911103177438
5603,0.7803621169916435,0.13046582188113512
5604,0.7805013927576602,0.13062098501070663
5605,0.7806406685236769,0.13059768064228366
5606,0.7807799442896936,0.1305743845879415
5607,0.7809192200557104,0.13055109684323168
5608,0.781058495821727,0.13052781740370897
5609,0.7811977715877437,0.13050454626493135
5610,0.7813370473537604,0.13065953654188947
5611,0.7814763231197771,0.13081447157369452
5612,0.7816155988857939,0.1307911617961511
5613,0.7817548746518106,0.13094601817210047
5614,0.7818941504178273,0.13092269326683292
5615,0.782033426183844,0.13089937666963491
5616,0.7821727019498608,0.13087606837606838
5617,0.7823119777158775,0.1308527683816984
5618,0.7824512534818941,0.13082947668209327
5619,0.7825905292479108,0.13098416088271936
5620,0.7827298050139275,0.1309608540925267
5621,0.7828690807799443,0.13093755559508985
5622,0.783008356545961,0.13091426538598364
5623,0.7831476323119777,0.13089098346078606
5624,0.7832869080779944,0.13104551920341395
5625,0.7834261838440112,0.1312
5626,0.7835654596100279,0.1311766797013864
5627,0.7837047353760446,0.13115336769148747
5628,0.7838440111420613,0.13130774697938877
5629,0.783983286908078,0.13128441996802273
5630,0.7841225626740947,0.13143872113676733
5631,0.7842618384401114,0.1314153791511277
5632,0.7844011142061281,0.13156960227272727
5633,0.7845403899721448,0.13172377063731583
5634,0.7846796657381616,0.13170039048633297
5635,0.7848189415041783,0.13167701863354037
5636,0.784958217270195,0.13165365507452093
5637,0.7850974930362117,0.13163029980486074
5638,0.7852367688022284,0.13160695282014898
5639,0.7853760445682452,0.13158361411597802
5640,0.7855153203342619,0.13173758865248228
5641,0.7856545961002785,0.13189150859776635
5642,0.7857938718662952,0.13204537398085786
5643,0.7859331476323119,0.1321991848307638
5644,0.7860724233983287,0.1323529411764706
5645,0.7862116991643454,0.1325066430469442
5646,0.7863509749303621,0.13248317392844491
5647,0.7864902506963788,0.13245971312201169
5648,0.7866295264623956,0.13243626062322947
5649,0.7867688022284123,0.1325898389095415
5650,0.786908077994429,0.13256637168141594
5651,0.7870473537604457,0.13271987258892232
5652,0.7871866295264623,0.1326963906581741
5653,0.7873259052924791,0.13267291703520254
5654,0.7874651810584958,0.13264945171559958
5655,0.7876044568245125,0.13280282935455348
5656,0.7877437325905292,0.13277934936350777
5657,0.787883008356546,0.13275587767367864
5658,0.7880222841225627,0.13273241428066454
5659,0.7881615598885794,0.13288566884608588
5660,0.7883008356545961,0.13303886925795053
5661,0.7884401114206128,0.13319201554495672
5662,0.7885793871866296,0.13316849169904627
5663,0.7887186629526463,0.13314497616104537
5664,0.7888579387186629,0.13329802259887005
5665,0.7889972144846796,0.13327449249779347
5666,0.7891364902506964,0.13325097070243558
5667,0.7892757660167131,0.1332274572083995
5668,0.7894150417827298,0.13320395201129145
5669,0.7895543175487465,0.13318045510672077
5670,0.7896935933147632,0.13333333333333333
5671,0.78983286908078,0.13348615764415447
5672,0.7899721448467967,0.13363892806770097
5673,0.7901114206128134,0.1337916446324696
5674,0.79025069637883,0.13376806485724357
5675,0.7903899721448467,0.13374449339207048
5676,0.7905292479108635,0.1338971106412967
5677,0.7906685236768802,0.13404967412365687
5678,0.7908077994428969,0.134202183867559
5679,0.7909470752089136,0.13417855256207079
5680,0.7910863509749304,0.13415492957746478
5681,0.7912256267409471,0.13413131490934693
5682,0.7913649025069638,0.1341077085533263
5683,0.7915041782729805,0.13408411050501495
5684,0.7916434540389972,0.13423645320197045
5685,0.791782729805014,0.13438874230430958
5686,0.7919220055710307,0.13454097784030952
5687,0.7920612813370473,0.13451732020397397
5688,0.792200557103064,0.13449367088607594
5689,0.7923398328690808,0.13447002988222886
5690,0.7924791086350975,0.1344463971880492
5691,0.7926183844011142,0.13442277279915657
5692,0.7927576601671309,0.13439915671117358
5693,0.7928969359331476,0.13455120323203934
5694,0.7930362116991644,0.13452757288373726
5695,0.7931754874651811,0.1346795434591747
5696,0.7933147632311978,0.1346558988764045
5697,0.7934540389972145,0.1346322625943479
5698,0.7935933147632313,0.13460863460863462
5699,0.7937325905292479,0.13458501491489736
5700,0.7938718662952646,0.13456140350877194
5701,0.7940111420612813,0.13471320820908614
5702,0.794150417827298,0.1346895826025956
5703,0.7942896935933148,0.13466596528143082
5704,0.7944289693593315,0.13464235624123422
5705,0.7945682451253482,0.1347940403155127
5706,0.7947075208913649,0.13477041710480198
5707,0.7948467966573816,0.13492202558261784
5708,0.7949860724233984,0.13489838822704975
5709,0.795125348189415,0.1350499211770888
5710,0.7952646239554317,0.1352014010507881
5711,0.7954038997214484,0.13517772719313606
5712,0.7955431754874652,0.13532913165266106
5713,0.7956824512534819,0.13548048310869945
5714,0.7958217270194986,0.13563178158907946
5715,0.7959610027855153,0.13560804899387577
5716,0.796100278551532,0.13558432470258922
5717,0.7962395543175488,0.13556060871086234
5718,0.7963788300835655,0.13571178733823014
5719,0.7965181058495822,0.13568805735268405
5720,0.7966573816155988,0.13583916083916084
5721,0.7967966573816156,0.13581541688515994
5722,0.7969359331476323,0.13596644529884655
5723,0.797075208913649,0.1359426874017124
5724,0.7972144846796657,0.13591893780573025
5725,0.7973537604456824,0.13589519650655021
5726,0.7974930362116992,0.13604610548375828
5727,0.7976323119777159,0.1360223502706478
5728,0.7977715877437326,0.1359986033519553
5729,0.7979108635097493,0.13597486472333742
5730,0.7980501392757661,0.13612565445026178
5731,0.7981894150417828,0.1362763915547025
5732,0.7983286908077994,0.13625261688764828
5733,0.7984679665738161,0.13640327926042212
5734,0.7986072423398328,0.1365538890826648
5735,0.7987465181058496,0.13653007846556234
5736,0.7988857938718663,0.13668061366806136
5737,0.799025069637883,0.13683109639184243
5738,0.7991643454038997,0.136981526664343
5739,0.7993036211699165,0.13695765812859384
5740,0.7994428969359332,0.13693379790940766
5741,0.7995821727019499,0.13708413168437555
5742,0.7997214484679666,0.13706025774991293
5743,0.7998607242339832,0.13703639212954902
5744,0.8,0.13701253481894152
5745,0.8001392757660167,0.1369886858137511
5746,0.8002785515320334,0.1369648451096415
5747,0.8004178272980501,0.13694101270227946
5748,0.8005571030640668,0.13691718858733473
5749,0.8006963788300836,0.13689337276048008
5750,0.8008356545961003,0.1368695652173913
5751,0.800974930362117,0.13684576595374717
5752,0.8011142061281337,0.13699582753824757
5753,0.8012534818941505,0.1369720146010777
5754,0.8013927576601672,0.13694820994091067
5755,0.8015320334261838,0.1370981754995656
5756,0.8016713091922005,0.13707435719249478
5757,0.8018105849582172,0.13705054715997916
5758,0.801949860724234,0.13702674539770754
5759,0.8020891364902507,0.13700295190137177
5760,0.8022284122562674,0.13697916666666668
5761,0.8023676880222841,0.13695538968929005
5762,0.8025069637883009,0.13693162096494274
5763,0.8026462395543176,0.1369078604893285
5764,0.8027855153203343,0.13688410825815406
5765,0.802924791086351,0.13686036426712922
5766,0.8030640668523676,0.1368366285119667
5767,0.8032033426183844,0.13681290098838217
5768,0.8033426183844011,0.1367891816920943
5769,0.8034818941504178,0.13693881088576876
5770,0.8036211699164345,0.13708838821490468
5771,0.8037604456824513,0.13723791370646335
5772,0.803899721448468,0.1373873873873874
5773,0.8040389972144847,0.13736358912177377
5774,0.8041782729805014,0.13733979909941116
5775,0.8043175487465181,0.1374891774891775
5776,0.8044568245125349,0.13746537396121883
5777,0.8045961002785516,0.13744157867405227
5778,0.8047353760445682,0.1374177916233991
5779,0.8048746518105849,0.13739401280498356
5780,0.8050139275766016,0.13737024221453287
5781,0.8051532033426184,0.1373464798477772
5782,0.8052924791086351,0.13732272570044968
5783,0.8054317548746518,0.13747190039771745
5784,0.8055710306406685,0.1376210235131397
5785,0.8057103064066853,0.1375972342264477
5786,0.805849582172702,0.13757345316280678
5787,0.8059888579387187,0.1377224814238811
5788,0.8061281337047354,0.13787145818935728
5789,0.806267409470752,0.13802038348592158
5790,0.8064066852367688,0.1381692573402418
5791,0.8065459610027855,0.13814539803142808
5792,0.8066852367688022,0.13829419889502761
5793,0.8068245125348189,0.138270326255826
5794,0.8069637883008357,0.13841905419399378
5795,0.8071030640668524,0.13839516824849007
5796,0.8072423398328691,0.13837129054520358
5797,0.8073816155988858,0.1383474210798689
5798,0.8075208913649025,0.1384960331148672
5799,0.8076601671309193,0.13847215037075358
5800,0.807799442896936,0.13844827586206895
5801,0.8079387186629526,0.13842440958455438
5802,0.8080779944289693,0.1384005515339538
5803,0.8082172701949861,0.13837670170601413
5804,0.8083565459610028,0.13835286009648518
5805,0.8084958217270195,0.1383290267011197
5806,0.8086350974930362,0.13847743713399932
5807,0.8087743732590529,0.1384535904942311
5808,0.8089136490250697,0.1384297520661157
5809,0.8090529247910864,0.13840592184541228
5810,0.8091922005571031,0.13855421686746988
5811,0.8093314763231197,0.13870246085011187
5812,0.8094707520891364,0.13867859600825877
5813,0.8096100278551532,0.13865473937725786
5814,0.8097493036211699,0.13863089095287237
5815,0.8098885793871866,0.13860705073086843
5816,0.8100278551532033,0.13858321870701512
5817,0.8101671309192201,0.1385593948770844
5818,0.8103064066852368,0.13870745960811276
5819,0.8104456824512535,0.13885547344904622
5820,0.8105849582172702,0.13900343642611684
5821,0.8107242339832869,0.13915134856553857
5822,0.8108635097493037,0.1392992098935074
5823,0.8110027855153203,0.13944702043620127
5824,0.811142061281337,0.13959478021978022
5825,0.8112813370473537,0.1395708154506438
5826,0.8114206128133705,0.13954685890834193
5827,0.8115598885793872,0.1396945254848121
5828,0.8116991643454039,0.13984214138641043
5829,0.8118384401114206,0.13981815062617944
5830,0.8119777158774373,0.13979416809605488
5831,0.8121169916434541,0.13977019379180244
5832,0.8122562674094708,0.13991769547325103
5833,0.8123955431754875,0.14006514657980457
5834,0.8125348189415041,0.14021254713747
5835,0.8126740947075209,0.14035989717223651
5836,0.8128133704735376,0.14033584647018507
5837,0.8129526462395543,0.14048312489292444
5838,0.813091922005571,0.14063035286056869
5839,0.8132311977715877,0.14077753039904092
5840,0.8133704735376045,0.14075342465753424
5841,0.8135097493036212,0.14072932717000514
5842,0.8136490250696379,0.14070523793221498
5843,0.8137883008356546,0.1406811569399281
5844,0.8139275766016713,0.14082819986310746
5845,0.814066852367688,0.14080410607356716
5846,0.8142061281337047,0.14078002052685598
5847,0.8143454038997214,0.14092697109628868
5848,0.8144846796657381,0.14107387140902872
5849,0.8146239554317549,0.14122072149085313
5850,0.8147632311977716,0.14136752136752137
5851,0.8149025069637883,0.141343360109383
5852,0.815041782729805,0.14149008885850992
5853,0.8151810584958217,0.14163676746967366
5854,0.8153203342618385,0.14161257259993168
5855,0.8154596100278552,0.14175918018787362
5856,0.8155988857938719,0.14173497267759563
5857,0.8157381615598885,0.1417107734334984
5858,0.8158774373259053,0.1418572891771936
5859,0.816016713091922,0.14183307731694828
5860,0.8161559888579387,0.14197952218430035
5861,0.8162952646239554,0.14195529773076268
5862,0.8164345403899721,0.1419310815421358
5863,0.8165738161559889,0.14207743476036158
5864,0.8167130919220056,0.1420532060027285
5865,0.8168523676880223,0.1421994884910486
5866,0.816991643454039,0.14217524718718036
5867,0.8171309192200558,0.14215101414692347
5868,0.8172701949860725,0.14212678936605316
5869,0.8174094707520891,0.14210257284034758
5870,0.8175487465181058,0.14207836456558773
5871,0.8176880222841225,0.14205416453755748
5872,0.8178272980501393,0.1420299727520436
5873,0.817966573816156,0.1420057892048357
5874,0.8181058495821727,0.14198161389172625
5875,0.8182451253481894,0.14212765957446807
5876,0.8183844011142062,0.14227365554799182
5877,0.8185236768802229,0.14224944699676706
5878,0.8186629526462396,0.14222524668254508
5879,0.8188022284122562,0.14220105460112265
5880,0.8189415041782729,0.14234693877551022
5881,0.8190807799442897,0.14249277333786772
5882,0.8192200557103064,0.1426385583134988
5883,0.8193593314763231,0.14278429372768994
5884,0.8194986072423398,0.14276002719238612
5885,0.8196378830083565,0.1427357689039932
5886,0.8197771587743733,0.14271151885830785
5887,0.81991643454039,0.14285714285714285
5888,0.8200557103064067,0.14283288043478262
5889,0.8201949860724234,0.14297843436916285
5890,0.8203342618384402,0.14295415959252972
5891,0.8204735376044568,0.1429298930572059
5892,0.8206128133704735,0.14290563475899526
5893,0.8207520891364902,0.1428813846937044
5894,0.8208913649025069,0.14285714285714285
5895,0.8210306406685237,0.14283290924512299
5896,0.8211699164345404,0.14297829036635007
5897,0.8213091922005571,0.14295404442937087
5898,0.8214484679665738,0.14292980671414038
5899,0.8215877437325906,0.14307509747414815
5900,0.8217270194986073,0.14322033898305084
5901,0.821866295264624,0.14336553126588714
5902,0.8220055710306406,0.1433412402575398
5903,0.8221448467966573,0.14348636286633915
5904,0.8222841225626741,0.14363143631436315
5905,0.8224233983286908,0.14360711261642675
5906,0.8225626740947075,0.14358279715543515
5907,0.8227019498607242,0.14372778059928898
5908,0.822841225626741,0.14387271496276235
5909,0.8229805013927577,0.1440176002707734
5910,0.8231197771587744,0.1439932318104907
5911,0.8232590529247911,0.14396887159533073
5912,0.8233983286908078,0.1439445196211096
5913,0.8235376044568246,0.14408929477422627
5914,0.8236768802228412,0.14406493067297937
5915,0.8238161559888579,0.14420963651732882
5916,0.8239554317548746,0.14418526031102097
5917,0.8240947075208913,0.14432989690721648
5918,0.8242339832869081,0.14430550861777627
5919,0.8243732590529248,0.14445007602635582
5920,0.8245125348189415,0.14442567567567569
5921,0.8246518105849582,0.14440128356696505
5922,0.824791086350975,0.14454576156703816
5923,0.8249303621169917,0.14452135742022623
5924,0.8250696378830084,0.14466576637407158
5925,0.825208913649025,0.1448101265822785
5926,0.8253481894150417,0.14478569017887277
5927,0.8254874651810585,0.14476126202125864
5928,0.8256267409470752,0.1449055330634278
5929,0.8257660167130919,0.14504975543936582
5930,0.8259052924791086,0.14502529510961215
5931,0.8260445682451254,0.14500084302815713
5932,0.8261838440111421,0.1449763991908294
5933,0.8263231197771588,0.14512051238833643
5934,0.8264623955431755,0.14509605662285135
5935,0.8266016713091922,0.1450716090985678
5936,0.826740947075209,0.14504716981132076
5937,0.8268802228412256,0.14502273875694796
5938,0.8270194986072423,0.14516672280229034
5939,0.827158774373259,0.14531065835999327
5940,0.8272980501392758,0.14545454545454545
5941,0.8274373259052925,0.1454300622790776
5942,0.8275766016713092,0.14557388084819925
5943,0.8277158774373259,0.14571765101800438
5944,0.8278551532033426,0.14569313593539704
5945,0.8279944289693594,0.1458368376787216
5946,0.8281337047353761,0.14598049108644467
5947,0.8282729805013928,0.1459559441735329
5948,0.8284122562674094,0.14593140551445863
5949,0.8285515320334261,0.14590687510505967
5950,0.8286908077994429,0.14588235294117646
5951,0.8288300835654596,0.14585783901865232
5952,0.8289693593314763,0.14583333333333334
5953,0.829108635097493,0.14597681841088528
5954,0.8292479108635098,0.14595230097413503
5955,0.8293871866295265,0.1459277917716205
5956,0.8295264623955432,0.1459032907991941
5957,0.8296657381615599,0.1458787980527111
5958,0.8298050139275766,0.14585431352802955
5959,0.8299442896935934,0.14599765061251888
5960,0.83008356545961,0.14597315436241612
5961,0.8302228412256267,0.14611642341888945
5962,0.8303621169916434,0.1460919154646092
5963,0.8305013927576602,0.1462351165520711
5964,0.8306406685236769,0.14637826961770622
5965,0.8307799442896936,0.1465213746856664
5966,0.8309192200557103,0.14666443178008717
5967,0.831058495821727,0.14663985252220546
5968,0.8311977715877438,0.14661528150134048
5969,0.8313370473537605,0.14659071871335233
5970,0.8314763231197771,0.14673366834170853
5971,0.8316155988857938,0.14687657008876234
5972,0.8317548746518106,0.14701942397856665
5973,0.8318941504178273,0.14716223003515821
5974,0.832033426183844,0.14730498828255775
5975,0.8321727019498607,0.14744769874476987
5976,0.8323119777158774,0.14759036144578314
5977,0.8324512534818942,0.14773297640957
5978,0.8325905292479109,0.14787554366008698
5979,0.8327298050139276,0.14785081117243687
5980,0.8328690807799443,0.14782608695652175
5981,0.833008356545961,0.1479685671292426
5982,0.8331476323119777,0.14794383149448345
5983,0.8332869080779944,0.1479191041283637
5984,0.8334261838440111,0.14789438502673796
5985,0.8335654596100278,0.14803675856307436
5986,0.8337047353760446,0.14801202806548613
5987,0.8338440111420613,0.1479873058292968
5988,0.833983286908078,0.14812959251837007
5989,0.8341225626740947,0.148104858907998
5990,0.8342618384401114,0.14824707846410684
5991,0.8344011142061282,0.14822233350025038
5992,0.8345403899721449,0.14819759679572764
5993,0.8346796657381615,0.14817286834640414
5994,0.8348189415041782,0.14831498164831497
5995,0.834958217270195,0.1482902418682235
5996,0.8350974930362117,0.1484322881921281
5997,0.8352367688022284,0.14840753710188428
5998,0.8353760445682451,0.14838279426475492
5999,0.8355153203342618,0.14835805967661278
6000,0.8356545961002786,0.14833333333333334
6001,0.8357938718662953,0.14830861523079486
6002,0.835933147632312,0.14828390536487837
6003,0.8360724233983287,0.14842578710644677
6004,0.8362116991643455,0.1485676215856096
6005,0.8363509749303621,0.14870940882597836
6006,0.8364902506963788,0.14885114885114886
6007,0.8366295264623955,0.14882636923589146
6008,0.8367688022284122,0.14880159786950733
6009,0.836908077994429,0.14894325178898318
6010,0.8370473537604457,0.14891846921797006
6011,0.8371866295264624,0.14889369489269672
6012,0.8373259052924791,0.14886892880904856
6013,0.8374651810584958,0.1488441709629137
6014,0.8376044568245126,0.14881942135018292
6015,0.8377437325905293,0.14896093100581878
6016,0.8378830083565459,0.14910239361702127
6017,0.8380222841225626,0.14907761342861892
6018,0.8381615598885794,0.14905284147557327
6019,0.8383008356545961,0.14919421830868915
6020,0.8384401114206128,0.1493355481727575
6021,0.8385793871866295,0.14931074572330177
6022,0.8387186629526462,0.14928595151112586
6023,0.838857938718663,0.14926116553212684
6024,0.8389972144846797,0.14923638778220452
6025,0.8391364902506964,0.14937759336099585
6026,0.839275766016713,0.1495187520743445
6027,0.8394150417827299,0.14965986394557823
6028,0.8395543175487465,0.14963503649635038
6029,0.8396935933147632,0.14961021728313154
6030,0.8398328690807799,0.1495854063018242
6031,0.8399721448467966,0.14956060354833361
6032,0.8401114206128134,0.14970159151193635
6033,0.8402506963788301,0.1496767777225261
6034,0.8403899721448468,0.14965197215777262
6035,0.8405292479108635,0.1496271748135874
6036,0.8406685236768803,0.1496023856858847
6037,0.840807799442897,0.1495776047705814
6038,0.8409470752089137,0.14971844981782048
6039,0.8410863509749303,0.1496936578903792
6040,0.841225626740947,0.14966887417218544
6041,0.8413649025069638,0.14980963416652873
6042,0.8415041782729805,0.1497848394571334
6043,0.8416434540389972,0.14992553367532682
6044,0.8417827298050139,0.1499007279947055
6045,0.8419220055710307,0.1498759305210918
6046,0.8420612813370474,0.1498511412504135
6047,0.8422005571030641,0.14999173143707623
6048,0.8423398328690808,0.14996693121693122
6049,0.8424791086350975,0.1501074557778145
6050,0.8426183844011143,0.15008264462809917
6051,0.8427576601671309,0.1500578416790613
6052,0.8428969359331476,0.15019828155981493
6053,0.8430362116991643,0.15017346770196596
6054,0.843175487465181,0.1503138420878758
6055,0.8433147632311978,0.15028901734104047
6056,0.8434540389972145,0.15042932628797887
6057,0.8435933147632312,0.1504044906719498
6058,0.8437325905292479,0.15054473423572137
6059,0.8438718662952647,0.15051988777025913
6060,0.8440111420612814,0.15066006600660067
6061,0.844150417827298,0.15080019798713085
6062,0.8442896935933147,0.150940283734741
6063,0.8444289693593314,0.15091538842157348
6064,0.8445682451253482,0.15105540897097625
6065,0.8447075208913649,0.15119538334707336
6066,0.8448467966573816,0.15117045829212
6067,0.8449860724233983,0.15131036756222185
6068,0.8451253481894151,0.15128543177323664
6069,0.8452646239554318,0.15142527599275005
6070,0.8454038997214485,0.1514003294892916
6071,0.8455431754874652,0.151375391204085
6072,0.8456824512534818,0.15135046113306982
6073,0.8458217270194986,0.15149020253581427
6074,0.8459610027855153,0.151465261771485
6075,0.846100278551532,0.15160493827160493
6076,0.8462395543175487,0.15174456879526005
6077,0.8463788300835655,0.15171959848609512
6078,0.8465181058495822,0.1518591641987496
6079,0.8466573816155989,0.15199868399407798
6080,0.8467966573816156,0.15197368421052632
6081,0.8469359331476323,0.15194869264923533
6082,0.8470752089136491,0.15208812890496548
6083,0.8472144846796658,0.15206312674667105
6084,0.8473537604456824,0.15203813280736359
6085,0.8474930362116991,0.15201314708299096
6086,0.8476323119777158,0.15198816956950378
6087,0.8477715877437326,0.15196320026285526
6088,0.8479108635097493,0.15193823915900131
6089,0.848050139275766,0.15191328625390046
6090,0.8481894150417827,0.15205254515599342
6091,0.8483286908077995,0.1520275816778854
6092,0.8484679665738162,0.15200262639527248
6093,0.8486072423398329,0.15214180206794684
6094,0.8487465181058496,0.1521168362323597
6095,0.8488857938718662,0.15225594749794913
6096,0.849025069637883,0.15223097112860892
6097,0.8491643454038997,0.1522060029522716
6098,0.8493036211699164,0.15218104296490653
6099,0.8494428969359331,0.15215609116248566
6100,0.8495821727019499,0.1521311475409836
6101,0.8497214484679666,0.15210621209637765
6102,0.8498607242339833,0.15208128482464767
6103,0.85,0.15222021956414877
6104,0.8501392757660167,0.15219528178243774
6105,0.8502785515320335,0.15217035217035216
6106,0.8504178272980502,0.15230920406157877
6107,0.8505571030640668,0.1524480104797773
6108,0.8506963788300835,0.15242305173542894
6109,0.8508356545961003,0.15256179407431658
6110,0.850974930362117,0.15270049099836333
6111,0.8511142061281337,0.15267550319096712
6112,0.8512534818941504,0.15265052356020942
6113,0.8513927576601671,0.15278913790283002
6114,0.8515320334261839,0.15292770690219168
6115,0.8516713091922006,0.15290269828291086
6116,0.8518105849582173,0.15304120340091562
6117,0.851949860724234,0.15317966323361124
6118,0.8520891364902506,0.15331807780320367
6119,0.8522284122562674,0.1532930217355777
6120,0.8523676880222841,0.15326797385620916
6121,0.8525069637883008,0.15340630615912432
6122,0.8526462395543175,0.15354459327017314
6123,0.8527855153203343,0.15351951657684143
6124,0.852924791086351,0.15365774003919008
6125,0.8530640668523677,0.15379591836734693
6126,0.8532033426183844,0.15377081292850148
6127,0.8533426183844011,0.1539089276970785
6128,0.8534818941504179,0.15388381201044388
6129,0.8536211699164346,0.15385870451949746
6130,0.8537604456824512,0.15383360522022838
6131,0.8538997214484679,0.15397161963790573
6132,0.8540389972144847,0.15394651011089366
6133,0.8541782729805014,0.15392140877221588
6134,0.8543175487465181,0.1540593413759374
6135,0.8544568245125348,0.15403422982885084
6136,0.8545961002785515,0.15417209908735333
6137,0.8547353760445683,0.15414697735049698
6138,0.854874651810585,0.15428478331704137
6139,0.8550139275766017,0.15425965140902428
6140,0.8551532033426184,0.15423452768729642
6141,0.8552924791086352,0.15420941214785866
6142,0.8554317548746518,0.15434711820253988
6143,0.8555710306406685,0.15448477942373434
6144,0.8557103064066852,0.15445963541666666
6145,0.8558495821727019,0.1544344995931652
6146,0.8559888579387187,0.15440937194923526
6147,0.8561281337047354,0.154384252480885
6148,0.8562674094707521,0.15435914118412492
6149,0.8564066852367688,0.1544966661245731
6150,0.8565459610027855,0.15447154471544716
6151,0.8566852367688023,0.15444643147455697
6152,0.856824512534819,0.1544213263979194
6153,0.8569637883008356,0.1545587518283764
6154,0.8571030640668523,0.1545336366590835
6155,0.8572423398328691,0.1546709991876523
6156,0.8573816155988858,0.15480831708901885
6157,0.8575208913649025,0.15494559038492772
6158,0.8576601671309192,0.15508281909710944
6159,0.8577994428969359,0.15505763922714727
6160,0.8579387186629527,0.15503246753246752
6161,0.8580779944289694,0.15516961532218795
6162,0.8582172701949861,0.15530671859785783
6163,0.8583565459610027,0.15528151874087295
6164,0.8584958217270195,0.15525632706035042
6165,0.8586350974930362,0.1553933495539335
6166,0.8587743732590529,0.15536814790788192
6167,0.8589136490250696,0.1553429544348954
6168,0.8590529247910863,0.1553177691309987
6169,0.8591922005571031,0.15529259199221915
6170,0.8593314763231198,0.1552674230145867
6171,0.8594707520891365,0.15540431048452438
6172,0.8596100278551532,0.15554115359688916
6173,0.85974930362117,0.1555159565851288
6174,0.8598885793871867,0.15565273728539034
6175,0.8600278551532033,0.15578947368421053
6176,0.86016713091922,0.1557642487046632
6177,0.8603064066852367,0.1559009227780476
6178,0.8604456824512535,0.15587568792489478
6179,0.8605849582172702,0.1558504612396828
6180,0.8607242339832869,0.1558252427184466
6181,0.8608635097493036,0.15596181847597476
6182,0.8610027855153203,0.15609835004852798
6183,0.8611420612813371,0.15623483745754488
6184,0.8612813370473538,0.15620957309184993
6185,0.8614206128133705,0.15618431689571544
6186,0.8615598885793871,0.15615906886517944
6187,0.861699164345404,0.15629545821884597
6188,0.8618384401114206,0.15627020038784745
6189,0.8619777158774373,0.15624495071901762
6190,0.862116991643454,0.15621970920840064
6191,0.8622562674094707,0.15635600064609917
6192,0.8623955431754875,0.1564922480620155
6193,0.8625348189415042,0.1564669788470854
6194,0.8626740947075209,0.15644171779141106
6195,0.8628133704735376,0.1565778853914447
6196,0.8629526462395544,0.1567140090380891
6197,0.863091922005571,0.15685008875262224
6198,0.8632311977715877,0.15698612455630848
6199,0.8633704735376044,0.15712211647039845
6200,0.8635097493036211,0.15725806451612903
6201,0.8636490250696379,0.15723270440251572
6202,0.8637883008356546,0.15720735246694614
6203,0.8639275766016713,0.1571820087054651
6204,0.864066852367688,0.15715667311411993
6205,0.8642061281337048,0.1572925060435133
6206,0.8643454038997215,0.1572671608121173
6207,0.8644846796657382,0.157241823747382
6208,0.8646239554317549,0.15737757731958762
6209,0.8647632311977715,0.15735223063295217
6210,0.8649025069637883,0.1573268921095008
6211,0.865041782729805,0.15746256641442602
6212,0.8651810584958217,0.1574372182871861
6213,0.8653203342618384,0.15741187831965234
6214,0.8654596100278552,0.15738654650788542
6215,0.8655988857938719,0.1573612228479485
6216,0.8657381615598886,0.15733590733590733
6217,0.8658774373259053,0.15747144925205084
6218,0.866016713091922,0.15760694757156643
6219,0.8661559888579388,0.1577424023154848
6220,0.8662952646239555,0.15787781350482316
6221,0.8664345403899721,0.1580131811605851
6222,0.8665738161559888,0.15814850530376084
6223,0.8667130919220055,0.15812309175638758
6224,0.8668523676880223,0.15825835475578406
6225,0.866991643454039,0.15823293172690764
6226,0.8671309192200557,0.15820751686476067
6227,0.8672701949860724,0.1583427011401959
6228,0.8674094707520892,0.15831727681438665
6229,0.8675487465181059,0.15845240006421576
6230,0.8676880222841226,0.15858747993579456
6231,0.8678272980501393,0.1585620285668432
6232,0.8679665738161559,0.15853658536585366
6233,0.8681058495821727,0.15867158671586715
6234,0.8682451253481894,0.1588065447545717
6235,0.8683844011142061,0.15878107457898957
6236,0.8685236768802228,0.15875561257216164
6237,0.8686629526462396,0.15873015873015872
6238,0.8688022284122563,0.15870471304905417
6239,0.868941504178273,0.15867927552492386
6240,0.8690807799442897,0.15881410256410255
6241,0.8692200557103064,0.1587886556641564
6242,0.8693593314763232,0.1587632169176546
6243,0.8694986072423398,0.1588979657216082
6244,0.8696378830083565,0.15903267136450994
6245,0.8697771587743732,0.1590072057646117
6246,0.86991643454039,0.15898174831892412
6247,0.8700557103064067,0.15895629902353128
6248,0.8701949860724234,0.15893085787451985
6249,0.8703342618384401,0.15906545047207554
6250,0.8704735376044568,0.15904
6251,0.8706128133704736,0.1590145576707727
6252,0.8707520891364903,0.159149072296865
6253,0.870891364902507,0.1591236206620822
6254,0.8710306406685236,0.15909817716661337
6255,0.8711699164345403,0.15907274180655476
6256,0.8713091922005571,0.15920716112531969
6257,0.8714484679665738,0.15918171647754514
6258,0.8715877437325905,0.15915627996164908
6259,0.8717270194986072,0.15913085157373383
6260,0.871866295264624,0.15926517571884985
6261,0.8720055710306407,0.15939945695575786
6262,0.8721448467966574,0.15937400191632067
6263,0.8722841225626741,0.15934855500558837
6264,0.8724233983286908,0.15948275862068967
6265,0.8725626740947076,0.15945730247406226
6266,0.8727019498607242,0.15943185445260133
6267,0.8728412256267409,0.15956598053295037
6268,0.8729805013927576,0.15970006381620933
6269,0.8731197771587744,0.159674589248684
6270,0.8732590529247911,0.1598086124401914
6271,0.8733983286908078,0.15978312868760963
6272,0.8735376044568245,0.1599170918367347
6273,0.8736768802228412,0.16005101227482862
6274,0.873816155988858,0.16002550207204336
6275,0.8739554317548747,0.16
6276,0.8740947075208914,0.1601338432122371
6277,0.874233983286908,0.1601083320057352
6278,0.8743732590529248,0.16008282892640968
6279,0.8745125348189415,0.16005733397037744
6280,0.8746518105849582,0.16003184713375795
6281,0.8747910863509749,0.16016557872950168
6282,0.8749303621169916,0.16029926774912448
6283,0.8750696378830084,0.1604329142129556
6284,0.8752089136490251,0.16056651814131126
6285,0.8753481894150418,0.1605409705648369
6286,0.8754874651810585,0.16051543111676742
6287,0.8756267409470752,0.16064895816764752
6288,0.875766016713092,0.1606234096692112
6289,0.8759052924791086,0.1605978692955955
6290,0.8760445682451253,0.16057233704292528
6291,0.876183844011142,0.16054681290732792
6292,0.8763231197771588,0.16068022886204705
6293,0.8764623955431755,0.16065469569362784
6294,0.8766016713091922,0.16062917063870352
6295,0.8767409470752089,0.1607625099285147
6296,0.8768802228412256,0.16073697585768743
6297,0.8770194986072424,0.16071144989677624
6298,0.8771587743732591,0.16068593204191806
6299,0.8772980501392758,0.1608191776472456
6300,0.8774373259052924,0.1607936507936508
6301,0.8775766016713092,0.1609268370099984
6302,0.8777158774373259,0.16105998095842589
6303,0.8778551532033426,0.16103442805013485
6304,0.8779944289693593,0.16116751269035534
6305,0.878133704735376,0.1611419508326725
6306,0.8782729805013928,0.16111639708214398
6307,0.8784122562674095,0.16124940542254637
6308,0.8785515320334262,0.1613823715916297
6309,0.8786908077994429,0.16151529560944683
6310,0.8788300835654597,0.16148969889064976
6311,0.8789693593314764,0.16146411028363175
6312,0.879108635097493,0.16143852978453738
6313,0.8792479108635097,0.16157136068430222
6314,0.8793871866295264,0.16170414950902756
6315,0.8795264623955432,0.16167854315122723
6316,0.8796657381615599,0.1616529449018366
6317,0.8798050139275766,0.16178565774893144
6318,0.8799442896935933,0.16191832858499525
6319,0.88008356545961,0.1618927045418579
6320,0.8802228412256268,0.16186708860759494
6321,0.8803621169916435,0.16184148077835786
6322,0.8805013927576602,0.16197405884213856
6323,0.8806406685236768,0.16194844219516052
6324,0.8807799442896936,0.16192283364958887
6325,0.8809192200557103,0.16189723320158103
6326,0.881058495821727,0.16202971862156182
6327,0.8811977715877437,0.16200410937253043
6328,0.8813370473537604,0.16197850821744628
6329,0.8814763231197772,0.16211091799652394
6330,0.8816155988857939,0.16208530805687205
6331,0.8817548746518106,0.162217659137577
6332,0.8818941504178273,0.16219204042956412
6333,0.8820334261838441,0.1623243328596242
6334,0.8821727019498607,0.16245658351752448
6335,0.8823119777158774,0.16243093922651933
6336,0.8824512534818941,0.16256313131313133
6337,0.8825905292479108,0.16269528167902794
6338,0.8827298050139276,0.1626696118649416
6339,0.8828690807799443,0.1626439501498659
6340,0.883008356545961,0.16277602523659307
6341,0.8831476323119777,0.16275035483362246
6342,0.8832869080779945,0.162882371491643
6343,0.8834261838440112,0.16301434652372696
6344,0.8835654596100279,0.16314627994955863
6345,0.8837047353760445,0.16312056737588654
6346,0.8838440111420612,0.16325244248345414
6347,0.883983286908078,0.16338427603592248
6348,0.8841225626740947,0.1633585381222432
6349,0.8842618384401114,0.16333280831627028
6350,0.8844011142061281,0.16346456692913386
6351,0.8845403899721448,0.16343882853094002
6352,0.8846796657381616,0.16341309823677583
6353,0.8848189415041783,0.16338737604281442
6354,0.884958217270195,0.16336166194523136
6355,0.8850974930362117,0.16349331235247835
6356,0.8852367688022285,0.16362492133417245
6357,0.8853760445682451,0.16359918200409
6358,0.8855153203342618,0.1635734507706826
6359,0.8856545961002785,0.16354772763013053
6360,0.8857938718662952,0.16367924528301886
6361,0.885933147632312,0.1636535135984908
6362,0.8860724233983287,0.16362779000314367
6363,0.8862116991643454,0.1636020744931636
6364,0.8863509749303621,0.16357636706473916
6365,0.8864902506963789,0.16355066771406127
6366,0.8866295264623956,0.16368206094879045
6367,0.8867688022284123,0.16365635307051987
6368,0.886908077994429,0.16363065326633167
6369,0.8870473537604456,0.1637619720521275
6370,0.8871866295264624,0.16389324960753532
6371,0.8873259052924791,0.16402448595196986
6372,0.8874651810584958,0.16415568110483364
6373,0.8876044568245125,0.16428683508551703
6374,0.8877437325905293,0.164261060558519
6375,0.887883008356546,0.1643921568627451
6376,0.8880222841225627,0.1645232120451694
6377,0.8881615598885794,0.1644974125764466
6378,0.888300835654596,0.16447162119786768
6379,0.8884401114206129,0.16460260228876
6380,0.8885793871866295,0.164576802507837
6381,0.8887186629526462,0.1647077260617458
6382,0.8888579387186629,0.1646819178940771
6383,0.8889972144846797,0.1648127839573868
6384,0.8891364902506964,0.1649436090225564
6385,0.8892757660167131,0.1649177760375881
6386,0.8894150417827298,0.16489195114312558
6387,0.8895543175487465,0.16502270236417724
6388,0.8896935933147633,0.16499686912961803
6389,0.88983286908078,0.16512756299890435
6390,0.8899721448467967,0.1651017214397496
6391,0.8901114206128133,0.16523235800344235
6392,0.89025069637883,0.16520650813516896
6393,0.8903899721448468,0.16533708743938683
6394,0.8905292479108635,0.1653112292774476
6395,0.8906685236768802,0.16544175136825645
6396,0.8908077994428969,0.16557223264540338
6397,0.8909470752089137,0.16554634985149289
6398,0.8910863509749304,0.16567677399187247
6399,0.8912256267409471,0.16565088295046101
6400,0.8913649025069638,0.16578125
6401,0.8915041782729805,0.16575535072644898
6402,0.8916434540389973,0.16588566073102157
6403,0.8917827298050139,0.16585975324066843
6404,0.8919220055710306,0.16583385384134916
6405,0.8920612813370473,0.16596409055425448
6406,0.8922005571030641,0.16593818295348112
6407,0.8923398328690808,0.16606836272826597
6408,0.8924791086350975,0.16619850187265917
6409,0.8926183844011142,0.1663286004056795
6410,0.8927576601671309,0.16630265210608425
6411,0.8928969359331477,0.16627671190141943
6412,0.8930362116991644,0.16625077978789768
6413,0.893175487465181,0.16638078902229847
6414,0.8933147632311977,0.1663548487683193
6415,0.8934540389972145,0.16648480124707715
6416,0.8935933147632312,0.16645885286783044
6417,0.8937325905292479,0.16643291257597007
6418,0.8938718662952646,0.16656279214708633
6419,0.8940111420612813,0.16669263125097367
6420,0.8941504178272981,0.16682242990654206
6421,0.8942896935933148,0.16679644915122255
6422,0.8944289693593315,0.1667704764870757
6423,0.8945682451253482,0.16674451191032227
6424,0.8947075208913648,0.16687422166874222
6425,0.8948467966573816,0.16684824902723736
6426,0.8949860724233983,0.16697790227201992
6427,0.895125348189415,0.16695192158083086
6428,0.8952646239554317,0.16692594897324206
6429,0.8954038997214485,0.16705552963135792
6430,0.8955431754874652,0.16702954898911354
6431,0.8956824512534819,0.1671590732389986
6432,0.8958217270194986,0.16713308457711443
6433,0.8959610027855153,0.16726255246385824
6434,0.8961002785515321,0.1672365557973267
6435,0.8962395543175488,0.1672105672105672
6436,0.8963788300835654,0.16718458669981354
6437,0.8965181058495821,0.16715861426130185
6438,0.8966573816155989,0.16713264989127058
6439,0.8967966573816156,0.16710669358596056
6440,0.8969359331476323,0.1670807453416149
6441,0.897075208913649,0.1672100605496041
6442,0.8972144846796657,0.16718410431543
6443,0.8973537604456825,0.16731336334005897
6444,0.8974930362116992,0.16744258224705152
6445,0.8976323119777159,0.16757176105508145
6446,0.8977715877437326,0.16770089978281105
6447,0.8979108635097494,0.1676748875445944
6448,0.898050139275766,0.16780397022332505
6449,0.8981894150417827,0.16777795006977825
6450,0.8983286908077994,0.1677519379844961
6451,0.8984679665738161,0.16788094869012557
6452,0.8986072423398329,0.1680099194048357
6453,0.8987465181058496,0.16813885014721835
6454,0.8988857938718663,0.16826774093585373
6455,0.899025069637883,0.16824167312161115
6456,0.8991643454038997,0.16837050805452292
6457,0.8993036211699165,0.1684993030819266
6458,0.8994428969359332,0.1684732115205946
6459,0.8995821727019498,0.16844712803839604
6460,0.8997214484679665,0.16842105263157894
6461,0.8998607242339833,0.16854976009905587
6462,0.9,0.16852367688022285
6463,0.9001392757660167,0.1686523286399505
6464,0.9002785515320334,0.1687809405940594
6465,0.9004178272980501,0.16875483372003094
6466,0.9005571030640669,0.16888339004021033
6467,0.9006963788300836,0.16885727539817535
6468,0.9008356545961003,0.16898577612863327
6469,0.900974930362117,0.16895965373318905
6470,0.9011142061281338,0.1689335394126739
6471,0.9012534818941504,0.16890743316334414
6472,0.9013927576601671,0.16903584672435104
6473,0.9015320334261838,0.16916422060868222
6474,0.9016713091922005,0.1691380908248378
6475,0.9018105849582173,0.1691119691119691
6476,0.901949860724234,0.1692402717726992
6477,0.9020891364902507,0.16936853481550102
6478,0.9022284122562674,0.16949675825872182
6479,0.9023676880222842,0.16947059731440037
6480,0.9025069637883009,0.16944444444444445
6481,0.9026462395543176,0.16957259682147816
6482,0.9027855153203342,0.1697007096575131
6483,0.9029247910863509,0.16982878297084683
6484,0.9030640668523677,0.16980259099321407
6485,0.9032033426183844,0.16977640709329223
6486,0.9033426183844011,0.16990440949737898
6487,0.9034818941504178,0.17003237243718206
6488,0.9036211699164345,0.17016029593094945
6489,0.9037604456824513,0.17028817999691787
6490,0.903899721448468,0.17026194144838214
6491,0.9040389972144847,0.17023571098444
6492,0.9041782729805014,0.1702094886013555
6493,0.9043175487465182,0.17033728630833206
6494,0.9044568245125348,0.17031105635971666
6495,0.9045961002785515,0.17043879907621248
6496,0.9047353760445682,0.1705665024630542
6497,0.9048746518105849,0.17054024934585194
6498,0.9050139275766017,0.17066789781471223
6499,0.9051532033426184,0.1707955070010771
6500,0.9052924791086351,0.17076923076923076
6501,0.9054317548746518,0.1707429626211352
6502,0.9055710306406686,0.1708705013841895
6503,0.9057103064066853,0.17084422574196526
6504,0.905849582172702,0.17097170971709716
6505,0.9059888579387186,0.17094542659492698
6506,0.9061281337047353,0.17107285582539195
6507,0.9062674094707521,0.1710465652374366
6508,0.9064066852367688,0.17102028272894898
6509,0.9065459610027855,0.17099400829620526
6510,0.9066852367688022,0.17112135176651305
6511,0.906824512534819,0.17124865612041162
6512,0.9069637883008357,0.17137592137592136
6513,0.9071030640668524,0.171349608475357
6514,0.9072423398328691,0.17132330365366902
6515,0.9073816155988857,0.17145049884881045
6516,0.9075208913649025,0.17157765500306937
6517,0.9076601671309192,0.17170477213441768
6518,0.9077994428969359,0.1718318502608162
6519,0.9079387186629526,0.17180549163982206
6520,0.9080779944289693,0.17193251533742332
6521,0.9082172701949861,0.17205950007667536
6522,0.9083565459610028,0.17203311867525298
6523,0.9084958217270195,0.17200674536256325
6524,0.9086350974930362,0.17198038013488656
6525,0.908774373259053,0.17195402298850573
6526,0.9089136490250697,0.1720809071406681
6527,0.9090529247910863,0.17220775241305347
6528,0.909192200557103,0.1721813725490196
6529,0.9093314763231197,0.17230816357788328
6530,0.9094707520891365,0.17243491577335376
6531,0.9096100278551532,0.1724085132445261
6532,0.9097493036211699,0.17253521126760563
6533,0.9098885793871866,0.17266187050359713
6534,0.9100278551532034,0.17263544536271808
6535,0.9101671309192201,0.1727620504973221
6536,0.9103064066852368,0.17273561811505508
6537,0.9104456824512535,0.17270919381979502
6538,0.9105849582172701,0.1728357295809116
6539,0.910724233983287,0.17296222664015903
6540,0.9108635097493036,0.17293577981651376
6541,0.9110027855153203,0.17306222290169698
6542,0.911142061281337,0.17303576887801894
6543,0.9112813370473538,0.17316215803148402
6544,0.9114206128133705,0.1731356968215159
6545,0.9115598885793872,0.173109243697479
6546,0.9116991643454039,0.17308279865566759
6547,0.9118384401114206,0.1730563616923782
6548,0.9119777158774374,0.1730299328039096
6549,0.9121169916434541,0.17315620705451215
6550,0.9122562674094707,0.1732824427480916
6551,0.9123955431754874,0.17340863990230498
6552,0.9125348189415042,0.17338217338217338
6553,0.9126740947075209,0.17350831680146497
6554,0.9128133704735376,0.17348184314922185
6555,0.9129526462395543,0.17360793287566742
6556,0.913091922005571,0.17358145210494202
6557,0.9132311977715878,0.17370748818057039
6558,0.9133704735376045,0.17383348581884722
6559,0.9135097493036212,0.17395944503735325
6560,0.9136490250696379,0.17408536585365852
6561,0.9137883008356545,0.17421124828532236
6562,0.9139275766016713,0.17433709234989334
6563,0.914066852367688,0.1743105287216212
6564,0.9142061281337047,0.17443631931748935
6565,0.9143454038997214,0.1744097486671744
6566,0.9144846796657382,0.17438318611026501
6567,0.9146239554317549,0.1743566316430638
6568,0.9147632311977716,0.17448233861144946
6569,0.9149025069637883,0.17445577713502816
6570,0.915041782729805,0.17442922374429223
6571,0.9151810584958218,0.17440267843555016
6572,0.9153203342618385,0.1743761412051126
6573,0.9154596100278551,0.1745017495816218
6574,0.9155988857938718,0.17447520535442654
6575,0.9157381615598886,0.1744486692015209
6576,0.9158774373259053,0.1744221411192214
6577,0.916016713091922,0.1745476661091683
6578,0.9161559888579387,0.1746731529340225
6579,0.9162952646239554,0.1747986016111871
6580,0.9164345403899722,0.1749240121580547
6581,0.9165738161559889,0.1750493845920073
6582,0.9167130919220056,0.17517471893041628
6583,0.9168523676880223,0.17514810876500075
6584,0.916991643454039,0.175273390036452
6585,0.9171309192200557,0.17524677296886865
6586,0.9172701949860724,0.17537200121469784
6587,0.9174094707520891,0.17549719143768028
6588,0.9175487465181058,0.17547055251973284
6589,0.9176880222841226,0.17544392168766126
6590,0.9178272980501393,0.1755690440060698
6591,0.917966573816156,0.1755424063116371
6592,0.9181058495821727,0.17551577669902912
6593,0.9182451253481894,0.17548915516456848
6594,0.9183844011142062,0.17546254170457992
6595,0.9185236768802229,0.17543593631539045
6596,0.9186629526462395,0.17556094602789568
6597,0.9188022284122562,0.17568591784144308
6598,0.918941504178273,0.17581085177326464
6599,0.9190807799442897,0.1759357478405819
6600,0.9192200557103064,0.1759090909090909
6601,0.9193593314763231,0.1758824420542342
6602,0.9194986072423398,0.1760072705240836
6603,0.9196378830083566,0.17613206118431016
6604,0.9197771587743733,0.17625681405208965
6605,0.91991643454039,0.17623012869038607
6606,0.9200557103064066,0.1763548289433848
6607,0.9201949860724234,0.17647949144846375
6608,0.9203342618384401,0.1766041162227603
6609,0.9204735376044568,0.17672870328340143
6610,0.9206128133704735,0.1768532526475038
6611,0.9207520891364902,0.17697776433217366
6612,0.920891364902507,0.17710223835450695
6613,0.9210306406685237,0.17707545743233025
6614,0.9211699164345404,0.17719987904445117
6615,0.9213091922005571,0.17732426303854876
6616,0.9214484679665739,0.17744860943168078
6617,0.9215877437325906,0.17757291824089466
6618,0.9217270194986072,0.1775460864309459
6619,0.9218662952646239,0.17767034295210757
6620,0.9220055710306406,0.17764350453172206
6621,0.9221448467966574,0.17761667421839603
6622,0.9222841225626741,0.17758985200845667
6623,0.9224233983286908,0.17771402687603804
6624,0.9225626740947075,0.17768719806763286
6625,0.9227019498607242,0.17781132075471698
6626,0.922841225626741,0.17778448536070027
6627,0.9229805013927577,0.17775765806548965
6628,0.9231197771587744,0.17773083886541943
6629,0.923259052924791,0.17770402775682606
6630,0.9233983286908078,0.17782805429864254
6631,0.9235376044568245,0.17795204343236315
6632,0.9236768802228412,0.17807599517490952
6633,0.9238161559888579,0.17819990954319312
6634,0.9239554317548746,0.17817304793488092
6635,0.9240947075208914,0.1782969103240392
6636,0.9242339832869081,0.17827004219409281
6637,0.9243732590529248,0.178393852644267
6638,0.9245125348189415,0.17851762579090089
6639,0.9246518105849583,0.17864136165085104
6640,0.924791086350975,0.17876506024096386
6641,0.9249303621169916,0.1787381418461075
6642,0.9250696378830083,0.17871123155676003
6643,0.925208913649025,0.17868432936926087
6644,0.9253481894150418,0.17865743527995184
6645,0.9254874651810585,0.17863054928517683
6646,0.9256267409470752,0.17860367138128197
6647,0.9257660167130919,0.1785768015646156
6648,0.9259052924791087,0.17870036101083034
6649,0.9260445682451254,0.17867348473454656
6650,0.9261838440111421,0.178796992481203
6651,0.9263231197771588,0.1789204630882574
6652,0.9264623955431754,0.1788935658448587
6653,0.9266016713091922,0.17886667668720876
6654,0.9267409470752089,0.17899008115419296
6655,0.9268802228412256,0.17911344853493613
6656,0.9270194986072423,0.17923677884615385
6657,0.927158774373259,0.17920985428871863
6658,0.9272980501392758,0.17918293781916492
6659,0.9274373259052925,0.17930620213245232
6660,0.9275766016713092,0.17927927927927928
6661,0.9277158774373259,0.17940249211830056
6662,0.9278551532033427,0.1795256679675773
6663,0.9279944289693594,0.1794987242983641
6664,0.928133704735376,0.1794717887154862
6665,0.9282729805013927,0.1794448612153038
6666,0.9284122562674094,0.17941794179417941
6667,0.9285515320334262,0.17954102294885255
6668,0.9286908077994429,0.17951409718056388
6669,0.9288300835654596,0.17963712700554807
6670,0.9289693593314763,0.17976011994003
6671,0.9291086350974931,0.17973317343726578
6672,0.9292479108635098,0.17985611510791366
6673,0.9293871866295265,0.17982916229581897
6674,0.9295264623955432,0.1799520527419838
6675,0.9296657381615598,0.1800749063670412
6676,0.9298050139275766,0.18004793289394846
6677,0.9299442896935933,0.1800209675003744
6678,0.93008356545961,0.17999401018268943
6679,0.9302228412256267,0.17996706093726605
6680,0.9303621169916435,0.18008982035928145
6681,0.9305013927576602,0.18021254303248016
6682,0.9306406685236769,0.18018557318168213
6683,0.9307799442896936,0.1803082448002394
6684,0.9309192200557103,0.18028126870137642
6685,0.9310584958217271,0.18025430067314885
6686,0.9311977715877438,0.18022734071193539
6687,0.9313370473537604,0.18020038881411693
6688,0.9314763231197771,0.18032296650717702
6689,0.9316155988857938,0.18029600837195395
6690,0.9317548746518106,0.18026905829596412
6691,0.9318941504178273,0.18039157076670154
6692,0.932033426183844,0.18051404662283324
6693,0.9321727019498607,0.18048707604960407
6694,0.9323119777158775,0.18060950104571258
6695,0.9324512534818942,0.18073188946975355
6696,0.9325905292479109,0.18085424133811231
6697,0.9327298050139275,0.1809765566671644
6698,0.9328690807799442,0.1810988354732756
6699,0.933008356545961,0.18122107777280191
6700,0.9331476323119777,0.18119402985074626
6701,0.9332869080779944,0.1811669900014923
6702,0.9334261838440111,0.18113995822142645
6703,0.9335654596100279,0.181262121438162
6704,0.9337047353760446,0.18123508353221957
6705,0.9338440111420613,0.18135719612229678
6706,0.933983286908078,0.1813301521025947
6707,0.9341225626740947,0.18145221410466678
6708,0.9342618384401115,0.1815742397137746
6709,0.9344011142061281,0.1816962289461917
6710,0.9345403899721448,0.18166915052160953
6711,0.9346796657381615,0.18164208016689018
6712,0.9348189415041783,0.1816150178784267
6713,0.934958217270195,0.18158796365261434
6714,0.9350974930362117,0.18156091748585046
6715,0.9352367688022284,0.18153387937453463
6716,0.9353760445682451,0.1816557474687314
6717,0.9355153203342619,0.1816287032901593
6718,0.9356545961002786,0.1816016671628461
6719,0.9357938718662953,0.1815746390831969
6720,0.935933147632312,0.18154761904761904
6721,0.9360724233983287,0.18166939443535188
6722,0.9362116991643454,0.1817911335911931
6723,0.9363509749303621,0.18191283653131043
6724,0.9364902506963788,0.18188578227245686
6725,0.9366295264623955,0.1820074349442379
6726,0.9367688022284123,0.18198037466547726
6727,0.936908077994429,0.18210197710718
6728,0.9370473537604457,0.18222354340071345
6729,0.9371866295264624,0.18234507356219348
6730,0.9373259052924791,0.1824665676077266
6731,0.9374651810584959,0.1825880255534096
6732,0.9376044568245125,0.18270944741532977
6733,0.9377437325905292,0.18283083320956484
6734,0.9378830083565459,0.1828036828036828
6735,0.9380222841225627,0.1827765404602821
6736,0.9381615598885794,0.18274940617577198
6737,0.9383008356545961,0.18287071396764137
6738,0.9384401114206128,0.18284357376075988
6739,0.9385793871866295,0.18281644160854726
6740,0.9387186629526463,0.18293768545994066
6741,0.938857938718663,0.18305889333926717
6742,0.9389972144846797,0.18303174132304953
6743,0.9391364902506963,0.18315289930298087
6744,0.9392757660167131,0.18312574139976276
6745,0.9394150417827298,0.18309859154929578
6746,0.9395543175487465,0.18307144974799883
6747,0.9396935933147632,0.18304431599229287
6748,0.9398328690807799,0.1831653823355068
6749,0.9399721448467967,0.1832864128018966
6750,0.9401114206128134,0.1834074074074074
6751,0.9402506963788301,0.1835283661679751
6752,0.9403899721448468,0.18364928909952608
6753,0.9405292479108636,0.1837701762179772
6754,0.9406685236768803,0.183891027539236
6755,0.9408077994428969,0.18386380458919319
6756,0.9409470752089136,0.18383658969804617
6757,0.9410863509749303,0.18380938286221696
6758,0.9412256267409471,0.1839301568511394
6759,0.9413649025069638,0.18390294422251813
6760,0.9415041782729805,0.18387573964497042
6761,0.9416434540389972,0.18384854311492382
6762,0.9417827298050139,0.18382135462880805
6763,0.9419220055710307,0.18394203755729704
6764,0.9420612813370474,0.18391484328799526
6765,0.942200557103064,0.18403547671840353
6766,0.9423398328690807,0.18400827667750516
6767,0.9424791086350975,0.18398108467563173
6768,0.9426183844011142,0.1841016548463357
6769,0.9427576601671309,0.1842221893928202
6770,0.9428969359331476,0.1841949778434269
6771,0.9430362116991643,0.18416777433170875
6772,0.9431754874651811,0.18428824571766095
6773,0.9433147632311978,0.18426103646833014
6774,0.9434540389972145,0.18438145851786242
6775,0.9435933147632312,0.18435424354243543
6776,0.943732590529248,0.1844746162927981
6777,0.9438718662952646,0.1845949535192563
6778,0.9440111420612813,0.18456771909117733
6779,0.944150417827298,0.18468800708069036
6780,0.9442896935933147,0.18480825958702066
6781,0.9444289693593315,0.1849284766258664
6782,0.9445682451253482,0.18504865821291655
6783,0.9447075208913649,0.1851688043638508
6784,0.9448467966573816,0.18528891509433962
6785,0.9449860724233984,0.18526160648489315
6786,0.9451253481894151,0.1852343059239611
6787,0.9452646239554318,0.18535435391189037
6788,0.9454038997214484,0.18532704773129052
6789,0.9455431754874651,0.18544704669318016
6790,0.9456824512534819,0.18556701030927836
6791,0.9458217270194986,0.18568693859519952
6792,0.9459610027855153,0.18580683156654887
6793,0.946100278551532,0.18592668923892242
6794,0.9462395543175487,0.18604651162790697
6795,0.9463788300835655,0.18601913171449597
6796,0.9465181058495822,0.1861389052383755
6797,0.9466573816155989,0.18611151978814183
6798,0.9467966573816156,0.18608414239482202
6799,0.9469359331476324,0.1862038535078688
6800,0.947075208913649,0.1861764705882353
6801,0.9472144846796657,0.18614909572121746
6802,0.9473537604456824,0.1862687444869156
6803,0.9474930362116991,0.18624136410407174
6804,0.9476323119777159,0.18636096413874192
6805,0.9477715877437326,0.18648052902277737
6806,0.9479108635097493,0.18660005877167204
6807,0.948050139275766,0.18671955340091081
6808,0.9481894150417828,0.18683901292596944
6809,0.9483286908077995,0.1868115729181965
6810,0.9484679665738162,0.186784140969163
6811,0.9486072423398328,0.18690353839377477
6812,0.9487465181058495,0.1868761009982384
6813,0.9488857938718663,0.18684867165712607
6814,0.949025069637883,0.1869680070443205
6815,0.9491643454038997,0.18708730741012472
6816,0.9493036211699164,0.18705985915492956
6817,0.9494428969359332,0.18717911104591461
6818,0.9495821727019499,0.18729832795541215
6819,0.9497214484679666,0.18741750989881215
6820,0.9498607242339833,0.1875366568914956
6821,0.95,0.18765576894883448
6822,0.9501392757660168,0.18777484608619174
6823,0.9502785515320334,0.1878938883189213
6824,0.9504178272980501,0.18786635404454866
6825,0.9505571030640668,0.187985347985348
6826,0.9506963788300835,0.1879578083797246
6827,0.9508356545961003,0.18807675406474295
6828,0.950974930362117,0.18819566490919742
6829,0.9511142061281337,0.18831454092839361
6830,0.9512534818941504,0.1882869692532943
6831,0.9513927576601672,0.18840579710144928
6832,0.9515320334261839,0.1885245901639344
6833,0.9516713091922006,0.18864334845602224
6834,0.9518105849582172,0.1887620719929763
6835,0.9519498607242339,0.1888807607900512
6836,0.9520891364902507,0.18885313048566413
6837,0.9522284122562674,0.18897177124469797
6838,0.9523676880222841,0.18894413571219654
6839,0.9525069637883008,0.18891650826144174
6840,0.9526462395543176,0.18903508771929825
6841,0.9527855153203343,0.18915363250986697
6842,0.952924791086351,0.1891259865536393
6843,0.9530640668523677,0.18909834867748063
6844,0.9532033426183844,0.1892168322618352
6845,0.9533426183844012,0.1893352812271731
6846,0.9534818941504178,0.18930762489044697
6847,0.9536211699164345,0.1894260259967869
6848,0.9537604456824512,0.1893983644859813
6849,0.953899721448468,0.18937071105270842
6850,0.9540389972144847,0.1894890510948905
6851,0.9541782729805014,0.1896073565902788
6852,0.9543175487465181,0.18957968476357268
6853,0.9544568245125348,0.18969794250693128
6854,0.9545961002785516,0.18981616574263205
6855,0.9547353760445683,0.1899343544857768
6856,0.954874651810585,0.19005250875145857
6857,0.9550139275766016,0.19002479218317048
6858,0.9551532033426184,0.1899970836978711
6859,0.9552924791086351,0.19011517713952472
6860,0.9554317548746518,0.1902332361516035
6861,0.9555710306406685,0.19020550940096195
6862,0.9557103064066852,0.19017779073156516
6863,0.955849582172702,0.19015008013988052
6864,0.9559888579387187,0.19012237762237763
6865,0.9561281337047354,0.19009468317552805
6866,0.9562674094707521,0.1900669967958054
6867,0.9564066852367687,0.19018494247852047
6868,0.9565459610027855,0.19030285381479325
6869,0.9566852367688022,0.19027514922113845
6870,0.9568245125348189,0.19024745269286755
6871,0.9569637883008356,0.19036530344927957
6872,0.9571030640668524,0.19033760186263096
6873,0.9572423398328691,0.19030990833697076
6874,0.9573816155988858,0.1902822228687809
6875,0.9575208913649025,0.19025454545454545
6876,0.9576601671309192,0.1903723094822571
6877,0.957799442896936,0.1903446270175949
6878,0.9579387186629527,0.19046234370456527
6879,0.9580779944289693,0.19043465620002908
6880,0.958217270194986,0.19055232558139534
6881,0.9583565459610028,0.19052463304752215
6882,0.9584958217270195,0.19064225515838418
6883,0.9586350974930362,0.19075984309167515
6884,0.9587743732590529,0.19087739686228936
6885,0.9589136490250696,0.19099491648511258
6886,0.9590529247910864,0.19096717978507116
6887,0.9591922005571031,0.19093945113982866
6888,0.9593314763231198,0.1909117305458769
6889,0.9594707520891365,0.1908840179997097
6890,0.9596100278551533,0.19100145137880986
6891,0.95974930362117,0.1911188506747932
6892,0.9598885793871866,0.19109112013929194
6893,0.9600278551532033,0.19120847236326707
6894,0.96016713091922,0.19118073687264286
6895,0.9603064066852368,0.1911530094271211
6896,0.9604456824512535,0.19127030162412992
6897,0.9605849582172702,0.19124256923299984
6898,0.9607242339832869,0.19121484488257465
6899,0.9608635097493036,0.19118712856935788
6900,0.9610027855153204,0.19130434782608696
6901,0.9611420612813371,0.19142153311114332
6902,0.9612813370473537,0.1913937988988699
6903,0.9614206128133704,0.19151093727364915
6904,0.9615598885793872,0.19148319814600231
6905,0.9616991643454039,0.19160028964518466
6906,0.9618384401114206,0.19157254561251086
6907,0.9619777158774373,0.19168959027073984
6908,0.962116991643454,0.19180660104226982
6909,0.9622562674094708,0.19192357794181503
6910,0.9623955431754875,0.19204052098408103
6911,0.9625348189415042,0.19215743018376502
6912,0.9626740947075209,0.19227430555555555
6913,0.9628133704735377,0.1923911471141328
6914,0.9629526462395543,0.1923633207983801
6915,0.963091922005571,0.19233550253073028
6916,0.9632311977715877,0.1924522845575477
6917,0.9633704735376044,0.19256903281769552
6918,0.9635097493036212,0.1926857473258167
6919,0.9636490250696379,0.19280242809654574
6920,0.9637883008356546,0.19291907514450868
6921,0.9639275766016713,0.1928912006935414
6922,0.9640668523676881,0.1930078012135221
6923,0.9642061281337048,0.19312436804853386
6924,0.9643454038997215,0.19324090121317158
6925,0.9644846796657381,0.1932129963898917
6926,0.9646239554317548,0.19332948310713255
6927,0.9647632311977716,0.19330157355276453
6928,0.9649025069637883,0.19341801385681293
6929,0.965041782729805,0.1935344205513061
6930,0.9651810584958217,0.19365079365079366
6931,0.9653203342618384,0.19362285384504402
6932,0.9654596100278552,0.1935949221004039
6933,0.9655988857938719,0.19356699841338526
6934,0.9657381615598886,0.19368329968272283
6935,0.9658774373259053,0.1937995674116799
6936,0.966016713091922,0.19377162629757785
6937,0.9661559888579387,0.19388784777281245
6938,0.9662952646239554,0.19400403574517153
6939,0.9664345403899721,0.19397607724455973
6940,0.9665738161559888,0.1940922190201729
6941,0.9667130919220056,0.19406425587091197
6942,0.9668523676880223,0.19403630077787382
6943,0.966991643454039,0.1940083537375774
6944,0.9671309192200557,0.1939804147465438
6945,0.9672701949860725,0.19409647228221744
6946,0.9674094707520892,0.1942124964008062
6947,0.9675487465181059,0.19432848711674103
6948,0.9676880222841225,0.19444444444444445
6949,0.9678272980501392,0.19441646280040292
6950,0.967966573816156,0.1945323741007194
6951,0.9681058495821727,0.19450438785786217
6952,0.9682451253481894,0.19462025316455697
6953,0.9683844011142061,0.194592262332806
6954,0.9685236768802229,0.19470808167960885
6955,0.9686629526462396,0.19468008626887132
6956,0.9688022284122563,0.1947958596894767
6957,0.968941504178273,0.19476785970964497
6958,0.9690807799442896,0.19488358723771199
6959,0.9692200557103064,0.1949992815059635
6960,0.9693593314763231,0.19511494252873562
6961,0.9694986072423398,0.19508691279988508
6962,0.9696378830083565,0.19505889112324046
6963,0.9697771587743732,0.1951744937526928
6964,0.96991643454039,0.19529006318207925
6965,0.9700557103064067,0.19540559942569993
6966,0.9701949860724234,0.19552110249784668
6967,0.9703342618384401,0.19563657241280322
6968,0.9704735376044569,0.195752009184845
6969,0.9706128133704736,0.19572392021810878
6970,0.9707520891364902,0.1956958393113343
6971,0.9708913649025069,0.19581121790273992
6972,0.9710306406685236,0.19578313253012047
6973,0.9711699164345404,0.1958984655098236
6974,0.9713091922005571,0.19601376541439633
6975,0.9714484679665738,0.19612903225806452
6976,0.9715877437325905,0.19624426605504589
6977,0.9717270194986073,0.19635946681954994
6978,0.971866295264624,0.19647463456577816
6979,0.9720055710306407,0.19658976930792377
6980,0.9721448467966574,0.19656160458452723
6981,0.972284122562674,0.19667669388339779
6982,0.9724233983286908,0.19679175021483816
6983,0.9725626740947075,0.19676356866676215
6984,0.9727019498607242,0.19687857961053837
6985,0.9728412256267409,0.1969935576234789
6986,0.9729805013927577,0.19710850271972516
6987,0.9731197771587744,0.19708029197080293
6988,0.9732590529247911,0.1970520892959359
6989,0.9733983286908078,0.19702389469165832
6990,0.9735376044568245,0.1971387696709585
6991,0.9736768802228413,0.1971105707338006
6992,0.973816155988858,0.19708237986270022
6993,0.9739554317548746,0.19705419705419705
6994,0.9740947075208913,0.19716900200171575
6995,0.974233983286908,0.19728377412437456
6996,0.9743732590529248,0.19739851343624928
6997,0.9745125348189415,0.1973703015578105
6998,0.9746518105849582,0.19748499571306088
6999,0.9747910863509749,0.19759965709387056
7000,0.9749303621169917,0.1977142857142857
7001,0.9750696378830084,0.19782888158834452
7002,0.9752089136490251,0.19780062839188803
7003,0.9753481894150418,0.1977723832643153
7004,0.9754874651810584,0.19774414620217018
7005,0.9756267409470752,0.19785867237687366
7006,0.9757660167130919,0.1978304310590922
7007,0.9759052924791086,0.1978021978021978
7008,0.9760445682451253,0.19791666666666666
7009,0.9761838440111421,0.19803110286774148
7010,0.9763231197771588,0.19800285306704707
7011,0.9764623955431755,0.19811724433033803
7012,0.9766016713091922,0.19808899030233884
7013,0.9767409470752089,0.19806074433195495
7014,0.9768802228412257,0.19803250641573994
7015,0.9770194986072424,0.19814682822523164
7016,0.977158774373259,0.19826111744583808
7017,0.9772980501392757,0.19823286304688614
7018,0.9774373259052925,0.19834710743801653
7019,0.9775766016713092,0.19831884883886594
7020,0.9777158774373259,0.19829059829059828
7021,0.9778551532033426,0.19826235578977353
7022,0.9779944289693593,0.19837653090287669
7023,0.9781337047353761,0.1984906735013527
7024,0.9782729805013928,0.1984624145785877
7025,0.9784122562674095,0.19843416370106762
7026,0.9785515320334262,0.19854824935952178
7027,0.978690807799443,0.19866230254731748
7028,0.9788300835654596,0.19863403528742174
7029,0.9789693593314763,0.19874804381846636
7030,0.979108635097493,0.19871977240398292
7031,0.9792479108635097,0.19869150903143223
7032,0.9793871866295265,0.19880546075085323
7033,0.9795264623955432,0.19891938006540594
7034,0.9796657381615599,0.1988911003696332
7035,0.9798050139275766,0.19886282871357497
7036,0.9799442896935933,0.19897669130187606
7037,0.9800835654596101,0.1989484155179764
7038,0.9802228412256268,0.1990622335890878
7039,0.9803621169916434,0.19917601932092627
7040,0.9805013927576601,0.19914772727272728
7041,0.9806406685236769,0.19926146854140037
7042,0.9807799442896936,0.19923317239420618
7043,0.9809192200557103,0.19920488428226607
7044,0.981058495821727,0.19917660420215785
7045,0.9811977715877437,0.19914833215046132
7046,0.9813370473537605,0.19912006812375815
7047,0.9814763231197772,0.19923371647509577
7048,0.9816155988857939,0.19920544835414303
7049,0.9817548746518105,0.199177188253653
7050,0.9818941504178273,0.19929078014184398
7051,0.982033426183844,0.19940433980995603
7052,0.9821727019498607,0.19937606352807713
7053,0.9823119777158774,0.19948957890259464
7054,0.9824512534818941,0.19960306209242984
7055,0.9825905292479109,0.1995747696669029
7056,0.9827298050139276,0.19954648526077098
7057,0.9828690807799443,0.19965991214397052
7058,0.983008356545961,0.19977330688580333
7059,0.9831476323119778,0.19988666949992917
7060,0.9832869080779945,0.1998583569405099
7061,0.9834261838440111,0.19997167540008498
7062,0.9835654596100278,0.19994335882186348
7063,0.9837047353760445,0.20005663315871441
7064,0.9838440111420613,0.20016987542468856
7065,0.983983286908078,0.20014154281670204
7066,0.9841225626740947,0.20011321822813474
7067,0.9842618384401114,0.2002264044148861
7068,0.9844011142061281,0.200339558573854
7069,0.9845403899721449,0.20031121799405857
7070,0.9846796657381616,0.20042432814710043
7071,0.9848189415041783,0.20053740630745298
7072,0.984958217270195,0.20050904977375567
7073,0.9850974930362117,0.2006220839813375
7074,0.9852367688022284,0.20059372349448684
7075,0.9853760445682451,0.20070671378091873
7076,0.9855153203342618,0.20081967213114754
7077,0.9856545961002785,0.20093259855871132
7078,0.9857938718662953,0.20104549307714042
7079,0.985933147632312,0.20115835569995763
7080,0.9860724233983287,0.20112994350282487
7081,0.9862116991643454,0.201242762321706
7082,0.9863509749303622,0.20121434622987858
7083,0.9864902506963789,0.20132712127629535
7084,0.9866295264623955,0.2012987012987013
7085,0.9867688022284122,0.20141143260409317
7086,0.9869080779944289,0.20138300874964718
7087,0.9870473537604457,0.20135459291660787
7088,0.9871866295264624,0.20146726862302483
7089,0.9873259052924791,0.2014388489208633
7090,0.9874651810584958,0.2015514809590973
7091,0.9876044568245126,0.20166408122972782
7092,0.9877437325905293,0.2017766497461929
7093,0.987883008356546,0.2017482024531228
7094,0.9880222841225627,0.20186072737524668
7095,0.9881615598885793,0.2018322762508809
7096,0.9883008356545961,0.2019447576099211
7097,0.9884401114206128,0.20205720727067775
7098,0.9885793871866295,0.20216962524654833
7099,0.9887186629526462,0.20228201155092265
7100,0.9888579387186629,0.20225352112676057
7101,0.9889972144846797,0.20222503872693987
7102,0.9891364902506964,0.20233736975499858
7103,0.9892757660167131,0.20244966915387863
7104,0.9894150417827298,0.20256193693693694
7105,0.9895543175487466,0.20267417311752287
7106,0.9896935933147633,0.20264565156206024
7107,0.9898328690807799,0.20261713803292528
7108,0.9899721448467966,0.20272931907709624
7109,0.9901114206128133,0.20270080180053454
7110,0.9902506963788301,0.2028129395218003
7111,0.9903899721448468,0.20278441850653917
7112,0.9905292479108635,0.202896512935883
7113,0.9906685236768802,0.20286798819063687
7114,0.990807799442897,0.2029800393590104
7115,0.9909470752089137,0.20295151089248067
7116,0.9910863509749304,0.2030635188308038
7117,0.991225626740947,0.20317549529296053
7118,0.9913649025069637,0.2032874402922169
7119,0.9915041782729805,0.20339935384183172
7120,0.9916434540389972,0.20337078651685395
7121,0.9917827298050139,0.20348265693020642
7122,0.9919220055710306,0.20359449592811008
7123,0.9920612813370474,0.20370630352379615
7124,0.9922005571030641,0.2038180797304885
7125,0.9923398328690808,0.20378947368421052
7126,0.9924791086350975,0.20390120684816165
7127,0.9926183844011142,0.20387259716570788
7128,0.992757660167131,0.20398428731762064
7129,0.9928969359331477,0.2040959461355029
7130,0.9930362116991643,0.20420757363253858
7131,0.993175487465181,0.20431916982190437
7132,0.9933147632311977,0.20443073471676948
7133,0.9934540389972145,0.20454226833029582
7134,0.9935933147632312,0.20451359686010653
7135,0.9937325905292479,0.204625087596356
7136,0.9938718662952646,0.20459641255605382
7137,0.9940111420612814,0.20470786044556535
7138,0.9941504178272981,0.20481927710843373
7139,0.9942896935933148,0.2049306625577812
7140,0.9944289693593314,0.20504201680672268
7141,0.9945682451253481,0.20501330345889932
7142,0.9947075208913649,0.20512461495379444
7143,0.9948467966573816,0.20523589528209435
7144,0.9949860724233983,0.20520716685330348
7145,0.995125348189415,0.2053184044786564
7146,0.9952646239554318,0.20542961097117268
7147,0.9954038997214485,0.20554078634392053
7148,0.9955431754874652,0.20565193060996081
7149,0.9956824512534819,0.20562316407889214
7150,0.9958217270194986,0.20573426573426573
7151,0.9959610027855154,0.20584533631659907
7152,0.996100278551532,0.20595637583892618
7153,0.9962395543175487,0.20606738431427374
7154,0.9963788300835654,0.20617836175566118
7155,0.9965181058495822,0.20628930817610064
7156,0.9966573816155989,0.20640022358859697
7157,0.9967966573816156,0.20651110800614783
7158,0.9969359331476323,0.2066219614417435
7159,0.997075208913649,0.20659309959491548
7160,0.9972144846796658,0.20670391061452514
7161,0.9973537604456825,0.2066750453847228
7162,0.9974930362116992,0.2067858140184306
7163,0.9976323119777158,0.20689655172413793
7164,0.9977715877437325,0.2070072585147962
7165,0.9979108635097493,0.20697836706210745
7166,0.998050139275766,0.2069494836728998
7167,0.9981894150417827,0.20706013673782614
7168,0.9983286908077994,0.20717075892857142
7169,0.9984679665738162,0.20714186078951038
7170,0.9986072423398329,0.20725244072524407
7171,0.9987465181058496,0.20736298982010878
7172,0.9988857938718663,0.20747350808700502
7173,0.999025069637883,0.20758399553882614
7174,0.9991643454038998,0.20769445218845833
7175,0.9993036211699164,0.20780487804878048
7176,0.9994428969359331,0.20777591973244147
7177,0.9995821727019498,0.2078863034694162
7178,0.9997214484679666,0.2079966564502647
7179,0.9998607242339833,0.20810697868783953
7180,1.0,0.20821727019498606
