accepted,coverage,risk
1,0.0001392757660167131,0.0
2,0.0002785515320334262,0.0
3,0.00041782729805013927,0.0
4,0.0005571030640668524,0.0
5,0.0006963788300835655,0.0
6,0.0008356545961002785,0.0
7,0.0009749303621169916,0.0
8,0.0011142061281337048,0.0
9,0.0012534818941504179,0.0
10,0.001392757660167131,0.0
11,0.001532033426183844,0.0
12,0.001671309192200557,0.0
13,0.0018105849582172701,0.0
14,0.0019498607242339832,0.0
15,0.0020891364902506965,0.0
16,0.0022284122562674096,0.0
17,0.0023676880222841226,0.0
18,0.0025069637883008357,0.0
19,0.0026462395543175488,0.0
20,0.002785515320334262,0.0
21,0.002924791086350975,0.0
22,0.003064066852367688,0.0
23,0.003203342618384401,0.0
24,0.003342618384401114,0.0
25,0.003481894150417827,0.0
26,0.0036211699164345403,0.0
27,0.0037604456824512533,0.0
28,0.0038997214484679664,0.0
29,0.00403899721448468,0.0
30,0.004178272980501393,0.0
31,0.004317548746518106,0.0
32,0.004456824512534819,0.0
33,0.004596100278551532,0.0
34,0.004735376044568245,0.0
35,0.004874651810584958,0.0
36,0.005013927576601671,0.0
37,0.0051532033426183845,0.0
38,0.0052924791086350976,0.0
39,0.005431754874651811,0.0
40,0.005571030640668524,0.0
41,0.005710306406685237,0.0
42,0.00584958217270195,0.0
43,0.005988857938718663,0.0
44,0.006128133704735376,0.0
45,0.006267409470752089,0.0
46,0.006406685236768802,0.0
47,0.006545961002785515,0.0
48,0.006685236768802228,0.0
49,0.006824512534818941,0.0
50,0.006963788300835654,0.0
51,0.0071030640668523675,0.0
52,0.0072423398328690805,0.0
53,0.007381615598885794,0.0
54,0.007520891364902507,0.0
55,0.00766016713091922,0.0
56,0.007799442896935933,0.0
57,0.007938718662952647,0.0
58,0.00807799442896936,0.0
59,0.008217270194986073,0.0
60,0.008356545961002786,0.0
61,0.008495821727019499,0.0
62,0.008635097493036212,0.0
63,0.008774373259052925,0.0
64,0.008913649025069638,0.0
65,0.009052924791086351,0.0
66,0.009192200557103064,0.0
67,0.009331476323119777,0.0
68,0.00947075208913649,0.0
69,0.009610027855153204,0.0
70,0.009749303621169917,0.0
71,0.00988857938718663,0.0
72,0.010027855153203343,0.0
73,0.010167130919220056,0.0
74,0.010306406685236769,0.0
75,0.010445682451253482,0.0
76,0.010584958217270195,0.0
77,0.010724233983286908,0.0
78,0.010863509749303621,0.0
79,0.011002785515320334,0.0
80,0.011142061281337047,0.0
81,0.01128133704735376,0.0
82,0.011420612813370474,0.0
83,0.011559888579387187,0.0
84,0.0116991643454039,0.0
85,0.011838440111420613,0.0
86,0.011977715877437326,0.0
87,0.012116991643454039,0.0
88,0.012256267409470752,0.0
89,0.012395543175487465,0.0
90,0.012534818941504178,0.0
91,0.012674094707520891,0.0
92,0.012813370473537604,0.0
93,0.012952646239554317,0.0
94,0.01309192200557103,0.0
95,0.013231197771587743,0.0
96,0.013370473537604457,0.0
97,0.01350974930362117,0.0
98,0.013649025069637883,0.0
99,0.013788300835654596,0.0
100,0.013927576601671309,0.0
101,0.014066852367688022,0.0
102,0.014206128133704735,0.0
103,0.014345403899721448,0.0
104,0.014484679665738161,0.0
105,0.014623955431754874,0.0
106,0.014763231197771587,0.0
107,0.0149025069637883,0.0
108,0.015041782729805013,0.0
109,0.015181058495821726,0.0
110,0.01532033426183844,0.0
111,0.015459610027855153,0.0
112,0.015598885793871866,0.0
113,0.01573816155988858,0.0
114,0.015877437325905294,0.0
115,0.016016713091922007,0.0
116,0.01615598885793872,0.0
117,0.016295264623955433,0.0
118,0.016434540389972146,0.0
119,0.01657381615598886,0.0
120,0.016713091922005572,0.0
121,0.016852367688022285,0.0
122,0.016991643454038998,0.0
123,0.01713091922005571,0.0
124,0.017270194986072424,0.0
125,0.017409470752089137,0.0
126,0.01754874651810585,0.0
127,0.017688022284122563,0.0
128,0.017827298050139277,0.0
129,0.01796657381615599,0.0
130,0.018105849582172703,0.0
131,0.018245125348189416,0.0
132,0.01838440111420613,0.0
133,0.018523676880222842,0.0
134,0.018662952646239555,0.0
135,0.018802228412256268,0.0
136,0.01894150417827298,0.0
137,0.019080779944289694,0.0
138,0.019220055710306407,0.0
139,0.01935933147632312,0.0
140,0.019498607242339833,0.0
141,0.019637883008356546,0.0
142,0.01977715877437326,0.0
143,0.019916434540389973,0.0
144,0.020055710306406686,0.0
145,0.0201949860724234,0.0
146,0.020334261838440112,0.0
147,0.020473537604456825,0.0
148,0.020612813370473538,0.0
149,0.02075208913649025,0.0
150,0.020891364902506964,0.0
151,0.021030640668523677,0.0
152,0.02116991643454039,0.0
153,0.021309192200557103,0.0
154,0.021448467966573816,0.0
155,0.02158774373259053,0.0
156,0.021727019498607242,0.0
157,0.021866295264623956,0.0
158,0.02200557103064067,0.0
159,0.02214484679665738,0.0
160,0.022284122562674095,0.0
161,0.022423398328690808,0.0
162,0.02256267409470752,0.0
163,0.022701949860724234,0.0
164,0.022841225626740947,0.0
165,0.02298050139275766,0.0
166,0.023119777158774373,0.0
167,0.023259052924791086,0.0
168,0.0233983286908078,0.0
169,0.023537604456824512,0.0
170,0.023676880222841225,0.0
171,0.02381615598885794,0.0
172,0.02395543175487465,0.0
173,0.024094707520891365,0.0
174,0.024233983286908078,0.0
175,0.02437325905292479,0.0
176,0.024512534818941504,0.0
177,0.024651810584958217,0.0
178,0.02479108635097493,0.0
179,0.024930362116991643,0.0
180,0.025069637883008356,0.0
181,0.02520891364902507,0.0
182,0.025348189415041782,0.0
183,0.025487465181058495,0.0
184,0.02562674094707521,0.0
185,0.02576601671309192,0.0
186,0.025905292479108635,0.0
187,0.026044568245125348,0.0
188,0.02618384401114206,0.0
189,0.026323119777158774,0.0
190,0.026462395543175487,0.0
191,0.0266016713091922,0.0
192,0.026740947075208913,0.0
193,0.026880222841225626,0.0
194,0.02701949860724234,0.0
195,0.027158774373259052,0.0
196,0.027298050139275765,0.0
197,0.02743732590529248,0.0
198,0.02757660167130919,0.0
199,0.027715877437325905,0.0
200,0.027855153203342618,0.0
201,0.02799442896935933,0.0
202,0.028133704735376044,0.0
203,0.028272980501392757,0.0
204,0.02841225626740947,0.0
205,0.028551532033426183,0.0
206,0.028690807799442896,0.0
207,0.02883008356545961,0.0
208,0.028969359331476322,0.0
209,0.029108635097493035,0.0
210,0.02924791086350975,0.0
211,0.02938718662952646,0.0
212,0.029526462395543174,0.0
213,0.029665738161559888,0.0
214,0.0298050139275766,0.0
215,0.029944289693593314,0.0
216,0.030083565459610027,0.0
217,0.03022284122562674,0.0
218,0.030362116991643453,0.0
219,0.030501392757660166,0.0
220,0.03064066852367688,0.0
221,0.030779944289693592,0.0
222,0.030919220055710305,0.0
223,0.031058495821727018,0.0
224,0.03119777158774373,0.0
225,0.031337047353760444,0.0
226,0.03147632311977716,0.0
227,0.03161559888579387,0.0
228,0.03175487465181059,0.0
229,0.0318941504178273,0.0
230,0.03203342618384401,0.0
231,0.03217270194986072,0.0
232,0.03231197771587744,0.0
233,0.03245125348189415,0.0
234,0.032590529247910865,0.0
235,0.032729805013927575,0.0
236,0.03286908077994429,0.0
237,0.033008356545961,0.0
238,0.03314763231197772,0.0
239,0.03328690807799443,0.0
240,0.033426183844011144,0.0
241,0.033565459610027853,0.0
242,0.03370473537604457,0.0
243,0.03384401114206128,0.0
244,0.033983286908077996,0.0
245,0.034122562674094706,0.0
246,0.03426183844011142,0.0
247,0.03440111420612813,0.0
248,0.03454038997214485,0.0
249,0.03467966573816156,0.0
250,0.034818941504178275,0.0
251,0.034958217270194984,0.0
252,0.0350974930362117,0.0
253,0.03523676880222841,0.0
254,0.03537604456824513,0.0
255,0.035515320334261836,0.0
256,0.03565459610027855,0.0
257,0.03579387186629526,0.0
258,0.03593314763231198,0.0
259,0.03607242339832869,0.0
260,0.036211699164345405,0.0
261,0.036350974930362115,0.0
262,0.03649025069637883,0.0
263,0.03662952646239554,0.0
264,0.03676880222841226,0.0
265,0.03690807799442897,0.0
266,0.037047353760445684,0.0
267,0.03718662952646239,0.0
268,0.03732590529247911,0.0
269,0.03746518105849582,0.0
270,0.037604456824512536,0.0
271,0.037743732590529246,0.0
272,0.03788300835654596,0.0
273,0.03802228412256267,0.0
274,0.03816155988857939,0.0
275,0.0383008356545961,0.0
276,0.038440111420612814,0.0
277,0.038579387186629524,0.0
278,0.03871866295264624,0.0
279,0.03885793871866295,0.0
280,0.03899721448467967,0.0
281,0.039136490250696376,0.0
282,0.03927576601671309,0.0
283,0.0394150417827298,0.0
284,0.03955431754874652,0.0
285,0.03969359331476323,0.0
286,0.039832869080779945,0.0
287,0.039972144846796655,0.0
288,0.04011142061281337,0.0
289,0.04025069637883008,0.0
290,0.0403899721448468,0.0
291,0.04052924791086351,0.0
292,0.040668523676880224,0.0
293,0.04080779944289693,0.0
294,0.04094707520891365,0.0
295,0.04108635097493036,0.0
296,0.041225626740947076,0.0
297,0.041364902506963785,0.0
298,0.0415041782729805,0.0
299,0.04164345403899721,0.0
300,0.04178272980501393,0.0
301,0.04192200557103064,0.0
302,0.042061281337047354,0.0
303,0.042200557103064064,0.0
304,0.04233983286908078,0.0
305,0.04247910863509749,0.0
306,0.04261838440111421,0.0
307,0.042757660167130916,0.0
308,0.04289693593314763,0.0
309,0.04303621169916434,0.0
310,0.04317548746518106,0.0
311,0.04331476323119777,0.0
312,0.043454038997214485,0.0
313,0.043593314763231195,0.0
314,0.04373259052924791,0.0
315,0.04387186629526462,0.0
316,0.04401114206128134,0.0
317,0.04415041782729805,0.0
318,0.04428969359331476,0.0
319,0.04442896935933147,0.0
320,0.04456824512534819,0.0
321,0.0447075208913649,0.0
322,0.044846796657381616,0.0
323,0.044986072423398325,0.0
324,0.04512534818941504,0.0
325,0.04526462395543175,0.0
326,0.04540389972144847,0.0
327,0.045543175487465185,0.0
328,0.045682451253481894,0.0
329,0.04582172701949861,0.0
330,0.04596100278551532,0.0
331,0.04610027855153204,0.0
332,0.046239554317548746,0.0
333,0.04637883008356546,0.0
334,0.04651810584958217,0.0
335,0.04665738161559889,0.0
336,0.0467966573816156,0.0
337,0.046935933147632315,0.0
338,0.047075208913649025,0.0
339,0.04721448467966574,0.0
340,0.04735376044568245,0.0
341,0.04749303621169917,0.0
342,0.04763231197771588,0.0
343,0.047771587743732594,0.0
344,0.0479108635097493,0.0
345,0.04805013927576602,0.0
346,0.04818941504178273,0.0
347,0.048328690807799446,0.0
348,0.048467966573816156,0.0
349,0.04860724233983287,0.0
350,0.04874651810584958,0.0
351,0.0488857938718663,0.0
352,0.04902506963788301,0.0
353,0.049164345403899724,0.0
354,0.049303621169916434,0.0
355,0.04944289693593315,0.0
356,0.04958217270194986,0.0
357,0.04972144846796658,0.0
358,0.049860724233983286,0.0
359,0.05,0.0
360,0.05013927576601671,0.0
361,0.05027855153203343,0.0
362,0.05041782729805014,0.0
363,0.050557103064066855,0.0
364,0.050696378830083565,0.0
365,0.05083565459610028,0.0
366,0.05097493036211699,0.0
367,0.05111420612813371,0.0
368,0.05125348189415042,0.0
369,0.051392757660167133,0.0
370,0.05153203342618384,0.002702702702702703
371,0.05167130919220056,0.005390835579514825
372,0.05181058495821727,0.005376344086021506
373,0.051949860724233986,0.005361930294906166
374,0.052089136490250695,0.0053475935828877
375,0.05222841225626741,0.005333333333333333
376,0.05236768802228412,0.005319148936170213
377,0.05250696378830084,0.005305039787798408
378,0.05264623955431755,0.005291005291005291
379,0.052785515320334264,0.005277044854881266
380,0.052924791086350974,0.005263157894736842
381,0.05306406685236769,0.005249343832020997
382,0.0532033426183844,0.005235602094240838
383,0.053342618384401116,0.005221932114882507
384,0.053481894150417826,0.005208333333333333
385,0.05362116991643454,0.005194805194805195
386,0.05376044568245125,0.0051813471502590676
387,0.05389972144846797,0.00516795865633075
388,0.05403899721448468,0.005154639175257732
389,0.054178272980501395,0.007712082262210797
390,0.054317548746518104,0.007692307692307693
391,0.05445682451253482,0.010230179028132993
392,0.05459610027855153,0.01020408163265306
393,0.05473537604456825,0.010178117048346057
394,0.05487465181058496,0.01015228426395939
395,0.05501392757660167,0.010126582278481013
396,0.05515320334261838,0.010101010101010102
397,0.0552924791086351,0.010075566750629723
398,0.05543175487465181,0.010050251256281407
399,0.055571030640668526,0.010025062656641603
400,0.055710306406685235,0.01
401,0.05584958217270195,0.00997506234413965
402,0.05598885793871866,0.009950248756218905
403,0.05612813370473538,0.009925558312655087
404,0.05626740947075209,0.009900990099009901
405,0.056406685236768804,0.009876543209876543
406,0.056545961002785514,0.009852216748768473
407,0.05668523676880223,0.009828009828009828
408,0.05682451253481894,0.00980392156862745
409,0.056963788300835656,0.009779951100244499
410,0.057103064066852366,0.00975609756097561
411,0.05724233983286908,0.009732360097323601
412,0.05738161559888579,0.009708737864077669
413,0.05752089136490251,0.009685230024213076
414,0.05766016713091922,0.00966183574879227
415,0.057799442896935935,0.00963855421686747
416,0.057938718662952644,0.009615384615384616
417,0.05807799442896936,0.009592326139088728
418,0.05821727019498607,0.009569377990430622
419,0.05835654596100279,0.00954653937947494
420,0.0584958217270195,0.009523809523809525
421,0.05863509749303621,0.009501187648456057
422,0.05877437325905292,0.009478672985781991
423,0.05891364902506964,0.009456264775413711
424,0.05905292479108635,0.009433962264150943
425,0.059192200557103065,0.009411764705882352
426,0.059331476323119775,0.009389671361502348
427,0.05947075208913649,0.00936768149882904
428,0.0596100278551532,0.009345794392523364
429,0.05974930362116992,0.009324009324009324
430,0.05988857938718663,0.009302325581395349
431,0.060027855153203344,0.009280742459396751
432,0.06016713091922005,0.009259259259259259
433,0.06030640668523677,0.009237875288683603
434,0.06044568245125348,0.009216589861751152
435,0.060584958217270196,0.009195402298850575
436,0.060724233983286906,0.009174311926605505
437,0.06086350974930362,0.009153318077803204
438,0.06100278551532033,0.0091324200913242
439,0.06114206128133705,0.009111617312072893
440,0.06128133704735376,0.00909090909090909
441,0.061420612813370475,0.009070294784580499
442,0.061559888579387184,0.00904977375565611
443,0.0616991643454039,0.009029345372460496
444,0.06183844011142061,0.009009009009009009
445,0.06197771587743733,0.008988764044943821
446,0.062116991643454036,0.008968609865470852
447,0.06225626740947075,0.008948545861297539
448,0.06239554317548746,0.008928571428571428
449,0.06253481894150417,0.008908685968819599
450,0.06267409470752089,0.008888888888888889
451,0.0628133704735376,0.008869179600886918
452,0.06295264623955432,0.008849557522123894
453,0.06309192200557102,0.008830022075055188
454,0.06323119777158774,0.00881057268722467
455,0.06337047353760446,0.008791208791208791
456,0.06350974930362117,0.008771929824561403
457,0.06364902506963788,0.010940919037199124
458,0.0637883008356546,0.010917030567685589
459,0.06392757660167131,0.010893246187363835
460,0.06406685236768803,0.010869565217391304
461,0.06420612813370473,0.010845986984815618
462,0.06434540389972145,0.010822510822510822
463,0.06448467966573816,0.01079913606911447
464,0.06462395543175488,0.010775862068965518
465,0.06476323119777158,0.010752688172043012
466,0.0649025069637883,0.01072961373390558
467,0.06504178272980501,0.010706638115631691
468,0.06518105849582173,0.010683760683760684
469,0.06532033426183843,0.010660980810234541
470,0.06545961002785515,0.010638297872340425
471,0.06559888579387187,0.010615711252653927
472,0.06573816155988858,0.01059322033898305
473,0.06587743732590529,0.010570824524312896
474,0.066016713091922,0.010548523206751054
475,0.06615598885793872,0.010526315789473684
476,0.06629526462395544,0.01050420168067227
477,0.06643454038997214,0.010482180293501049
478,0.06657381615598885,0.010460251046025104
479,0.06671309192200557,0.010438413361169102
480,0.06685236768802229,0.0125
481,0.06699164345403899,0.012474012474012475
482,0.06713091922005571,0.014522821576763486
483,0.06727019498607242,0.014492753623188406
484,0.06740947075208914,0.014462809917355372
485,0.06754874651810584,0.01443298969072165
486,0.06768802228412256,0.01440329218106996
487,0.06782729805013928,0.014373716632443531
488,0.06796657381615599,0.014344262295081968
489,0.0681058495821727,0.014314928425357873
490,0.06824512534818941,0.014285714285714285
491,0.06838440111420613,0.014256619144602852
492,0.06852367688022284,0.014227642276422764
493,0.06866295264623956,0.014198782961460446
494,0.06880222841225626,0.01417004048582996
495,0.06894150417827298,0.014141414141414142
496,0.0690807799442897,0.014112903225806451
497,0.06922005571030641,0.014084507042253521
498,0.06935933147632312,0.014056224899598393
499,0.06949860724233983,0.014028056112224449
500,0.06963788300835655,0.014
501,0.06977715877437327,0.013972055888223553
502,0.06991643454038997,0.013944223107569721
503,0.07005571030640668,0.013916500994035786
504,0.0701949860724234,0.013888888888888888
505,0.07033426183844012,0.013861386138613862
506,0.07047353760445682,0.01383399209486166
507,0.07061281337047354,0.013806706114398421
508,0.07075208913649025,0.013779527559055118
509,0.07089136490250697,0.0137524557956778
510,0.07103064066852367,0.013725490196078431
511,0.07116991643454039,0.0136986301369863
512,0.0713091922005571,0.013671875
513,0.07144846796657382,0.01364522417153996
514,0.07158774373259053,0.013618677042801557
515,0.07172701949860724,0.013592233009708738
516,0.07186629526462396,0.013565891472868217
517,0.07200557103064067,0.013539651837524178
518,0.07214484679665738,0.013513513513513514
519,0.0722841225626741,0.01348747591522158
520,0.07242339832869081,0.013461538461538462
521,0.07256267409470753,0.013435700575815739
522,0.07270194986072423,0.013409961685823755
523,0.07284122562674095,0.01338432122370937
524,0.07298050139275766,0.013358778625954198
525,0.07311977715877438,0.013333333333333334
526,0.07325905292479108,0.013307984790874524
527,0.0733983286908078,0.013282732447817837
528,0.07353760445682452,0.013257575757575758
529,0.07367688022284123,0.013232514177693762
530,0.07381615598885793,0.013207547169811321
531,0.07395543175487465,0.013182674199623353
532,0.07409470752089137,0.013157894736842105
533,0.07423398328690808,0.013133208255159476
534,0.07437325905292479,0.013108614232209739
535,0.0745125348189415,0.013084112149532711
536,0.07465181058495822,0.013059701492537313
537,0.07479108635097494,0.01303538175046555
538,0.07493036211699164,0.013011152416356878
539,0.07506963788300836,0.014842300556586271
540,0.07520891364902507,0.014814814814814815
541,0.07534818941504179,0.014787430683918669
542,0.07548746518105849,0.014760147601476014
543,0.07562674094707521,0.014732965009208104
544,0.07576601671309192,0.014705882352941176
545,0.07590529247910864,0.014678899082568808
546,0.07604456824512534,0.014652014652014652
547,0.07618384401114206,0.014625228519195612
548,0.07632311977715878,0.014598540145985401
549,0.0764623955431755,0.014571948998178506
550,0.0766016713091922,0.014545454545454545
551,0.07674094707520891,0.014519056261343012
552,0.07688022284122563,0.014492753623188406
553,0.07701949860724235,0.014466546112115732
554,0.07715877437325905,0.01444043321299639
555,0.07729805013927576,0.014414414414414415
556,0.07743732590529248,0.014388489208633094
557,0.0775766016713092,0.01436265709156194
558,0.0777158774373259,0.014336917562724014
559,0.07785515320334262,0.014311270125223614
560,0.07799442896935933,0.014285714285714285
561,0.07813370473537605,0.0142602495543672
562,0.07827298050139275,0.014234875444839857
563,0.07841225626740947,0.014209591474245116
564,0.07855153203342619,0.014184397163120567
565,0.0786908077994429,0.01415929203539823
566,0.0788300835654596,0.014134275618374558
567,0.07896935933147632,0.014109347442680775
568,0.07910863509749304,0.014084507042253521
569,0.07924791086350975,0.014059753954305799
570,0.07938718662952646,0.014035087719298246
571,0.07952646239554317,0.014010507880910683
572,0.07966573816155989,0.013986013986013986
573,0.0798050139275766,0.013961605584642234
574,0.07994428969359331,0.013937282229965157
575,0.08008356545961003,0.01391304347826087
576,0.08022284122562674,0.013888888888888888
577,0.08036211699164346,0.01386481802426343
578,0.08050139275766016,0.01384083044982699
579,0.08064066852367688,0.013816925734024179
580,0.0807799442896936,0.013793103448275862
581,0.08091922005571031,0.013769363166953529
582,0.08105849582172701,0.013745704467353952
583,0.08119777158774373,0.0137221269296741
584,0.08133704735376045,0.0136986301369863
585,0.08147632311977716,0.013675213675213675
586,0.08161559888579387,0.013651877133105802
587,0.08175487465181058,0.013628620102214651
588,0.0818941504178273,0.013605442176870748
589,0.08203342618384402,0.013582342954159592
590,0.08217270194986072,0.013559322033898305
591,0.08231197771587744,0.01353637901861252
592,0.08245125348189415,0.013513513513513514
593,0.08259052924791087,0.013490725126475547
594,0.08272980501392757,0.013468013468013467
595,0.08286908077994429,0.013445378151260505
596,0.083008356545961,0.013422818791946308
597,0.08314763231197772,0.01340033500837521
598,0.08328690807799442,0.013377926421404682
599,0.08342618384401114,0.01335559265442404
600,0.08356545961002786,0.013333333333333334
601,0.08370473537604457,0.013311148086522463
602,0.08384401114206128,0.013289036544850499
603,0.08398328690807799,0.013266998341625208
604,0.08412256267409471,0.013245033112582781
605,0.08426183844011143,0.013223140495867768
606,0.08440111420612813,0.013201320132013201
607,0.08454038997214484,0.013179571663920923
608,0.08467966573816156,0.013157894736842105
609,0.08481894150417828,0.013136288998357963
610,0.08495821727019498,0.013114754098360656
611,0.0850974930362117,0.01309328968903437
612,0.08523676880222841,0.013071895424836602
613,0.08537604456824513,0.013050570962479609
614,0.08551532033426183,0.013029315960912053
615,0.08565459610027855,0.013008130081300813
616,0.08579387186629527,0.012987012987012988
617,0.08593314763231198,0.012965964343598054
618,0.08607242339832868,0.012944983818770227
619,0.0862116991643454,0.012924071082390954
620,0.08635097493036212,0.012903225806451613
621,0.08649025069637883,0.01288244766505636
622,0.08662952646239554,0.012861736334405145
623,0.08676880222841225,0.012841091492776886
624,0.08690807799442897,0.01282051282051282
625,0.08704735376044569,0.0128
626,0.08718662952646239,0.012779552715654952
627,0.0873259052924791,0.012759170653907496
628,0.08746518105849582,0.012738853503184714
629,0.08760445682451254,0.012718600953895072
630,0.08774373259052924,0.012698412698412698
631,0.08788300835654596,0.012678288431061807
632,0.08802228412256267,0.012658227848101266
633,0.08816155988857939,0.01263823064770932
634,0.0883008356545961,0.012618296529968454
635,0.08844011142061281,0.012598425196850394
636,0.08857938718662953,0.012578616352201259
637,0.08871866295264624,0.012558869701726845
638,0.08885793871866295,0.012539184952978056
639,0.08899721448467966,0.012519561815336464
640,0.08913649025069638,0.0125
641,0.0892757660167131,0.0124804992199688
642,0.0894150417827298,0.012461059190031152
643,0.08955431754874651,0.012441679626749611
644,0.08969359331476323,0.012422360248447204
645,0.08983286908077995,0.012403100775193798
646,0.08997214484679665,0.01238390092879257
647,0.09011142061281337,0.012364760432766615
648,0.09025069637883008,0.012345679012345678
649,0.0903899721448468,0.012326656394453005
650,0.0905292479108635,0.012307692307692308
651,0.09066852367688022,0.01228878648233487
652,0.09080779944289694,0.012269938650306749
653,0.09094707520891365,0.01225114854517611
654,0.09108635097493037,0.012232415902140673
655,0.09122562674094707,0.012213740458015267
656,0.09136490250696379,0.012195121951219513
657,0.0915041782729805,0.0121765601217656
658,0.09164345403899722,0.0121580547112462
659,0.09178272980501392,0.012139605462822459
660,0.09192200557103064,0.012121212121212121
661,0.09206128133704736,0.012102874432677761
662,0.09220055710306407,0.012084592145015106
663,0.09233983286908078,0.012066365007541479
664,0.09247910863509749,0.012048192771084338
665,0.09261838440111421,0.012030075187969926
666,0.09275766016713093,0.012012012012012012
667,0.09289693593314763,0.01199400299850075
668,0.09303621169916435,0.011976047904191617
669,0.09317548746518106,0.01195814648729447
670,0.09331476323119778,0.011940298507462687
671,0.09345403899721448,0.011922503725782414
672,0.0935933147632312,0.011904761904761904
673,0.09373259052924791,0.01188707280832095
674,0.09387186629526463,0.011869436201780416
675,0.09401114206128133,0.011851851851851851
676,0.09415041782729805,0.011834319526627219
677,0.09428969359331477,0.011816838995568686
678,0.09442896935933148,0.011799410029498525
679,0.09456824512534819,0.011782032400589101
680,0.0947075208913649,0.011764705882352941
681,0.09484679665738162,0.011747430249632892
682,0.09498607242339834,0.011730205278592375
683,0.09512534818941504,0.01171303074670571
684,0.09526462395543175,0.011695906432748537
685,0.09540389972144847,0.01167883211678832
686,0.09554317548746519,0.011661807580174927
687,0.09568245125348189,0.011644832605531296
688,0.0958217270194986,0.011627906976744186
689,0.09596100278551532,0.011611030478955007
690,0.09610027855153204,0.011594202898550725
691,0.09623955431754874,0.011577424023154847
692,0.09637883008356546,0.011560693641618497
693,0.09651810584958218,0.011544011544011544
694,0.09665738161559889,0.011527377521613832
695,0.0967966573816156,0.011510791366906475
696,0.09693593314763231,0.011494252873563218
697,0.09707520891364903,0.011477761836441894
698,0.09721448467966574,0.011461318051575931
699,0.09735376044568245,0.011444921316165951
700,0.09749303621169916,0.012857142857142857
701,0.09763231197771588,0.012838801711840228
702,0.0977715877437326,0.01282051282051282
703,0.0979108635097493,0.012802275960170697
704,0.09805013927576602,0.01278409090909091
705,0.09818941504178273,0.01276595744680851
706,0.09832869080779945,0.012747875354107648
707,0.09846796657381615,0.01272984441301273
708,0.09860724233983287,0.012711864406779662
709,0.09874651810584958,0.012693935119887164
710,0.0988857938718663,0.01267605633802817
711,0.099025069637883,0.012658227848101266
712,0.09916434540389972,0.012640449438202247
713,0.09930362116991644,0.012622720897615708
714,0.09944289693593315,0.012605042016806723
715,0.09958217270194986,0.012587412587412588
716,0.09972144846796657,0.012569832402234637
717,0.09986072423398329,0.012552301255230125
718,0.1,0.012534818941504178
719,0.10013927576601671,0.012517385257301807
720,0.10027855153203342,0.0125
721,0.10041782729805014,0.012482662968099861
722,0.10055710306406686,0.012465373961218837
723,0.10069637883008356,0.012448132780082987
724,0.10083565459610028,0.012430939226519336
725,0.100974930362117,0.012413793103448275
726,0.10111420612813371,0.012396694214876033
727,0.10125348189415041,0.012379642365887207
728,0.10139275766016713,0.012362637362637362
729,0.10153203342618385,0.012345679012345678
730,0.10167130919220056,0.012328767123287671
731,0.10181058495821727,0.012311901504787962
732,0.10194986072423398,0.012295081967213115
733,0.1020891364902507,0.01227830832196453
734,0.10222841225626741,0.01226158038147139
735,0.10236768802228412,0.012244897959183673
736,0.10250696378830083,0.012228260869565218
737,0.10264623955431755,0.012211668928086838
738,0.10278551532033427,0.012195121951219513
739,0.10292479108635097,0.012178619756427604
740,0.10306406685236769,0.012162162162162163
741,0.1032033426183844,0.012145748987854251
742,0.10334261838440112,0.012129380053908356
743,0.10348189415041782,0.012113055181695828
744,0.10362116991643454,0.012096774193548387
745,0.10376044568245125,0.012080536912751677
746,0.10389972144846797,0.012064343163538873
747,0.10403899721448467,0.012048192771084338
748,0.10417827298050139,0.012032085561497326
749,0.10431754874651811,0.012016021361815754
750,0.10445682451253482,0.012
751,0.10459610027855153,0.011984021304926764
752,0.10473537604456824,0.011968085106382979
753,0.10487465181058496,0.01195219123505976
754,0.10501392757660168,0.011936339522546418
755,0.10515320334261838,0.011920529801324504
756,0.1052924791086351,0.011904761904761904
757,0.10543175487465181,0.011889035667107
758,0.10557103064066853,0.011873350923482849
759,0.10571030640668523,0.011857707509881422
760,0.10584958217270195,0.011842105263157895
761,0.10598885793871866,0.011826544021024968
762,0.10612813370473538,0.011811023622047244
763,0.10626740947075208,0.011795543905635648
764,0.1064066852367688,0.011780104712041885
765,0.10654596100278552,0.011764705882352941
766,0.10668523676880223,0.01174934725848564
767,0.10682451253481894,0.011734028683181226
768,0.10696378830083565,0.01171875
769,0.10710306406685237,0.011703511053315995
770,0.10724233983286909,0.011688311688311689
771,0.10738161559888579,0.011673151750972763
772,0.1075208913649025,0.011658031088082901
773,0.10766016713091922,0.01164294954721863
774,0.10779944289693594,0.011627906976744186
775,0.10793871866295264,0.011612903225806452
776,0.10807799442896936,0.011597938144329897
777,0.10821727019498607,0.011583011583011582
778,0.10835654596100279,0.011568123393316195
779,0.10849582172701949,0.011553273427471117
780,0.10863509749303621,0.011538461538461539
781,0.10877437325905293,0.011523687580025609
782,0.10891364902506964,0.011508951406649617
783,0.10905292479108634,0.011494252873563218
784,0.10919220055710306,0.011479591836734694
785,0.10933147632311978,0.011464968152866241
786,0.1094707520891365,0.011450381679389313
787,0.1096100278551532,0.011435832274459974
788,0.10974930362116991,0.011421319796954314
789,0.10988857938718663,0.011406844106463879
790,0.11002785515320335,0.01139240506329114
791,0.11016713091922005,0.011378002528445006
792,0.11030640668523677,0.011363636363636364
793,0.11044568245125348,0.011349306431273645
794,0.1105849582172702,0.011335012594458438
795,0.1107242339832869,0.011320754716981131
796,0.11086350974930362,0.011306532663316583
797,0.11100278551532033,0.011292346298619825
798,0.11114206128133705,0.011278195488721804
799,0.11128133704735375,0.011264080100125156
800,0.11142061281337047,0.01125
801,0.11155988857938719,0.011235955056179775
802,0.1116991643454039,0.011221945137157107
803,0.1118384401114206,0.012453300124533
804,0.11197771587743732,0.012437810945273632
805,0.11211699164345404,0.012422360248447204
806,0.11225626740947076,0.01240694789081886
807,0.11239554317548746,0.012391573729863693
808,0.11253481894150417,0.012376237623762377
809,0.11267409470752089,0.012360939431396786
810,0.11281337047353761,0.012345679012345678
811,0.11295264623955431,0.012330456226880395
812,0.11309192200557103,0.012315270935960592
813,0.11323119777158774,0.012300123001230012
814,0.11337047353760446,0.012285012285012284
815,0.11350974930362116,0.012269938650306749
816,0.11364902506963788,0.012254901960784314
817,0.1137883008356546,0.012239902080783354
818,0.11392757660167131,0.012224938875305624
819,0.11406685236768803,0.01221001221001221
820,0.11420612813370473,0.012195121951219513
821,0.11434540389972145,0.012180267965895249
822,0.11448467966573816,0.012165450121654502
823,0.11462395543175488,0.012150668286755772
824,0.11476323119777158,0.012135922330097087
825,0.1149025069637883,0.012121212121212121
826,0.11504178272980502,0.012106537530266344
827,0.11518105849582173,0.012091898428053204
828,0.11532033426183844,0.012077294685990338
829,0.11545961002785515,0.012062726176115802
830,0.11559888579387187,0.012048192771084338
831,0.11573816155988859,0.012033694344163659
832,0.11587743732590529,0.01201923076923077
833,0.116016713091922,0.012004801920768308
834,0.11615598885793872,0.011990407673860911
835,0.11629526462395544,0.011976047904191617
836,0.11643454038997214,0.011961722488038277
837,0.11657381615598886,0.011947431302270013
838,0.11671309192200557,0.011933174224343675
839,0.11685236768802229,0.011918951132300357
840,0.116991643454039,0.011904761904761904
841,0.11713091922005571,0.011890606420927468
842,0.11727019498607243,0.011876484560570071
843,0.11740947075208914,0.011862396204033215
844,0.11754874651810585,0.011848341232227487
845,0.11768802228412256,0.011834319526627219
846,0.11782729805013928,0.01182033096926714
847,0.117966573816156,0.011806375442739079
848,0.1181058495821727,0.01179245283018868
849,0.11824512534818941,0.011778563015312132
850,0.11838440111420613,0.011764705882352941
851,0.11852367688022285,0.011750881316098707
852,0.11866295264623955,0.011737089201877934
853,0.11880222841225627,0.011723329425556858
854,0.11894150417827298,0.0117096018735363
855,0.1190807799442897,0.011695906432748537
856,0.1192200557103064,0.011682242990654205
857,0.11935933147632312,0.011668611435239206
858,0.11949860724233984,0.011655011655011656
859,0.11963788300835655,0.011641443538998836
860,0.11977715877437325,0.011627906976744186
861,0.11991643454038997,0.011614401858304297
862,0.12005571030640669,0.01160092807424594
863,0.1201949860724234,0.011587485515643106
864,0.1203342618384401,0.011574074074074073
865,0.12047353760445682,0.011560693641618497
866,0.12061281337047354,0.011547344110854504
867,0.12075208913649026,0.011534025374855825
868,0.12089136490250696,0.01152073732718894
869,0.12103064066852368,0.011507479861910242
870,0.12116991643454039,0.011494252873563218
871,0.12130919220055711,0.011481056257175661
872,0.12144846796657381,0.011467889908256881
873,0.12158774373259053,0.011454753722794959
874,0.12172701949860724,0.011441647597254004
875,0.12186629526462396,0.011428571428571429
876,0.12200557103064066,0.01141552511415525
877,0.12214484679665738,0.011402508551881414
878,0.1222841225626741,0.011389521640091117
879,0.12242339832869081,0.011376564277588168
880,0.12256267409470752,0.011363636363636364
881,0.12270194986072423,0.011350737797956867
882,0.12284122562674095,0.011337868480725623
883,0.12298050139275767,0.011325028312570781
884,0.12311977715877437,0.011312217194570135
885,0.12325905292479108,0.011299435028248588
886,0.1233983286908078,0.012415349887133182
887,0.12353760445682452,0.012401352874859075
888,0.12367688022284122,0.012387387387387387
889,0.12381615598885794,0.012373453318335208
890,0.12395543175487465,0.012359550561797753
891,0.12409470752089137,0.012345679012345678
892,0.12423398328690807,0.01233183856502242
893,0.12437325905292479,0.013437849944008958
894,0.1245125348189415,0.013422818791946308
895,0.12465181058495822,0.013407821229050279
896,0.12479108635097493,0.013392857142857142
897,0.12493036211699164,0.013377926421404682
898,0.12506963788300834,0.013363028953229399
899,0.12520891364902506,0.013348164627363738
900,0.12534818941504178,0.013333333333333334
901,0.1254874651810585,0.013318534961154272
902,0.1256267409470752,0.013303769401330377
903,0.12576601671309193,0.013289036544850499
904,0.12590529247910864,0.01327433628318584
905,0.12604456824512536,0.013259668508287293
906,0.12618384401114205,0.013245033112582781
907,0.12632311977715877,0.013230429988974642
908,0.12646239554317548,0.013215859030837005
909,0.1266016713091922,0.013201320132013201
910,0.12674094707520892,0.013186813186813187
911,0.12688022284122563,0.013172338090010977
912,0.12701949860724235,0.013157894736842105
913,0.12715877437325906,0.013143483023001095
914,0.12729805013927575,0.01312910284463895
915,0.12743732590529247,0.013114754098360656
916,0.1275766016713092,0.013100436681222707
917,0.1277158774373259,0.013086150490730643
918,0.12785515320334262,0.013071895424836602
919,0.12799442896935934,0.013057671381936888
920,0.12813370473537605,0.013043478260869565
921,0.12827298050139277,0.013029315960912053
922,0.12841225626740946,0.013015184381778741
923,0.12855153203342617,0.013001083423618635
924,0.1286908077994429,0.012987012987012988
925,0.1288300835654596,0.012972972972972972
926,0.12896935933147632,0.012958963282937365
927,0.12910863509749304,0.012944983818770227
928,0.12924791086350976,0.01293103448275862
929,0.12938718662952647,0.012917115177610334
930,0.12952646239554316,0.012903225806451613
931,0.12966573816155988,0.01288936627282492
932,0.1298050139275766,0.012875536480686695
933,0.1299442896935933,0.012861736334405145
934,0.13008356545961003,0.01284796573875803
935,0.13022284122562675,0.012834224598930482
936,0.13036211699164346,0.01282051282051282
937,0.13050139275766018,0.012806830309498399
938,0.13064066852367687,0.01279317697228145
939,0.13077994428969358,0.012779552715654952
940,0.1309192200557103,0.01276595744680851
941,0.13105849582172702,0.012752391073326248
942,0.13119777158774373,0.012738853503184714
943,0.13133704735376045,0.012725344644750796
944,0.13147632311977717,0.012711864406779662
945,0.13161559888579388,0.012698412698412698
946,0.13175487465181057,0.012684989429175475
947,0.1318941504178273,0.012671594508975714
948,0.132033426183844,0.012658227848101266
949,0.13217270194986072,0.0136986301369863
950,0.13231197771587744,0.01368421052631579
951,0.13245125348189415,0.013669821240799159
952,0.13259052924791087,0.01365546218487395
953,0.1327298050139276,0.013641133263378805
954,0.13286908077994428,0.013626834381551363
955,0.133008356545961,0.013612565445026177
956,0.1331476323119777,0.013598326359832637
957,0.13328690807799443,0.013584117032392894
958,0.13342618384401114,0.013569937369519834
959,0.13356545961002786,0.013555787278415016
960,0.13370473537604458,0.013541666666666667
961,0.1338440111420613,0.013527575442247659
962,0.13398328690807798,0.013513513513513514
963,0.1341225626740947,0.014537902388369679
964,0.13426183844011141,0.014522821576763486
965,0.13440111420612813,0.014507772020725389
966,0.13454038997214485,0.014492753623188406
967,0.13467966573816156,0.014477766287487074
968,0.13481894150417828,0.014462809917355372
969,0.134958217270195,0.014447884416924664
970,0.13509749303621169,0.015463917525773196
971,0.1352367688022284,0.015447991761071062
972,0.13537604456824512,0.015432098765432098
973,0.13551532033426184,0.015416238437821172
974,0.13565459610027855,0.015400410677618069
975,0.13579387186629527,0.015384615384615385
976,0.13593314763231198,0.015368852459016393
977,0.1360724233983287,0.015353121801432957
978,0.1362116991643454,0.015337423312883436
979,0.1363509749303621,0.015321756894790603
980,0.13649025069637882,0.015306122448979591
981,0.13662952646239554,0.01529051987767584
982,0.13676880222841226,0.016293279022403257
983,0.13690807799442897,0.017293997965412006
984,0.1370473537604457,0.017276422764227643
985,0.1371866295264624,0.017258883248730966
986,0.13732590529247912,0.017241379310344827
987,0.1374651810584958,0.017223910840932118
988,0.13760445682451253,0.01720647773279352
989,0.13774373259052924,0.017189079878665317
990,0.13788300835654596,0.01717171717171717
991,0.13802228412256268,0.017154389505549948
992,0.1381615598885794,0.017137096774193547
993,0.1383008356545961,0.017119838872104734
994,0.13844011142061283,0.018108651911468814
995,0.13857938718662952,0.018090452261306532
996,0.13871866295264623,0.019076305220883535
997,0.13885793871866295,0.020060180541624874
998,0.13899721448467967,0.02004008016032064
999,0.13913649025069638,0.02002002002002002
1000,0.1392757660167131,0.02
1001,0.13941504178272981,0.01998001998001998
1002,0.13955431754874653,0.01996007984031936
1003,0.13969359331476322,0.019940179461615155
1004,0.13983286908077994,0.0199203187250996
1005,0.13997214484679665,0.01990049751243781
1006,0.14011142061281337,0.019880715705765408
1007,0.1402506963788301,0.019860973187686197
1008,0.1403899721448468,0.01984126984126984
1009,0.14052924791086352,0.019821605550049554
1010,0.14066852367688024,0.019801980198019802
1011,0.14080779944289692,0.019782393669634024
1012,0.14094707520891364,0.020750988142292492
1013,0.14108635097493036,0.02073050345508391
1014,0.14122562674094707,0.020710059171597635
1015,0.1413649025069638,0.020689655172413793
1016,0.1415041782729805,0.02066929133858268
1017,0.14164345403899722,0.02064896755162242
1018,0.14178272980501394,0.021611001964636542
1019,0.14192200557103063,0.021589793915603533
1020,0.14206128133704735,0.021568627450980392
1021,0.14220055710306406,0.021547502448579822
1022,0.14233983286908078,0.022504892367906065
1023,0.1424791086350975,0.02346041055718475
1024,0.1426183844011142,0.0234375
1025,0.14275766016713093,0.023414634146341463
1026,0.14289693593314765,0.023391812865497075
1027,0.14303621169916433,0.023369036027263874
1028,0.14317548746518105,0.024319066147859923
1029,0.14331476323119777,0.024295432458697766
1030,0.14345403899721448,0.024271844660194174
1031,0.1435933147632312,0.02424830261881668
1032,0.14373259052924792,0.025193798449612403
1033,0.14387186629526463,0.02516940948693127
1034,0.14401114206128135,0.02611218568665377
1035,0.14415041782729804,0.02608695652173913
1036,0.14428969359331476,0.026061776061776062
1037,0.14442896935933147,0.02700096432015429
1038,0.1445682451253482,0.02697495183044316
1039,0.1447075208913649,0.026948989412897015
1040,0.14484679665738162,0.026923076923076925
1041,0.14498607242339834,0.026897214217098942
1042,0.14512534818941505,0.026871401151631478
1043,0.14526462395543174,0.026845637583892617
1044,0.14540389972144846,0.02681992337164751
1045,0.14554317548746518,0.027751196172248804
1046,0.1456824512534819,0.027724665391969407
1047,0.1458217270194986,0.027698185291308502
1048,0.14596100278551533,0.02767175572519084
1049,0.14610027855153204,0.027645376549094377
1050,0.14623955431754876,0.02857142857142857
1051,0.14637883008356545,0.029495718363463368
1052,0.14651810584958216,0.029467680608365018
1053,0.14665738161559888,0.029439696106362774
1054,0.1467966573816156,0.029411764705882353
1055,0.1469359331476323,0.029383886255924172
1056,0.14707520891364903,0.029356060606060608
1057,0.14721448467966575,0.0293282876064333
1058,0.14735376044568246,0.02930056710775047
1059,0.14749303621169915,0.02927289896128423
1060,0.14763231197771587,0.029245283018867925
1061,0.14777158774373259,0.029217719132893498
1062,0.1479108635097493,0.02919020715630885
1063,0.14805013927576602,0.030103480714957668
1064,0.14818941504178273,0.03007518796992481
1065,0.14832869080779945,0.03004694835680751
1066,0.14846796657381617,0.0300187617260788
1067,0.14860724233983286,0.030927835051546393
1068,0.14874651810584957,0.031835205992509365
1069,0.1488857938718663,0.031805425631431246
1070,0.149025069637883,0.03177570093457944
1071,0.14916434540389972,0.031746031746031744
1072,0.14930362116991644,0.03171641791044776
1073,0.14944289693593316,0.03168685927306617
1074,0.14958217270194987,0.03165735567970205
1075,0.14972144846796656,0.03162790697674418
1076,0.14986072423398328,0.031598513011152414
1077,0.15,0.031569173630454965
1078,0.1501392757660167,0.03153988868274583
1079,0.15027855153203343,0.03151065801668211
1080,0.15041782729805014,0.03148148148148148
1081,0.15055710306406686,0.03145235892691952
1082,0.15069637883008358,0.031423290203327174
1083,0.15083565459610027,0.03139427516158818
1084,0.15097493036211698,0.03136531365313653
1085,0.1511142061281337,0.03133640552995392
1086,0.15125348189415042,0.03130755064456722
1087,0.15139275766016713,0.031278748850046
1088,0.15153203342618385,0.03125
1089,0.15167130919220057,0.031221303948576674
1090,0.15181058495821728,0.03211009174311927
1091,0.15194986072423397,0.032080659945004586
1092,0.1520891364902507,0.03205128205128205
1093,0.1522284122562674,0.03202195791399817
1094,0.15236768802228412,0.031992687385740404
1095,0.15250696378830084,0.03287671232876712
1096,0.15264623955431755,0.032846715328467155
1097,0.15278551532033427,0.032816773017319965
1098,0.152924791086351,0.03278688524590164
1099,0.15306406685236768,0.03275705186533212
1100,0.1532033426183844,0.03272727272727273
1101,0.1533426183844011,0.0326975476839237
1102,0.15348189415041782,0.032667876588021776
1103,0.15362116991643454,0.032638259292837715
1104,0.15376044568245126,0.03351449275362319
1105,0.15389972144846797,0.0334841628959276
1106,0.1540389972144847,0.034358047016274866
1107,0.15417827298050138,0.03432700993676603
1108,0.1543175487465181,0.03429602888086643
1109,0.1544568245125348,0.034265103697024346
1110,0.15459610027855153,0.03423423423423423
1111,0.15473537604456825,0.034203420342034205
1112,0.15487465181058496,0.03507194244604316
1113,0.15501392757660168,0.03593890386343217
1114,0.1551532033426184,0.03680430879712747
1115,0.15529247910863508,0.036771300448430494
1116,0.1554317548746518,0.036738351254480286
1117,0.15557103064066852,0.03670546105640107
1118,0.15571030640668523,0.03667262969588551
1119,0.15584958217270195,0.03663985701519214
1120,0.15598885793871867,0.03660714285714286
1121,0.15612813370473538,0.03746654772524532
1122,0.1562674094707521,0.0374331550802139
1123,0.1564066852367688,0.03829029385574354
1124,0.1565459610027855,0.03914590747330961
1125,0.15668523676880222,0.03911111111111111
1126,0.15682451253481894,0.03907637655417407
1127,0.15696378830083565,0.03992901508429459
1128,0.15710306406685237,0.0398936170212766
1129,0.1572423398328691,0.03985828166519043
1130,0.1573816155988858,0.04070796460176991
1131,0.1575208913649025,0.040671971706454466
1132,0.1576601671309192,0.04063604240282685
1133,0.15779944289693593,0.04060017652250662
1134,0.15793871866295264,0.04056437389770723
1135,0.15807799442896936,0.04052863436123348
1136,0.15821727019498608,0.040492957746478875
1137,0.1583565459610028,0.040457343887423045
1138,0.1584958217270195,0.040421792618629174
1139,0.1586350974930362,0.04038630377524144
1140,0.15877437325905291,0.04035087719298246
1141,0.15891364902506963,0.04119193689745837
1142,0.15905292479108635,0.04115586690017513
1143,0.15919220055710306,0.04111986001749781
1144,0.15933147632311978,0.04108391608391608
1145,0.1594707520891365,0.04104803493449782
1146,0.1596100278551532,0.041884816753926704
1147,0.15974930362116993,0.042720139494333044
1148,0.15988857938718662,0.042682926829268296
1149,0.16002785515320334,0.04264577893820714
1150,0.16016713091922005,0.043478260869565216
1151,0.16030640668523677,0.043440486533449174
1152,0.16044568245125349,0.043402777777777776
1153,0.1605849582172702,0.04336513443191674
1154,0.16072423398328692,0.043327556325823226
1155,0.16086350974930363,0.04329004329004329
1156,0.16100278551532032,0.04325259515570934
1157,0.16114206128133704,0.04407951598962835
1158,0.16128133704735376,0.04404145077720207
1159,0.16142061281337047,0.04486626402070751
1160,0.1615598885793872,0.04482758620689655
1161,0.1616991643454039,0.04478897502153316
1162,0.16183844011142062,0.04475043029259897
1163,0.16197771587743734,0.04471195184866724
1164,0.16211699164345403,0.04553264604810996
1165,0.16225626740947074,0.045493562231759654
1166,0.16239554317548746,0.045454545454545456
1167,0.16253481894150418,0.04541559554413025
1168,0.1626740947075209,0.045376712328767124
1169,0.1628133704735376,0.045337895637296836
1170,0.16295264623955433,0.0452991452991453
1171,0.16309192200557104,0.04526046114432109
1172,0.16323119777158773,0.04522184300341297
1173,0.16337047353760445,0.045183290707587385
1174,0.16350974930362117,0.04514480408858603
1175,0.16364902506963788,0.0451063829787234
1176,0.1637883008356546,0.045068027210884355
1177,0.16392757660167132,0.045029736618521665
1178,0.16406685236768803,0.04499151103565365
1179,0.16420612813370475,0.04495335029686175
1180,0.16434540389972144,0.04576271186440678
1181,0.16448467966573815,0.04572396274343776
1182,0.16462395543175487,0.04568527918781726
1183,0.1647632311977716,0.04564666103127642
1184,0.1649025069637883,0.04560810810810811
1185,0.16504178272980502,0.04556962025316456
1186,0.16518105849582174,0.045531197301854974
1187,0.16532033426183845,0.04549283909014322
1188,0.16545961002785514,0.045454545454545456
1189,0.16559888579387186,0.045416316232127836
1190,0.16573816155988857,0.0453781512605042
1191,0.1658774373259053,0.04534005037783375
1192,0.166016713091922,0.04530201342281879
1193,0.16615598885793872,0.04526404023470243
1194,0.16629526462395544,0.04522613065326633
1195,0.16643454038997216,0.045188284518828455
1196,0.16657381615598885,0.04598662207357859
1197,0.16671309192200556,0.04678362573099415
1198,0.16685236768802228,0.04674457429048414
1199,0.166991643454039,0.04670558798999166
1200,0.1671309192200557,0.04666666666666667
1201,0.16727019498607243,0.0466278101582015
1202,0.16740947075208915,0.04658901830282862
1203,0.16754874651810586,0.04738154613466334
1204,0.16768802228412255,0.0473421926910299
1205,0.16782729805013927,0.04730290456431535
1206,0.16796657381615598,0.0472636815920398
1207,0.1681058495821727,0.04722452361226181
1208,0.16824512534818942,0.04718543046357616
1209,0.16838440111420613,0.04714640198511166
1210,0.16852367688022285,0.047107438016528926
1211,0.16866295264623957,0.04706853839801817
1212,0.16880222841225626,0.04702970297029703
1213,0.16894150417827297,0.04699093157460841
1214,0.1690807799442897,0.04695222405271829
1215,0.1692200557103064,0.04691358024691358
1216,0.16935933147632312,0.046875
1217,0.16949860724233984,0.047658175842235
1218,0.16963788300835655,0.047619047619047616
1219,0.16977715877437327,0.0475799835931091
1220,0.16991643454038996,0.047540983606557376
1221,0.17005571030640668,0.04832104832104832
1222,0.1701949860724234,0.04828150572831424
1223,0.1703342618384401,0.0482420278004906
1224,0.17047353760445683,0.04820261437908497
1225,0.17061281337047354,0.04816326530612245
1226,0.17075208913649026,0.04812398042414356
1227,0.17089136490250698,0.04808475957620212
1228,0.17103064066852366,0.04804560260586319
1229,0.17116991643454038,0.04800650935720097
1230,0.1713091922005571,0.04796747967479675
1231,0.17144846796657381,0.0479285134037368
1232,0.17158774373259053,0.04788961038961039
1233,0.17172701949860725,0.047850770478507706
1234,0.17186629526462396,0.04862236628849271
1235,0.17200557103064068,0.048582995951417005
1236,0.17214484679665737,0.04854368932038835
1237,0.17228412256267409,0.04850444624090541
1238,0.1724233983286908,0.048465266558966075
1239,0.17256267409470752,0.048426150121065374
1240,0.17270194986072424,0.04838709677419355
1241,0.17284122562674095,0.048348106365834004
1242,0.17298050139275767,0.04830917874396135
1243,0.17311977715877438,0.04827031375703942
1244,0.17325905292479107,0.04903536977491962
1245,0.1733983286908078,0.04899598393574297
1246,0.1735376044568245,0.048956661316211875
1247,0.17367688022284122,0.04891740176423416
1248,0.17381615598885794,0.04887820512820513
1249,0.17395543175487466,0.0488390712570056
1250,0.17409470752089137,0.0488
1251,0.1742339832869081,0.04876099120703437
1252,0.17437325905292478,0.048722044728434506
1253,0.1745125348189415,0.04868316041500399
1254,0.1746518105849582,0.04864433811802233
1255,0.17479108635097493,0.04860557768924303
1256,0.17493036211699164,0.04856687898089172
1257,0.17506963788300836,0.04852824184566428
1258,0.17520891364902508,0.04848966613672496
1259,0.1753481894150418,0.048451151707704525
1260,0.17548746518105848,0.048412698412698414
1261,0.1756267409470752,0.04837430610626487
1262,0.17576601671309192,0.04833597464342314
1263,0.17590529247910863,0.04829770387965162
1264,0.17604456824512535,0.048259493670886076
1265,0.17618384401114207,0.048221343873517786
1266,0.17632311977715878,0.04818325434439179
1267,0.1764623955431755,0.0489344909234412
1268,0.1766016713091922,0.04889589905362776
1269,0.1767409470752089,0.04885736800630418
1270,0.17688022284122562,0.048818897637795275
1271,0.17701949860724234,0.04878048780487805
1272,0.17715877437325905,0.04874213836477988
1273,0.17729805013927577,0.04870384917517675
1274,0.1774373259052925,0.04866562009419152
1275,0.1775766016713092,0.04862745098039216
1276,0.1777158774373259,0.0493730407523511
1277,0.1778551532033426,0.04933437744714174
1278,0.17799442896935933,0.04929577464788732
1279,0.17813370473537604,0.05003909304143862
1280,0.17827298050139276,0.05
1281,0.17841225626740947,0.04996096799375488
1282,0.1785515320334262,0.0499219968798752
1283,0.1786908077994429,0.05066250974279034
1284,0.1788300835654596,0.050623052959501556
1285,0.1789693593314763,0.05058365758754864
1286,0.17910863509749303,0.05054432348367029
1287,0.17924791086350975,0.050505050505050504
1288,0.17938718662952646,0.05124223602484472
1289,0.17952646239554318,0.05120248254460822
1290,0.1796657381615599,0.05116279069767442
1291,0.1798050139275766,0.05112316034082107
1292,0.1799442896935933,0.05108359133126935
1293,0.18008356545961002,0.051817478731631866
1294,0.18022284122562673,0.05255023183925812
1295,0.18036211699164345,0.05328185328185328
1296,0.18050139275766017,0.05324074074074074
1297,0.18064066852367688,0.05319969159599075
1298,0.1807799442896936,0.053158705701078585
1299,0.18091922005571032,0.053117782909930716
1300,0.181058495821727,0.05384615384615385
1301,0.18119777158774372,0.053804765564950036
1302,0.18133704735376044,0.053763440860215055
1303,0.18147632311977716,0.05372217958557176
1304,0.18161559888579387,0.05368098159509203
1305,0.1817548746518106,0.05363984674329502
1306,0.1818941504178273,0.05359877488514548
1307,0.18203342618384402,0.05355776587605203
1308,0.18217270194986074,0.053516819571865444
1309,0.18231197771587743,0.053475935828877004
1310,0.18245125348189414,0.05343511450381679
1311,0.18259052924791086,0.05339435545385202
1312,0.18272980501392758,0.053353658536585365
1313,0.1828690807799443,0.053313023610053314
1314,0.183008356545961,0.0532724505327245
1315,0.18314763231197773,0.053231939163498096
1316,0.18328690807799444,0.05319148936170213
1317,0.18342618384401113,0.05315110098709187
1318,0.18356545961002785,0.05311077389984825
1319,0.18370473537604456,0.05307050796057619
1320,0.18384401114206128,0.05303030303030303
1321,0.183983286908078,0.053747161241483724
1322,0.18412256267409471,0.05370650529500756
1323,0.18426183844011143,0.05366591080876795
1324,0.18440111420612815,0.05362537764350453
1325,0.18454038997214484,0.05358490566037736
1326,0.18467966573816155,0.05429864253393665
1327,0.18481894150417827,0.05425772418990203
1328,0.18495821727019499,0.05421686746987952
1329,0.1850974930362117,0.05417607223476298
1330,0.18523676880222842,0.05413533834586466
1331,0.18537604456824514,0.054094665664913597
1332,0.18551532033426185,0.054804804804804805
1333,0.18565459610027854,0.05476369092273068
1334,0.18579387186629526,0.05472263868065967
1335,0.18593314763231197,0.05543071161048689
1336,0.1860724233983287,0.05538922155688623
1337,0.1862116991643454,0.055347793567688854
1338,0.18635097493036212,0.05530642750373692
1339,0.18649025069637884,0.05526512322628827
1340,0.18662952646239556,0.05522388059701493
1341,0.18676880222841225,0.055182699478001494
1342,0.18690807799442896,0.05514157973174367
1343,0.18704735376044568,0.055100521221146684
1344,0.1871866295264624,0.05580357142857143
1345,0.1873259052924791,0.055762081784386616
1346,0.18746518105849583,0.05572065378900446
1347,0.18760445682451254,0.0556792873051225
1348,0.18774373259052926,0.055637982195845696
1349,0.18788300835654595,0.05559673832468495
1350,0.18802228412256267,0.05555555555555555
1351,0.18816155988857938,0.05551443375277572
1352,0.1883008356545961,0.05547337278106509
1353,0.18844011142061282,0.05543237250554324
1354,0.18857938718662953,0.055391432791728215
1355,0.18871866295264625,0.055350553505535055
1356,0.18885793871866297,0.05530973451327434
1357,0.18899721448467965,0.0552689756816507
1358,0.18913649025069637,0.05522827687776141
1359,0.1892757660167131,0.05518763796909492
1360,0.1894150417827298,0.05514705882352941
1361,0.18955431754874652,0.055106539309331376
1362,0.18969359331476324,0.05506607929515418
1363,0.18983286908077995,0.055025678650036686
1364,0.18997214484679667,0.05498533724340176
1365,0.19011142061281336,0.054945054945054944
1366,0.19025069637883008,0.05490483162518302
1367,0.1903899721448468,0.0548646671543526
1368,0.1905292479108635,0.05482456140350877
1369,0.19066852367688022,0.0547845142439737
1370,0.19080779944289694,0.05474452554744526
1371,0.19094707520891366,0.05470459518599562
1372,0.19108635097493037,0.05466472303206997
1373,0.19122562674094706,0.055353241077931534
1374,0.19136490250696378,0.055312954876273655
1375,0.1915041782729805,0.056
1376,0.1916434540389972,0.0559593023255814
1377,0.19178272980501393,0.05591866376180102
1378,0.19192200557103065,0.05587808417997097
1379,0.19206128133704736,0.05583756345177665
1380,0.19220055710306408,0.05579710144927536
1381,0.19233983286908077,0.055756698044895005
1382,0.19247910863509748,0.055716353111432707
1383,0.1926183844011142,0.05639913232104121
1384,0.19275766016713092,0.05635838150289017
1385,0.19289693593314763,0.05631768953068592
1386,0.19303621169916435,0.05627705627705628
1387,0.19317548746518107,0.05695746214852199
1388,0.19331476323119778,0.0569164265129683
1389,0.19345403899721447,0.05687544996400288
1390,0.1935933147632312,0.05683453237410072
1391,0.1937325905292479,0.056793673616103525
1392,0.19387186629526462,0.05675287356321839
1393,0.19401114206128134,0.05671213208901651
1394,0.19415041782729806,0.05667144906743185
1395,0.19428969359331477,0.056630824372759854
1396,0.1944289693593315,0.05659025787965616
1397,0.19456824512534818,0.0572655690765927
1398,0.1947075208913649,0.05722460658082976
1399,0.1948467966573816,0.057183702644746245
1400,0.19498607242339833,0.05714285714285714
1401,0.19512534818941504,0.05710206995003569
1402,0.19526462395543176,0.05706134094151213
1403,0.19540389972144848,0.05702066999287242
1404,0.1955431754874652,0.05698005698005698
1405,0.19568245125348188,0.05765124555160142
1406,0.1958217270194986,0.05832147937411095
1407,0.19596100278551531,0.058990760483297794
1408,0.19610027855153203,0.05894886363636364
1409,0.19623955431754875,0.058907026259758695
1410,0.19637883008356546,0.058865248226950356
1411,0.19651810584958218,0.058823529411764705
1412,0.1966573816155989,0.058781869688385266
1413,0.1967966573816156,0.059447983014861996
1414,0.1969359331476323,0.0594059405940594
1415,0.19707520891364902,0.059363957597173146
1416,0.19721448467966574,0.059322033898305086
1417,0.19735376044568245,0.059280169371912494
1418,0.19749303621169917,0.05923836389280677
1419,0.19763231197771589,0.05919661733615222
1420,0.1977715877437326,0.059154929577464786
1421,0.1979108635097493,0.059113300492610835
1422,0.198050139275766,0.05907172995780591
1423,0.19818941504178272,0.059030217849613494
1424,0.19832869080779944,0.05898876404494382
1425,0.19846796657381616,0.05894736842105263
1426,0.19860724233983287,0.05960729312762973
1427,0.1987465181058496,0.05956552207428171
1428,0.1988857938718663,0.05952380952380952
1429,0.199025069637883,0.05948215535339398
1430,0.1991643454038997,0.05944055944055944
1431,0.19930362116991643,0.0593990216631726
1432,0.19944289693593314,0.05935754189944134
1433,0.19958217270194986,0.05931612002791347
1434,0.19972144846796658,0.059274755927475595
1435,0.1998607242339833,0.059233449477351915
1436,0.2,0.059192200557103065
1437,0.2001392757660167,0.05915100904662491
1438,0.20027855153203342,0.05910987482614743
1439,0.20041782729805013,0.05906879777623349
1440,0.20055710306406685,0.059027777777777776
1441,0.20069637883008357,0.05898681471200555
1442,0.20083565459610028,0.05894590846047157
1443,0.200974930362117,0.058905058905058906
1444,0.20111420612813372,0.05886426592797784
1445,0.2012534818941504,0.058823529411764705
1446,0.20139275766016712,0.058782849239280774
1447,0.20153203342618384,0.05874222529371113
1448,0.20167130919220055,0.05939226519337017
1449,0.20181058495821727,0.05935127674258109
1450,0.201949860724234,0.05931034482758621
1451,0.2020891364902507,0.059269469331495524
1452,0.20222841225626742,0.05922865013774105
1453,0.2023676880222841,0.05918788713007571
1454,0.20250696378830083,0.059147180192572216
1455,0.20264623955431754,0.05910652920962199
1456,0.20278551532033426,0.059752747252747256
1457,0.20292479108635098,0.05971173644474949
1458,0.2030640668523677,0.059670781893004114
1459,0.2032033426183844,0.05962988348183688
1460,0.20334261838440112,0.05958904109589041
1461,0.2034818941504178,0.059548254620123205
1462,0.20362116991643453,0.05950752393980848
1463,0.20376044568245125,0.059466848940533154
1464,0.20389972144846796,0.05942622950819672
1465,0.20403899721448468,0.059385665529010236
1466,0.2041782729805014,0.059345156889495224
1467,0.2043175487465181,0.05930470347648262
1468,0.20445682451253483,0.05926430517711172
1469,0.20459610027855155,0.05922396187882913
1470,0.20473537604456823,0.05918367346938776
1471,0.20487465181058495,0.05914343983684568
1472,0.20501392757660167,0.059103260869565216
1473,0.20515320334261838,0.059063136456211814
1474,0.2052924791086351,0.059023066485753055
1475,0.20543175487465182,0.05898305084745763
1476,0.20557103064066853,0.05894308943089431
1477,0.20571030640668525,0.05890318212593094
1478,0.20584958217270194,0.05886332882273342
1479,0.20598885793871866,0.058823529411764705
1480,0.20612813370473537,0.05878378378378379
1481,0.2062674094707521,0.05941931127616475
1482,0.2064066852367688,0.059379217273954114
1483,0.20654596100278552,0.05933917734322319
1484,0.20668523676880224,0.05929919137466307
1485,0.20682451253481896,0.059932659932659935
1486,0.20696378830083564,0.059892328398384924
1487,0.20710306406685236,0.05985205110961668
1488,0.20724233983286908,0.05981182795698925
1489,0.2073816155988858,0.05977165883143049
1490,0.2075208913649025,0.06040268456375839
1491,0.20766016713091923,0.06103286384976526
1492,0.20779944289693594,0.06099195710455764
1493,0.20793871866295266,0.06095110515740121
1494,0.20807799442896935,0.06091030789825971
1495,0.20821727019498606,0.06086956521739131
1496,0.20835654596100278,0.060828877005347594
1497,0.2084958217270195,0.06078824315297261
1498,0.20863509749303621,0.06074766355140187
1499,0.20877437325905293,0.06070713809206137
1500,0.20891364902506965,0.06066666666666667
1501,0.20905292479108636,0.060626249167221855
1502,0.20919220055710305,0.06058588548601864
1503,0.20933147632311977,0.06054557551563539
1504,0.20947075208913649,0.06050531914893617
1505,0.2096100278551532,0.06046511627906977
1506,0.20974930362116992,0.06042496679946879
1507,0.20988857938718664,0.06038487060384871
1508,0.21002785515320335,0.0610079575596817
1509,0.21016713091922007,0.06096752816434725
1510,0.21030640668523676,0.060927152317880796
1511,0.21044568245125347,0.06088682991396426
1512,0.2105849582172702,0.06084656084656084
1513,0.2107242339832869,0.06080634500991408
1514,0.21086350974930362,0.0607661822985469
1515,0.21100278551532034,0.06072607260726073
1516,0.21114206128133706,0.06068601583113457
1517,0.21128133704735377,0.06064601186552406
1518,0.21142061281337046,0.06060606060606061
1519,0.21155988857938718,0.06056616194865043
1520,0.2116991643454039,0.060526315789473685
1521,0.2118384401114206,0.0611439842209073
1522,0.21197771587743733,0.06110381077529566
1523,0.21211699164345404,0.06106369008535785
1524,0.21225626740947076,0.0610236220472441
1525,0.21239554317548748,0.06098360655737705
1526,0.21253481894150417,0.06094364351245085
1527,0.21267409470752088,0.060903732809430254
1528,0.2128133704735376,0.06086387434554974
1529,0.21295264623955432,0.060824068018312624
1530,0.21309192200557103,0.060784313725490195
1531,0.21323119777158775,0.06074461136512083
1532,0.21337047353760447,0.060704960835509136
1533,0.21350974930362118,0.060665362035225046
1534,0.21364902506963787,0.060625814863103
1535,0.2137883008356546,0.06058631921824104
1536,0.2139275766016713,0.060546875
1537,0.21406685236768802,0.0605074821080026
1538,0.21420612813370474,0.06046814044213264
1539,0.21434540389972145,0.06042884990253411
1540,0.21448467966573817,0.06038961038961039
1541,0.2146239554317549,0.06035042180402336
1542,0.21476323119777158,0.06031128404669261
1543,0.2149025069637883,0.060272197018794556
1544,0.215041782729805,0.06023316062176166
1545,0.21518105849582173,0.06019417475728155
1546,0.21532033426183844,0.06080206985769728
1547,0.21545961002785516,0.060762766645119586
1548,0.21559888579387188,0.06136950904392765
1549,0.2157381615598886,0.06132989025177534
1550,0.21587743732590528,0.06129032258064516
1551,0.216016713091922,0.06125080593165699
1552,0.2161559888579387,0.061211340206185565
1553,0.21629526462395543,0.061815840309079204
1554,0.21643454038997215,0.06177606177606178
1555,0.21657381615598886,0.06173633440514469
1556,0.21671309192200558,0.061696658097686374
1557,0.2168523676880223,0.06165703275529865
1558,0.21699164345403898,0.06161745827984596
1559,0.2171309192200557,0.061577934573444515
1560,0.21727019498607242,0.06153846153846154
1561,0.21740947075208913,0.06149903907751442
1562,0.21754874651810585,0.06145966709346991
1563,0.21768802228412257,0.061420345489443376
1564,0.21782729805013928,0.061381074168797956
1565,0.217966573816156,0.06134185303514377
1566,0.2181058495821727,0.06130268199233716
1567,0.2182451253481894,0.0612635609444799
1568,0.21838440111420612,0.061224489795918366
1569,0.21852367688022284,0.06118546845124283
1570,0.21866295264623956,0.061146496815286625
1571,0.21880222841225627,0.061107574793125397
1572,0.218941504178273,0.061068702290076333
1573,0.2190807799442897,0.06102987921169739
1574,0.2192200557103064,0.060991105463786534
1575,0.2193593314763231,0.06095238095238095
1576,0.21949860724233983,0.06091370558375635
1577,0.21963788300835654,0.060875079264426125
1578,0.21977715877437326,0.060836501901140684
1579,0.21991643454038998,0.060797973400886635
1580,0.2200557103064067,0.060759493670886074
1581,0.2201949860724234,0.061353573687539534
1582,0.2203342618384401,0.06131479140328698
1583,0.22047353760445682,0.06127605811749842
1584,0.22061281337047353,0.061237373737373736
1585,0.22075208913649025,0.061198738170347
1586,0.22089136490250696,0.06116015132408575
1587,0.22103064066852368,0.06112161310649023
1588,0.2211699164345404,0.06108312342569269
1589,0.22130919220055711,0.06167400881057269
1590,0.2214484679665738,0.061635220125786164
1591,0.22158774373259052,0.061596480201131364
1592,0.22172701949860724,0.06155778894472362
1593,0.22186629526462395,0.061519146264908973
1594,0.22200557103064067,0.06148055207026349
1595,0.22214484679665739,0.061442006269592474
1596,0.2222841225626741,0.06140350877192982
1597,0.22242339832869082,0.061365059486537255
1598,0.2225626740947075,0.06132665832290363
1599,0.22270194986072422,0.06128830519074421
1600,0.22284122562674094,0.06125
1601,0.22298050139275766,0.061211742660836975
1602,0.22311977715877437,0.06117353308364544
1603,0.2232590529247911,0.0611353711790393
1604,0.2233983286908078,0.06109725685785536
1605,0.22353760445682452,0.06105919003115265
1606,0.2236768802228412,0.06102117061021171
1607,0.22381615598885793,0.060983198506533914
1608,0.22395543175487465,0.060945273631840796
1609,0.22409470752089136,0.060907395898073334
1610,0.22423398328690808,0.061490683229813665
1611,0.2243732590529248,0.061452513966480445
1612,0.2245125348189415,0.06141439205955335
1613,0.22465181058495823,0.06137631742095474
1614,0.22479108635097492,0.06133828996282528
1615,0.22493036211699163,0.06130030959752322
1616,0.22506963788300835,0.06188118811881188
1617,0.22520891364902507,0.06184291898577613
1618,0.22534818941504178,0.06180469715698393
1619,0.2254874651810585,0.06176652254478073
1620,0.22562674094707522,0.06172839506172839
1621,0.22576601671309193,0.061690314620604564
1622,0.22590529247910862,0.06165228113440197
1623,0.22604456824512534,0.061614294516327786
1624,0.22618384401114205,0.06157635467980296
1625,0.22632311977715877,0.06153846153846154
1626,0.2264623955431755,0.06211562115621156
1627,0.2266016713091922,0.06207744314689613
1628,0.22674094707520892,0.06203931203931204
1629,0.22688022284122564,0.0620012277470841
1630,0.22701949860724233,0.06196319018404908
1631,0.22715877437325904,0.06253832004904966
1632,0.22729805013927576,0.0625
1633,0.22743732590529248,0.062461726883037354
1634,0.2275766016713092,0.06242350061199511
1635,0.2277158774373259,0.062385321100917435
1636,0.22785515320334263,0.06234718826405868
1637,0.22799442896935934,0.06230910201588271
1638,0.22813370473537606,0.06227106227106227
1639,0.22827298050139275,0.06223306894447834
1640,0.22841225626740946,0.06219512195121951
1641,0.22855153203342618,0.062157221206581355
1642,0.2286908077994429,0.06211936662606577
1643,0.2288300835654596,0.0620815581253804
1644,0.22896935933147633,0.06204379562043796
1645,0.22910863509749305,0.06200607902735562
1646,0.22924791086350976,0.061968408262454436
1647,0.22938718662952645,0.061930783242258654
1648,0.22952646239554317,0.061893203883495146
1649,0.22966573816155988,0.061855670103092786
1650,0.2298050139275766,0.06181818181818182
1651,0.22994428969359332,0.061780738946093275
1652,0.23008356545961003,0.06174334140435835
1653,0.23022284122562675,0.06170598911070781
1654,0.23036211699164347,0.06166868198307134
1655,0.23050139275766016,0.062235649546827795
1656,0.23064066852367687,0.06219806763285024
1657,0.2307799442896936,0.06216053108026554
1658,0.2309192200557103,0.062123039806996384
1659,0.23105849582172702,0.062085593731163354
1660,0.23119777158774374,0.06265060240963856
1661,0.23133704735376046,0.06261288380493679
1662,0.23147632311977717,0.06257521058965103
1663,0.23161559888579386,0.06253758268190018
1664,0.23175487465181058,0.0625
1665,0.2318941504178273,0.06246246246246246
1666,0.232033426183844,0.062424969987995196
1667,0.23217270194986073,0.0623875224955009
1668,0.23231197771587744,0.06235011990407674
1669,0.23245125348189416,0.06231276213301378
1670,0.23259052924791088,0.06227544910179641
1671,0.23272980501392757,0.06223818073010173
1672,0.23286908077994428,0.06220095693779904
1673,0.233008356545961,0.062163777644949195
1674,0.23314763231197771,0.06272401433691756
1675,0.23328690807799443,0.0626865671641791
1676,0.23342618384401115,0.06264916467780429
1677,0.23356545961002786,0.0626118067978533
1678,0.23370473537604458,0.06257449344457688
1679,0.23384401114206127,0.06253722453841572
1680,0.233983286908078,0.0625
1681,0.2341225626740947,0.062462819750148724
1682,0.23426183844011142,0.0624256837098692
1683,0.23440111420612814,0.062388591800356503
1684,0.23454038997214485,0.062351543942992874
1685,0.23467966573816157,0.06231454005934718
1686,0.23481894150417829,0.06227758007117438
1687,0.23495821727019497,0.06224066390041494
1688,0.2350974930362117,0.06220379146919431
1689,0.2352367688022284,0.06216696269982238
1690,0.23537604456824512,0.0621301775147929
1691,0.23551532033426184,0.06209343583678297
1692,0.23565459610027856,0.06205673758865248
1693,0.23579387186629527,0.06202008269344359
1694,0.235933147632312,0.06198347107438017
1695,0.23607242339832868,0.061946902654867256
1696,0.2362116991643454,0.061910377358490566
1697,0.2363509749303621,0.06187389510901591
1698,0.23649025069637883,0.061837455830388695
1699,0.23662952646239555,0.06180105944673337
1700,0.23676880222841226,0.061764705882352944
1701,0.23690807799442898,0.06172839506172839
1702,0.2370473537604457,0.06169212690951821
1703,0.23718662952646238,0.06165590135055784
1704,0.2373259052924791,0.062206572769953054
1705,0.23746518105849582,0.06217008797653959
1706,0.23760445682451253,0.06213364595545135
1707,0.23774373259052925,0.062097246631517285
1708,0.23788300835654597,0.06206088992974239
1709,0.23802228412256268,0.0620245757753072
1710,0.2381615598885794,0.06198830409356725
1711,0.2383008356545961,0.061952074810052604
1712,0.2384401114206128,0.06191588785046729
1713,0.23857938718662952,0.06187974314068885
1714,0.23871866295264624,0.061843640606767794
1715,0.23885793871866295,0.061807580174927115
1716,0.23899721448467967,0.06177156177156177
1717,0.2391364902506964,0.06173558532323821
1718,0.2392757660167131,0.06169965075669383
1719,0.2394150417827298,0.062245491564863295
1720,0.2395543175487465,0.062209302325581396
1721,0.23969359331476323,0.06217315514235909
1722,0.23983286908077994,0.062137049941927994
1723,0.23997214484679666,0.062100986651189787
1724,0.24011142061281338,0.06206496519721578
1725,0.2402506963788301,0.06202898550724638
1726,0.2403899721448468,0.06199304750869061
1727,0.2405292479108635,0.06195715112912565
1728,0.2406685236768802,0.061921296296296294
1729,0.24080779944289693,0.061885482938114515
1730,0.24094707520891365,0.061849710982658956
1731,0.24108635097493036,0.06181398035817447
1732,0.24122562674094708,0.0617782909930716
1733,0.2413649025069638,0.06174264281592614
1734,0.2415041782729805,0.06170703575547866
1735,0.2416434540389972,0.061671469740634005
1736,0.24178272980501392,0.061635944700460826
1737,0.24192200557103063,0.061600460564191134
1738,0.24206128133704735,0.061565017261219795
1739,0.24220055710306407,0.06152961472110408
1740,0.24233983286908078,0.06149425287356322
1741,0.2424791086350975,0.061458931648477884
1742,0.24261838440111422,0.06142365097588978
1743,0.2427576601671309,0.06138841078600115
1744,0.24289693593314762,0.06135321100917431
1745,0.24303621169916434,0.061891117478510026
1746,0.24317548746518106,0.061855670103092786
1747,0.24331476323119777,0.061820263308528904
1748,0.2434540389972145,0.06178489702517163
1749,0.2435933147632312,0.06174957118353345
1750,0.24373259052924792,0.061714285714285715
1751,0.2438718662952646,0.06167904054825814
1752,0.24401114206128133,0.06164383561643835
1753,0.24415041782729804,0.06160867084997148
1754,0.24428969359331476,0.06157354618015964
1755,0.24442896935933148,0.06153846153846154
1756,0.2445682451253482,0.06150341685649203
1757,0.2447075208913649,0.061468412066021626
1758,0.24484679665738163,0.06143344709897611
1759,0.24498607242339832,0.061398521887436046
1760,0.24512534818941503,0.06136363636363636
1761,0.24526462395543175,0.06132879045996593
1762,0.24540389972144847,0.06129398410896708
1763,0.24554317548746518,0.061259217243335225
1764,0.2456824512534819,0.061224489795918366
1765,0.24582172701949861,0.06118980169971672
1766,0.24596100278551533,0.061155152887882216
1767,0.24610027855153202,0.06112054329371817
1768,0.24623955431754874,0.06108597285067873
1769,0.24637883008356545,0.06105144149236857
1770,0.24651810584958217,0.061016949152542375
1771,0.2466573816155989,0.060982495765104464
1772,0.2467966573816156,0.060948081264108354
1773,0.24693593314763232,0.06091370558375635
1774,0.24707520891364904,0.060879368658399095
1775,0.24721448467966572,0.06084507042253521
1776,0.24735376044568244,0.060810810810810814
1777,0.24749303621169916,0.06077658975801913
1778,0.24763231197771587,0.06074240719910011
1779,0.2477715877437326,0.06127037661607645
1780,0.2479108635097493,0.06123595505617978
1781,0.24805013927576602,0.06176305446378439
1782,0.24818941504178274,0.06172839506172839
1783,0.24832869080779943,0.062254627033090294
1784,0.24846796657381615,0.062219730941704035
1785,0.24860724233983286,0.06218487394957983
1786,0.24874651810584958,0.06215005599104143
1787,0.2488857938718663,0.0621152770005596
1788,0.249025069637883,0.06208053691275168
1789,0.24916434540389973,0.06204583566238122
1790,0.24930362116991645,0.06201117318435754
1791,0.24944289693593313,0.06197654941373534
1792,0.24958217270194985,0.06194196428571429
1793,0.24972144846796657,0.0619074177356386
1794,0.24986072423398328,0.061872909698996656
1795,0.25,0.06183844011142061
1796,0.2501392757660167,0.06180400890868597
1797,0.25027855153203343,0.06176961602671119
1798,0.2504178272980501,0.06173526140155729
1799,0.25055710306406687,0.06170094496942746
1800,0.25069637883008355,0.06166666666666667
1801,0.2508356545961003,0.061632426429761245
1802,0.250974930362117,0.061598224195338516
1803,0.25111420612813373,0.06156405990016639
1804,0.2512534818941504,0.061529933481152994
1805,0.2513927576601671,0.06149584487534626
1806,0.25153203342618385,0.061461794019933555
1807,0.25167130919220054,0.061427780852241286
1808,0.2518105849582173,0.06139380530973451
1809,0.251949860724234,0.0619126589275843
1810,0.2520891364902507,0.061878453038674036
1811,0.2522284122562674,0.06184428492545555
1812,0.2523676880222841,0.06181015452538632
1813,0.25250696378830084,0.06177606177606178
1814,0.25264623955431753,0.06174200661521499
1815,0.2527855153203343,0.06225895316804408
1816,0.25292479108635096,0.06222466960352423
1817,0.2530640668523677,0.06219042377545404
1818,0.2532033426183844,0.06215621562156216
1819,0.25334261838440114,0.06212204507971413
1820,0.25348189415041783,0.06208791208791209
1821,0.2536211699164345,0.06205381658429435
1822,0.25376044568245126,0.062019758507135016
1823,0.25389972144846795,0.06198573779484366
1824,0.2540389972144847,0.06195175438596491
1825,0.2541782729805014,0.06191780821917808
1826,0.25431754874651813,0.061883899233296825
1827,0.2544568245125348,0.061850027367268745
1828,0.2545961002785515,0.06181619256017506
1829,0.25473537604456825,0.06178239475123018
1830,0.25487465181058494,0.06174863387978142
1831,0.2550139275766017,0.061714909885308575
1832,0.2551532033426184,0.06168122270742358
1833,0.2552924791086351,0.06164757228587016
1834,0.2554317548746518,0.061613958560523444
1835,0.25557103064066855,0.061580381471389646
1836,0.25571030640668524,0.061546840958605666
1837,0.25584958217270193,0.061513336962438755
1838,0.2559888579387187,0.06147986942328618
1839,0.25612813370473536,0.06144643828167482
1840,0.2562674094707521,0.06141304347826087
1841,0.2564066852367688,0.06137968495382944
1842,0.25654596100278554,0.061346362649294245
1843,0.2566852367688022,0.061313076505697235
1844,0.2568245125348189,0.061279826464208244
1845,0.25696378830083566,0.06124661246612466
1846,0.25710306406685235,0.06121343445287107
1847,0.2572423398328691,0.061180292365998916
1848,0.2573816155988858,0.061147186147186144
1849,0.2575208913649025,0.061114115738236885
1850,0.2576601671309192,0.06108108108108108
1851,0.25779944289693596,0.061048082117774176
1852,0.25793871866295265,0.06101511879049676
1853,0.25807799442896934,0.06098219104155424
1854,0.2582172701949861,0.06094929881337648
1855,0.25835654596100277,0.06091644204851752
1856,0.2584958217270195,0.06088362068965517
1857,0.2586350974930362,0.061389337641357025
1858,0.25877437325905295,0.061356297093649086
1859,0.25891364902506964,0.06132329209252286
1860,0.2590529247910863,0.06129032258064516
1861,0.25919220055710307,0.06125738850080602
1862,0.25933147632311976,0.061224489795918366
1863,0.2594707520891365,0.061191626409017714
1864,0.2596100278551532,0.0611587982832618
1865,0.25974930362116994,0.061126005361930295
1866,0.2598885793871866,0.06109324758842444
1867,0.26002785515320337,0.06106052490626674
1868,0.26016713091922006,0.061027837259100645
1869,0.26030640668523675,0.060995184590690206
1870,0.2604456824512535,0.06096256684491978
1871,0.2605849582172702,0.060929983965793695
1872,0.2607242339832869,0.060897435897435896
1873,0.2608635097493036,0.060864922584089695
1874,0.26100278551532036,0.06136606189967983
1875,0.26114206128133705,0.06133333333333333
1876,0.26128133704735373,0.06130063965884861
1877,0.2614206128133705,0.06126798082045818
1878,0.26155988857938717,0.061235356762513314
1879,0.2616991643454039,0.061734965407131456
1880,0.2618384401114206,0.06170212765957447
1881,0.26197771587743734,0.06166932482721956
1882,0.26211699164345403,0.061636556854410204
1883,0.2622562674094708,0.06160382368560807
1884,0.26239554317548747,0.06157112526539278
1885,0.26253481894150416,0.06206896551724138
1886,0.2626740947075209,0.06256627783669141
1887,0.2628133704735376,0.06253312135665076
1888,0.26295264623955433,0.0625
1889,0.263091922005571,0.06246691371095818
1890,0.26323119777158777,0.06243386243386243
1891,0.26337047353760445,0.06240084611316764
1892,0.26350974930362114,0.06236786469344609
1893,0.2636490250696379,0.06233491811938722
1894,0.2637883008356546,0.06282998944033791
1895,0.2639275766016713,0.06279683377308708
1896,0.264066852367688,0.06276371308016877
1897,0.26420612813370475,0.06273062730627306
1898,0.26434540389972144,0.06269757639620653
1899,0.2644846796657382,0.06266456029489205
1900,0.2646239554317549,0.06263157894736843
1901,0.26476323119777156,0.0625986322987901
1902,0.2649025069637883,0.06256572029442692
1903,0.265041782729805,0.0625328428796637
1904,0.26518105849582174,0.0625
1905,0.26532033426183843,0.06246719160104987
1906,0.2654596100278552,0.06243441762854145
1907,0.26559888579387186,0.062401678028316726
1908,0.26573816155988855,0.062368972746331235
1909,0.2658774373259053,0.062336301728653745
1910,0.266016713091922,0.06230366492146597
1911,0.26615598885793873,0.06227106227106227
1912,0.2662952646239554,0.062238493723849375
1913,0.26643454038997216,0.06220595922634605
1914,0.26657381615598885,0.062173458725182866
1915,0.2667130919220056,0.062140992167101824
1916,0.2668523676880223,0.06210855949895616
1917,0.266991643454039,0.06207616066770996
1918,0.2671309192200557,0.06204379562043796
1919,0.2672701949860724,0.06201146430432517
1920,0.26740947075208915,0.0625
1921,0.26754874651810584,0.062467464862051014
1922,0.2676880222841226,0.062434963579604576
1923,0.2678272980501393,0.062402496099843996
1924,0.26796657381615596,0.062370062370062374
1925,0.2681058495821727,0.06233766233766234
1926,0.2682451253481894,0.06230529595015576
1927,0.26838440111420614,0.062272963155163466
1928,0.26852367688022283,0.06224066390041494
1929,0.2686629526462396,0.06272680145152928
1930,0.26880222841225626,0.06269430051813471
1931,0.268941504178273,0.06266183324702226
1932,0.2690807799442897,0.06262939958592133
1933,0.2692200557103064,0.06259699948266943
1934,0.2693593314763231,0.062564632885212
1935,0.2694986072423398,0.06253229974160207
1936,0.26963788300835656,0.0625
1937,0.26977715877437325,0.06246773360867321
1938,0.26991643454039,0.06243550051599587
1939,0.2700557103064067,0.062403300670448685
1940,0.27019498607242337,0.06237113402061856
1941,0.2703342618384401,0.062339000515198355
1942,0.2704735376044568,0.06230690010298661
1943,0.27061281337047355,0.06227483273288729
1944,0.27075208913649024,0.062242798353909466
1945,0.270891364902507,0.062210796915167094
1946,0.27103064066852367,0.06217882836587873
1947,0.2711699164345404,0.062146892655367235
1948,0.2713091922005571,0.062114989733059546
1949,0.2714484679665738,0.0620831195484864
1950,0.27158774373259054,0.062051282051282054
1951,0.2717270194986072,0.06201947719118401
1952,0.27186629526462397,0.061987704918032786
1953,0.27200557103064066,0.061955965181771634
1954,0.2721448467966574,0.06192425793244626
1955,0.2722841225626741,0.061892583120204604
1956,0.2724233983286908,0.061860940695296525
1957,0.2725626740947075,0.06234031681144609
1958,0.2727019498607242,0.06230847803881512
1959,0.27284122562674096,0.062276671771311895
1960,0.27298050139275765,0.06275510204081633
1961,0.2731197771587744,0.06272310045894952
1962,0.2732590529247911,0.06269113149847094
1963,0.2733983286908078,0.06265919510952624
1964,0.2735376044568245,0.06262729124236252
1965,0.2736768802228412,0.06259541984732825
1966,0.27381615598885795,0.06256358087487283
1967,0.27395543175487463,0.06253177427554651
1968,0.2740947075208914,0.0625
1969,0.27423398328690807,0.062468257998984256
1970,0.2743732590529248,0.062436548223350256
1971,0.2745125348189415,0.0624048706240487
1972,0.27465181058495824,0.06237322515212982
1973,0.27479108635097493,0.06234161175874303
1974,0.2749303621169916,0.06231003039513678
1975,0.27506963788300837,0.062278481012658225
1976,0.27520891364902506,0.062246963562753034
1977,0.2753481894150418,0.0622154779969651
1978,0.2754874651810585,0.0621840242669363
1979,0.27562674094707523,0.06215260232440627
1980,0.2757660167130919,0.06212121212121212
1981,0.2759052924791086,0.06208985360928824
1982,0.27604456824512535,0.062058526740666
1983,0.27618384401114204,0.06202723146747353
1984,0.2763231197771588,0.061995967741935484
1985,0.2764623955431755,0.0619647355163728
1986,0.2766016713091922,0.061933534743202415
1987,0.2767409470752089,0.06190236537493709
1988,0.27688022284122565,0.061871227364185113
1989,0.27701949860724234,0.06184012066365008
1990,0.27715877437325903,0.061809045226130656
1991,0.2772980501392758,0.0622802611752888
1992,0.27743732590529246,0.06224899598393574
1993,0.2775766016713092,0.06221776216758655
1994,0.2777158774373259,0.062186559679037114
1995,0.27785515320334264,0.06265664160401002
1996,0.27799442896935933,0.062625250501002
1997,0.278133704735376,0.06259389083625438
1998,0.27827298050139276,0.06256256256256257
1999,0.27841225626740945,0.06253126563281641
2000,0.2785515320334262,0.0625
2001,0.2786908077994429,0.062468765617191405
2002,0.27883008356545963,0.06243756243756244
2003,0.2789693593314763,0.06240639041437843
2004,0.27910863509749306,0.062375249500998
2005,0.27924791086350975,0.06234413965087282
2006,0.27938718662952644,0.06231306081754736
2007,0.2795264623955432,0.0622820129546587
2008,0.2796657381615599,0.062250996015936255
2009,0.2798050139275766,0.0627177700348432
2010,0.2799442896935933,0.0626865671641791
2011,0.28008356545961005,0.0626553953257086
2012,0.28022284122562674,0.06262425447316103
2013,0.28036211699164343,0.06259314456035768
2014,0.2805013927576602,0.06256206554121152
2015,0.28064066852367686,0.06253101736972705
2016,0.2807799442896936,0.0625
2017,0.2809192200557103,0.06246901338621715
2018,0.28105849582172704,0.062438057482656094
2019,0.28119777158774373,0.06240713224368499
2020,0.28133704735376047,0.062376237623762376
2021,0.28147632311977716,0.06234537357743691
2022,0.28161559888579385,0.06231454005934718
2023,0.2817548746518106,0.06277805239742956
2024,0.2818941504178273,0.06274703557312253
2025,0.282033426183844,0.06320987654320988
2026,0.2821727019498607,0.0631786771964462
2027,0.28231197771587746,0.06314750863344845
2028,0.28245125348189415,0.0631163708086785
2029,0.28259052924791084,0.06308526367668803
2030,0.2827298050139276,0.06354679802955665
2031,0.28286908077994427,0.06351550960118169
2032,0.283008356545961,0.06348425196850394
2033,0.2831476323119777,0.06394490900147565
2034,0.28328690807799445,0.063913470993117
2035,0.28342618384401114,0.06388206388206388
2036,0.2835654596100279,0.06385068762278978
2037,0.28370473537604457,0.06381934216985763
2038,0.28384401114206126,0.06378802747791953
2039,0.283983286908078,0.06375674350171653
2040,0.2841225626740947,0.06372549019607843
2041,0.28426183844011144,0.0641842234198922
2042,0.2844011142061281,0.06415279138099902
2043,0.28454038997214487,0.06412139011257954
2044,0.28467966573816156,0.06457925636007827
2045,0.28481894150417825,0.06454767726161369
2046,0.284958217270195,0.06500488758553274
2047,0.2850974930362117,0.06497313141182218
2048,0.2852367688022284,0.06494140625
2049,0.2853760445682451,0.06490971205466081
2050,0.28551532033426186,0.06536585365853659
2051,0.28565459610027855,0.06533398342272062
2052,0.2857938718662953,0.06530214424951267
2053,0.285933147632312,0.06527033609352167
2054,0.28607242339832867,0.06523855890944498
2055,0.2862116991643454,0.06520681265206812
2056,0.2863509749303621,0.0651750972762646
2057,0.28649025069637885,0.06514341273699563
2058,0.28662952646239553,0.06511175898931001
2059,0.2867688022284123,0.06508013598834386
2060,0.28690807799442897,0.06504854368932039
2061,0.28704735376044566,0.06501698204754973
2062,0.2871866295264624,0.06498545101842872
2063,0.2873259052924791,0.06495395055744062
2064,0.28746518105849583,0.06492248062015504
2065,0.2876044568245125,0.0648910411622276
2066,0.28774373259052927,0.06534365924491771
2067,0.28788300835654596,0.06531204644412192
2068,0.2880222841225627,0.06528046421663443
2069,0.2881615598885794,0.0652489125181247
2070,0.2883008356545961,0.06521739130434782
2071,0.2884401114206128,0.06518590053114437
2072,0.2885793871866295,0.06515444015444015
2073,0.28871866295264625,0.06512301013024602
2074,0.28885793871866294,0.06557377049180328
2075,0.2889972144846797,0.0655421686746988
2076,0.2891364902506964,0.06551059730250482
2077,0.28927576601671307,0.065479056331247
2078,0.2894150417827298,0.06544754571703561
2079,0.2895543175487465,0.06541606541606541
2080,0.28969359331476324,0.06538461538461539
2081,0.28983286908077993,0.06535319557904853
2082,0.2899721448467967,0.06580211335254563
2083,0.29011142061281336,0.0657705232837254
2084,0.2902506963788301,0.06573896353166987
2085,0.2903899721448468,0.0657074340527578
2086,0.2905292479108635,0.06567593480345159
2087,0.29066852367688023,0.06564446574029707
2088,0.2908077994428969,0.06609195402298851
2089,0.29094707520891366,0.06606031594064146
2090,0.29108635097493035,0.0660287081339713
2091,0.2912256267409471,0.06599713055954089
2092,0.2913649025069638,0.06644359464627152
2093,0.2915041782729805,0.06641184902054467
2094,0.2916434540389972,0.06638013371537727
2095,0.2917827298050139,0.06634844868735083
2096,0.29192200557103065,0.06631679389312978
2097,0.29206128133704734,0.06676204101096805
2098,0.2922005571030641,0.0667302192564347
2099,0.2923398328690808,0.06669842782277274
2100,0.2924791086350975,0.06666666666666667
2101,0.2926183844011142,0.06663493574488338
2102,0.2927576601671309,0.06660323501427212
2103,0.29289693593314764,0.06657156443176415
2104,0.29303621169916433,0.06653992395437262
2105,0.2931754874651811,0.0665083135391924
2106,0.29331476323119776,0.06647673314339982
2107,0.2934540389972145,0.0664451827242525
2108,0.2935933147632312,0.06641366223908918
2109,0.2937325905292479,0.06638217164532954
2110,0.2938718662952646,0.06635071090047394
2111,0.2940111420612813,0.06631927996210327
2112,0.29415041782729806,0.06628787878787878
2113,0.29428969359331475,0.06625650733554188
2114,0.2944289693593315,0.06622516556291391
2115,0.2945682451253482,0.06619385342789598
2116,0.2947075208913649,0.0661625708884688
2117,0.2948467966573816,0.06613131790269249
2118,0.2949860724233983,0.06610009442870633
2119,0.29512534818941505,0.06654082114204814
2120,0.29526462395543174,0.06650943396226415
2121,0.2954038997214485,0.06647807637906648
2122,0.29554317548746517,0.06644674835061264
2123,0.2956824512534819,0.06641544983513896
2124,0.2958217270194986,0.06638418079096045
2125,0.29596100278551535,0.06635294117647059
2126,0.29610027855153204,0.06632173095014111
2127,0.2962395543175487,0.06629055007052186
2128,0.29637883008356547,0.0662593984962406
2129,0.29651810584958216,0.06622827618600281
2130,0.2966573816155989,0.06619718309859154
2131,0.2967966573816156,0.0661661191928672
2132,0.29693593314763234,0.06613508442776736
2133,0.297075208913649,0.06657290201593999
2134,0.2972144846796657,0.06654170571696345
2135,0.29735376044568246,0.06651053864168618
2136,0.29749303621169915,0.06647940074906367
2137,0.2976323119777159,0.06644829199812821
2138,0.2977715877437326,0.06641721234798878
2139,0.2979108635097493,0.06638616175783076
2140,0.298050139275766,0.06635514018691589
2141,0.29818941504178276,0.06632414759458197
2142,0.29832869080779945,0.06629318394024276
2143,0.29846796657381613,0.06626224918338777
2144,0.2986072423398329,0.06623134328358209
2145,0.29874651810584957,0.0662004662004662
2146,0.2988857938718663,0.06616961789375582
2147,0.299025069637883,0.06613879832324174
2148,0.29916434540389975,0.06610800744878957
2149,0.29930362116991643,0.0660772452303397
2150,0.2994428969359331,0.06604651162790698
2151,0.29958217270194987,0.06648070664807067
2152,0.29972144846796656,0.06644981412639406
2153,0.2998607242339833,0.06641895030190433
2154,0.3,0.06638811513463325
2155,0.30013927576601673,0.06635730858468677
2156,0.3002785515320334,0.0663265306122449
2157,0.30041782729805017,0.06629578117756142
2158,0.30055710306406686,0.06626506024096386
2159,0.30069637883008354,0.06623436776285317
2160,0.3008356545961003,0.06620370370370371
2161,0.300974930362117,0.06617306802406293
2162,0.3011142061281337,0.06614246068455135
2163,0.3012534818941504,0.06611188164586222
2164,0.30139275766016715,0.06608133086876156
2165,0.30153203342618384,0.06605080831408776
2166,0.30167130919220053,0.06602031394275161
2167,0.3018105849582173,0.06598984771573604
2168,0.30194986072423396,0.06642066420664207
2169,0.3020891364902507,0.06639004149377593
2170,0.3022284122562674,0.0663594470046083
2171,0.30236768802228414,0.06632888070013819
2172,0.30250696378830083,0.06629834254143646
2173,0.3026462395543176,0.06626783248964566
2174,0.30278551532033426,0.06669733210671573
2175,0.30292479108635095,0.06666666666666667
2176,0.3030640668523677,0.0666360294117647
2177,0.3032033426183844,0.0666054203031695
2178,0.30334261838440113,0.06657483930211203
2179,0.3034818941504178,0.06654428636989444
2180,0.30362116991643456,0.06651376146788991
2181,0.30376044568245125,0.06648326455754242
2182,0.30389972144846794,0.06645279560036664
2183,0.3040389972144847,0.0668804397617957
2184,0.3041782729805014,0.0673076923076923
2185,0.3043175487465181,0.06773455377574371
2186,0.3044568245125348,0.0677035681610247
2187,0.30459610027855155,0.06767261088248742
2188,0.30473537604456824,0.06764168190127971
2189,0.304874651810585,0.06806761078117862
2190,0.3050139275766017,0.06803652968036529
2191,0.30515320334261836,0.06800547695116385
2192,0.3052924791086351,0.06797445255474452
2193,0.3054317548746518,0.06794345645234838
2194,0.30557103064066854,0.06791248860528715
2195,0.30571030640668523,0.06788154897494306
2196,0.305849582172702,0.06785063752276867
2197,0.30598885793871866,0.06781975421028676
2198,0.30612813370473535,0.06778889899909009
2199,0.3062674094707521,0.06775807185084129
2200,0.3064066852367688,0.06772727272727273
2201,0.3065459610027855,0.06769650159018628
2202,0.3066852367688022,0.06766575840145322
2203,0.30682451253481896,0.06763504312301408
2204,0.30696378830083565,0.06805807622504537
2205,0.3071030640668524,0.06802721088435375
2206,0.3072423398328691,0.06799637352674524
2207,0.30738161559888577,0.06796556411418214
2208,0.3075208913649025,0.06793478260869565
2209,0.3076601671309192,0.06790402897238569
2210,0.30779944289693595,0.06787330316742081
2211,0.30793871866295264,0.06784260515603799
2212,0.3080779944289694,0.06781193490054249
2213,0.30821727019498607,0.06778129236330772
2214,0.30835654596100276,0.06775067750677506
2215,0.3084958217270195,0.06772009029345373
2216,0.3086350974930362,0.06768953068592058
2217,0.30877437325905294,0.06765899864682003
2218,0.3089136490250696,0.06807935076645627
2219,0.30905292479108637,0.06804867057232988
2220,0.30919220055710306,0.06846846846846846
2221,0.3093314763231198,0.06843764070238631
2222,0.3094707520891365,0.06840684068406841
2223,0.3096100278551532,0.06837606837606838
2224,0.3097493036211699,0.0683453237410072
2225,0.3098885793871866,0.06831460674157304
2226,0.31002785515320336,0.06873315363881402
2227,0.31016713091922005,0.06870229007633588
2228,0.3103064066852368,0.06867145421903052
2229,0.3104456824512535,0.06864064602960969
2230,0.31058495821727017,0.06860986547085202
2231,0.3107242339832869,0.06857911250560286
2232,0.3108635097493036,0.06854838709677419
2233,0.31100278551532035,0.06851768920734438
2234,0.31114206128133703,0.0684870188003581
2235,0.3112813370473538,0.06890380313199106
2236,0.31142061281337047,0.06887298747763863
2237,0.3115598885793872,0.06884219937416182
2238,0.3116991643454039,0.06881143878462913
2239,0.3118384401114206,0.06878070567217508
2240,0.31197771587743733,0.06875
2241,0.312116991643454,0.06871932173136992
2242,0.31225626740947077,0.06868867082961641
2243,0.31239554317548746,0.06865804725813643
2244,0.3125348189415042,0.06862745098039216
2245,0.3126740947075209,0.06904231625835189
2246,0.3128133704735376,0.06901157613535173
2247,0.3129526462395543,0.06898086337338674
2248,0.313091922005571,0.06895017793594306
2249,0.31323119777158775,0.0689195197865718
2250,0.31337047353760444,0.06888888888888889
2251,0.3135097493036212,0.06885828520657486
2252,0.3136490250696379,0.06882770870337478
2253,0.3137883008356546,0.06879715934309809
2254,0.3139275766016713,0.06876663708961846
2255,0.314066852367688,0.06873614190687362
2256,0.31420612813370474,0.06870567375886524
2257,0.31434540389972143,0.06911829862649535
2258,0.3144846796657382,0.06908768821966342
2259,0.31462395543175486,0.06905710491367861
2260,0.3147632311977716,0.06902654867256637
2261,0.3149025069637883,0.06899601946041574
2262,0.315041782729805,0.06896551724137931
2263,0.31518105849582173,0.06937693327441449
2264,0.3153203342618384,0.06934628975265017
2265,0.31545961002785516,0.06931567328918323
2266,0.31559888579387185,0.06928508384819064
2267,0.3157381615598886,0.06925452139391267
2268,0.3158774373259053,0.06922398589065255
2269,0.31601671309192203,0.06919347730277656
2270,0.3161559888579387,0.06916299559471366
2271,0.3162952646239554,0.06913254073095552
2272,0.31643454038997215,0.06910211267605634
2273,0.31657381615598884,0.06907171139463264
2274,0.3167130919220056,0.06904133685136324
2275,0.3168523676880223,0.06901098901098901
2276,0.316991643454039,0.06898066783831283
2277,0.3171309192200557,0.06895037329819939
2278,0.3172701949860724,0.06892010535557506
2279,0.31740947075208914,0.06888986397542782
2280,0.31754874651810583,0.06885964912280702
2281,0.3176880222841226,0.06882946076282333
2282,0.31782729805013926,0.06923751095530237
2283,0.317966573816156,0.0692071835304424
2284,0.3181058495821727,0.0691768826619965
2285,0.31824512534818944,0.06914660831509847
2286,0.31838440111420613,0.06911636045494313
2287,0.3185236768802228,0.0695233930913861
2288,0.31866295264623956,0.06949300699300699
2289,0.31880222841225625,0.06946264744429882
2290,0.318941504178273,0.06943231441048035
2291,0.3190807799442897,0.06940200785683108
2292,0.3192200557103064,0.0693717277486911
2293,0.3193593314763231,0.06934147405146097
2294,0.31949860724233986,0.06931124673060157
2295,0.31963788300835655,0.06928104575163399
2296,0.31977715877437324,0.06968641114982578
2297,0.31991643454039,0.0696560731388768
2298,0.32005571030640667,0.06962576153176675
2299,0.3201949860724234,0.06959547629404089
2300,0.3203342618384401,0.06956521739130435
2301,0.32047353760445685,0.06953498478922207
2302,0.32061281337047354,0.06950477845351868
2303,0.3207520891364902,0.0694745983499783
2304,0.32089136490250697,0.06944444444444445
2305,0.32103064066852366,0.06941431670281996
2306,0.3211699164345404,0.06938421509106678
2307,0.3213091922005571,0.06935413957520589
2308,0.32144846796657384,0.06932409012131716
2309,0.3215877437325905,0.06972715461238631
2310,0.32172701949860727,0.0696969696969697
2311,0.32186629526462396,0.06966681090437041
2312,0.32200557103064065,0.06963667820069204
2313,0.3221448467966574,0.07003891050583658
2314,0.3222841225626741,0.07000864304235091
2315,0.3224233983286908,0.06997840172786177
2316,0.3225626740947075,0.06994818652849741
2317,0.32270194986072426,0.07034958998705222
2318,0.32284122562674095,0.07031924072476273
2319,0.32298050139275764,0.07028891763691246
2320,0.3231197771587744,0.07025862068965517
2321,0.32325905292479107,0.07022834984920293
2322,0.3233983286908078,0.07019810508182601
2323,0.3235376044568245,0.07016788635385278
2324,0.32367688022284125,0.07013769363166954
2325,0.32381615598885793,0.07010752688172044
2326,0.3239554317548747,0.07007738607050731
2327,0.32409470752089137,0.0700472711645896
2328,0.32423398328690806,0.0700171821305842
2329,0.3243732590529248,0.06998711893516531
2330,0.3245125348189415,0.06995708154506437
2331,0.32465181058495823,0.06992706992706993
2332,0.3247910863509749,0.06989708404802744
2333,0.32493036211699167,0.06986712387483926
2334,0.32506963788300836,0.06983718937446444
2335,0.32520891364902504,0.06980728051391863
2336,0.3253481894150418,0.06977739726027397
2337,0.3254874651810585,0.07017543859649122
2338,0.3256267409470752,0.07014542343883662
2339,0.3257660167130919,0.0705429670799487
2340,0.32590529247910865,0.07094017094017094
2341,0.32604456824512534,0.07133703545493379
2342,0.3261838440111421,0.0713065755764304
2343,0.3263231197771588,0.07127614169867691
2344,0.32646239554317547,0.07124573378839591
2345,0.3266016713091922,0.07121535181236674
2346,0.3267409470752089,0.0711849957374254
2347,0.32688022284122564,0.07115466553046443
2348,0.32701949860724233,0.07112436115843271
2349,0.3271587743732591,0.07109408258833547
2350,0.32729805013927576,0.07106382978723404
2351,0.32743732590529245,0.07103360272224585
2352,0.3275766016713092,0.07100340136054421
2353,0.3277158774373259,0.07097322566935826
2354,0.32785515320334263,0.07094307561597281
2355,0.3279944289693593,0.07091295116772824
2356,0.32813370473537606,0.07088285229202038
2357,0.32827298050139275,0.07085277895630038
2358,0.3284122562674095,0.07082273112807463
2359,0.3285515320334262,0.0712166172106825
2360,0.3286908077994429,0.0711864406779661
2361,0.3288300835654596,0.07115628970775095
2362,0.3289693593314763,0.07154953429297206
2363,0.32910863509749305,0.07151925518408803
2364,0.32924791086350974,0.07148900169204737
2365,0.3293871866295265,0.07145877378435518
2366,0.3295264623955432,0.07185122569737955
2367,0.32966573816155986,0.07182087029995775
2368,0.3298050139275766,0.07179054054054054
2369,0.3299442896935933,0.07176023638666104
2370,0.33008356545961004,0.07172995780590717
2371,0.33022284122562673,0.07212146773513285
2372,0.3303621169916435,0.07209106239460371
2373,0.33050139275766016,0.07206068268015171
2374,0.3306406685236769,0.07203032855939343
2375,0.3307799442896936,0.072
2376,0.3309192200557103,0.07196969696969698
2377,0.33105849582172703,0.0719394194362642
2378,0.3311977715877437,0.07190916736753575
2379,0.33133704735376046,0.07187894073139975
2380,0.33147632311977715,0.07184873949579831
2381,0.3316155988857939,0.07223855522889543
2382,0.3317548746518106,0.07220822837951302
2383,0.33189415041782727,0.0721779269827948
2384,0.332033426183844,0.07214765100671142
2385,0.3321727019498607,0.07211740041928721
2386,0.33231197771587745,0.07250628667225482
2387,0.33245125348189414,0.0724759111855886
2388,0.3325905292479109,0.07244556113902847
2389,0.33272980501392757,0.07241523650062788
2390,0.3328690807799443,0.07280334728033473
2391,0.333008356545961,0.07277289836888332
2392,0.3331476323119777,0.07274247491638795
2393,0.33328690807799444,0.07271207689093188
2394,0.3334261838440111,0.07268170426065163
2395,0.33356545961002787,0.07265135699373695
2396,0.33370473537604456,0.07262103505843072
2397,0.3338440111420613,0.07259073842302878
2398,0.333983286908078,0.0725604670558799
2399,0.3341225626740947,0.07253022092538558
2400,0.3342618384401114,0.0725
2401,0.3344011142061281,0.07246980424822991
2402,0.33454038997214486,0.07243963363863447
2403,0.33467966573816155,0.07240948813982521
2404,0.3348189415041783,0.0723793677204659
2405,0.334958217270195,0.07234927234927235
2406,0.3350974930362117,0.07231920199501247
2407,0.3352367688022284,0.07228915662650602
2408,0.3353760445682451,0.07225913621262459
2409,0.33551532033426185,0.0722291407222914
2410,0.33565459610027853,0.07219917012448132
2411,0.3357938718662953,0.07216922438822065
2412,0.33593314763231197,0.07213930348258707
2413,0.3360724233983287,0.07210940737670948
2414,0.3362116991643454,0.07207953603976802
2415,0.3363509749303621,0.07204968944099378
2416,0.33649025069637883,0.07201986754966887
2417,0.3366295264623955,0.0719900703351262
2418,0.33676880222841227,0.07196029776674938
2419,0.33690807799442896,0.07193054981397272
2420,0.3370473537604457,0.07190082644628099
2421,0.3371866295264624,0.07187112763320942
2422,0.33732590529247913,0.07184145334434351
2423,0.3374651810584958,0.07222451506397029
2424,0.3376044568245125,0.0721947194719472
2425,0.33774373259052926,0.07257731958762886
2426,0.33788300835654594,0.07295960428689201
2427,0.3380222841225627,0.07292954264524104
2428,0.3381615598885794,0.0728995057660626
2429,0.3383008356545961,0.07286949361877315
2430,0.3384401114206128,0.0728395061728395
2431,0.3385793871866295,0.07280954339777869
2432,0.33871866295264624,0.0727796052631579
2433,0.33885793871866293,0.07274969173859433
2434,0.3389972144846797,0.07313064913722268
2435,0.33913649025069637,0.0731006160164271
2436,0.3392757660167131,0.07348111658456485
2437,0.3394150417827298,0.0734509643003693
2438,0.33955431754874654,0.0734208367514356
2439,0.33969359331476323,0.07339073390733908
2440,0.3398328690807799,0.07336065573770492
2441,0.33997214484679666,0.0733306022122081
2442,0.34011142061281335,0.0733005733005733
2443,0.3402506963788301,0.07327056897257471
2444,0.3403899721448468,0.07324058919803601
2445,0.34052924791086353,0.07321063394683026
2446,0.3406685236768802,0.0731807031888798
2447,0.3408077994428969,0.07315079689415611
2448,0.34094707520891365,0.07312091503267974
2449,0.34108635097493034,0.07309105757452021
2450,0.3412256267409471,0.07306122448979592
2451,0.3413649025069638,0.07303141574867401
2452,0.3415041782729805,0.0734094616639478
2453,0.3416434540389972,0.07337953526294333
2454,0.34178272980501395,0.07334963325183375
2455,0.34192200557103064,0.07331975560081466
2456,0.34206128133704733,0.0732899022801303
2457,0.3422005571030641,0.07326007326007326
2458,0.34233983286908076,0.07363710333604556
2459,0.3424791086350975,0.07360715738104921
2460,0.3426183844011142,0.07357723577235772
2461,0.34275766016713094,0.07354733848029256
2462,0.34289693593314763,0.07392363931762795
2463,0.3430362116991644,0.07389362565976451
2464,0.34317548746518106,0.07386363636363637
2465,0.34331476323119775,0.07383367139959432
2466,0.3434540389972145,0.07380373073803731
2467,0.3435933147632312,0.07377381434941224
2468,0.34373259052924793,0.07374392220421394
2469,0.3438718662952646,0.07371405427298501
2470,0.34401114206128136,0.07368421052631578
2471,0.34415041782729805,0.07365439093484419
2472,0.34428969359331474,0.07362459546925566
2473,0.3444289693593315,0.07359482410028306
2474,0.34456824512534817,0.07356507679870655
2475,0.3447075208913649,0.07353535353535354
2476,0.3448467966573816,0.07350565428109855
2477,0.34498607242339835,0.07387969317723052
2478,0.34512534818941504,0.07384987893462469
2479,0.3452646239554318,0.07382008874546188
2480,0.34540389972144847,0.07379032258064516
2481,0.34554317548746516,0.07376058041112454
2482,0.3456824512534819,0.07373086220789686
2483,0.3458217270194986,0.07370116794200564
2484,0.34596100278551534,0.07367149758454106
2485,0.346100278551532,0.07364185110663984
2486,0.34623955431754877,0.07361222847948512
2487,0.34637883008356546,0.0735826296743064
2488,0.34651810584958215,0.07355305466237942
2489,0.3466573816155989,0.07352350341502611
2490,0.3467966573816156,0.07349397590361446
2491,0.3469359331476323,0.0734644720995584
2492,0.347075208913649,0.07343499197431781
2493,0.34721448467966576,0.07380665864420377
2494,0.34735376044568245,0.07377706495589414
2495,0.3474930362116992,0.07414829659318638
2496,0.3476323119777159,0.07411858974358974
2497,0.34777158774373257,0.07408890668802563
2498,0.3479108635097493,0.07405924739791833
2499,0.348050139275766,0.0744297719087635
2500,0.34818941504178275,0.0744
2501,0.34832869080779943,0.0743702518992403
2502,0.3484679665738162,0.07434052757793765
2503,0.34860724233983287,0.07471034758290052
2504,0.34874651810584956,0.07468051118210862
2505,0.3488857938718663,0.07465069860279441
2506,0.349025069637883,0.07462090981644054
2507,0.34916434540389973,0.0745911447945752
2508,0.3493036211699164,0.07456140350877193
2509,0.34944289693593317,0.07453168593064965
2510,0.34958217270194986,0.0749003984063745
2511,0.3497214484679666,0.07487056949422541
2512,0.3498607242339833,0.07484076433121019
2513,0.35,0.07481098288897732
2514,0.3501392757660167,0.07517899761336516
2515,0.3502785515320334,0.07514910536779323
2516,0.35041782729805016,0.07511923688394277
2517,0.35055710306406684,0.07508939213349225
2518,0.3506963788300836,0.07505957108816522
2519,0.3508356545961003,0.07502977371973005
2520,0.35097493036211697,0.07539682539682539
2521,0.3511142061281337,0.0753669178897263
2522,0.3512534818941504,0.0753370340999207
2523,0.35139275766016714,0.07570352754657154
2524,0.35153203342618383,0.07567353407290016
2525,0.3516713091922006,0.07564356435643564
2526,0.35181058495821727,0.07561361836896278
2527,0.351949860724234,0.07558369608231104
2528,0.3520891364902507,0.07555379746835443
2529,0.3522284122562674,0.07591933570581258
2530,0.35236768802228413,0.07588932806324111
2531,0.3525069637883008,0.07625444488344528
2532,0.35264623955431756,0.07622432859399685
2533,0.35278551532033425,0.07658902487169364
2534,0.352924791086351,0.07655880031570639
2535,0.3530640668523677,0.07692307692307693
2536,0.3532033426183844,0.07689274447949526
2537,0.3533426183844011,0.07725660228616477
2538,0.3534818941504178,0.07722616233254531
2539,0.35362116991643455,0.0771957463568334
2540,0.35376044568245124,0.07755905511811023
2541,0.353899721448468,0.07752853207398662
2542,0.3540389972144847,0.07749803304484658
2543,0.3541782729805014,0.07786079433739677
2544,0.3543175487465181,0.07783018867924528
2545,0.3544568245125348,0.07779960707269155
2546,0.35459610027855154,0.07776904948939513
2547,0.35473537604456823,0.07773851590106007
2548,0.354874651810585,0.07770800627943485
2549,0.35501392757660166,0.07767752059631228
2550,0.3551532033426184,0.07764705882352942
2551,0.3552924791086351,0.07761662093296746
2552,0.3554317548746518,0.07758620689655173
2553,0.35557103064066853,0.07755581668625147
2554,0.3557103064066852,0.0779169929522318
2555,0.35584958217270196,0.07788649706457926
2556,0.35598885793871865,0.07785602503912363
2557,0.3561281337047354,0.0778255768478686
2558,0.3562674094707521,0.07779515246286162
2559,0.3564066852367688,0.07776475185619383
2560,0.3565459610027855,0.077734375
2561,0.3566852367688022,0.07770402186645842
2562,0.35682451253481895,0.07767369242779079
2563,0.35696378830083564,0.07764338665626219
2564,0.3571030640668524,0.07761310452418096
2565,0.35724233983286907,0.07758284600389864
2566,0.3573816155988858,0.07755261106780982
2567,0.3575208913649025,0.07752239968835216
2568,0.3576601671309192,0.07749221183800623
2569,0.35779944289693594,0.07746204748929544
2570,0.3579387186629526,0.07782101167315175
2571,0.35807799442896937,0.07779074290159471
2572,0.35821727019498606,0.07776049766718507
2573,0.3583565459610028,0.0777302759424796
2574,0.3584958217270195,0.0777000777000777
2575,0.35863509749303624,0.07805825242718446
2576,0.3587743732590529,0.07802795031055901
2577,0.3589136490250696,0.0779976717112922
2578,0.35905292479108636,0.07796741660201707
2579,0.35919220055710305,0.07793718495540908
2580,0.3593314763231198,0.07829457364341086
2581,0.3594707520891365,0.07826423866718327
2582,0.3596100278551532,0.07823392718822618
2583,0.3597493036211699,0.07820363917924894
2584,0.3598885793871866,0.0781733746130031
2585,0.36002785515320335,0.0781431334622824
2586,0.36016713091922004,0.07811291569992267
2587,0.3603064066852368,0.0780827212988017
2588,0.36044568245125347,0.07805255023183925
2589,0.3605849582172702,0.0780224024719969
2590,0.3607242339832869,0.077992277992278
2591,0.36086350974930365,0.07834812813585489
2592,0.36100278551532033,0.0783179012345679
2593,0.361142061281337,0.07828769764751253
2594,0.36128133704735377,0.07825751734772551
2595,0.36142061281337046,0.07822736030828516
2596,0.3615598885793872,0.07819722650231124
2597,0.3616991643454039,0.07816711590296496
2598,0.36183844011142063,0.0781370284834488
2599,0.3619777158774373,0.07810696421700654
2600,0.362116991643454,0.07807692307692307
2601,0.36225626740947076,0.07804690503652441
2602,0.36239554317548744,0.07801691006917756
2603,0.3625348189415042,0.07798693814829043
2604,0.3626740947075209,0.07795698924731183
2605,0.3628133704735376,0.07792706333973129
2606,0.3629526462395543,0.07789716039907905
2607,0.36309192200557106,0.07786728039892597
2608,0.36323119777158774,0.07783742331288343
2609,0.36337047353760443,0.0778075891146033
2610,0.3635097493036212,0.07816091954022988
2611,0.36364902506963787,0.07813098429720414
2612,0.3637883008356546,0.0781010719754977
2613,0.3639275766016713,0.07807118254879448
2614,0.36406685236768804,0.07804131599081866
2615,0.36420612813370473,0.07801147227533461
2616,0.3643454038997215,0.0779816513761468
2617,0.36448467966573816,0.07795185326709973
2618,0.36462395543175485,0.07792207792207792
2619,0.3647632311977716,0.0782741504390989
2620,0.3649025069637883,0.07824427480916031
2621,0.36504178272980503,0.0782144219763449
2622,0.3651810584958217,0.07856598016781083
2623,0.36532033426183846,0.07853602744948532
2624,0.36545961002785515,0.07850609756097561
2625,0.36559888579387184,0.07847619047619048
2626,0.3657381615598886,0.07844630616907845
2627,0.3658774373259053,0.0784164446136277
2628,0.366016713091922,0.07838660578386605
2629,0.3661559888579387,0.07835678965386078
2630,0.36629526462395545,0.07832699619771863
2631,0.36643454038997214,0.07829722538958571
2632,0.3665738161559889,0.07826747720364742
2633,0.3667130919220056,0.07823775161412837
2634,0.36685236768802226,0.07820804859529233
2635,0.366991643454039,0.07817836812144212
2636,0.3671309192200557,0.07814871016691957
2637,0.36727019498607244,0.07811907470610542
2638,0.36740947075208913,0.07846853677028051
2639,0.3675487465181059,0.07881773399014778
2640,0.36768802228412256,0.07878787878787878
2641,0.36782729805013925,0.07875804619462325
2642,0.367966573816156,0.07872823618470856
2643,0.3681058495821727,0.07869844873250094
2644,0.36824512534818943,0.07866868381240545
2645,0.3683844011142061,0.07863894139886578
2646,0.36852367688022286,0.07860922146636433
2647,0.36866295264623955,0.07857952398942199
2648,0.3688022284122563,0.07854984894259819
2649,0.368941504178273,0.07852019630049076
2650,0.36908077994428967,0.07849056603773585
2651,0.3692200557103064,0.07846095812900793
2652,0.3693593314763231,0.0784313725490196
2653,0.36949860724233985,0.07840180927252167
2654,0.36963788300835654,0.07837226827430294
2655,0.3697771587743733,0.07834274952919021
2656,0.36991643454038997,0.0783132530120482
2657,0.37005571030640666,0.07828377869777944
2658,0.3701949860724234,0.0782543265613243
2659,0.3703342618384401,0.07822489657766077
2660,0.37047353760445684,0.07819548872180451
2661,0.3706128133704735,0.07816610296880872
2662,0.37075208913649027,0.0781367392937641
2663,0.37089136490250696,0.07810739767179872
2664,0.3710306406685237,0.07807807807807808
2665,0.3711699164345404,0.07804878048780488
2666,0.3713091922005571,0.07801950487621906
2667,0.3714484679665738,0.07799025121859768
2668,0.3715877437325905,0.07796101949025487
2669,0.37172701949860726,0.07793180966654177
2670,0.37186629526462395,0.07790262172284644
2671,0.3720055710306407,0.07787345563459379
2672,0.3721448467966574,0.07784431137724551
2673,0.37228412256267407,0.07781518892630004
2674,0.3724233983286908,0.07778608825729244
2675,0.3725626740947075,0.0777570093457944
2676,0.37270194986072425,0.07772795216741404
2677,0.37284122562674094,0.07769891669779604
2678,0.3729805013927577,0.07766990291262135
2679,0.37311977715877437,0.07764091078760732
2680,0.3732590529247911,0.07761194029850746
2681,0.3733983286908078,0.07758299142111152
2682,0.3735376044568245,0.07755406413124534
2683,0.37367688022284123,0.07752515840477078
2684,0.3738161559888579,0.07749627421758569
2685,0.37395543175487467,0.07746741154562384
2686,0.37409470752089136,0.0774385703648548
2687,0.3742339832869081,0.07740975065128396
2688,0.3743732590529248,0.07738095238095238
2689,0.3745125348189415,0.07735217552993678
2690,0.3746518105849582,0.07732342007434945
2691,0.3747910863509749,0.07766629505759941
2692,0.37493036211699166,0.07763744427934621
2693,0.37506963788300834,0.07760861492759005
2694,0.3752089136490251,0.0779510022271715
2695,0.3753481894150418,0.07792207792207792
2696,0.3754874651810585,0.07826409495548961
2697,0.3756267409470752,0.0782350760103819
2698,0.3757660167130919,0.0782060785767235
2699,0.37590529247910864,0.07817710263060393
2700,0.37604456824512533,0.07814814814814815
2701,0.3761838440111421,0.07811921510551648
2702,0.37632311977715877,0.07846039970392302
2703,0.3764623955431755,0.0784313725490196
2704,0.3766016713091922,0.07840236686390532
2705,0.3767409470752089,0.07837338262476895
2706,0.37688022284122563,0.07834441980783444
2707,0.3770194986072423,0.07831547838936091
2708,0.37715877437325906,0.07828655834564253
2709,0.37729805013927575,0.07825765965300849
2710,0.3774373259052925,0.07822878228782287
2711,0.3775766016713092,0.0781999262264847
2712,0.37771587743732593,0.07817109144542773
2713,0.3778551532033426,0.07814227792112054
2714,0.3779944289693593,0.07811348563006633
2715,0.37813370473537605,0.07845303867403315
2716,0.37827298050139274,0.0784241531664212
2717,0.3784122562674095,0.07839528892160472
2718,0.3785515320334262,0.07873436350257543
2719,0.3786908077994429,0.07870540639941155
2720,0.3788300835654596,0.07904411764705882
2721,0.3789693593314763,0.07901506798970967
2722,0.37910863509749304,0.07898603967670831
2723,0.37924791086350973,0.07932427469702534
2724,0.3793871866295265,0.07929515418502203
2725,0.37952646239554316,0.07926605504587156
2726,0.3796657381615599,0.07923697725605282
2727,0.3798050139275766,0.07920792079207921
2728,0.37994428969359334,0.07917888563049853
2729,0.38008356545961003,0.079149871747893
2730,0.3802228412256267,0.07912087912087912
2731,0.38036211699164346,0.07909190772610765
2732,0.38050139275766015,0.07906295754026355
2733,0.3806406685236769,0.07939992682034394
2734,0.3807799442896936,0.07937088514996342
2735,0.38091922005571033,0.07934186471663619
2736,0.381058495821727,0.07931286549707603
2737,0.3811977715877437,0.07964925100474973
2738,0.38133704735376045,0.07962016070124178
2739,0.38147632311977714,0.0795910916392844
2740,0.3816155988857939,0.07956204379562044
2741,0.38175487465181057,0.07989784750091207
2742,0.3818941504178273,0.07986870897155361
2743,0.382033426183844,0.07983959168793292
2744,0.38217270194986075,0.07981049562682216
2745,0.38231197771587744,0.07978142076502732
2746,0.3824512534818941,0.0797523670793882
2747,0.38259052924791087,0.07972333454677831
2748,0.38272980501392756,0.07969432314410481
2749,0.3828690807799443,0.07966533284830847
2750,0.383008356545961,0.08
2751,0.38314763231197774,0.08033442384587423
2752,0.3832869080779944,0.08030523255813954
2753,0.3834261838440111,0.08063930257900472
2754,0.38356545961002786,0.08061002178649238
2755,0.38370473537604455,0.08058076225045373
2756,0.3838440111420613,0.08055152394775036
2757,0.383983286908078,0.08052230685527748
2758,0.3841225626740947,0.08085569253081944
2759,0.3842618384401114,0.08082638637187387
2760,0.38440111420612816,0.08079710144927536
2761,0.38454038997214485,0.08113002535313292
2762,0.38467966573816154,0.08110065170166546
2763,0.3848189415041783,0.08107129931234165
2764,0.38495821727019497,0.08104196816208394
2765,0.3850974930362117,0.0810126582278481
2766,0.3852367688022284,0.08098336948662328
2767,0.38537604456824515,0.08095410191543187
2768,0.38551532033426184,0.08092485549132948
2769,0.3856545961002785,0.08089563019140483
2770,0.38579387186629527,0.08086642599277978
2771,0.38593314763231196,0.08083724287260917
2772,0.3860724233983287,0.08080808080808081
2773,0.3862116991643454,0.08077893977641544
2774,0.38635097493036213,0.08074981975486661
2775,0.3864902506963788,0.08108108108108109
2776,0.38662952646239557,0.08105187319884727
2777,0.38676880222841226,0.08102268635217862
2778,0.38690807799442894,0.08099352051835854
2779,0.3870473537604457,0.08096437567470313
2780,0.3871866295264624,0.08093525179856115
2781,0.3873259052924791,0.08090614886731391
2782,0.3874651810584958,0.08087706685837527
2783,0.38760445682451256,0.08084800574919151
2784,0.38774373259052924,0.08081896551724138
2785,0.387883008356546,0.0807899461400359
2786,0.3880222841225627,0.08076094759511845
2787,0.38816155988857937,0.08073196986006459
2788,0.3883008356545961,0.08070301291248207
2789,0.3884401114206128,0.08103262818214414
2790,0.38857938718662954,0.08100358422939068
2791,0.38871866295264623,0.08097456108921533
2792,0.388857938718663,0.08094555873925502
2793,0.38899721448467967,0.08091657715717866
2794,0.38913649025069635,0.08088761632068718
2795,0.3892757660167131,0.08085867620751341
2796,0.3894150417827298,0.08118741058655221
2797,0.38955431754874653,0.08115838398283876
2798,0.3896935933147632,0.08112937812723374
2799,0.38983286908077996,0.08145766345123258
2800,0.38997214484679665,0.08142857142857143
2801,0.3901114206128134,0.08139950017850768
2802,0.3902506963788301,0.08137044967880086
2803,0.3903899721448468,0.0816981805208705
2804,0.3905292479108635,0.08166904422253923
2805,0.3906685236768802,0.08163992869875222
2806,0.39080779944289695,0.08161083392729865
2807,0.39094707520891364,0.08158175988599929
2808,0.3910863509749304,0.08155270655270655
2809,0.3912256267409471,0.08152367390530438
2810,0.39136490250696376,0.08149466192170819
2811,0.3915041782729805,0.08146567057986481
2812,0.3916434540389972,0.0814366998577525
2813,0.39178272980501394,0.08140774973338073
2814,0.39192200557103063,0.08137882018479034
2815,0.3920612813370474,0.08170515097690942
2816,0.39220055710306406,0.08167613636363637
2817,0.3923398328690808,0.08164714235001774
2818,0.3924791086350975,0.08161816891412349
2819,0.3926183844011142,0.08158921603405463
2820,0.39275766016713093,0.08191489361702127
2821,0.3928969359331476,0.08188585607940446
2822,0.39303621169916436,0.08221119773210489
2823,0.39317548746518105,0.08218207580588027
2824,0.3933147632311978,0.0821529745042493
2825,0.3934540389972145,0.08212389380530974
2826,0.3935933147632312,0.08209483368719038
2827,0.3937325905292479,0.08206579412805094
2828,0.3938718662952646,0.08203677510608204
2829,0.39401114206128135,0.08200777659950513
2830,0.39415041782729804,0.08197879858657244
2831,0.3942896935933148,0.08230307311903921
2832,0.39442896935933147,0.08227401129943503
2833,0.3945682451253482,0.08224496999647017
2834,0.3947075208913649,0.08221594918842626
2835,0.3948467966573816,0.08218694885361552
2836,0.39498607242339834,0.08215796897038082
2837,0.395125348189415,0.08212900951709552
2838,0.39526462395543177,0.0821000704721635
2839,0.39540389972144846,0.08207115181401903
2840,0.3955431754874652,0.08204225352112676
2841,0.3956824512534819,0.08236536430834214
2842,0.3958217270194986,0.08268824771287825
2843,0.3959610027855153,0.08265916285613788
2844,0.396100278551532,0.08263009845288326
2845,0.39623955431754876,0.08260105448154657
2846,0.39637883008356545,0.0825720309205903
2847,0.3965181058495822,0.0828942746750966
2848,0.3966573816155989,0.08286516853932584
2849,0.3967966573816156,0.08283608283608283
2850,0.3969359331476323,0.08280701754385965
2851,0.397075208913649,0.08277797264117853
2852,0.39721448467966575,0.08274894810659186
2853,0.39735376044568244,0.08307045215562565
2854,0.3974930362116992,0.08304134548002803
2855,0.39763231197771587,0.0830122591943958
2856,0.3977715877437326,0.08298319327731092
2857,0.3979108635097493,0.08295414770738536
2858,0.398050139275766,0.08327501749475158
2859,0.39818941504178273,0.0832458901713886
2860,0.3983286908077994,0.08321678321678322
2861,0.39846796657381617,0.08318769660957707
2862,0.39860724233983286,0.08350803633822501
2863,0.3987465181058496,0.08347886831994411
2864,0.3988857938718663,0.08344972067039107
2865,0.39902506963788303,0.08342059336823734
2866,0.3991643454038997,0.08339148639218423
2867,0.3993036211699164,0.08336239972096268
2868,0.39944289693593316,0.08333333333333333
2869,0.39958217270194984,0.08330428720808644
2870,0.3997214484679666,0.08362369337979095
2871,0.3998607242339833,0.08359456635318704
2872,0.4,0.08356545961002786
2873,0.4001392757660167,0.08353637312913331
2874,0.4002785515320334,0.0838552540013918
2875,0.40041782729805014,0.08417391304347827
2876,0.40055710306406683,0.08414464534075104
2877,0.4006963788300836,0.08411539798401112
2878,0.40083565459610027,0.08408617095205004
2879,0.400974930362117,0.08440430705105939
2880,0.4011142061281337,0.08472222222222223
2881,0.40125348189415044,0.08503991669559181
2882,0.40139275766016713,0.08501040943789036
2883,0.4015320334261838,0.08498092265001735
2884,0.40167130919220057,0.08495145631067962
2885,0.40181058495821725,0.08492201039861352
2886,0.401949860724234,0.08489258489258489
2887,0.4020891364902507,0.08520956009698649
2888,0.40222841225626743,0.08518005540166206
2889,0.4023676880222841,0.08515057113187954
2890,0.4025069637883008,0.08512110726643599
2891,0.40264623955431755,0.08509166378415774
2892,0.40278551532033424,0.08506224066390042
2893,0.402924791086351,0.0850328378845489
2894,0.4030640668523677,0.08500345542501728
2895,0.4032033426183844,0.0849740932642487
2896,0.4033426183844011,0.08529005524861878
2897,0.40348189415041785,0.08526061442871936
2898,0.40362116991643454,0.08557625948930296
2899,0.40376044568245123,0.08554674025526043
2900,0.403899721448468,0.08551724137931034
2901,0.40403899721448466,0.08548776284039986
2902,0.4041782729805014,0.08545830461750517
2903,0.4043175487465181,0.08577333792628315
2904,0.40445682451253484,0.08574380165289257
2905,0.40459610027855153,0.08605851979345955
2906,0.4047353760445682,0.08602890571231935
2907,0.40487465181058496,0.08599931200550395
2908,0.40501392757660165,0.0859697386519945
2909,0.4051532033426184,0.08628394637332416
2910,0.4052924791086351,0.08625429553264605
2911,0.40543175487465183,0.08622466506355204
2912,0.4055710306406685,0.08653846153846154
2913,0.40571030640668526,0.08650875386199794
2914,0.40584958217270195,0.08647906657515443
2915,0.40598885793871864,0.08644939965694683
2916,0.4061281337047354,0.08641975308641975
2917,0.40626740947075207,0.08639012684264656
2918,0.4064066852367688,0.08636052090472926
2919,0.4065459610027855,0.08633093525179857
2920,0.40668523676880225,0.0863013698630137
2921,0.40682451253481894,0.08627182471756248
2922,0.4069637883008356,0.08624229979466119
2923,0.40710306406685237,0.08655490933971946
2924,0.40724233983286906,0.08652530779753762
2925,0.4073816155988858,0.0864957264957265
2926,0.4075208913649025,0.08680792891319207
2927,0.40766016713091924,0.08711991800478305
2928,0.4077994428969359,0.08743169398907104
2929,0.40793871866295267,0.08740184363263913
2930,0.40807799442896936,0.08737201365187713
2931,0.40821727019498605,0.08734220402592972
2932,0.4083565459610028,0.08731241473396999
2933,0.4084958217270195,0.08728264575519945
2934,0.4086350974930362,0.08759372869802318
2935,0.4087743732590529,0.08756388415672912
2936,0.40891364902506966,0.08753405994550409
2937,0.40905292479108635,0.08750425604358189
2938,0.4091922005571031,0.08747447243022465
2939,0.4093314763231198,0.0874447090847227
2940,0.40947075208913647,0.08775510204081632
2941,0.4096100278551532,0.08772526351581095
2942,0.4097493036211699,0.08769544527532291
2943,0.40988857938718665,0.08800543662928983
2944,0.41002785515320334,0.08797554347826086
2945,0.4101671309192201,0.08794567062818336
2946,0.41030640668523677,0.08791581805838425
2947,0.41044568245125346,0.08822531387852053
2948,0.4105849582172702,0.08819538670284939
2949,0.4107242339832869,0.08816547982366904
2950,0.41086350974930363,0.08813559322033898
2951,0.4110027855153203,0.08844459505252457
2952,0.41114206128133707,0.08841463414634146
2953,0.41128133704735376,0.08872333220453776
2954,0.4114206128133705,0.08869329722410291
2955,0.4115598885793872,0.08866328257191201
2956,0.4116991643454039,0.08863328822733424
2957,0.4118384401114206,0.08894149475820087
2958,0.4119777158774373,0.08924949290060852
2959,0.41211699164345406,0.08921933085501858
2960,0.41225626740947074,0.0891891891891892
2961,0.4123955431754875,0.08915906788247213
2962,0.4125348189415042,0.08912896691424713
2963,0.41267409470752087,0.0890988862639217
2964,0.4128133704735376,0.08940620782726046
2965,0.4129526462395543,0.0893760539629005
2966,0.41309192200557104,0.08968307484828052
2967,0.41323119777158773,0.08998988877654196
2968,0.4133704735376045,0.08995956873315364
2969,0.41350974930362117,0.09026608285618053
2970,0.4136490250696379,0.09023569023569024
2971,0.4137883008356546,0.09020531807472232
2972,0.4139275766016713,0.0901749663526245
2973,0.41406685236768803,0.09014463504877228
2974,0.4142061281337047,0.09045057162071285
2975,0.41434540389972147,0.09042016806722689
2976,0.41448467966573815,0.09038978494623656
2977,0.4146239554317549,0.0903594222371515
2978,0.4147632311977716,0.090329079919409
2979,0.4149025069637883,0.09063444108761329
2980,0.415041782729805,0.09060402684563758
2981,0.4151810584958217,0.09057363300905737
2982,0.41532033426183845,0.09054325955734406
2983,0.41545961002785514,0.09084813945692256
2984,0.4155988857938719,0.0908176943699732
2985,0.4157381615598886,0.09112227805695143
2986,0.4158774373259053,0.09109176155391828
2987,0.416016713091922,0.09106126548376298
2988,0.4161559888579387,0.09103078982597054
2989,0.41629526462395544,0.09100033456005353
2990,0.41643454038997213,0.09096989966555184
2991,0.4165738161559889,0.09093948512203276
2992,0.41671309192200556,0.09090909090909091
2993,0.4168523676880223,0.09121282993651854
2994,0.416991643454039,0.09151636606546426
2995,0.4171309192200557,0.09148580968280468
2996,0.41727019498607243,0.09145527369826435
2997,0.4174094707520891,0.09142475809142475
2998,0.41754874651810586,0.0913942628418946
2999,0.41768802228412255,0.0916972324108036
3000,0.4178272980501393,0.09166666666666666
3001,0.417966573816156,0.09163612129290237
3002,0.41810584958217273,0.09160559626915389
3003,0.4182451253481894,0.09157509157509157
3004,0.4183844011142061,0.09187749667110519
3005,0.41852367688022285,0.09184692179700499
3006,0.41866295264623954,0.09214903526280772
3007,0.4188022284122563,0.09211839042234786
3008,0.41894150417827297,0.0920877659574468
3009,0.4190807799442897,0.09205716184778996
3010,0.4192200557103064,0.0920265780730897
3011,0.4193593314763231,0.09199601461308535
3012,0.41949860724233984,0.09229747675962816
3013,0.4196378830083565,0.09226684367739794
3014,0.41977715877437327,0.09223623092236231
3015,0.41991643454038996,0.09220563847429519
3016,0.4200557103064067,0.09217506631299735
3017,0.4201949860724234,0.09214451441829632
3018,0.42033426183844014,0.09211398277004638
3019,0.4204735376044568,0.09241470685657502
3020,0.4206128133704735,0.0923841059602649
3021,0.42075208913649026,0.09268454154253558
3022,0.42089136490250695,0.09265387160820648
3023,0.4210306406685237,0.0926232219649355
3024,0.4211699164345404,0.09292328042328042
3025,0.4213091922005571,0.09289256198347108
3026,0.4214484679665738,0.09286186384666226
3027,0.4215877437325905,0.09283118599273207
3028,0.42172701949860725,0.0928005284015852
3029,0.42186629526462394,0.09276989105315285
3030,0.4220055710306407,0.09273927392739274
3031,0.42214484679665737,0.09270867700428902
3032,0.4222841225626741,0.09267810026385224
3033,0.4224233983286908,0.09264754368611935
3034,0.42256267409470755,0.09294660514172709
3035,0.42270194986072424,0.09324546952224053
3036,0.4228412256267409,0.09321475625823451
3037,0.42298050139275767,0.09318406322028318
3038,0.42311977715877436,0.09315339038841343
3039,0.4232590529247911,0.09312273774267851
3040,0.4233983286908078,0.09309210526315789
3041,0.42353760445682453,0.09306149292995725
3042,0.4236768802228412,0.09303090072320841
3043,0.4238161559888579,0.09300032862306934
3044,0.42395543175487466,0.09296977660972405
3045,0.42409470752089135,0.09293924466338259
3046,0.4242339832869081,0.09290873276428102
3047,0.4243732590529248,0.09287824089268133
3048,0.4245125348189415,0.09284776902887139
3049,0.4246518105849582,0.09281731715316498
3050,0.42479108635097496,0.09278688524590165
3051,0.42493036211699164,0.09308423467715503
3052,0.42506963788300833,0.09305373525557012
3053,0.4252089136490251,0.09302325581395349
3054,0.42534818941504177,0.09299279633267846
3055,0.4254874651810585,0.09296235679214403
3056,0.4256267409470752,0.09293193717277487
3057,0.42576601671309194,0.09290153745502126
3058,0.42590529247910863,0.09287115761935906
3059,0.4260445682451253,0.09284079764628964
3060,0.42618384401114207,0.09313725490196079
3061,0.42632311977715875,0.09310682783404116
3062,0.4264623955431755,0.0930764206401045
3063,0.4266016713091922,0.0930460333006856
3064,0.42674094707520893,0.09301566579634465
3065,0.4268802228412256,0.0933115823817292
3066,0.42701949860724236,0.09328114807566862
3067,0.42715877437325905,0.09325073361591131
3068,0.42729805013927574,0.09322033898305085
3069,0.4274373259052925,0.0931899641577061
3070,0.4275766016713092,0.09315960912052117
3071,0.4277158774373259,0.09345490068381634
3072,0.4278551532033426,0.09342447916666667
3073,0.42799442896935935,0.09339407744874716
3074,0.42813370473537604,0.0933636955107352
3075,0.42827298050139273,0.09333333333333334
3076,0.4284122562674095,0.09330299089726918
3077,0.42855153203342616,0.09327266818329542
3078,0.4286908077994429,0.09324236517218973
3079,0.4288300835654596,0.0932120818447548
3080,0.42896935933147634,0.09318181818181819
3081,0.42910863509749303,0.09315157416423239
3082,0.4292479108635098,0.09312134977287476
3083,0.42938718662952646,0.09309114498864741
3084,0.42952646239554315,0.0930609597924773
3085,0.4296657381615599,0.09335494327390599
3086,0.4298050139275766,0.09332469215813351
3087,0.42994428969359333,0.09329446064139942
3088,0.43008356545961,0.09326424870466321
3089,0.43022284122562676,0.09355778569116219
3090,0.43036211699164345,0.09352750809061489
3091,0.43050139275766014,0.09349725008087997
3092,0.4306406685236769,0.09346701164294954
3093,0.4307799442896936,0.09343679275784028
3094,0.4309192200557103,0.09340659340659341
3095,0.431058495821727,0.09337641357027464
3096,0.43119777158774375,0.09334625322997415
3097,0.43133704735376044,0.09331611236680659
3098,0.4314763231197772,0.09328599096191091
3099,0.43161559888579387,0.09325588899645047
3100,0.43175487465181056,0.09322580645161291
3101,0.4318941504178273,0.09319574330861012
3102,0.432033426183844,0.09316569954867827
3103,0.43217270194986074,0.09313567515307766
3104,0.4323119777158774,0.09310567010309279
3105,0.43245125348189417,0.09339774557165861
3106,0.43259052924791086,0.09336767546683837
3107,0.4327298050139276,0.09333762471837785
3108,0.4328690807799443,0.0933075933075933
3109,0.433008356545961,0.09327758121582502
3110,0.4331476323119777,0.0932475884244373
3111,0.4332869080779944,0.09321761491481839
3112,0.43342618384401116,0.09318766066838047
3113,0.43356545961002785,0.09315772566655958
3114,0.4337047353760446,0.09312780989081568
3115,0.4338440111420613,0.09309791332263243
3116,0.43398328690807797,0.09338896020539153
3117,0.4341225626740947,0.0933589990375361
3118,0.4342618384401114,0.09364977549711354
3119,0.43440111420612815,0.0936197499198461
3120,0.43454038997214484,0.09391025641025641
3121,0.4346796657381616,0.09388016661326498
3122,0.43481894150417827,0.09417040358744394
3123,0.434958217270195,0.0941402497598463
3124,0.4350974930362117,0.0941101152368758
3125,0.4352367688022284,0.09408
3126,0.43537604456824514,0.09404990403071017
3127,0.4355153203342618,0.09401982731052126
3128,0.43565459610027857,0.09398976982097186
3129,0.43579387186629526,0.09395973154362416
3130,0.435933147632312,0.09424920127795527
3131,0.4360724233983287,0.09421909932928776
3132,0.4362116991643454,0.0941890166028097
3133,0.4363509749303621,0.0944781359719119
3134,0.4364902506963788,0.09476707083599234
3135,0.43662952646239556,0.09473684210526316
3136,0.43676880222841225,0.09470663265306123
3137,0.436908077994429,0.09499521836149187
3138,0.4370473537604457,0.09496494582536648
3139,0.4371866295264624,0.0952532653711373
3140,0.4373259052924791,0.09554140127388536
3141,0.4374651810584958,0.09551098376313276
3142,0.43760445682451254,0.09579885423297263
3143,0.43774373259052923,0.0957683741648107
3144,0.437883008356546,0.09573791348600509
3145,0.43802228412256267,0.09570747217806042
3146,0.4381615598885794,0.09567705022250476
3147,0.4383008356545961,0.09564664760088974
3148,0.4384401114206128,0.09561626429479034
3149,0.43857938718662953,0.09558590028580502
3150,0.4387186629526462,0.09555555555555556
3151,0.43885793871866297,0.09552523008568709
3152,0.43899721448467965,0.09549492385786802
3153,0.4391364902506964,0.09546463685379004
3154,0.4392757660167131,0.09543436905516804
3155,0.43941504178272983,0.0954041204437401
3156,0.4395543175487465,0.09537389100126743
3157,0.4396935933147632,0.09534368070953436
3158,0.43983286908077995,0.09531348955034832
3159,0.43997214484679664,0.09559987337765116
3160,0.4401114206128134,0.09556962025316455
3161,0.4402506963788301,0.09553938627016767
3162,0.4403899721448468,0.09582542694497154
3163,0.4405292479108635,0.09579513120455264
3164,0.4406685236768802,0.09576485461441214
3165,0.44080779944289694,0.09573459715639811
3166,0.44094707520891363,0.09570435881238155
3167,0.4410863509749304,0.0956741395642564
3168,0.44122562674094706,0.09564393939393939
3169,0.4413649025069638,0.09592931524140107
3170,0.4415041782729805,0.09589905362776026
3171,0.44164345403899724,0.09586881110059918
3172,0.44178272980501393,0.09583858764186633
3173,0.4419220055710306,0.09580838323353294
3174,0.44206128133704736,0.09577819785759294
3175,0.44220055710306405,0.095748031496063
3176,0.4423398328690808,0.09571788413098237
3177,0.4424791086350975,0.09568775574441298
3178,0.44261838440111423,0.09565764631843927
3179,0.4427576601671309,0.0956275558351683
3180,0.4428969359331476,0.09559748427672957
3181,0.44303621169916435,0.09556743162527508
3182,0.44317548746518104,0.09553739786297925
3183,0.4433147632311978,0.09550738297203895
3184,0.4434540389972145,0.09547738693467336
3185,0.4435933147632312,0.09544740973312402
3186,0.4437325905292479,0.09541745134965474
3187,0.44387186629526465,0.09538751176655162
3188,0.44401114206128134,0.09567126725219574
3189,0.444150417827298,0.09564126685481342
3190,0.44428969359331477,0.09561128526645768
3191,0.44442896935933146,0.09558132246944531
3192,0.4445682451253482,0.09555137844611529
3193,0.4447075208913649,0.09583463827121828
3194,0.44484679665738164,0.09580463368816532
3195,0.4449860724233983,0.09608763693270736
3196,0.445125348189415,0.09637046307884856
3197,0.44526462395543176,0.09634031904910854
3198,0.44540389972144845,0.09631019387116949
3199,0.4455431754874652,0.0962800875273523
3200,0.4456824512534819,0.09625
3201,0.4458217270194986,0.09621993127147767
3202,0.4459610027855153,0.09618988132417239
3203,0.44610027855153206,0.09615985014049329
3204,0.44623955431754875,0.09612983770287141
3205,0.44637883008356544,0.09641185647425897
3206,0.4465181058495822,0.09638178415470992
3207,0.44665738161559887,0.09635173058933583
3208,0.4467966573816156,0.0963216957605985
3209,0.4469359331476323,0.09629167965098162
3210,0.44707520891364905,0.09626168224299066
3211,0.44721448467966574,0.09623170351915292
3212,0.4473537604456824,0.09620174346201743
3213,0.44749303621169917,0.096171802054155
3214,0.44763231197771586,0.09645301804604854
3215,0.4477715877437326,0.09642301710730948
3216,0.4479108635097493,0.09639303482587065
3217,0.44805013927576604,0.09636307118433322
3218,0.4481894150417827,0.09633312616532007
3219,0.44832869080779947,0.09630319975147561
3220,0.44846796657381616,0.09627329192546584
3221,0.44860724233983285,0.09655386525923626
3222,0.4487465181058496,0.09652389819987585
3223,0.4488857938718663,0.09649394973627055
3224,0.449025069637883,0.09646401985111662
3225,0.4491643454038997,0.09643410852713179
3226,0.44930362116991646,0.09640421574705518
3227,0.44944289693593314,0.09637434149364735
3228,0.44958217270194983,0.0963444857496902
3229,0.4497214484679666,0.09631464849798699
3230,0.44986072423398327,0.09628482972136222
3231,0.45,0.09625502940266172
3232,0.4501392757660167,0.09622524752475248
3233,0.45027855153203344,0.09619548407052274
3234,0.45041782729805013,0.09616573902288188
3235,0.4505571030640669,0.09613601236476044
3236,0.45069637883008357,0.09641532756489493
3237,0.45083565459610025,0.0963855421686747
3238,0.450974930362117,0.09635577516985794
3239,0.4511142061281337,0.09632602655140475
3240,0.45125348189415043,0.0962962962962963
3241,0.4513927576601671,0.09657513113236656
3242,0.45153203342618387,0.09654534238124614
3243,0.45167130919220055,0.09651557200123342
3244,0.45181058495821724,0.0967940813810111
3245,0.451949860724234,0.0970724191063174
3246,0.4520891364902507,0.09704251386321626
3247,0.4522284122562674,0.09701262704034494
3248,0.4523676880222841,0.09698275862068965
3249,0.45250696378830085,0.09695290858725762
3250,0.45264623955431754,0.09692307692307692
3251,0.4527855153203343,0.09689326361119656
3252,0.452924791086351,0.09686346863468635
3253,0.45306406685236766,0.09683369197663695
3254,0.4532033426183844,0.09680393362015981
3255,0.4533426183844011,0.09708141321044547
3256,0.45348189415041784,0.09735872235872235
3257,0.45362116991643453,0.09763586122198342
3258,0.4537604456824513,0.09760589318600368
3259,0.45389972144846796,0.09757594354096348
3260,0.45403899721448465,0.09754601226993866
3261,0.4541782729805014,0.09751609935602576
3262,0.4543175487465181,0.09748620478234211
3263,0.45445682451253483,0.09745632853202574
3264,0.4545961002785515,0.0974264705882353
3265,0.45473537604456826,0.09739663093415007
3266,0.45487465181058495,0.09736680955296999
3267,0.4550139275766017,0.09733700642791551
3268,0.4551532033426184,0.09730722154222766
3269,0.4552924791086351,0.09758335882532884
3270,0.4554317548746518,0.09755351681957186
3271,0.4555710306406685,0.09752369306022624
3272,0.45571030640668525,0.09749388753056235
3273,0.45584958217270194,0.09746410021387107
3274,0.4559888579387187,0.09773976786805132
3275,0.4561281337047354,0.09801526717557252
3276,0.4562674094707521,0.09798534798534798
3277,0.4564066852367688,0.09795544705523344
3278,0.4565459610027855,0.09823062843197071
3279,0.45668523676880224,0.09820067093626106
3280,0.4568245125348189,0.09817073170731708
3281,0.45696378830083567,0.09814081072843646
3282,0.45710306406685236,0.09811090798293723
3283,0.4572423398328691,0.09808102345415778
3284,0.4573816155988858,0.09805115712545676
3285,0.4575208913649025,0.09802130898021309
3286,0.4576601671309192,0.09799147900182593
3287,0.4577994428969359,0.09796166717371463
3288,0.45793871866295266,0.09793187347931874
3289,0.45807799442896935,0.0979020979020979
3290,0.4582172701949861,0.09787234042553192
3291,0.4583565459610028,0.09814646004254027
3292,0.4584958217270195,0.09811664641555286
3293,0.4586350974930362,0.09808685089583966
3294,0.4587743732590529,0.09805707346690953
3295,0.45891364902506965,0.09802731411229135
3296,0.45905292479108634,0.0983009708737864
3297,0.4591922005571031,0.09827115559599636
3298,0.45933147632311977,0.09854457246816252
3299,0.4594707520891365,0.09851470142467414
3300,0.4596100278551532,0.09848484848484848
3301,0.4597493036211699,0.09845501363223266
3302,0.45988857938718664,0.0984251968503937
3303,0.4600278551532033,0.09839539812291856
3304,0.46016713091922007,0.09836561743341404
3305,0.46030640668523676,0.09833585476550681
3306,0.4604456824512535,0.09830611010284332
3307,0.4605849582172702,0.09857877230117931
3308,0.46072423398328693,0.09885126964933495
3309,0.4608635097493036,0.09882139619220308
3310,0.4610027855153203,0.09879154078549848
3311,0.46114206128133706,0.0987617034128662
3312,0.46128133704735375,0.09873188405797101
3313,0.4614206128133705,0.09870208270449743
3314,0.4615598885793872,0.09867229933614967
3315,0.4616991643454039,0.09864253393665158
3316,0.4618384401114206,0.09861278648974668
3317,0.4619777158774373,0.09858305697919807
3318,0.46211699164345404,0.09855334538878843
3319,0.46225626740947073,0.09852365170231997
3320,0.4623955431754875,0.09849397590361446
3321,0.46253481894150417,0.0984643179765131
3322,0.4626740947075209,0.09843467790487657
3323,0.4628133704735376,0.09870598856455011
3324,0.46295264623955434,0.098676293622142
3325,0.46309192200557103,0.09864661654135339
3326,0.4632311977715877,0.09861695730607337
3327,0.46337047353760447,0.0985873159002104
3328,0.46350974930362115,0.0985576923076923
3329,0.4636490250696379,0.09852808651246621
3330,0.4637883008356546,0.0987987987987988
3331,0.46392757660167133,0.09906934854398079
3332,0.464066852367688,0.09933973589435774
3333,0.4642061281337047,0.09960996099609962
3334,0.46434540389972145,0.09958008398320337
3335,0.46448467966573814,0.09985007496251874
3336,0.4646239554317549,0.09982014388489209
3337,0.4647632311977716,0.09979023074617921
3338,0.4649025069637883,0.09976033553025764
3339,0.465041782729805,0.10002994908655286
3340,0.46518105849582175,0.1
3341,0.46532033426183844,0.09997006884166418
3342,0.46545961002785513,0.09994015559545183
3343,0.4655988857938719,0.09991026024528867
3344,0.46573816155988856,0.09988038277511961
3345,0.4658774373259053,0.09985052316890881
3346,0.466016713091922,0.09982068141063957
3347,0.46615598885793874,0.10008963250672244
3348,0.46629526462395543,0.10005973715651136
3349,0.4664345403899721,0.10002985965959989
3350,0.46657381615598886,0.10029850746268656
3351,0.46671309192200555,0.10026857654431513
3352,0.4668523676880223,0.10053699284009547
3353,0.466991643454039,0.10050700864897107
3354,0.46713091922005573,0.10047704233750746
3355,0.4672701949860724,0.1007451564828614
3356,0.46740947075208916,0.10071513706793803
3357,0.46754874651810585,0.10068513553768245
3358,0.46768802228412254,0.10065515187611673
3359,0.4678272980501393,0.10062518606728194
3360,0.467966573816156,0.1005952380952381
3361,0.4681058495821727,0.10056530794406426
3362,0.4682451253481894,0.10053539559785842
3363,0.46838440111420615,0.10050550104073744
3364,0.46852367688022284,0.10047562425683709
3365,0.46866295264623953,0.10044576523031204
3366,0.46880222841225627,0.10041592394533572
3367,0.46894150417827296,0.10038610038610038
3368,0.4690807799442897,0.1003562945368171
3369,0.4692200557103064,0.10032650638171564
3370,0.46935933147632314,0.10029673590504451
3371,0.4694986072423398,0.10056363097003856
3372,0.46963788300835657,0.10053380782918149
3373,0.46977715877437326,0.10050400237177587
3374,0.46991643454038995,0.1004742145820984
3375,0.4700557103064067,0.10044444444444445
3376,0.4701949860724234,0.10041469194312796
3377,0.4703342618384401,0.10038495706248149
3378,0.4704735376044568,0.10035523978685613
3379,0.47061281337047356,0.10062148564664102
3380,0.47075208913649025,0.10059171597633136
3381,0.47089136490250694,0.10085773439810707
3382,0.4710306406685237,0.10112359550561797
3383,0.47116991643454037,0.10109370381318357
3384,0.4713091922005571,0.10135933806146571
3385,0.4714484679665738,0.10162481536189069
3386,0.47158774373259055,0.10159480212640283
3387,0.47172701949860724,0.1015648066135223
3388,0.471866295264624,0.10153482880755609
3389,0.47200557103064067,0.10150486869282975
3390,0.47214484679665736,0.10147492625368731
3391,0.4722841225626741,0.1014450014744913
3392,0.4724233983286908,0.10141509433962265
3393,0.47256267409470754,0.1013852048334807
3394,0.4727019498607242,0.10135533294048321
3395,0.47284122562674097,0.10132547864506627
3396,0.47298050139275766,0.10129564193168433
3397,0.47311977715877435,0.10126582278481013
3398,0.4732590529247911,0.10123602118893467
3399,0.4733983286908078,0.10120623712856723
3400,0.4735376044568245,0.1011764705882353
3401,0.4736768802228412,0.10114672155248457
3402,0.47381615598885796,0.1011169900058789
3403,0.47395543175487465,0.10108727593300029
3404,0.4740947075208914,0.10105757931844889
3405,0.4742339832869081,0.10102790014684288
3406,0.47437325905292477,0.10099823840281856
3407,0.4745125348189415,0.10096859407103023
3408,0.4746518105849582,0.10123239436619719
3409,0.47479108635097494,0.10120269873863302
3410,0.47493036211699163,0.10117302052785923
3411,0.4750696378830084,0.1011433597185576
3412,0.47520891364902507,0.1011137162954279
3413,0.47534818941504176,0.1010840902431878
3414,0.4754874651810585,0.10105448154657294
3415,0.4756267409470752,0.10102489019033675
3416,0.47576601671309193,0.10099531615925059
3417,0.4759052924791086,0.1009657594381036
3418,0.47604456824512537,0.10093622001170276
3419,0.47618384401114205,0.10119918104708979
3420,0.4763231197771588,0.10116959064327485
3421,0.4764623955431755,0.10143232972814967
3422,0.4766016713091922,0.10140268848626534
3423,0.4767409470752089,0.10137306456324861
3424,0.4768802228412256,0.10134345794392523
3425,0.47701949860724235,0.1016058394160584
3426,0.47715877437325904,0.10157618213660245
3427,0.4772980501392758,0.10154654216515903
3428,0.4774373259052925,0.10151691948658109
3429,0.4775766016713092,0.10148731408573929
3430,0.4777158774373259,0.10145772594752187
3431,0.4778551532033426,0.10142815505683474
3432,0.47799442896935934,0.10168997668997669
3433,0.47813370473537603,0.10166035537430819
3434,0.4782729805013928,0.10163075131042516
3435,0.47841225626740946,0.10160116448326055
3436,0.4785515320334262,0.10157159487776485
3437,0.4786908077994429,0.10154204247890602
3438,0.4788300835654596,0.10151250727166958
3439,0.47896935933147633,0.10148298924105845
3440,0.479108635097493,0.10145348837209302
3441,0.47924791086350976,0.1014240046498111
3442,0.47938718662952645,0.10139453805926786
3443,0.4795264623955432,0.10136508858553588
3444,0.4796657381615599,0.101335656213705
3445,0.47980501392757663,0.10130624092888244
3446,0.4799442896935933,0.10127684271619268
3447,0.48008356545961,0.10124746156077749
3448,0.48022284122562675,0.10121809744779582
3449,0.48036211699164344,0.10118875036242389
3450,0.4805013927576602,0.10144927536231885
3451,0.4806406685236769,0.10170964937699217
3452,0.4807799442896936,0.10168018539976825
3453,0.4809192200557103,0.10165073848827107
3454,0.481058495821727,0.10162130862767806
3455,0.48119777158774374,0.10159189580318378
3456,0.4813370473537604,0.10185185185185185
3457,0.48147632311977717,0.10211165750650854
3458,0.48161559888579386,0.10208212839791787
3459,0.4817548746518106,0.10205261636311072
3460,0.4818941504178273,0.10202312138728324
3461,0.48203342618384404,0.10199364345564865
3462,0.4821727019498607,0.10196418255343732
3463,0.4823119777158774,0.10193473866589663
3464,0.48245125348189416,0.101905311778291
3465,0.48259052924791085,0.10187590187590187
3466,0.4827298050139276,0.10213502596653203
3467,0.4828690807799443,0.10239400057686761
3468,0.483008356545961,0.10265282583621683
3469,0.4831476323119777,0.10262323436148746
3470,0.4832869080779944,0.10259365994236311
3471,0.48342618384401115,0.10256410256410256
3472,0.48356545961002784,0.10253456221198157
3473,0.4837047353760446,0.10250503887129284
3474,0.48384401114206127,0.10276338514680483
3475,0.483983286908078,0.10273381294964029
3476,0.4841225626740947,0.1027042577675489
3477,0.48426183844011145,0.10267471958584987
3478,0.48440111420612814,0.10264519838987925
3479,0.4845403899721448,0.10261569416498995
3480,0.48467966573816157,0.10258620689655172
3481,0.48481894150417826,0.1028440103418558
3482,0.484958217270195,0.10281447443997703
3483,0.4850974930362117,0.1027849554981338
3484,0.48523676880222844,0.10275545350172216
3485,0.4853760445682451,0.10272596843615495
3486,0.4855153203342618,0.10269650028686174
3487,0.48565459610027856,0.10266704903928879
3488,0.48579387186629525,0.10263761467889908
3489,0.485933147632312,0.10289481226712525
3490,0.4860724233983287,0.10286532951289398
3491,0.4862116991643454,0.1031223145230593
3492,0.4863509749303621,0.10309278350515463
3493,0.48649025069637886,0.10306326939593473
3494,0.48662952646239555,0.10303377218088151
3495,0.48676880222841223,0.10300429184549356
3496,0.486908077994429,0.10297482837528604
3497,0.48704735376044567,0.10294538175579068
3498,0.4871866295264624,0.10291595197255575
3499,0.4873259052924791,0.10288653901114604
3500,0.48746518105849584,0.10314285714285715
3501,0.48760445682451253,0.10311339617252213
3502,0.4877437325905292,0.10336950314106225
3503,0.48788300835654597,0.10333999429060806
3504,0.48802228412256266,0.10331050228310502
3505,0.4881615598885794,0.1035663338088445
3506,0.4883008356545961,0.10353679406731318
3507,0.48844011142061283,0.10350727117194183
3508,0.4885793871866295,0.10347776510832384
3509,0.48871866295264627,0.10373325733827302
3510,0.48885793871866295,0.10398860398860399
3511,0.48899721448467964,0.10395898604386215
3512,0.4891364902506964,0.10392938496583143
3513,0.4892757660167131,0.10389980074010817
3514,0.4894150417827298,0.10387023335230507
3515,0.4895543175487465,0.10384068278805121
3516,0.48969359331476325,0.10381114903299203
3517,0.48983286908077994,0.10378163207278931
3518,0.48997214484679663,0.10375213189312109
3519,0.4901114206128134,0.10400682011935208
3520,0.49025069637883006,0.10397727272727272
3521,0.4903899721448468,0.10394774211871627
3522,0.4905292479108635,0.10391822827938671
3523,0.49066852367688024,0.10388873119500426
3524,0.49080779944289693,0.10385925085130533
3525,0.4909470752089137,0.10411347517730496
3526,0.49108635097493036,0.10408394781622235
3527,0.49122562674094705,0.10405443719875249
3528,0.4913649025069638,0.10402494331065759
3529,0.4915041782729805,0.10399546613771607
3530,0.49164345403899723,0.10396600566572238
3531,0.4917827298050139,0.10393656188048711
3532,0.49192200557103066,0.10419026047565119
3533,0.49206128133704735,0.10444381545428814
3534,0.49220055710306404,0.10441426146010187
3535,0.4923398328690808,0.10438472418670439
3536,0.4924791086350975,0.1043552036199095
3537,0.4926183844011142,0.10432569974554708
3538,0.4927576601671309,0.10429621254946297
3539,0.49289693593314765,0.10426674201751908
3540,0.49303621169916434,0.10423728813559321
3541,0.4931754874651811,0.10420785088957922
3542,0.4933147632311978,0.10417843026538678
3543,0.49345403899721446,0.10414902624894158
3544,0.4935933147632312,0.1041196388261851
3545,0.4937325905292479,0.10409026798307475
3546,0.49387186629526464,0.10406091370558376
3547,0.4940111420612813,0.10403157597970115
3548,0.49415041782729807,0.1040022547914318
3549,0.49428969359331476,0.10397295012679628
3550,0.49442896935933145,0.10394366197183098
3551,0.4945682451253482,0.103914390312588
3552,0.4947075208913649,0.10416666666666667
3553,0.4948467966573816,0.10413734871939206
3554,0.4949860724233983,0.1043894203714125
3555,0.49512534818941506,0.10436005625879044
3556,0.49526462395543175,0.10433070866141732
3557,0.4954038997214485,0.10458251335394995
3558,0.4955431754874652,0.10483417650365374
3559,0.49568245125348187,0.10480472042708626
3560,0.4958217270194986,0.1047752808988764
3561,0.4959610027855153,0.10474585790508284
3562,0.49610027855153205,0.1047164514317799
3563,0.49623955431754874,0.10468706146505753
3564,0.4963788300835655,0.10493827160493827
3565,0.49651810584958217,0.10490883590462834
3566,0.49665738161559886,0.10515984296130118
3567,0.4967966573816156,0.10513036164844407
3568,0.4969359331476323,0.10510089686098655
3569,0.49707520891364904,0.10507144858503782
3570,0.4972144846796657,0.10504201680672269
3571,0.49735376044568247,0.10501260151218146
3572,0.49749303621169916,0.10498320268756998
3573,0.4976323119777159,0.10523369717324377
3574,0.4977715877437326,0.10520425293788473
3575,0.4979108635097493,0.10517482517482518
3576,0.498050139275766,0.10514541387024609
3577,0.4981894150417827,0.10511601901034387
3578,0.49832869080779946,0.10508664058133035
3579,0.49846796657381615,0.1050572785694328
3580,0.4986072423398329,0.10502793296089385
3581,0.4987465181058496,0.10499860374197152
3582,0.49888579387186627,0.10496929089893914
3583,0.499025069637883,0.10493999441808541
3584,0.4991643454038997,0.10491071428571429
3585,0.49930362116991645,0.10488145048814505
3586,0.49944289693593313,0.10485220301171222
3587,0.4995821727019499,0.10510175634234736
3588,0.49972144846796657,0.10535117056856187
3589,0.4998607242339833,0.10532181666202285
3590,0.5,0.1052924791086351
3591,0.5001392757660167,0.10554163185742133
3592,0.5002785515320334,0.10551224944320713
3593,0.5004178272980502,0.10548288338435848
3594,0.5005571030640669,0.10545353366722315
3595,0.5006963788300836,0.10542420027816411
3596,0.5008356545961002,0.10539488320355951
3597,0.500974930362117,0.10536558242980261
3598,0.5011142061281337,0.10533629794330183
3599,0.5012534818941504,0.10530702973048069
3600,0.5013927576601671,0.10527777777777778
3601,0.5015320334261838,0.10524854207164676
3602,0.5016713091922006,0.10521932259855636
3603,0.5018105849582173,0.10519011934499028
3604,0.501949860724234,0.10543840177580466
3605,0.5020891364902507,0.10540915395284327
3606,0.5022284122562675,0.10565723793677205
3607,0.5023676880222842,0.1056279456612143
3608,0.5025069637883008,0.10559866962305987
3609,0.5026462395543175,0.1055694098088113
3610,0.5027855153203342,0.10554016620498614
3611,0.502924791086351,0.10551093879811686
3612,0.5030640668523677,0.10575858250276855
3613,0.5032033426183844,0.10572931082203155
3614,0.5033426183844011,0.10570005534034312
3615,0.5034818941504178,0.10567081604426003
3616,0.5036211699164346,0.10564159292035398
3617,0.5037604456824513,0.1056123859552115
3618,0.503899721448468,0.10558319513543395
3619,0.5040389972144846,0.10583033987289306
3620,0.5041782729805014,0.10580110497237569
3621,0.5043175487465181,0.10577188621927644
3622,0.5044568245125348,0.10574268360022088
3623,0.5045961002785515,0.1057134971018493
3624,0.5047353760445682,0.10568432671081678
3625,0.504874651810585,0.1056551724137931
3626,0.5050139275766017,0.10562603419746276
3627,0.5051532033426184,0.10559691204852495
3628,0.5052924791086351,0.1055678059536935
3629,0.5054317548746519,0.10553871589969689
3630,0.5055710306406686,0.10550964187327824
3631,0.5057103064066852,0.10548058386119526
3632,0.5058495821727019,0.10545154185022027
3633,0.5059888579387186,0.1054225158271401
3634,0.5061281337047354,0.1053935057787562
3635,0.5062674094707521,0.10536451169188446
3636,0.5064066852367688,0.10561056105610561
3637,0.5065459610027855,0.10558152323343414
3638,0.5066852367688023,0.10555250137438153
3639,0.506824512534819,0.1055234954657873
3640,0.5069637883008357,0.10576923076923077
3641,0.5071030640668523,0.10574018126888217
3642,0.507242339832869,0.1057111477210324
3643,0.5073816155988858,0.10568213011254461
3644,0.5075208913649025,0.10565312843029638
3645,0.5076601671309192,0.1056241426611797
3646,0.5077994428969359,0.10559517279210093
3647,0.5079387186629526,0.10584041678091582
3648,0.5080779944289694,0.10581140350877193
3649,0.5082172701949861,0.10578240613866813
3650,0.5083565459610028,0.10602739726027398
3651,0.5084958217270195,0.10627225417693782
3652,0.5086350974930363,0.10624315443592552
3653,0.508774373259053,0.10621407062688201
3654,0.5089136490250696,0.10645867542419267
3655,0.5090529247910863,0.10642954856361149
3656,0.509192200557103,0.10667396061269147
3657,0.5093314763231198,0.1066447908121411
3658,0.5094707520891365,0.10661563696008748
3659,0.5096100278551532,0.10658649904345449
3660,0.5097493036211699,0.10655737704918032
3661,0.5098885793871867,0.10652827096421742
3662,0.5100278551532034,0.1064991807755325
3663,0.5101671309192201,0.10647010647010648
3664,0.5103064066852367,0.10671397379912664
3665,0.5104456824512534,0.10695770804911324
3666,0.5105849582172702,0.10692853246044735
3667,0.5107242339832869,0.10689937278429233
3668,0.5108635097493036,0.10687022900763359
3669,0.5110027855153203,0.1068411011174707
3670,0.5111420612813371,0.10681198910081743
3671,0.5112813370473538,0.10678289294470171
3672,0.5114206128133705,0.10675381263616558
3673,0.5115598885793872,0.10672474816226518
3674,0.5116991643454039,0.10669569951007077
3675,0.5118384401114207,0.10666666666666667
3676,0.5119777158774373,0.10663764961915125
3677,0.512116991643454,0.10660864835463693
3678,0.5122562674094707,0.1068515497553018
3679,0.5123955431754874,0.10682250611579233
3680,0.5125348189415042,0.10706521739130435
3681,0.5126740947075209,0.10730779679434936
3682,0.5128133704735376,0.10727865290602934
3683,0.5129526462395543,0.10752104262829215
3684,0.5130919220055711,0.10749185667752444
3685,0.5132311977715878,0.10746268656716418
3686,0.5133704735376045,0.10743353228431904
3687,0.5135097493036211,0.10767561703281801
3688,0.5136490250696378,0.1079175704989154
3689,0.5137883008356546,0.10788831661696936
3690,0.5139275766016713,0.1078590785907859
3691,0.514066852367688,0.10782985640747765
3692,0.5142061281337047,0.10780065005417118
3693,0.5143454038997215,0.10804224207961008
3694,0.5144846796657382,0.10801299404439632
3695,0.5146239554317549,0.10798376184032477
3696,0.5147632311977716,0.10822510822510822
3697,0.5149025069637883,0.10819583446037327
3698,0.515041782729805,0.10816657652785289
3699,0.5151810584958217,0.10813733441470667
3700,0.5153203342618384,0.10837837837837838
3701,0.5154596100278551,0.10834909483923263
3702,0.5155988857938719,0.10831982712047541
3703,0.5157381615598886,0.10856062651903861
3704,0.5158774373259053,0.10853131749460043
3705,0.516016713091922,0.10877192982456141
3706,0.5161559888579387,0.1087425796006476
3707,0.5162952646239555,0.10898300512543836
3708,0.5164345403899722,0.10922330097087378
3709,0.5165738161559889,0.10919385279050957
3710,0.5167130919220055,0.10943396226415095
3711,0.5168523676880222,0.10967394233360281
3712,0.516991643454039,0.10964439655172414
3713,0.5171309192200557,0.1096148666846216
3714,0.5172701949860724,0.10958535271943996
3715,0.5174094707520891,0.10955585464333782
3716,0.5175487465181059,0.10952637244348762
3717,0.5176880222841226,0.1094969061070756
3718,0.5178272980501393,0.10946745562130178
3719,0.517966573816156,0.10943802097337994
3720,0.5181058495821727,0.10940860215053763
3721,0.5182451253481895,0.10937919914001612
3722,0.5183844011142061,0.1093498119290704
3723,0.5185236768802228,0.10932044050496911
3724,0.5186629526462395,0.10929108485499463
3725,0.5188022284122563,0.10926174496644295
3726,0.518941504178273,0.10950080515297907
3727,0.5190807799442897,0.1094714247383955
3728,0.5192200557103064,0.10944206008583691
3729,0.5193593314763231,0.10941271118262269
3730,0.5194986072423399,0.10938337801608579
3731,0.5196378830083566,0.10935406057357278
3732,0.5197771587743732,0.10932475884244373
3733,0.5199164345403899,0.10929547281007233
3734,0.5200557103064067,0.10926620246384575
3735,0.5201949860724234,0.10923694779116466
3736,0.5203342618384401,0.10920770877944326
3737,0.5204735376044568,0.10917848541610918
3738,0.5206128133704735,0.10941680042803638
3739,0.5207520891364903,0.10938753677453865
3740,0.520891364902507,0.10935828877005348
3741,0.5210306406685237,0.10932905640203154
3742,0.5211699164345404,0.10929983965793694
3743,0.521309192200557,0.10927063852524713
3744,0.5214484679665738,0.10924145299145299
3745,0.5215877437325905,0.10921228304405875
3746,0.5217270194986072,0.10918312867058196
3747,0.5218662952646239,0.10942087002935681
3748,0.5220055710306407,0.10939167556029883
3749,0.5221448467966574,0.10936249666577753
3750,0.5222841225626741,0.1096
3751,0.5224233983286908,0.10957078112503332
3752,0.5225626740947075,0.10954157782515991
3753,0.5227019498607243,0.10951239008792965
3754,0.522841225626741,0.1094832179009057
3755,0.5229805013927576,0.10945406125166444
3756,0.5231197771587743,0.10942492012779553
3757,0.5232590529247911,0.10939579451690179
3758,0.5233983286908078,0.10936668440659926
3759,0.5235376044568245,0.10933758978451716
3760,0.5236768802228412,0.10930851063829787
3761,0.5238161559888579,0.10954533368784898
3762,0.5239554317548747,0.10951621477937268
3763,0.5240947075208914,0.10975285676322083
3764,0.5242339832869081,0.10972369819341127
3765,0.5243732590529248,0.1096945551128818
3766,0.5245125348189416,0.10993096123207648
3767,0.5246518105849582,0.10990177860366339
3768,0.5247910863509749,0.10987261146496816
3769,0.5249303621169916,0.10984345980366145
3770,0.5250696378830083,0.11007957559681697
3771,0.5252089136490251,0.11005038451339168
3772,0.5253481894150418,0.11002120890774125
3773,0.5254874651810585,0.10999204876755897
3774,0.5256267409470752,0.10996290408055114
3775,0.525766016713092,0.10993377483443709
3776,0.5259052924791087,0.10990466101694915
3777,0.5260445682451254,0.10987556261583267
3778,0.526183844011142,0.10984647961884594
3779,0.5263231197771587,0.10981741201376026
3780,0.5264623955431755,0.10978835978835978
3781,0.5266016713091922,0.10975932293044169
3782,0.5267409470752089,0.10999471179270227
3783,0.5268802228412256,0.10996563573883161
3784,0.5270194986072423,0.11020084566596194
3785,0.5271587743732591,0.11017173051519155
3786,0.5272980501392758,0.11014263074484945
3787,0.5274373259052925,0.11037760760496435
3788,0.5275766016713092,0.11034846884899684
3789,0.527715877437326,0.11058326735286356
3790,0.5278551532033426,0.11055408970976253
3791,0.5279944289693593,0.11078871010287523
3792,0.528133704735376,0.11075949367088607
3793,0.5282729805013927,0.11099393619825995
3794,0.5284122562674095,0.11096468107538218
3795,0.5285515320334262,0.11093544137022397
3796,0.5286908077994429,0.11090621707060064
3797,0.5288300835654596,0.11087700816434026
3798,0.5289693593314764,0.11084781463928384
3799,0.5291086350974931,0.11081863648328508
3800,0.5292479108635098,0.11078947368421052
3801,0.5293871866295264,0.11076032622993949
3802,0.5295264623955431,0.11073119410836402
3803,0.5296657381615599,0.1107020773073889
3804,0.5298050139275766,0.11067297581493166
3805,0.5299442896935933,0.11064388961892246
3806,0.53008356545961,0.11087756174461377
3807,0.5302228412256268,0.11084843708957184
3808,0.5303621169916435,0.11081932773109243
3809,0.5305013927576602,0.11079023365712785
3810,0.5306406685236769,0.11076115485564304
3811,0.5307799442896936,0.11073209131461559
3812,0.5309192200557104,0.11070304302203568
3813,0.531058495821727,0.1109362706530291
3814,0.5311977715877437,0.11090718405873098
3815,0.5313370473537604,0.11114023591087811
3816,0.5314763231197771,0.11137316561844864
3817,0.5316155988857939,0.11134398742467906
3818,0.5317548746518106,0.11157674174960712
3819,0.5318941504178273,0.11180937418172296
3820,0.532033426183844,0.11204188481675392
3821,0.5321727019498608,0.11201256215650353
3822,0.5323119777158775,0.1119832548403977
3823,0.5324512534818941,0.11221553753596653
3824,0.5325905292479108,0.11218619246861924
3825,0.5327298050139275,0.11215686274509803
3826,0.5328690807799443,0.11212754835337167
3827,0.533008356545961,0.11209824928142148
3828,0.5331476323119777,0.11206896551724138
3829,0.5332869080779944,0.11203969704883782
3830,0.5334261838440112,0.11201044386422976
3831,0.5335654596100279,0.11198120595144871
3832,0.5337047353760446,0.11195198329853862
3833,0.5338440111420613,0.11192277589355597
3834,0.533983286908078,0.11215440792905582
3835,0.5341225626740947,0.1121251629726206
3836,0.5342618384401114,0.11209593326381648
3837,0.5344011142061281,0.11206671879072191
3838,0.5345403899721448,0.11203751954142782
3839,0.5346796657381616,0.11226882000520969
3840,0.5348189415041783,0.11223958333333334
3841,0.534958217270195,0.1122103618849258
3842,0.5350974930362117,0.11218115564809995
3843,0.5352367688022284,0.11215196461098101
3844,0.5353760445682452,0.11212278876170656
3845,0.5355153203342619,0.11209362808842653
3846,0.5356545961002785,0.11206448257930317
3847,0.5357938718662952,0.11203535222251104
3848,0.5359331476323119,0.112006237006237
3849,0.5360724233983287,0.11197713691868018
3850,0.5362116991643454,0.11220779220779221
3851,0.5363509749303621,0.11243832770708907
3852,0.5364902506963788,0.11240913811007269
3853,0.5366295264623956,0.11237996366467687
3854,0.5367688022284123,0.11235080435910742
3855,0.536908077994429,0.11232166018158236
3856,0.5370473537604457,0.11229253112033195
3857,0.5371866295264623,0.11226341716359865
3858,0.5373259052924791,0.11223431829963712
3859,0.5374651810584958,0.11220523451671417
3860,0.5376044568245125,0.11243523316062176
3861,0.5377437325905292,0.11240611240611241
3862,0.537883008356546,0.11263593992749871
3863,0.5380222841225627,0.11286564845974631
3864,0.5381615598885794,0.11283643892339544
3865,0.5383008356545961,0.11280724450194049
3866,0.5384401114206128,0.11277806518365235
3867,0.5385793871866296,0.11274890095681407
3868,0.5387186629526463,0.11271975180972078
3869,0.5388579387186629,0.11269061773067976
3870,0.5389972144846796,0.11266149870801033
3871,0.5391364902506964,0.11263239473004391
3872,0.5392757660167131,0.11260330578512397
3873,0.5394150417827298,0.11257423186160599
3874,0.5395543175487465,0.11254517294785751
3875,0.5396935933147632,0.11251612903225806
3876,0.53983286908078,0.11248710010319918
3877,0.5399721448467967,0.11271601753933454
3878,0.5401114206128134,0.11268695203713254
3879,0.54025069637883,0.11265790152101057
3880,0.5403899721448467,0.11288659793814433
3881,0.5405292479108635,0.11285751095078587
3882,0.5406685236768802,0.11282843894899536
3883,0.5408077994428969,0.11279938192119496
3884,0.5409470752089136,0.11302780638516993
3885,0.5410863509749304,0.112998712998713
3886,0.5412256267409471,0.11296963458569223
3887,0.5413649025069638,0.11294057113455107
3888,0.5415041782729805,0.11291152263374486
3889,0.5416434540389972,0.11288248907174081
3890,0.541782729805014,0.11311053984575835
3891,0.5419220055710307,0.1133384734001542
3892,0.5420612813370473,0.11330935251798561
3893,0.542200557103064,0.11353711790393013
3894,0.5423398328690808,0.11350796096558809
3895,0.5424791086350975,0.1134788189987163
3896,0.5426183844011142,0.11344969199178645
3897,0.5427576601671309,0.11342057993328201
3898,0.5428969359331476,0.11364802462801436
3899,0.5430362116991644,0.11361887663503463
3900,0.5431754874651811,0.1135897435897436
3901,0.5433147632311978,0.11381697000769034
3902,0.5434540389972145,0.11404407995899539
3903,0.5435933147632313,0.1140148603638227
3904,0.5437325905292479,0.11398565573770492
3905,0.5438718662952646,0.11421254801536491
3906,0.5440111420612813,0.11418330773169483
3907,0.544150417827298,0.1141540824161761
3908,0.5442896935933148,0.11412487205731832
3909,0.5444289693593315,0.11409567664364288
3910,0.5445682451253482,0.11406649616368286
3911,0.5447075208913649,0.11403733060598313
3912,0.5448467966573816,0.1140081799591002
3913,0.5449860724233984,0.11397904421160235
3914,0.545125348189415,0.1139499233520695
3915,0.5452646239554317,0.11417624521072797
3916,0.5454038997214484,0.11414708886618999
3917,0.5455431754874652,0.11411794740873117
3918,0.5456824512534819,0.11408882082695253
3919,0.5458217270194986,0.1140597091094667
3920,0.5459610027855153,0.11403061224489795
3921,0.546100278551532,0.11400153022188217
3922,0.5462395543175488,0.11422743498215196
3923,0.5463788300835655,0.11445322457303084
3924,0.5465181058495822,0.11467889908256881
3925,0.5466573816155988,0.11464968152866242
3926,0.5467966573816156,0.11462047885888946
3927,0.5469359331476323,0.11459129106187929
3928,0.547075208913649,0.11456211812627291
3929,0.5472144846796657,0.11453296004072283
3930,0.5473537604456824,0.11450381679389313
3931,0.5474930362116992,0.11447468837445943
3932,0.5476323119777159,0.11444557477110885
3933,0.5477715877437326,0.11441647597254005
3934,0.5479108635097493,0.11438739196746314
3935,0.5480501392757661,0.11435832274459974
3936,0.5481894150417828,0.11432926829268293
3937,0.5483286908077994,0.1143002286004572
3938,0.5484679665738161,0.11427120365667852
3939,0.5486072423398328,0.11424219345011424
3940,0.5487465181058496,0.11446700507614213
3941,0.5488857938718663,0.11443795990865263
3942,0.549025069637883,0.11440892947742262
3943,0.5491643454038997,0.11437991377124017
3944,0.5493036211699165,0.11435091277890466
3945,0.5494428969359332,0.11432192648922687
3946,0.5495821727019499,0.11429295489102889
3947,0.5497214484679666,0.11451735495312895
3948,0.5498607242339832,0.11448834853090173
3949,0.55,0.11445935679918967
3950,0.5501392757660167,0.11443037974683544
3951,0.5502785515320334,0.11440141736269299
3952,0.5504178272980501,0.11437246963562753
3953,0.5505571030640668,0.11434353655451555
3954,0.5506963788300836,0.11431461810824481
3955,0.5508356545961003,0.11428571428571428
3956,0.550974930362117,0.11425682507583418
3957,0.5511142061281337,0.1142279504675259
3958,0.5512534818941505,0.11445174330469934
3959,0.5513927576601672,0.11442283404900228
3960,0.5515320334261838,0.1143939393939394
3961,0.5516713091922005,0.11436505932845241
3962,0.5518105849582172,0.11458859162039374
3963,0.551949860724234,0.11481201110269998
3964,0.5520891364902507,0.11503531786074672
3965,0.5522284122562674,0.1150063051702396
3966,0.5523676880222841,0.11497730711043873
3967,0.5525069637883009,0.11494832367027981
3968,0.5526462395543176,0.11491935483870967
3969,0.5527855153203343,0.11489040060468632
3970,0.552924791086351,0.11486146095717883
3971,0.5530640668523676,0.11508436162175774
3972,0.5532033426183844,0.11505538771399798
3973,0.5533426183844011,0.11527812735967782
3974,0.5534818941504178,0.11524911927528939
3975,0.5536211699164345,0.11522012578616352
3976,0.5537604456824513,0.11519114688128773
3977,0.553899721448468,0.11541362836308776
3978,0.5540389972144847,0.11538461538461539
3979,0.5541782729805014,0.11535561698919326
3980,0.5543175487465181,0.11532663316582914
3981,0.5544568245125349,0.11529766390354182
3982,0.5545961002785516,0.11526870919136112
3983,0.5547353760445682,0.11549083605322621
3984,0.5548746518105849,0.11546184738955824
3985,0.5550139275766016,0.11543287327478043
3986,0.5551532033426184,0.1154039136979428
3987,0.5552924791086351,0.11537496864810634
3988,0.5554317548746518,0.11534603811434303
3989,0.5555710306406685,0.11556781148157433
3990,0.5557103064066853,0.11578947368421053
3991,0.555849582172702,0.11601102480581307
3992,0.5559888579387187,0.11598196392785572
3993,0.5561281337047354,0.11595291760581017
3994,0.556267409470752,0.11592388582874312
3995,0.5564066852367688,0.11589486858573217
3996,0.5565459610027855,0.11611611611611612
3997,0.5566852367688022,0.11608706529897424
3998,0.5568245125348189,0.11605802901450725
3999,0.5569637883008357,0.11602900725181295
4000,0.5571030640668524,0.116
4001,0.5572423398328691,0.11597100724818796
4002,0.5573816155988858,0.11594202898550725
4003,0.5575208913649025,0.11616287784161879
4004,0.5576601671309193,0.11613386613386613
4005,0.557799442896936,0.11610486891385768
4006,0.5579387186629526,0.1163255117324014
4007,0.5580779944289693,0.11629648115797354
4008,0.5582172701949861,0.11626746506986028
4009,0.5583565459610028,0.11623846345722125
4010,0.5584958217270195,0.11620947630922693
4011,0.5586350974930362,0.11618050361505859
4012,0.5587743732590529,0.11615154536390827
4013,0.5589136490250697,0.11637179167704959
4014,0.5590529247910864,0.11634280019930245
4015,0.5591922005571031,0.11631382316313824
4016,0.5593314763231197,0.11628486055776892
4017,0.5594707520891364,0.11650485436893204
4018,0.5596100278551532,0.11647585863613738
4019,0.5597493036211699,0.11669569544662851
4020,0.5598885793871866,0.11666666666666667
4021,0.5600278551532033,0.11663765232529222
4022,0.5601671309192201,0.11685728493286922
4023,0.5603064066852368,0.11682823763360677
4024,0.5604456824512535,0.11679920477137178
4025,0.5605849582172702,0.11677018633540373
4026,0.5607242339832869,0.11674118231495281
4027,0.5608635097493037,0.11671219269927986
4028,0.5610027855153203,0.11693147964250249
4029,0.561142061281337,0.1169024571854058
4030,0.5612813370473537,0.11687344913151365
4031,0.5614206128133705,0.11684445547010668
4032,0.5615598885793872,0.11681547619047619
4033,0.5616991643454039,0.11678651128192413
4034,0.5618384401114206,0.11675756073376302
4035,0.5619777158774373,0.11672862453531599
4036,0.5621169916434541,0.11669970267591676
4037,0.5622562674094708,0.11667079514490959
4038,0.5623955431754875,0.11664190193164933
4039,0.5625348189415041,0.11661302302550136
4040,0.5626740947075209,0.11658415841584159
4041,0.5628133704735376,0.11655530809205643
4042,0.5629526462395543,0.1165264720435428
4043,0.563091922005571,0.11649765025970814
4044,0.5632311977715877,0.11646884272997032
4045,0.5633704735376045,0.11644004944375773
4046,0.5635097493036212,0.11641127039050915
4047,0.5636490250696379,0.1166296021744502
4048,0.5637883008356546,0.116600790513834
4049,0.5639275766016713,0.11681896764633243
4050,0.564066852367688,0.11703703703703704
4051,0.5642061281337047,0.11700814613675635
4052,0.5643454038997214,0.11697926949654491
4053,0.5644846796657381,0.11695040710584752
4054,0.5646239554317549,0.11692155895411939
4055,0.5647632311977716,0.11689272503082614
4056,0.5649025069637883,0.11686390532544379
4057,0.565041782729805,0.11683509982745871
4058,0.5651810584958217,0.11680630852636767
4059,0.5653203342618385,0.11677753141167775
4060,0.5654596100278552,0.1167487684729064
4061,0.5655988857938719,0.11672001969958139
4062,0.5657381615598885,0.11669128508124077
4063,0.5658774373259053,0.11666256460743293
4064,0.566016713091922,0.11663385826771654
4065,0.5661559888579387,0.11660516605166052
4066,0.5662952646239554,0.11657648794884408
4067,0.5664345403899721,0.11654782394885665
4068,0.5665738161559889,0.11676499508357915
4069,0.5667130919220056,0.11673629884492505
4070,0.5668523676880223,0.11695331695331695
4071,0.566991643454039,0.11717022844509949
4072,0.5671309192200558,0.11714145383104126
4073,0.5672701949860725,0.1171126933464277
4074,0.5674094707520891,0.1170839469808542
4075,0.5675487465181058,0.11705521472392638
4076,0.5676880222841225,0.11702649656526005
4077,0.5678272980501393,0.11699779249448124
4078,0.567966573816156,0.11721432074546347
4079,0.5681058495821727,0.11718558470213288
4080,0.5682451253481894,0.11715686274509804
4081,0.5683844011142062,0.11712815486400392
4082,0.5685236768802229,0.11709946104850563
4083,0.5686629526462396,0.11707078128826844
4084,0.5688022284122562,0.11704211557296768
4085,0.5689415041782729,0.11701346389228887
4086,0.5690807799442897,0.11698482623592756
4087,0.5692200557103064,0.11695620259358944
4088,0.5693593314763231,0.11692759295499021
4089,0.5694986072423398,0.11689899730985572
4090,0.5696378830083565,0.11687041564792176
4091,0.5697771587743733,0.11708628697140064
4092,0.56991643454039,0.1170576735092864
4093,0.5700557103064067,0.11702907402882971
4094,0.5701949860724234,0.11700048851978505
4095,0.5703342618384402,0.11697191697191697
4096,0.5704735376044568,0.116943359375
4097,0.5706128133704735,0.11691481571881865
4098,0.5707520891364902,0.1171303074670571
4099,0.5708913649025069,0.11734569407172481
4100,0.5710306406685237,0.1173170731707317
4101,0.5711699164345404,0.11728846622774933
4102,0.5713091922005571,0.11725987323256948
4103,0.5714484679665738,0.11723129417499391
4104,0.5715877437325906,0.11744639376218323
4105,0.5717270194986073,0.11741778319123021
4106,0.571866295264624,0.11738918655625913
4107,0.5720055710306406,0.11736060384709034
4108,0.5721448467966573,0.11733203505355404
4109,0.5722841225626741,0.11730348016549039
4110,0.5724233983286908,0.11727493917274939
4111,0.5725626740947075,0.11724641206519096
4112,0.5727019498607242,0.11721789883268482
4113,0.572841225626741,0.1174325309992706
4114,0.5729805013927577,0.11740398638794361
4115,0.5731197771587744,0.11761846901579587
4116,0.5732590529247911,0.11758989310009718
4117,0.5733983286908078,0.11756133106631042
4118,0.5735376044568246,0.11753278290432248
4119,0.5736768802228412,0.11774702597717893
4120,0.5738161559888579,0.11796116504854369
4121,0.5739554317548746,0.1179325406454744
4122,0.5740947075208913,0.11790393013100436
4123,0.5742339832869081,0.11787533349502789
4124,0.5743732590529248,0.11808923375363725
4125,0.5745125348189415,0.1183030303030303
4126,0.5746518105849582,0.11827435773145904
4127,0.574791086350975,0.11824569905500364
4128,0.5749303621169917,0.1182170542635659
4129,0.5750696378830084,0.1181884233470574
4130,0.575208913649025,0.11815980629539952
4131,0.5753481894150417,0.11813120309852336
4132,0.5754874651810585,0.1181026137463698
4133,0.5756267409470752,0.11807403822888943
4134,0.5757660167130919,0.11804547653604257
4135,0.5759052924791086,0.11801692865779928
4136,0.5760445682451254,0.11823017408123791
4137,0.5761838440111421,0.11820159535895576
4138,0.5763231197771588,0.11817303044949251
4139,0.5764623955431755,0.11814447934283644
4140,0.5766016713091922,0.11811594202898551
4141,0.576740947075209,0.11808741849794735
4142,0.5768802228412256,0.11805890873973926
4143,0.5770194986072423,0.11827178373159546
4144,0.577158774373259,0.11824324324324324
4145,0.5772980501392758,0.11821471652593486
4146,0.5774373259052925,0.11818620356970574
4147,0.5775766016713092,0.11815770436460092
4148,0.5777158774373259,0.11812921890067503
4149,0.5778551532033426,0.11810074716799229
4150,0.5779944289693594,0.1180722891566265
4151,0.5781337047353761,0.11804384485666104
4152,0.5782729805013928,0.11801541425818883
4153,0.5784122562674094,0.11798699735131231
4154,0.5785515320334261,0.11795859412614347
4155,0.5786908077994429,0.11793020457280386
4156,0.5788300835654596,0.11790182868142444
4157,0.5789693593314763,0.11811402453692567
4158,0.579108635097493,0.11808561808561809
4159,0.5792479108635098,0.11805722529454196
4160,0.5793871866295265,0.11802884615384615
4161,0.5795264623955432,0.11800048065368901
4162,0.5796657381615599,0.11797212878423835
4163,0.5798050139275766,0.11818400192169108
4164,0.5799442896935934,0.11815561959654179
4165,0.58008356545961,0.11836734693877551
4166,0.5802228412256267,0.11833893422947672
4167,0.5803621169916434,0.11831053515718742
4168,0.5805013927576602,0.11828214971209212
4169,0.5806406685236769,0.11825377788438475
4170,0.5807799442896936,0.11822541966426858
4171,0.5809192200557103,0.11819707504195637
4172,0.581058495821727,0.11816874400767018
4173,0.5811977715877438,0.1181404265516415
4174,0.5813370473537605,0.11811212266411117
4175,0.5814763231197771,0.11808383233532935
4176,0.5816155988857938,0.11829501915708812
4177,0.5817548746518106,0.118266698587503
4178,0.5818941504178273,0.11823839157491622
4179,0.582033426183844,0.11844938980617373
4180,0.5821727019498607,0.11842105263157894
4181,0.5823119777158774,0.11839272901219804
4182,0.5824512534818942,0.11836441893830703
4183,0.5825905292479109,0.11833612240019126
4184,0.5827298050139276,0.11854684512428298
4185,0.5828690807799443,0.11851851851851852
4186,0.583008356545961,0.11872909698996656
4187,0.5831476323119777,0.11870074038691188
4188,0.5832869080779944,0.11867239732569246
4189,0.5834261838440111,0.11864406779661017
4190,0.5835654596100278,0.11861575178997613
4191,0.5837047353760446,0.11858744929611072
4192,0.5838440111420613,0.11879770992366412
4193,0.583983286908078,0.11876937753398521
4194,0.5841225626740947,0.1189794945159752
4195,0.5842618384401114,0.11918951132300358
4196,0.5844011142061282,0.11916110581506197
4197,0.5845403899721449,0.11913271384322136
4198,0.5846796657381615,0.11910433539780849
4199,0.5848189415041782,0.11907597046915933
4200,0.584958217270195,0.11904761904761904
4201,0.5850974930362117,0.11925731968578909
4202,0.5852367688022284,0.11922893860066634
4203,0.5853760445682451,0.1192005710206995
4204,0.5855153203342618,0.11941008563273073
4205,0.5856545961002786,0.11961950059453032
4206,0.5857938718662953,0.11959106038991917
4207,0.585933147632312,0.11956263370572855
4208,0.5860724233983287,0.1195342205323194
4209,0.5862116991643455,0.11950582086006177
4210,0.5863509749303621,0.11971496437054632
4211,0.5864902506963788,0.11992400854903823
4212,0.5866295264623955,0.1201329534662868
4213,0.5867688022284122,0.12010443864229765
4214,0.586908077994429,0.12007593735168486
4215,0.5870473537604457,0.12004744958481613
4216,0.5871866295264624,0.12001897533206832
4217,0.5873259052924791,0.11999051458382737
4218,0.5874651810584958,0.11996206733048838
4219,0.5876044568245126,0.11993363356245555
4220,0.5877437325905293,0.11990521327014218
4221,0.5878830083565459,0.11987680644397063
4222,0.5880222841225626,0.11984841307437233
4223,0.5881615598885794,0.11982003315178782
4224,0.5883008356545961,0.11979166666666667
4225,0.5884401114206128,0.11976331360946746
4226,0.5885793871866295,0.11973497397065783
4227,0.5887186629526462,0.11970664774071446
4228,0.588857938718663,0.11991485335856197
4229,0.5889972144846797,0.11988649799006858
4230,0.5891364902506964,0.1198581560283688
4231,0.589275766016713,0.11982982746395651
4232,0.5894150417827299,0.1198015122873346
4233,0.5895543175487465,0.11977321048901489
4234,0.5896935933147632,0.11974492205951819
4235,0.5898328690807799,0.11971664698937426
4236,0.5899721448467966,0.11968838526912182
4237,0.5901114206128134,0.11966013688930847
4238,0.5902506963788301,0.1196319018404908
4239,0.5903899721448468,0.11960368011323426
4240,0.5905292479108635,0.11981132075471698
4241,0.5906685236768803,0.11978307003065315
4242,0.590807799442897,0.11999057048562
4243,0.5909470752089137,0.12019797313221776
4244,0.5910863509749303,0.12016965127238455
4245,0.591225626740947,0.12014134275618374
4246,0.5913649025069638,0.12011304757418748
4247,0.5915041782729805,0.1200847657169767
4248,0.5916434540389972,0.1202919020715631
4249,0.5917827298050139,0.12026359143327842
4250,0.5919220055710307,0.12023529411764707
4251,0.5920612813370474,0.120207010115267
4252,0.5922005571030641,0.12017873941674506
4253,0.5923398328690808,0.12015048201269692
4254,0.5924791086350975,0.12012223789374706
4255,0.5926183844011143,0.12009400705052879
4256,0.5927576601671309,0.12006578947368421
4257,0.5928969359331476,0.12003758515386423
4258,0.5930362116991643,0.1200093940817285
4259,0.593175487465181,0.12021601314862644
4260,0.5933147632311978,0.12018779342723004
4261,0.5934540389972145,0.12015958695141986
4262,0.5935933147632312,0.12013139371187236
4263,0.5937325905292479,0.1201032136992728
4264,0.5938718662952647,0.1203095684803002
4265,0.5940111420612814,0.12028135990621336
4266,0.594150417827298,0.12025316455696203
4267,0.5942896935933147,0.1204593391141317
4268,0.5944289693593314,0.12066541705716964
4269,0.5945682451253482,0.12063715155774186
4270,0.5947075208913649,0.12084309133489461
4271,0.5948467966573816,0.1208147974713182
4272,0.5949860724233983,0.12102059925093633
4273,0.5951253481894151,0.12122630470395507
4274,0.5952646239554318,0.12143191389798784
4275,0.5954038997214485,0.12140350877192982
4276,0.5955431754874652,0.1216089803554724
4277,0.5956824512534818,0.12158054711246201
4278,0.5958217270194986,0.12178588125292193
4279,0.5959610027855153,0.1217574199579341
4280,0.596100278551532,0.12172897196261682
4281,0.5962395543175487,0.12170053725765008
4282,0.5963788300835655,0.12167211583372256
4283,0.5965181058495822,0.12164370768153164
4284,0.5966573816155989,0.12161531279178338
4285,0.5967966573816156,0.12158693115519253
4286,0.5969359331476323,0.1215585627624825
4287,0.5970752089136491,0.12176347095871239
4288,0.5972144846796658,0.12173507462686567
4289,0.5973537604456824,0.12170669153648869
4290,0.5974930362116991,0.12167832167832168
4291,0.5976323119777158,0.1216499650431135
4292,0.5977715877437326,0.12162162162162163
4293,0.5979108635097493,0.12182622874446773
4294,0.598050139275766,0.12203074056823475
4295,0.5981894150417827,0.1220023282887078
4296,0.5983286908077995,0.12197392923649907
4297,0.5984679665738162,0.12194554340237375
4298,0.5986072423398329,0.12214983713355049
4299,0.5987465181058496,0.12212142358688068
4300,0.5988857938718662,0.12232558139534884
4301,0.599025069637883,0.1222971401999535
4302,0.5991643454038997,0.12250116225011623
4303,0.5993036211699164,0.12247269346967232
4304,0.5994428969359331,0.12244423791821561
4305,0.5995821727019499,0.12241579558652729
4306,0.5997214484679666,0.12238736646539712
4307,0.5998607242339833,0.1223589505456234
4308,0.6,0.122330547818013
4309,0.6001392757660167,0.1223021582733813
4310,0.6002785515320335,0.1222737819025522
4311,0.6004178272980502,0.12247738343771747
4312,0.6005571030640668,0.12244897959183673
4313,0.6006963788300835,0.12242058891722699
4314,0.6008356545961003,0.12262401483541957
4315,0.600974930362117,0.12259559675550405
4316,0.6011142061281337,0.12256719184430027
4317,0.6012534818941504,0.12253880009265694
4318,0.6013927576601671,0.12274201018990273
4319,0.6015320334261839,0.12271359110905303
4320,0.6016713091922006,0.12291666666666666
4321,0.6018105849582173,0.12288822031937052
4322,0.601949860724234,0.12285978713558537
4323,0.6020891364902506,0.12283136710617627
4324,0.6022284122562674,0.12280296022201666
4325,0.6023676880222841,0.12277456647398843
4326,0.6025069637883008,0.12274618585298197
4327,0.6026462395543175,0.12271781834989601
4328,0.6027855153203343,0.12292051756007394
4329,0.602924791086351,0.1228921228921229
4330,0.6030640668523677,0.12286374133949192
4331,0.6032033426183844,0.12283537289309628
4332,0.6033426183844011,0.12280701754385964
4333,0.6034818941504179,0.12277867528271405
4334,0.6036211699164346,0.12275034610059991
4335,0.6037604456824512,0.12272202998846597
4336,0.6038997214484679,0.12292435424354244
4337,0.6040389972144847,0.12289601106755822
4338,0.6041782729805014,0.12286768095896726
4339,0.6043175487465181,0.1230698317584697
4340,0.6044568245125348,0.12327188940092165
4341,0.6045961002785515,0.12324349228288413
4342,0.6047353760445683,0.12321510824504836
4343,0.604874651810585,0.123186737278379
4344,0.6050139275766017,0.12338858195211787
4345,0.6051532033426184,0.123590333716916
4346,0.6052924791086352,0.12356189599631845
4347,0.6054317548746518,0.1237635150678629
4348,0.6055710306406685,0.12373505059797608
4349,0.6057103064066852,0.12370659921821109
4350,0.6058495821727019,0.12367816091954023
4351,0.6059888579387187,0.12364973569294416
4352,0.6061281337047354,0.12362132352941177
4353,0.6062674094707521,0.12359292441994027
4354,0.6064066852367688,0.12356453835553514
4355,0.6065459610027855,0.12353616532721011
4356,0.6066852367688023,0.12350780532598714
4357,0.606824512534819,0.12347945834289649
4358,0.6069637883008356,0.12368058742542451
4359,0.6071030640668523,0.12365221381050699
4360,0.6072423398328691,0.12362385321100917
4361,0.6073816155988858,0.12359550561797752
4362,0.6075208913649025,0.12356717102246675
4363,0.6076601671309192,0.12353884941553976
4364,0.6077994428969359,0.12351054078826765
4365,0.6079387186629527,0.12348224513172967
4366,0.6080779944289694,0.12345396243701329
4367,0.6082172701949861,0.12342569269521411
4368,0.6083565459610027,0.1233974358974359
4369,0.6084958217270195,0.12359807736324102
4370,0.6086350974930362,0.12356979405034325
4371,0.6087743732590529,0.12377030427819721
4372,0.6089136490250696,0.1237419945105215
4373,0.6090529247910863,0.12371369769037274
4374,0.6091922005571031,0.1236854138088706
4375,0.6093314763231198,0.12388571428571428
4376,0.6094707520891365,0.12385740402193784
4377,0.6096100278551532,0.1238291066940827
4378,0.60974930362117,0.12380082229328461
4379,0.6098885793871867,0.12377255081068737
4380,0.6100278551532033,0.12374429223744292
4381,0.61016713091922,0.12371604656471126
4382,0.6103064066852367,0.12391602008215427
4383,0.6104456824512535,0.12388774811772758
4384,0.6105849582172702,0.1238594890510949
4385,0.6107242339832869,0.12383124287343215
4386,0.6108635097493036,0.12403100775193798
4387,0.6110027855153203,0.12423068155915204
4388,0.6111420612813371,0.12420237010027348
4389,0.6112813370473538,0.12417407154249259
4390,0.6114206128133705,0.12414578587699317
4391,0.6115598885793871,0.12411751309496698
4392,0.611699164345404,0.12431693989071038
4393,0.6118384401114206,0.12428864101980423
4394,0.6119777158774373,0.1242603550295858
4395,0.612116991643454,0.12445961319681456
4396,0.6122562674094707,0.12465878070973613
4397,0.6123955431754875,0.1248578576302024
4398,0.6125348189415042,0.12482946793997271
4399,0.6126740947075209,0.12480109115708116
4400,0.6128133704735376,0.12477272727272727
4401,0.6129526462395544,0.12474437627811862
4402,0.613091922005571,0.12471603816447069
4403,0.6132311977715877,0.12468771292300704
4404,0.6133704735376044,0.12465940054495912
4405,0.6135097493036211,0.12485811577752554
4406,0.6136490250696379,0.12482977757603268
4407,0.6137883008356546,0.12480145223508056
4408,0.6139275766016713,0.125
4409,0.614066852367688,0.12519845770015878
4410,0.6142061281337048,0.1253968253968254
4411,0.6143454038997215,0.12536839718884607
4412,0.6144846796657382,0.12533998186763373
4413,0.6146239554317549,0.12553818264219352
4414,0.6147632311977715,0.12550974173085636
4415,0.6149025069637883,0.12548131370328425
4416,0.615041782729805,0.12545289855072464
4417,0.6151810584958217,0.12565089427213041
4418,0.6153203342618384,0.12562245359891352
4419,0.6154596100278552,0.1258203213396696
4420,0.6155988857938719,0.1257918552036199
4421,0.6157381615598886,0.12576340194526126
4422,0.6158774373259053,0.12596110357304388
4423,0.616016713091922,0.12593262491521592
4424,0.6161559888579388,0.12590415913200723
4425,0.6162952646239555,0.12587570621468927
4426,0.6164345403899721,0.12607320379575238
4427,0.6165738161559888,0.12627061215269936
4428,0.6167130919220055,0.12646793134598014
4429,0.6168523676880223,0.12666516143599008
4430,0.616991643454039,0.12663656884875846
4431,0.6171309192200557,0.12660798916723087
4432,0.6172701949860724,0.12680505415162455
4433,0.6174094707520892,0.12700203022783668
4434,0.6175487465181059,0.12697338746053224
4435,0.6176880222841226,0.12717023675310035
4436,0.6178272980501393,0.12714156898106402
4437,0.6179665738161559,0.1271129141311697
4438,0.6181058495821727,0.12730959891843172
4439,0.6182451253481894,0.127506195088984
4440,0.6183844011142061,0.12747747747747748
4441,0.6185236768802228,0.12744877279891917
4442,0.6186629526462396,0.12742008104457453
4443,0.6188022284122563,0.12739140220571685
4444,0.618941504178273,0.12736273627362737
4445,0.6190807799442897,0.12733408323959505
4446,0.6192200557103064,0.1273054430949168
4447,0.6193593314763232,0.1275016865302451
4448,0.6194986072423398,0.12747302158273383
4449,0.6196378830083565,0.12744436952124072
4450,0.6197771587743732,0.12741573033707865
4451,0.61991643454039,0.1273871040215682
4452,0.6200557103064067,0.12735849056603774
4453,0.6201949860724234,0.12732988996182348
4454,0.6203342618384401,0.12730130220026942
4455,0.6204735376044568,0.12727272727272726
4456,0.6206128133704736,0.12724416517055656
4457,0.6207520891364903,0.12721561588512453
4458,0.620891364902507,0.1271870794078062
4459,0.6210306406685236,0.1273828212603723
4460,0.6211699164345403,0.1273542600896861
4461,0.6213091922005571,0.12732571172382873
4462,0.6214484679665738,0.12729717615419095
4463,0.6215877437325905,0.127492717902756
4464,0.6217270194986072,0.12746415770609318
4465,0.621866295264624,0.1276595744680851
4466,0.6220055710306407,0.1278549037169727
4467,0.6221448467966574,0.12782628162077456
4468,0.6222841225626741,0.12779767233661593
4469,0.6224233983286908,0.12776907585589617
4470,0.6225626740947076,0.12774049217002237
4471,0.6227019498607242,0.1277119212704093
4472,0.6228412256267409,0.12790697674418605
4473,0.6229805013927576,0.12787838139950816
4474,0.6231197771587744,0.1278497988377291
4475,0.6232590529247911,0.12782122905027932
4476,0.6233983286908078,0.12801608579088472
4477,0.6235376044568245,0.12798749162385525
4478,0.6236768802228412,0.12795891022778025
4479,0.623816155988858,0.12793034159410582
4480,0.6239554317548747,0.1279017857142857
4481,0.6240947075208914,0.12809640705199732
4482,0.624233983286908,0.12806782686300758
4483,0.6243732590529248,0.12826232433638188
4484,0.6245125348189415,0.12845673505798394
4485,0.6246518105849582,0.1286510590858417
4486,0.6247910863509749,0.12862238074008026
4487,0.6249303621169916,0.12859371517717852
4488,0.6250696378830084,0.1285650623885918
4489,0.6252089136490251,0.12853642236578303
4490,0.6253481894150418,0.12850779510022273
4491,0.6254874651810585,0.128479180583389
4492,0.6256267409470752,0.12845057880676758
4493,0.625766016713092,0.12842198976185176
4494,0.6259052924791086,0.1283934134401424
4495,0.6260445682451253,0.12836484983314794
4496,0.626183844011142,0.12833629893238435
4497,0.6263231197771588,0.12830776072937514
4498,0.6264623955431755,0.1282792352156514
4499,0.6266016713091922,0.12825072238275173
4500,0.6267409470752089,0.1282222222222222
4501,0.6268802228412256,0.1284159075760942
4502,0.6270194986072424,0.12838738338516215
4503,0.6271587743732591,0.12858094603597603
4504,0.6272980501392758,0.1285523978685613
4505,0.6274373259052924,0.12852386237513874
4506,0.6275766016713092,0.1284953395472703
4507,0.6277158774373259,0.1284668293765254
4508,0.6278551532033426,0.12843833185448092
4509,0.6279944289693593,0.12840984697272123
4510,0.628133704735376,0.12838137472283814
4511,0.6282729805013928,0.12835291509643096
4512,0.6284122562674095,0.1283244680851064
4513,0.6285515320334262,0.12829603368047862
4514,0.6286908077994429,0.1284891448825875
4515,0.6288300835654597,0.12846068660022147
4516,0.6289693593314764,0.12843224092116917
4517,0.629108635097493,0.12840380783705999
4518,0.6292479108635097,0.12837538733953077
4519,0.6293871866295264,0.12834697942022572
4520,0.6295264623955432,0.12831858407079647
4521,0.6296657381615599,0.128290201282902
4522,0.6298050139275766,0.12826183104820876
4523,0.6299442896935933,0.12823347335839044
4524,0.63008356545961,0.1284261715296198
4525,0.6302228412256268,0.12839779005524862
4526,0.6303621169916435,0.12859036676977464
4527,0.6305013927576602,0.12856196156394964
4528,0.6306406685236768,0.12853356890459364
4529,0.6307799442896936,0.1285051887833959
4530,0.6309192200557103,0.12847682119205298
4531,0.631058495821727,0.12866916795409403
4532,0.6311977715877437,0.12864077669902912
4533,0.6313370473537604,0.12883300242664902
4534,0.6314763231197772,0.1290251433612704
4535,0.6316155988857939,0.12921719955898567
4536,0.6317548746518106,0.12940917107583774
4537,0.6318941504178273,0.12960105796782015
4538,0.6320334261838441,0.12979286029087703
4539,0.6321727019498607,0.12976426525666446
4540,0.6323119777158774,0.12973568281938325
4541,0.6324512534818941,0.1297071129707113
4542,0.6325905292479108,0.12967855570233378
4543,0.6327298050139276,0.1296500110059432
4544,0.6328690807799443,0.12984154929577466
4545,0.633008356545961,0.12981298129812982
4546,0.6331476323119777,0.13000439947206335
4547,0.6332869080779945,0.12997580822520344
4548,0.6334261838440112,0.13016710642040458
4549,0.6335654596100279,0.1301384919762585
4550,0.6337047353760445,0.1301098901098901
4551,0.6338440111420612,0.13008130081300814
4552,0.633983286908078,0.13005272407732865
4553,0.6341225626740947,0.130024159894575
4554,0.6342618384401114,0.13021519543258675
4555,0.6344011142061281,0.13018660812294183
4556,0.6345403899721448,0.13015803336259876
4557,0.6346796657381616,0.130348913759052
4558,0.6348189415041783,0.13053971039929793
4559,0.634958217270195,0.1305110769905681
4560,0.6350974930362117,0.1307017543859649
4561,0.6352367688022285,0.1306730980048235
4562,0.6353760445682451,0.13064445418676018
4563,0.6355153203342618,0.13061582292351523
4564,0.6356545961002785,0.13058720420683612
4565,0.6357938718662952,0.13055859802847755
4566,0.635933147632312,0.1305300043802015
4567,0.6360724233983287,0.13072038537333042
4568,0.6362116991643454,0.13069176882661995
4569,0.6363509749303621,0.13066316480630336
4570,0.6364902506963789,0.13063457330415754
4571,0.6366295264623956,0.13060599431196673
4572,0.6367688022284123,0.13057742782152232
4573,0.636908077994429,0.1305488738246228
4574,0.6370473537604456,0.1305203323130739
4575,0.6371866295264624,0.13049180327868853
4576,0.6373259052924791,0.13068181818181818
4577,0.6374651810584958,0.1306532663316583
4578,0.6376044568245125,0.13062472695500219
4579,0.6377437325905293,0.13059620004367767
4580,0.637883008356546,0.13056768558951964
4581,0.6380222841225627,0.13053918358437022
4582,0.6381615598885794,0.13051069402007856
4583,0.638300835654596,0.13048221688850098
4584,0.6384401114206129,0.13045375218150088
4585,0.6385793871866295,0.13042529989094875
4586,0.6387186629526462,0.13061491495856956
4587,0.6388579387186629,0.13080444735120994
4588,0.6389972144846797,0.13077593722755013
4589,0.6391364902506964,0.13096535192852474
4590,0.6392757660167131,0.13093681917211328
4591,0.6394150417827298,0.13090829884556743
4592,0.6395543175487465,0.13109756097560976
4593,0.6396935933147633,0.13106901807097757
4594,0.63983286908078,0.13104048759251197
4595,0.6399721448467967,0.13101196953210012
4596,0.6401114206128133,0.1309834638816362
4597,0.64025069637883,0.13095497063302153
4598,0.6403899721448468,0.1311439756415833
4599,0.6405292479108635,0.13133289845618612
4600,0.6406685236768802,0.13152173913043477
4601,0.6408077994428969,0.13149315366224734
4602,0.6409470752089137,0.1316818774445893
4603,0.6410863509749304,0.13187051922659135
4604,0.6412256267409471,0.13184187662901825
4605,0.6413649025069638,0.1318132464712269
4606,0.6415041782729805,0.13178462874511507
4607,0.6416434540389973,0.13175602344258736
4608,0.6417827298050139,0.13172743055555555
4609,0.6419220055710306,0.13169885007593837
4610,0.6420612813370473,0.13188720173535792
4611,0.6422005571030641,0.1318585990023856
4612,0.6423398328690808,0.13183000867302688
4613,0.6424791086350975,0.13180143073921527
4614,0.6426183844011142,0.13198959687906373
4615,0.6427576601671309,0.13217768147345613
4616,0.6428969359331477,0.13214904679376083
4617,0.6430362116991644,0.13212042451808534
4618,0.643175487465181,0.13209181463837158
4619,0.6433147632311977,0.13206321714656852
4620,0.6434540389972145,0.13203463203463203
4621,0.6435933147632312,0.132006059294525
4622,0.6437325905292479,0.13197749891821722
4623,0.6438718662952646,0.1319489508976855
4624,0.6440111420612813,0.1319204152249135
4625,0.6441504178272981,0.1318918918918919
4626,0.6442896935933148,0.13186338089061825
4627,0.6444289693593315,0.13205100497082342
4628,0.6445682451253482,0.13223854796888504
4629,0.6447075208913648,0.1322099805573558
4630,0.6448467966573816,0.13239740820734341
4631,0.6449860724233983,0.13236881882962642
4632,0.645125348189415,0.13255613126079446
4633,0.6452646239554317,0.13252751996546513
4634,0.6454038997214485,0.13249892101855848
4635,0.6455431754874652,0.13268608414239483
4636,0.6456824512534819,0.1326574633304573
4637,0.6458217270194986,0.13284451153763208
4638,0.6459610027855153,0.1328158689090125
4639,0.6461002785515321,0.13278723862901487
4640,0.6462395543175488,0.1329741379310345
4641,0.6463788300835654,0.13294548588666236
4642,0.6465181058495821,0.13291684618698837
4643,0.6466573816155989,0.13310359681240577
4644,0.6467966573816156,0.1330749354005168
4645,0.6469359331476323,0.1332615715823466
4646,0.647075208913649,0.13323288850624193
4647,0.6472144846796657,0.13320421777490854
4648,0.6473537604456825,0.13317555938037864
4649,0.6474930362116992,0.13336201333620135
4650,0.6476323119777159,0.13333333333333333
4651,0.6477715877437326,0.1333046656632982
4652,0.6479108635097494,0.13349097162510748
4653,0.648050139275766,0.13346228239845262
4654,0.6481894150417827,0.13343360550064462
4655,0.6483286908077994,0.13340494092373792
4656,0.6484679665738161,0.1333762886597938
4657,0.6486072423398329,0.1333476487008804
4658,0.6487465181058496,0.13331902103907256
4659,0.6488857938718663,0.13329040566645203
4660,0.649025069637883,0.1332618025751073
4661,0.6491643454038997,0.13323321175713365
4662,0.6493036211699165,0.13341913341913342
4663,0.6494428969359332,0.13339052112374009
4664,0.6495821727019498,0.13357632933104632
4665,0.6497214484679665,0.1337620578778135
4666,0.6498607242339833,0.13394770681525933
4667,0.65,0.13391900578530105
4668,0.6501392757660167,0.13389031705227078
4669,0.6502785515320334,0.13407581923324052
4670,0.6504178272980501,0.1340471092077088
4671,0.6505571030640669,0.13401841147505889
4672,0.6506963788300836,0.13398972602739725
4673,0.6508356545961003,0.13396105285683715
4674,0.650974930362117,0.1339323919554985
4675,0.6511142061281338,0.13411764705882354
4676,0.6512534818941504,0.13408896492728828
4677,0.6513927576601671,0.1340602950609365
4678,0.6515320334261838,0.13403163745190252
4679,0.6516713091922005,0.13421671297285745
4680,0.6518105849582173,0.13418803418803418
4681,0.651949860724234,0.13415936765648365
4682,0.6520891364902507,0.13413071337035454
4683,0.6522284122562674,0.13410207132180227
4684,0.6523676880222842,0.1340734415029889
4685,0.6525069637883009,0.13404482390608324
4686,0.6526462395543176,0.1340162185232608
4687,0.6527855153203342,0.13398762534670364
4688,0.6529247910863509,0.13395904436860068
4689,0.6530640668523677,0.13393047558114737
4690,0.6532033426183844,0.13411513859275054
4691,0.6533426183844011,0.13408654871029632
4692,0.6534818941504178,0.13427109974424553
4693,0.6536211699164345,0.13424248881312592
4694,0.6537604456824513,0.1342138900724329
4695,0.653899721448468,0.134185303514377
4696,0.6540389972144847,0.13415672913117546
4697,0.6541782729805014,0.13412816691505217
4698,0.6543175487465182,0.13409961685823754
4699,0.6544568245125348,0.13407107895296871
4700,0.6545961002785515,0.13404255319148936
4701,0.6547353760445682,0.13401403956604976
4702,0.6548746518105849,0.13398553806890684
4703,0.6550139275766017,0.13395704869232405
4704,0.6551532033426184,0.13392857142857142
4705,0.6552924791086351,0.1339001062699256
4706,0.6554317548746518,0.1340841478963026
4707,0.6555710306406686,0.13405566178032718
4708,0.6557103064066853,0.1340271877655055
4709,0.655849582172702,0.13399872584412825
4710,0.6559888579387186,0.13418259023354565
4711,0.6561281337047353,0.13415410740819358
4712,0.6562674094707521,0.13412563667232597
4713,0.6564066852367688,0.1340971780182474
4714,0.6565459610027855,0.13406873143826897
4715,0.6566852367688022,0.13404029692470837
4716,0.656824512534819,0.13401187446988974
4717,0.6569637883008357,0.13398346406614373
4718,0.6571030640668524,0.13395506570580754
4719,0.6572423398328691,0.13392667938122482
4720,0.6573816155988857,0.13389830508474576
4721,0.6575208913649025,0.13386994280872697
4722,0.6576601671309192,0.13384159254553155
4723,0.6577994428969359,0.1338132542875291
4724,0.6579387186629526,0.1339966130397968
4725,0.6580779944289693,0.13396825396825396
4726,0.6582172701949861,0.133939906898011
4727,0.6583565459610028,0.13391157182145125
4728,0.6584958217270195,0.13409475465313028
4729,0.6586350974930362,0.1340663988158173
4730,0.658774373259053,0.13403805496828752
4731,0.6589136490250697,0.13422109490593956
4732,0.6590529247910863,0.1341927303465765
4733,0.659192200557103,0.1341643777730826
4734,0.6593314763231197,0.13413603717786227
4735,0.6594707520891365,0.1341077085533263
4736,0.6596100278551532,0.13407939189189189
4737,0.6597493036211699,0.1340510871859827
4738,0.6598885793871866,0.1340227944280287
4739,0.6600278551532034,0.13399451361046635
4740,0.6601671309192201,0.1339662447257384
4741,0.6603064066852368,0.13393798776629404
4742,0.6604456824512535,0.13390974272458878
4743,0.6605849582172701,0.13388150959308454
4744,0.660724233983287,0.13406408094435077
4745,0.6608635097493036,0.1340358271865121
4746,0.6610027855153203,0.13400758533501897
4747,0.661142061281337,0.13419001474615547
4748,0.6612813370473538,0.13416175231676494
4749,0.6614206128133705,0.1341335017898505
4750,0.6615598885793872,0.13410526315789473
4751,0.6616991643454039,0.13407703641338667
4752,0.6618384401114206,0.13404882154882156
4753,0.6619777158774374,0.13402061855670103
4754,0.6621169916434541,0.13399242742953302
4755,0.6622562674094707,0.13396424815983177
4756,0.6623955431754874,0.13414634146341464
4757,0.6625348189415042,0.13432835820895522
4758,0.6626740947075209,0.1343001261034048
4759,0.6628133704735376,0.13427190586257617
4760,0.6629526462395543,0.1342436974789916
4761,0.663091922005571,0.1342155009451796
4762,0.6632311977715878,0.13439731205375893
4763,0.6633704735376045,0.13457904681923158
4764,0.6635097493036212,0.13455079764903444
4765,0.6636490250696379,0.13452256033578175
4766,0.6637883008356545,0.13449433487201007
4767,0.6639275766016713,0.13446612125026222
4768,0.664066852367688,0.13443791946308725
4769,0.6642061281337047,0.13461941706856784
4770,0.6643454038997214,0.13459119496855346
4771,0.6644846796657382,0.13456298469922448
4772,0.6646239554317549,0.13453478625314333
4773,0.6647632311977716,0.1345065996228787
4774,0.6649025069637883,0.1346878927524089
4775,0.665041782729805,0.13465968586387433
4776,0.6651810584958218,0.1346314907872697
4777,0.6653203342618385,0.13460330751517688
4778,0.6654596100278551,0.13457513604018417
4779,0.6655988857938718,0.13454697635488597
4780,0.6657381615598886,0.13451882845188284
4781,0.6658774373259053,0.13449069232378164
4782,0.666016713091922,0.1344625679631953
4783,0.6661559888579387,0.13443445536274304
4784,0.6662952646239554,0.1346153846153846
4785,0.6664345403899722,0.13458725182863113
4786,0.6665738161559889,0.1345591307981613
4787,0.6667130919220056,0.13453102151660748
4788,0.6668523676880223,0.13450292397660818
4789,0.666991643454039,0.1344748381708081
4790,0.6671309192200557,0.13444676409185805
4791,0.6672701949860724,0.13462742642454603
4792,0.6674094707520891,0.13480801335559264
4793,0.6675487465181058,0.1347798873356979
4794,0.6676880222841226,0.1347517730496454
4795,0.6678272980501393,0.13472367049009384
4796,0.667966573816156,0.13490408673894913
4797,0.6681058495821727,0.13487596414425682
4798,0.6682451253481894,0.13484785327219675
4799,0.6683844011142062,0.13481975411544073
4800,0.6685236768802229,0.13479166666666667
4801,0.6686629526462395,0.13497188085815456
4802,0.6688022284122562,0.13515201999167015
4803,0.668941504178273,0.13512388090776598
4804,0.6690807799442897,0.1353039134054954
4805,0.6692200557103064,0.13527575442247658
4806,0.6693593314763231,0.13524760715771952
4807,0.6694986072423398,0.13521947160391096
4808,0.6696378830083566,0.13539933444259566
4809,0.6697771587743733,0.13537117903930132
4810,0.66991643454039,0.13534303534303535
4811,0.6700557103064066,0.13531490334649762
4812,0.6701949860724234,0.13549459684123025
4813,0.6703342618384401,0.13546644504467067
4814,0.6704735376044568,0.1354383049439136
4815,0.6706128133704735,0.1356178608515057
4816,0.6707520891364902,0.13558970099667775
4817,0.670891364902507,0.13556155283371393
4818,0.6710306406685237,0.13553341635533417
4819,0.6711699164345404,0.13571280348620046
4820,0.6713091922005571,0.13568464730290455
4821,0.6714484679665739,0.1356565028002489
4822,0.6715877437325906,0.1358357527996682
4823,0.6717270194986072,0.1358075886377773
4824,0.6718662952646239,0.13598673300165837
4825,0.6720055710306406,0.13595854922279793
4826,0.6721448467966574,0.13593037712391215
4827,0.6722841225626741,0.13610938471100062
4828,0.6724233983286908,0.13608119304059652
4829,0.6725626740947075,0.13605301304617934
4830,0.6727019498607242,0.1360248447204969
4831,0.672841225626741,0.13599668805630305
4832,0.6729805013927577,0.1359685430463576
4833,0.6731197771587744,0.13594040968342644
4834,0.673259052924791,0.13591228796028135
4835,0.6733983286908078,0.1358841778697001
4836,0.6735376044568245,0.1358560794044665
4837,0.6736768802228412,0.13603473227206947
4838,0.6738161559888579,0.13600661430343117
4839,0.6739554317548746,0.1359785079561893
4840,0.6740947075208914,0.13615702479338843
4841,0.6742339832869081,0.13612889898781244
4842,0.6743732590529248,0.13630731102850063
4843,0.6745125348189415,0.1362791658063184
4844,0.6746518105849583,0.13645747316267548
4845,0.674791086350975,0.13642930856553148
4846,0.6749303621169916,0.13660751134956664
4847,0.6750696378830083,0.13657932741902207
4848,0.675208913649025,0.13655115511551155
4849,0.6753481894150418,0.13652299443184163
4850,0.6754874651810585,0.13649484536082473
4851,0.6756267409470752,0.13646670789527932
4852,0.6757660167130919,0.13643858202802966
4853,0.6759052924791087,0.1366165258602926
4854,0.6760445682451254,0.13679439637412444
4855,0.6761838440111421,0.1367662203913491
4856,0.6763231197771588,0.13694398682042833
4857,0.6764623955431754,0.13691579164093062
4858,0.6766016713091922,0.13709345409633594
4859,0.6767409470752089,0.13706523976126775
4860,0.6768802228412256,0.13724279835390946
4861,0.6770194986072423,0.13742028389220326
4862,0.677158774373259,0.13739201974496093
4863,0.6772980501392758,0.13736376722187948
4864,0.6774373259052925,0.13733552631578946
4865,0.6775766016713092,0.13751284686536486
4866,0.6777158774373259,0.1374845869297164
4867,0.6778551532033427,0.13745633860694473
4868,0.6779944289693594,0.13742810188989318
4869,0.678133704735376,0.13760525775313207
4870,0.6782729805013927,0.1375770020533881
4871,0.6784122562674094,0.13754875795524532
4872,0.6785515320334262,0.13752052545155993
4873,0.6786908077994429,0.13749230453519393
4874,0.6788300835654596,0.13746409519901517
4875,0.6789693593314763,0.13743589743589743
4876,0.6791086350974931,0.13740771123872025
4877,0.6792479108635098,0.13737953660036908
4878,0.6793871866295265,0.13735137351373514
4879,0.6795264623955432,0.1373232219717155
4880,0.6796657381615598,0.13729508196721313
4881,0.6798050139275766,0.13726695349313664
4882,0.6799442896935933,0.13723883654240066
4883,0.68008356545961,0.13721073110792545
4884,0.6802228412256267,0.13718263718263718
4885,0.6803621169916435,0.13715455475946775
4886,0.6805013927576602,0.13733115022513304
4887,0.6806406685236769,0.13730304890525885
4888,0.6807799442896936,0.13727495908346973
4889,0.6809192200557103,0.13724688075271016
4890,0.6810584958217271,0.13721881390593046
4891,0.6811977715877438,0.1371907585360867
4892,0.6813370473537604,0.13716271463614063
4893,0.6814763231197771,0.1371346821990599
4894,0.6816155988857938,0.13710666121781773
4895,0.6817548746518106,0.13707865168539327
4896,0.6818941504178273,0.13705065359477125
4897,0.682033426183844,0.13722687359607924
4898,0.6821727019498607,0.13719885667619436
4899,0.6823119777158775,0.13717085119412126
4900,0.6824512534818942,0.1373469387755102
4901,0.6825905292479109,0.13731891450724343
4902,0.6827298050139275,0.13749490004079967
4903,0.6828690807799442,0.13746685702631042
4904,0.683008356545961,0.13764274061990212
4905,0.6831476323119777,0.13761467889908258
4906,0.6832869080779944,0.1377904606604158
4907,0.6834261838440111,0.13776238027307927
4908,0.6835654596100279,0.13793806030969846
4909,0.6837047353760446,0.13790996129557956
4910,0.6838440111420613,0.13788187372708757
4911,0.683983286908078,0.13805742211362249
4912,0.6841225626740947,0.13802931596091206
4913,0.6842618384401115,0.13800122124974556
4914,0.6844011142061281,0.13797313797313798
4915,0.6845403899721448,0.13794506612410987
4916,0.6846796657381615,0.13791700569568754
4917,0.6848189415041783,0.13788895668090298
4918,0.684958217270195,0.13806425376169174
4919,0.6850974930362117,0.1380361862167107
4920,0.6852367688022284,0.1380081300813008
4921,0.6853760445682451,0.1379800853485064
4922,0.6855153203342619,0.1379520520113775
4923,0.6856545961002786,0.13792403006296974
4924,0.6857938718662953,0.13789601949634445
4925,0.685933147632312,0.13786802030456852
4926,0.6860724233983287,0.13784003248071458
4927,0.6862116991643454,0.13801501928151005
4928,0.6863509749303621,0.13818993506493507
4929,0.6864902506963788,0.13816189896530737
4930,0.6866295264623955,0.13813387423935092
4931,0.6867688022284123,0.1383086595011154
4932,0.686908077994429,0.13828061638280617
4933,0.6870473537604457,0.1382525846340969
4934,0.6871866295264624,0.13822456424807458
4935,0.6873259052924791,0.1381965552178318
4936,0.6874651810584959,0.1383711507293355
4937,0.6876044568245125,0.1385456755114442
4938,0.6877437325905292,0.1387201296071284
4939,0.6878830083565459,0.13869204292366877
4940,0.6880222841225627,0.13866396761133604
4941,0.6881615598885794,0.13863590366322606
4942,0.6883008356545961,0.1386078510724403
4943,0.6884401114206128,0.1385798098320858
4944,0.6885793871866295,0.13875404530744337
4945,0.6887186629526463,0.13892821031344793
4946,0.688857938718663,0.13890012131014962
4947,0.6889972144846797,0.13907418637558117
4948,0.6891364902506963,0.13904607922392886
4949,0.6892757660167131,0.13922004445342492
4950,0.6894150417827298,0.1393939393939394
4951,0.6895543175487465,0.13936578468996164
4952,0.6896935933147632,0.13933764135702748
4953,0.6898328690807799,0.13930950938824954
4954,0.6899721448467967,0.13928138877674606
4955,0.6901114206128134,0.13925327951564076
4956,0.6902506963788301,0.1394269572235674
4957,0.6903899721448468,0.13939882993746217
4958,0.6905292479108636,0.13957240822912464
4959,0.6906685236768803,0.13954426295624117
4960,0.6908077994428969,0.13971774193548386
4961,0.6909470752089136,0.13968957871396895
4962,0.6910863509749303,0.1396614268440145
4963,0.6912256267409471,0.13983477735240782
4964,0.6913649025069638,0.14000805801772764
4965,0.6915041782729805,0.13997985901309165
4966,0.6916434540389972,0.1401530406766009
4967,0.6917827298050139,0.14032615260720757
4968,0.6919220055710307,0.14029790660225444
4969,0.6920612813370474,0.14047091970215336
4970,0.692200557103064,0.14064386317907446
4971,0.6923398328690807,0.1408167370750352
4972,0.6924791086350975,0.1407884151246983
4973,0.6926183844011142,0.1409611904283129
4974,0.6927576601671309,0.14093285082428628
4975,0.6928969359331476,0.14090452261306532
4976,0.6930362116991643,0.14087620578778134
4977,0.6931754874651811,0.1408479003415712
4978,0.6933147632311978,0.14102049015668944
4979,0.6934540389972145,0.1409921671018277
4980,0.6935933147632312,0.14096385542168674
4981,0.693732590529248,0.14093555510941577
4982,0.6938718662952646,0.1409072661581694
4983,0.6940111420612813,0.14087898856110775
4984,0.694150417827298,0.14085072231139648
4985,0.6942896935933147,0.14102306920762286
4986,0.6944289693593315,0.14099478539911753
4987,0.6945682451253482,0.14096651293362744
4988,0.6947075208913649,0.1409382518043304
4989,0.6948467966573816,0.1409100020044097
4990,0.6949860724233984,0.14088176352705412
4991,0.6951253481894151,0.14105389701462634
4992,0.6952646239554318,0.14102564102564102
4993,0.6954038997214484,0.14099739635489686
4994,0.6955431754874651,0.14096916299559473
4995,0.6956824512534819,0.14094094094094095
4996,0.6958217270194986,0.14091273018414732
4997,0.6959610027855153,0.14108465079047428
4998,0.696100278551532,0.14125650260104042
4999,0.6962395543175487,0.14122824564912984
5000,0.6963788300835655,0.1414
5001,0.6965181058495822,0.14157168566286743
5002,0.6966573816155989,0.14154338264694122
5003,0.6967966573816156,0.14151509094543274
5004,0.6969359331476324,0.14148681055155876
5005,0.697075208913649,0.14165834165834165
5006,0.6972144846796657,0.14163004394726328
5007,0.6973537604456824,0.14180147793089676
5008,0.6974930362116991,0.14197284345047922
5009,0.6976323119777159,0.14194449990017968
5010,0.6977715877437326,0.14211576846307386
5011,0.6979108635097493,0.14228696866892837
5012,0.698050139275766,0.14225857940941738
5013,0.6981894150417828,0.14223020147616197
5014,0.6983286908077995,0.14240127642600717
5015,0.6984679665738162,0.14257228315054835
5016,0.6986072423398328,0.1425438596491228
5017,0.6987465181058495,0.14251544747857287
5018,0.6988857938718663,0.14248704663212436
5019,0.699025069637883,0.14245865710300856
5020,0.6991643454038997,0.14243027888446216
5021,0.6993036211699164,0.14240191196972715
5022,0.6994428969359332,0.1425726802070888
5023,0.6995821727019499,0.14254429623730838
5024,0.6997214484679666,0.14271496815286625
5025,0.6998607242339833,0.1426865671641791
5026,0.7,0.14265817747711898
5027,0.7001392757660168,0.1426297990849413
5028,0.7002785515320334,0.1426014319809069
5029,0.7004178272980501,0.14257307615828196
5030,0.7005571030640668,0.14274353876739562
5031,0.7006963788300835,0.1427151659709799
5032,0.7008356545961003,0.14268680445151033
5033,0.700974930362117,0.14285714285714285
5034,0.7011142061281337,0.14282876440206596
5035,0.7012534818941504,0.14280039721946375
5036,0.7013927576601672,0.14277204130262114
5037,0.7015320334261839,0.14274369664482828
5038,0.7016713091922006,0.14291385470424772
5039,0.7018105849582172,0.14288549315340346
5040,0.7019498607242339,0.14305555555555555
5041,0.7020891364902507,0.14302717714739138
5042,0.7022284122562674,0.14319714399047997
5043,0.7023676880222841,0.14316874876065833
5044,0.7025069637883008,0.14314036478984932
5045,0.7026462395543176,0.14311199207135777
5046,0.7027855153203343,0.14308363059849386
5047,0.702924791086351,0.14325341787200316
5048,0.7030640668523677,0.1434231378763867
5049,0.7032033426183844,0.14339473163002575
5050,0.7033426183844012,0.14356435643564355
5051,0.7034818941504178,0.14353593347851912
5052,0.7036211699164345,0.14350752177355502
5053,0.7037604456824512,0.14367702355036613
5054,0.703899721448468,0.14384645825089037
5055,0.7040389972144847,0.14381800197823938
5056,0.7041782729805014,0.1437895569620253
5057,0.7043175487465181,0.1437611231955705
5058,0.7044568245125348,0.143930407275603
5059,0.7045961002785516,0.14390195690847993
5060,0.7047353760445683,0.1440711462450593
5061,0.704874651810585,0.1442402687215965
5062,0.7050139275766016,0.1444093243777163
5063,0.7051532033426184,0.14438080189610902
5064,0.7052924791086351,0.14454976303317535
5065,0.7054317548746518,0.14452122408687068
5066,0.7055710306406685,0.14449269640742202
5067,0.7057103064066852,0.14446417998815866
5068,0.705849582172702,0.1446329913180742
5069,0.7059888579387187,0.1446044584730716
5070,0.7061281337047354,0.14477317554240632
5071,0.7062674094707521,0.14474462630644844
5072,0.7064066852367687,0.1447160883280757
5073,0.7065459610027855,0.14488468361916026
5074,0.7066852367688022,0.14485612928655892
5075,0.7068245125348189,0.14482758620689656
5076,0.7069637883008356,0.14479905437352245
5077,0.7071030640668524,0.1447705337797912
5078,0.7072423398328691,0.14474202441906261
5079,0.7073816155988858,0.14471352628470172
5080,0.7075208913649025,0.14468503937007873
5081,0.7076601671309192,0.14485337531981893
5082,0.707799442896936,0.14482487209759937
5083,0.7079387186629527,0.14479638009049775
5084,0.7080779944289693,0.14476789929189615
5085,0.708217270194986,0.14473942969518191
5086,0.7083565459610028,0.14490758946126622
5087,0.7084958217270195,0.14487910359740516
5088,0.7086350974930362,0.14504716981132076
5089,0.7087743732590529,0.14521516997445472
5090,0.7089136490250696,0.14538310412573674
5091,0.7090529247910864,0.14535454724022787
5092,0.7091922005571031,0.1455223880597015
5093,0.7093314763231198,0.14549381504025133
5094,0.7094707520891365,0.14566156262269336
5095,0.7096100278551533,0.14563297350343474
5096,0.70974930362117,0.14580062794348508
5097,0.7098885793871866,0.14596821659799883
5098,0.7100278551532033,0.1459395841506473
5099,0.71016713091922,0.14591096293390862
5100,0.7103064066852368,0.14607843137254903
5101,0.7104456824512535,0.14604979415800823
5102,0.7105849582172702,0.14602116816934535
5103,0.7107242339832869,0.1459925533999608
5104,0.7108635097493036,0.1459639498432602
5105,0.7110027855153204,0.14593535749265427
5106,0.7111420612813371,0.14590677634155896
5107,0.7112813370473537,0.14587820638339535
5108,0.7114206128133704,0.14584964761158967
5109,0.7115598885793872,0.1460168330397338
5110,0.7116991643454039,0.14598825831702544
5111,0.7118384401114206,0.14615535120328702
5112,0.7119777158774373,0.14612676056338028
5113,0.712116991643454,0.1460981811069822
5114,0.7122562674094708,0.14606961282753225
5115,0.7123955431754875,0.14623655913978495
5116,0.7125348189415042,0.1464034401876466
5117,0.7126740947075209,0.1465702560093805
5118,0.7128133704735377,0.14654161781946073
5119,0.7129526462395543,0.14670834147294393
5120,0.713091922005571,0.146875
5121,0.7132311977715877,0.14704159343878148
5122,0.7133704735376044,0.14720812182741116
5123,0.7135097493036212,0.14717938707788406
5124,0.7136490250696379,0.14715066354410616
5125,0.7137883008356546,0.1471219512195122
5126,0.7139275766016713,0.14709325009754196
5127,0.7140668523676881,0.14706456017164032
5128,0.7142061281337048,0.14703588143525742
5129,0.7143454038997215,0.14700721388184831
5130,0.7144846796657381,0.1469785575048733
5131,0.7146239554317548,0.1469499122977977
5132,0.7147632311977716,0.14692127825409196
5133,0.7149025069637883,0.14689265536723164
5134,0.715041782729805,0.1468640436306973
5135,0.7151810584958217,0.1468354430379747
5136,0.7153203342618384,0.14680685358255452
5137,0.7154596100278552,0.14677827525793263
5138,0.7155988857938719,0.14694433631763332
5139,0.7157381615598886,0.1469157423623273
5140,0.7158774373259053,0.14708171206225681
5141,0.716016713091922,0.14724761719509824
5142,0.7161559888579387,0.14721898094126798
5143,0.7162952646239554,0.14738479486680925
5144,0.7164345403899721,0.14735614307931572
5145,0.7165738161559888,0.14752186588921282
5146,0.7167130919220056,0.14749319860085502
5147,0.7168523676880223,0.147658830386633
5148,0.716991643454039,0.14763014763014762
5149,0.7171309192200557,0.14779568848320063
5150,0.7172701949860725,0.1479611650485437
5151,0.7174094707520892,0.14812657736361873
5152,0.7175487465181059,0.1482919254658385
5153,0.7176880222841225,0.14826314768096255
5154,0.7178272980501392,0.14823438106325185
5155,0.717966573816156,0.14820562560620756
5156,0.7181058495821727,0.14817688130333592
5157,0.7182451253481894,0.14814814814814814
5158,0.7183844011142061,0.14811942613416051
5159,0.7185236768802229,0.14809071525489437
5160,0.7186629526462396,0.14825581395348839
5161,0.7188022284122563,0.14822708777368726
5162,0.718941504178273,0.14819837272375047
5163,0.7190807799442896,0.1483633546387759
5164,0.7192200557103064,0.14833462432223082
5165,0.7193593314763231,0.14849951597289449
5166,0.7194986072423398,0.148664343786295
5167,0.7196378830083565,0.1486355718985872
5168,0.7197771587743732,0.14860681114551083
5169,0.71991643454039,0.1485780615206036
5170,0.7200557103064067,0.1485493230174081
5171,0.7201949860724234,0.14871398182169793
5172,0.7203342618384401,0.1488785769528229
5173,0.7204735376044569,0.14884979702300405
5174,0.7206128133704736,0.14882102821801313
5175,0.7207520891364902,0.14898550724637682
5176,0.7208913649025069,0.1491499227202473
5177,0.7210306406685236,0.1491211126134827
5178,0.7211699164345404,0.14928543839320202
5179,0.7213091922005571,0.14925661324580033
5180,0.7214484679665738,0.14922779922779922
5181,0.7215877437325905,0.1491989963327543
5182,0.7217270194986073,0.14936318023928985
5183,0.721866295264624,0.14933436233841405
5184,0.7220055710306407,0.14949845679012347
5185,0.7221448467966574,0.14946962391513982
5186,0.722284122562674,0.14963362900115695
5187,0.7224233983286908,0.14960478118372855
5188,0.7225626740947075,0.14957594448727835
5189,0.7227019498607242,0.1497398342647909
5190,0.7228412256267409,0.14971098265895955
5191,0.7229805013927577,0.14987478327875167
5192,0.7231197771587744,0.15003852080123267
5193,0.7232590529247911,0.1500096283458502
5194,0.7233983286908078,0.14998074701578745
5195,0.7235376044568245,0.14995187680461983
5196,0.7236768802228413,0.15011547344110854
5197,0.723816155988858,0.15008658841639408
5198,0.7239554317548746,0.15025009619084262
5199,0.7240947075208913,0.15041354106558955
5200,0.724233983286908,0.1503846153846154
5201,0.7243732590529248,0.15035570082676408
5202,0.7245125348189415,0.1503267973856209
5203,0.7246518105849582,0.15029790505477608
5204,0.7247910863509749,0.15046118370484243
5205,0.7249303621169917,0.15062439961575408
5206,0.7250696378830084,0.150787552823665
5207,0.7252089136490251,0.15075859420011523
5208,0.7253481894150418,0.15072964669738864
5209,0.7254874651810584,0.15089268573622577
5210,0.7256267409470752,0.15105566218809982
5211,0.7257660167130919,0.1512185760890424
5212,0.7259052924791086,0.15118956254796623
5213,0.7260445682451253,0.15116056013811624
5214,0.7261838440111421,0.15113156885308784
5215,0.7263231197771588,0.1511025886864813
5216,0.7264623955431755,0.15107361963190183
5217,0.7266016713091922,0.15104466168295955
5218,0.7267409470752089,0.1512073591414335
5219,0.7268802228412257,0.1511783866641119
5220,0.7270194986072424,0.1511494252873563
5221,0.727158774373259,0.15112047500478837
5222,0.7272980501392757,0.15128303332056683
5223,0.7274373259052925,0.1514455293892399
5224,0.7275766016713092,0.15141653905053598
5225,0.7277158774373259,0.15138755980861243
5226,0.7278551532033426,0.1513585916570991
5227,0.7279944289693593,0.15132963458963075
5228,0.7281337047353761,0.15130068859984697
5229,0.7282729805013928,0.15127175368139223
5230,0.7284122562674095,0.15124282982791587
5231,0.7285515320334262,0.15140508506977635
5232,0.728690807799443,0.15156727828746178
5233,0.7288300835654596,0.15153831454232752
5234,0.7289693593314763,0.1515093618647306
5235,0.729108635097493,0.15167144221585482
5236,0.7292479108635097,0.15183346065699008
5237,0.7293871866295265,0.15180446820698873
5238,0.7295264623955432,0.1517754868270332
5239,0.7296657381615599,0.1517465165107845
5240,0.7298050139275766,0.15190839694656488
5241,0.7299442896935933,0.151879412325892
5242,0.7300835654596101,0.15204120564669973
5243,0.7302228412256268,0.15220293724966621
5244,0.7303621169916434,0.15236460717009917
5245,0.7305013927576601,0.15252621544327932
5246,0.7306406685236769,0.15268776210446053
5247,0.7307799442896936,0.15265866209262435
5248,0.7309192200557103,0.1526295731707317
5249,0.731058495821727,0.15260049533244427
5250,0.7311977715877437,0.15257142857142858
5251,0.7313370473537605,0.15254237288135594
5252,0.7314763231197772,0.15251332825590252
5253,0.7316155988857939,0.15248429468874927
5254,0.7317548746518105,0.15245527217358204
5255,0.7318941504178273,0.15261655566127497
5256,0.732033426183844,0.1527777777777778
5257,0.7321727019498607,0.15274871599771733
5258,0.7323119777158774,0.15271966527196654
5259,0.7324512534818941,0.1528807758128922
5260,0.7325905292479109,0.15304182509505704
5261,0.7327298050139276,0.1530127352214408
5262,0.7328690807799443,0.15298365640440897
5263,0.733008356545961,0.15295458863765912
5264,0.7331476323119778,0.1529255319148936
5265,0.7332869080779945,0.15308641975308643
5266,0.7334261838440111,0.15324724648689708
5267,0.7335654596100278,0.15321815074995254
5268,0.7337047353760445,0.1533788914198937
5269,0.7338440111420613,0.15353957107610552
5270,0.733983286908078,0.15351043643263756
5271,0.7341225626740947,0.15367103016505407
5272,0.7342618384401114,0.15364188163884673
5273,0.7344011142061281,0.1536127441684051
5274,0.7345403899721449,0.15358361774744028
5275,0.7346796657381616,0.15355450236966825
5276,0.7348189415041783,0.1535253980288097
5277,0.734958217270195,0.1536858063293538
5278,0.7350974930362117,0.15384615384615385
5279,0.7352367688022284,0.15381701079749951
5280,0.7353760445682451,0.15378787878787878
5281,0.7355153203342618,0.15394811588714258
5282,0.7356545961002785,0.1541082923135176
5283,0.7357938718662953,0.15407912171114896
5284,0.735933147632312,0.15404996214988645
5285,0.7360724233983287,0.15402081362346262
5286,0.7362116991643454,0.1541808550889141
5287,0.7363509749303622,0.15434083601286175
5288,0.7364902506963789,0.15431164901664146
5289,0.7366295264623955,0.15447154471544716
5290,0.7367688022284122,0.1544423440453686
5291,0.7369080779944289,0.15441315441315442
5292,0.7370473537604457,0.15438397581254723
5293,0.7371866295264624,0.15435480823729453
5294,0.7373259052924791,0.1545145447676615
5295,0.7374651810584958,0.15448536355051937
5296,0.7376044568245126,0.15445619335347432
5297,0.7377437325905293,0.1546158202756277
5298,0.737883008356546,0.15477538693846735
5299,0.7380222841225627,0.15474617852424985
5300,0.7381615598885793,0.15490566037735848
5301,0.7383008356545961,0.15506508205998867
5302,0.7384401114206128,0.15522444360618634
5303,0.7385793871866295,0.1551951725438431
5304,0.7387186629526462,0.1551659125188537
5305,0.7388579387186629,0.15532516493873705
5306,0.7389972144846797,0.15548435733132304
5307,0.7391364902506964,0.15564348973054457
5308,0.7392757660167131,0.15580256217030897
5309,0.7394150417827298,0.15577321529478244
5310,0.7395543175487466,0.15574387947269303
5311,0.7396935933147633,0.15590284315571457
5312,0.7398328690807799,0.1558734939759036
5313,0.7399721448467966,0.15584415584415584
5314,0.7401114206128133,0.1558148287542341
5315,0.7402506963788301,0.15578551269990593
5316,0.7403899721448468,0.15575620767494355
5317,0.7405292479108635,0.15591498965582096
5318,0.7406685236768802,0.1560737119217751
5319,0.740807799442897,0.15604436924233878
5320,0.7409470752089137,0.15601503759398497
5321,0.7410863509749304,0.1561736515692539
5322,0.741225626740947,0.15614430665163473
5323,0.7413649025069637,0.15611497275972197
5324,0.7415041782729805,0.15608564988730278
5325,0.7416434540389972,0.156056338028169
5326,0.7417827298050139,0.15602703717611716
5327,0.7419220055710306,0.15599774732494837
5328,0.7420612813370474,0.15615615615615616
5329,0.7422005571030641,0.1563145055357478
5330,0.7423398328690808,0.15628517823639776
5331,0.7424791086350975,0.15625586193959856
5332,0.7426183844011142,0.15641410352588148
5333,0.742757660167131,0.15638477404837803
5334,0.7428969359331477,0.1565429321334833
5335,0.7430362116991643,0.15651358950328023
5336,0.743175487465181,0.15648425787106446
5337,0.7433147632311977,0.15645493723065393
5338,0.7434540389972145,0.1564256275758711
5339,0.7435933147632312,0.15658362989323843
5340,0.7437325905292479,0.15655430711610488
5341,0.7438718662952646,0.15652499531922862
5342,0.7440111420612814,0.15649569449644327
5343,0.7441504178272981,0.1566535654126895
5344,0.7442896935933148,0.15681137724550898
5345,0.7444289693593314,0.15696913002806362
5346,0.7445682451253481,0.15712682379349047
5347,0.7447075208913649,0.1572844585749018
5348,0.7448467966573816,0.15725504861630515
5349,0.7449860724233983,0.15722564965414096
5350,0.745125348189415,0.157196261682243
5351,0.7452646239554318,0.15716688469444964
5352,0.7454038997214485,0.15713751868460388
5353,0.7455431754874652,0.15710816364655333
5354,0.7456824512534819,0.15707881957415018
5355,0.7458217270194986,0.15723622782446312
5356,0.7459610027855154,0.1572068707991038
5357,0.746100278551532,0.1573641963785701
5358,0.7462395543175487,0.15733482642777155
5359,0.7463788300835654,0.15730546743795484
5360,0.7465181058495822,0.15746268656716417
5361,0.7466573816155989,0.15761984704346205
5362,0.7467966573816156,0.1575904513241328
5363,0.7469359331476323,0.1577475293678911
5364,0.747075208913649,0.15790454884414615
5365,0.7472144846796658,0.15806150978564773
5366,0.7473537604456825,0.15821841222512115
5367,0.7474930362116992,0.15818893236444942
5368,0.7476323119777158,0.15815946348733234
5369,0.7477715877437325,0.1581300055876327
5370,0.7479108635097493,0.15810055865921788
5371,0.748050139275766,0.15807112269595977
5372,0.7481894150417827,0.15804169769173493
5373,0.7483286908077994,0.15801228364042436
5374,0.7484679665738162,0.15798288053591367
5375,0.7486072423398329,0.15795348837209303
5376,0.7487465181058496,0.15811011904761904
5377,0.7488857938718663,0.15808071415287334
5378,0.749025069637883,0.15805132019338045
5379,0.7491643454038998,0.15802193716304147
5380,0.7493036211699164,0.15817843866171002
5381,0.7494428969359331,0.15814904292882365
5382,0.7495821727019498,0.1581196581196581
5383,0.7497214484679666,0.15809028422812557
5384,0.7498607242339833,0.15824665676077265
5385,0.75,0.15821727019498608
5386,0.7501392757660167,0.1583735610842926
5387,0.7502785515320334,0.15834416187117134
5388,0.7504178272980502,0.1583147735708983
5389,0.7505571030640669,0.1582853961773984
5390,0.7506963788300836,0.15844155844155844
5391,0.7508356545961002,0.1584121684288629
5392,0.750974930362117,0.15856824925816024
5393,0.7511142061281337,0.1585388466530688
5394,0.7512534818941504,0.1585094549499444
5395,0.7513927576601671,0.15848007414272475
5396,0.7515320334261838,0.15845070422535212
5397,0.7516713091922006,0.1586066333148045
5398,0.7518105849582173,0.15876250463134495
5399,0.751949860724234,0.15873309872198554
5400,0.7520891364902507,0.15888888888888889
5401,0.7522284122562675,0.15904462136641362
5402,0.7523676880222842,0.15901517956312478
5403,0.7525069637883008,0.15898574865815288
5404,0.7526462395543175,0.15895632864544781
5405,0.7527855153203342,0.15892691951896393
5406,0.752924791086351,0.15889752127266002
5407,0.7530640668523677,0.15886813390049936
5408,0.7532033426183844,0.1588387573964497
5409,0.7533426183844011,0.15880939175448328
5410,0.7534818941504178,0.1589648798521257
5411,0.7536211699164346,0.1591203104786546
5412,0.7537604456824513,0.1590909090909091
5413,0.753899721448468,0.15906151856641418
5414,0.7540389972144846,0.15903213889915035
5415,0.7541782729805014,0.15900277008310248
5416,0.7543175487465181,0.15897341211225996
5417,0.7544568245125348,0.15912866900498432
5418,0.7545961002785515,0.15909929863418235
5419,0.7547353760445682,0.15906993910315556
5420,0.754874651810585,0.15904059040590407
5421,0.7550139275766017,0.1590112525364324
5422,0.7551532033426184,0.15898192548874954
5423,0.7552924791086351,0.15895260925686888
5424,0.7554317548746519,0.15910766961651918
5425,0.7555710306406686,0.1590783410138249
5426,0.7557103064066852,0.15904902322152598
5427,0.7558495821727019,0.15920398009950248
5428,0.7559888579387186,0.15935887988209285
5429,0.7561281337047354,0.15932952661631977
5430,0.7562674094707521,0.15948434622467772
5431,0.7564066852367688,0.15945498066654393
5432,0.7565459610027855,0.15942562592047127
5433,0.7566852367688023,0.15958034235229154
5434,0.756824512534819,0.159550975340449
5435,0.7569637883008357,0.15952161913523458
5436,0.7571030640668523,0.15949227373068434
5437,0.757242339832869,0.1594629391208387
5438,0.7573816155988858,0.15943361529974256
5439,0.7575208913649025,0.1594043022614451
5440,0.7576601671309192,0.15955882352941175
5441,0.7577994428969359,0.15952949825399743
5442,0.7579387186629526,0.15950018375597208
5443,0.7580779944289694,0.15947088002939555
5444,0.7582172701949861,0.1594415870683321
5445,0.7583565459610028,0.1595959595959596
5446,0.7584958217270195,0.15975027543150935
5447,0.7586350974930363,0.15972094731044612
5448,0.758774373259053,0.15969162995594713
5449,0.7589136490250696,0.15966232336208477
5450,0.7590529247910863,0.1596330275229358
5451,0.759192200557103,0.1597871950100899
5452,0.7593314763231198,0.15994130594277328
5453,0.7594707520891365,0.15991197505960023
5454,0.7596100278551532,0.1598826549321599
5455,0.7597493036211699,0.16003666361136573
5456,0.7598885793871867,0.16019061583577712
5457,0.7600278551532034,0.16016126076598863
5458,0.7601671309192201,0.16031513374862588
5459,0.7603064066852367,0.1602857666239238
5460,0.7604456824512534,0.16025641025641027
5461,0.7605849582172702,0.1602270646401758
5462,0.7607242339832869,0.16038081288905162
5463,0.7608635097493036,0.16053450485081458
5464,0.7610027855153203,0.1605051244509517
5465,0.7611420612813371,0.1606587374199451
5466,0.7612813370473538,0.1606293450420783
5467,0.7614206128133705,0.16059996341686483
5468,0.7615598885793872,0.16057059253840528
5469,0.7616991643454039,0.16054123240080453
5470,0.7618384401114207,0.16051188299817185
5471,0.7619777158774373,0.16066532626576494
5472,0.762116991643454,0.16063596491228072
5473,0.7622562674094707,0.1606066142883245
5474,0.7623955431754874,0.1607599561563756
5475,0.7625348189415042,0.16073059360730593
5476,0.7626740947075209,0.16088385682980277
5477,0.7628133704735376,0.16103706408617857
5478,0.7629526462395543,0.16100766703176342
5479,0.7630919220055711,0.16116079576565068
5480,0.7632311977715878,0.16131386861313868
5481,0.7633704735376045,0.16128443714650612
5482,0.7635097493036211,0.16143743159430865
5483,0.7636490250696378,0.1614079883275579
5484,0.7637883008356546,0.16156090444930707
5485,0.7639275766016713,0.16171376481312671
5486,0.764066852367688,0.16168428727670434
5487,0.7642061281337047,0.16183706943685075
5488,0.7643454038997215,0.1618075801749271
5489,0.7644846796657382,0.16196028420477318
5490,0.7646239554317549,0.1621129326047359
5491,0.7647632311977716,0.16226552540520853
5492,0.7649025069637883,0.16223597960670066
5493,0.765041782729805,0.16220644456581104
5494,0.7651810584958217,0.16235893702220605
5495,0.7653203342618384,0.16232939035486807
5496,0.7654596100278551,0.16248180494905387
5497,0.7655988857938719,0.16245224668000727
5498,0.7657381615598886,0.16242269916333213
5499,0.7658774373259053,0.1625750136388434
5500,0.766016713091922,0.16254545454545455
5501,0.7661559888579387,0.16251590619887293
5502,0.7662952646239555,0.16266812068338785
5503,0.7664345403899722,0.16263856078502634
5504,0.7665738161559889,0.16279069767441862
5505,0.7667130919220055,0.16294277929155312
5506,0.7668523676880222,0.16291318561569199
5507,0.766991643454039,0.16288360268748864
5508,0.7671309192200557,0.16285403050108932
5509,0.7672701949860724,0.1628244690506444
5510,0.7674094707520891,0.1629764065335753
5511,0.7675487465181059,0.16312828887679187
5512,0.7676880222841226,0.16309869375907113
5513,0.7678272980501393,0.1630691093778342
5514,0.767966573816156,0.16303953572723975
5515,0.7681058495821727,0.16300997280145058
5516,0.7682451253481895,0.1629804205946338
5517,0.7683844011142061,0.16295087910096068
5518,0.7685236768802228,0.16292134831460675
5519,0.7686629526462395,0.1630730204747237
5520,0.7688022284122563,0.16304347826086957
5521,0.768941504178273,0.1630139467487774
5522,0.7690807799442897,0.1629844259326331
5523,0.7692200557103064,0.16295491580662683
5524,0.7693593314763231,0.16292541636495295
5525,0.7694986072423399,0.16289592760180996
5526,0.7696378830083566,0.16286644951140064
5527,0.7697771587743732,0.16301791206802968
5528,0.7699164345403899,0.16298842257597684
5529,0.7700557103064067,0.1631398082835956
5530,0.7701949860724234,0.16329113924050634
5531,0.7703342618384401,0.16326161634424155
5532,0.7704735376044568,0.16341287057122197
5533,0.7706128133704735,0.16338333634556299
5534,0.7707520891364903,0.16353451391398627
5535,0.770891364902507,0.16350496838301717
5536,0.7710306406685237,0.16365606936416185
5537,0.7711699164345404,0.16380711576666065
5538,0.771309192200557,0.16395810762007945
5539,0.7714484679665738,0.1641090449539628
5540,0.7715877437325905,0.16407942238267148
5541,0.7717270194986072,0.16423028334235698
5542,0.7718662952646239,0.1643810898592566
5543,0.7720055710306407,0.16453184196283602
5544,0.7721448467966574,0.1645021645021645
5545,0.7722841225626741,0.16447249774571687
5546,0.7724233983286908,0.16444284168770285
5547,0.7725626740947075,0.16459347394988283
5548,0.7727019498607243,0.16456380677721702
5549,0.772841225626741,0.16471436294827896
5550,0.7729805013927576,0.1646846846846847
5551,0.7731197771587743,0.16465501711403352
5552,0.7732590529247911,0.16462536023054755
5553,0.7733983286908078,0.16459571402845308
5554,0.7735376044568245,0.1647461289160965
5555,0.7736768802228412,0.1648964896489649
5556,0.7738161559888579,0.1650467962562995
5557,0.7739554317548747,0.1651970487673205
5558,0.7740947075208914,0.1651673263763944
5559,0.7742339832869081,0.1651376146788991
5560,0.7743732590529248,0.16510791366906474
5561,0.7745125348189416,0.1650782233411257
5562,0.7746518105849582,0.16522833513124774
5563,0.7747910863509749,0.1653783929534424
5564,0.7749303621169916,0.16552839683680806
5565,0.7750696378830083,0.1654986522911051
5566,0.7752089136490251,0.1656485806683435
5567,0.7753481894150418,0.1656188252200467
5568,0.7754874651810585,0.1655890804597701
5569,0.7756267409470752,0.16555934638175615
5570,0.775766016713092,0.16552962298025134
5571,0.7759052924791087,0.1656794112367618
5572,0.7760445682451254,0.1656496769562096
5573,0.776183844011142,0.1657993899156648
5574,0.7763231197771587,0.16576964477933262
5575,0.7764623955431755,0.16591928251121077
5576,0.7766016713091922,0.16606886657101866
5577,0.7767409470752089,0.16621839698762775
5578,0.7768802228412256,0.16636787378988885
5579,0.7770194986072423,0.166517297006632
5580,0.7771587743732591,0.16666666666666666
5581,0.7772980501392758,0.16681598279878157
5582,0.7774373259052925,0.1669652454317449
5583,0.7775766016713092,0.16693533942324915
5584,0.777715877437326,0.1669054441260745
5585,0.7778551532033426,0.1668755595344673
5586,0.7779944289693593,0.16702470461868957
5587,0.778133704735376,0.16699480937891534
5588,0.7782729805013927,0.1669649248389406
5589,0.7784122562674095,0.1671139738772589
5590,0.7785515320334262,0.1670840787119857
5591,0.7786908077994429,0.16705419424074405
5592,0.7788300835654596,0.16702432045779686
5593,0.7789693593314764,0.16717325227963525
5594,0.7791086350974931,0.16732213085448694
5595,0.7792479108635098,0.1672922252010724
5596,0.7793871866295264,0.16744102930664762
5597,0.7795264623955431,0.16741111309630158
5598,0.7796657381615599,0.16755984280100036
5599,0.7798050139275766,0.16770851937846043
5600,0.7799442896935933,0.16767857142857143
5601,0.78008356545961,0.1676486341724692
5602,0.7802228412256268,0.167618707604427
5603,0.7803621169916435,0.16776726753524898
5604,0.7805013927576602,0.16773733047822983
5605,0.7806406685236769,0.16770740410347904
5606,0.7807799442896936,0.16767748840528005
5607,0.7809192200557104,0.16764758337792046
5608,0.781058495821727,0.16761768901569188
5609,0.7811977715877437,0.16776609021215902
5610,0.7813370473537604,0.1677361853832442
5611,0.7814763231197771,0.1677062912136874
5612,0.7816155988857939,0.16767640769779044
5613,0.7817548746518106,0.16782469267771247
5614,0.7818941504178273,0.16779479871749198
5615,0.782033426183844,0.16794300979519144
5616,0.7821727019498608,0.16809116809116809
5617,0.7823119777158775,0.16823927363361224
5618,0.7824512534818941,0.1683873264506942
5619,0.7825905292479108,0.16853532657056416
5620,0.7827298050139275,0.1686832740213523
5621,0.7828690807799443,0.1686532645436755
5622,0.783008356545961,0.16862326574172892
5623,0.7831476323119777,0.16859327760981682
5624,0.7832869080779944,0.16856330014224752
5625,0.7834261838440112,0.16853333333333334
5626,0.7835654596100279,0.1685033771773907
5627,0.7837047353760446,0.16847343166874001
5628,0.7838440111420613,0.16862117981520966
5629,0.783983286908078,0.16859122401847576
5630,0.7841225626740947,0.1685612788632327
5631,0.7842618384401114,0.16870893269401527
5632,0.7844011142061281,0.1688565340909091
5633,0.7845403899721448,0.1688265577844843
5634,0.7846796657381616,0.16879659211927583
5635,0.7848189415041783,0.16876663708961845
5636,0.784958217270195,0.16873669268985095
5637,0.7850974930362117,0.16870675891431614
5638,0.7852367688022284,0.16885420361830436
5639,0.7853760445682452,0.16900159602766449
5640,0.7855153203342619,0.16897163120567377
5641,0.7856545961002785,0.16911895054068427
5642,0.7857938718662952,0.16926621765331443
5643,0.7859331476323119,0.16923622186780082
5644,0.7860724233983287,0.16920623671155208
5645,0.7862116991643454,0.1691762621789194
5646,0.7863509749303621,0.1691462982642579
5647,0.7864902506963788,0.16911634496192668
5648,0.7866295264623956,0.16908640226628896
5649,0.7867688022284123,0.1690564701717118
5650,0.786908077994429,0.16920353982300884
5651,0.7870473537604457,0.1693505574234649
5652,0.7871866295264623,0.16949752300070772
5653,0.7873259052924791,0.16946753935963205
5654,0.7874651810584958,0.16961443226034667
5655,0.7876044568245125,0.16958443854995578
5656,0.7877437325905292,0.16973125884016974
5657,0.787883008356546,0.16987802722290968
5658,0.7880222841225627,0.17002474372569812
5659,0.7881615598885794,0.17017140837603817
5660,0.7883008356545961,0.17031802120141343
5661,0.7884401114206128,0.17028793499381734
5662,0.7885793871866296,0.17025785941363475
5663,0.7887186629526463,0.17022779445523575
5664,0.7888579387186629,0.17019774011299435
5665,0.7889972144846796,0.17016769638128862
5666,0.7891364902506964,0.17013766325450053
5667,0.7892757660167131,0.1702841009352391
5668,0.7894150417827298,0.17043048694424842
5669,0.7895543175487465,0.1704004233550891
5670,0.7896935933147632,0.17054673721340388
5671,0.78983286908078,0.17069299947099276
5672,0.7899721448467967,0.1708392101551481
5673,0.7901114206128134,0.1708090957165521
5674,0.79025069637883,0.1709552344025379
5675,0.7903899721448467,0.17092511013215858
5676,0.7905292479108635,0.17089499647639184
5677,0.7906685236768802,0.17104104280429805
5678,0.7908077994428969,0.171010919337795
5679,0.7909470752089136,0.17115689381933438
5680,0.7910863509749304,0.17112676056338028
5681,0.7912256267409471,0.17109663791585988
5682,0.7913649025069638,0.17106652587117213
5683,0.7915041782729805,0.17103642442371986
5684,0.7916434540389972,0.17118226600985223
5685,0.791782729805014,0.17132805628847844
5686,0.7919220055710307,0.17129792472740063
5687,0.7920612813370473,0.17144364339722173
5688,0.792200557103064,0.17158931082981715
5689,0.7923398328690808,0.1715591492353665
5690,0.7924791086350975,0.17152899824253076
5691,0.7926183844011142,0.1714988578457213
5692,0.7927576601671309,0.17164441321152496
5693,0.7928969359331476,0.17161426313015984
5694,0.7930362116991644,0.17158412363891815
5695,0.7931754874651811,0.17155399473222124
5696,0.7933147632311978,0.1716994382022472
5697,0.7934540389972145,0.17166929963138494
5698,0.7935933147632313,0.1718146718146718
5699,0.7937325905292479,0.17195999298122477
5700,0.7938718662952646,0.17192982456140352
5701,0.7940111420612813,0.17189966672513593
5702,0.794150417827298,0.17204489652753419
5703,0.7942896935933148,0.17201472908995266
5704,0.7944289693593315,0.17215988779803645
5705,0.7945682451253482,0.17230499561787904
5706,0.7947075208913649,0.17227479845776375
5707,0.7948467966573816,0.1722446118801472
5708,0.7949860724233984,0.1723896285914506
5709,0.795125348189415,0.1723594324750394
5710,0.7952646239554317,0.1725043782837128
5711,0.7954038997214484,0.172649273332166
5712,0.7955431754874652,0.17261904761904762
5713,0.7956824512534819,0.172763871871171
5714,0.7958217270194986,0.17273363668183409
5715,0.7959610027855153,0.17287839020122484
5716,0.796100278551532,0.1730230930720784
5717,0.7962395543175488,0.1729928284065069
5718,0.7963788300835655,0.17296257432668766
5719,0.7965181058495822,0.17310718657107885
5720,0.7966573816155988,0.17325174825174824
5721,0.7967966573816156,0.1732214647788848
5722,0.7969359331476323,0.17319119189094723
5723,0.797075208913649,0.17316092958238685
5724,0.7972144846796657,0.17330538085255065
5725,0.7973537604456824,0.17344978165938865
5726,0.7974930362116992,0.1734194900454069
5727,0.7976323119777159,0.17338920900995286
5728,0.7977715877437326,0.17335893854748605
5729,0.7979108635097493,0.1733286786524699
5730,0.7980501392757661,0.17347294938917976
5731,0.7981894150417828,0.17344268016053044
5732,0.7983286908077994,0.17341242149337055
5733,0.7984679665738161,0.17338217338217338
5734,0.7986072423398328,0.17352633414719218
5735,0.7987465181058496,0.17367044463818657
5736,0.7988857938718663,0.17364016736401675
5737,0.799025069637883,0.17360990064493637
5738,0.7991643454038997,0.17357964447542698
5739,0.7993036211699165,0.17372364523436137
5740,0.7994428969359332,0.17369337979094077
5741,0.7995821727019499,0.17366312489113395
5742,0.7997214484679666,0.17380703587600138
5743,0.7998607242339832,0.1739508967438621
5744,0.8,0.17392061281337048
5745,0.8001392757660167,0.17389033942558746
5746,0.8002785515320334,0.1738600765750087
5747,0.8004178272980501,0.17400382808421785
5748,0.8005571030640668,0.17397355601948503
5749,0.8006963788300836,0.17394329448599757
5750,0.8008356545961003,0.17408695652173914
5751,0.800974930362117,0.17423056859676578
5752,0.8011142061281337,0.17420027816411682
5753,0.8012534818941505,0.17434382061533113
5754,0.8013927576601672,0.1743135210288495
5755,0.8015320334261838,0.17428323197219808
5756,0.8016713091922005,0.1742529534398888
5757,0.8018105849582172,0.17439638700712176
5758,0.801949860724234,0.17436609934004862
5759,0.8020891364902507,0.17433582219135266
5760,0.8022284122562674,0.17430555555555555
5761,0.8023676880222841,0.17427529942718278
5762,0.8025069637883009,0.1744186046511628
5763,0.8026462395543176,0.1743883394065591
5764,0.8027855153203343,0.17453157529493407
5765,0.802924791086351,0.17467476149176062
5766,0.8030640668523676,0.17464446756850502
5767,0.8032033426183844,0.17478758453268597
5768,0.8033426183844011,0.17475728155339806
5769,0.8034818941504178,0.1749003293465072
5770,0.8036211699164345,0.17487001733102253
5771,0.8037604456824513,0.17483971582048172
5772,0.803899721448468,0.1748094248094248
5773,0.8040389972144847,0.17477914429239563
5774,0.8041782729805014,0.1747488742639418
5775,0.8043175487465181,0.17471861471861472
5776,0.8044568245125349,0.17486149584487534
5777,0.8045961002785516,0.17500432750562575
5778,0.8047353760445682,0.17497403946002077
5779,0.8048746518105849,0.17511680221491607
5780,0.8050139275766016,0.17525951557093425
5781,0.8051532033426184,0.17540217955371043
5782,0.8052924791086351,0.17537184365271533
5783,0.8054317548746518,0.1755144388725575
5784,0.8055710306406685,0.17548409405255877
5785,0.8057103064066853,0.17545375972342264
5786,0.805849582172702,0.1755962668510197
5787,0.8059888579387187,0.17573872472783825
5788,0.8061281337047354,0.17570836212854182
5789,0.806267409470752,0.17567801001900155
5790,0.8064066852367688,0.17582037996545768
5791,0.8065459610027855,0.17579001899499222
5792,0.8066852367688022,0.17575966850828728
5793,0.8068245125348189,0.17572932849991368
5794,0.8069637883008357,0.175698998964446
5795,0.8071030640668524,0.17566867989646245
5796,0.8072423398328691,0.17581090407177363
5797,0.8073816155988858,0.17595307917888564
5798,0.8075208913649025,0.1760952052431873
5799,0.8076601671309193,0.17623728229005
5800,0.807799442896936,0.1763793103448276
5801,0.8079387186629526,0.17634890536114464
5802,0.8080779944289693,0.17649086521889004
5803,0.8082172701949861,0.1764604514906083
5804,0.8083565459610028,0.17643004824259131
5805,0.8084958217270195,0.17657192075796727
5806,0.8086350974930362,0.17654150878401653
5807,0.8087743732590529,0.17651110728431205
5808,0.8089136490250697,0.17648071625344353
5809,0.8090529247910864,0.1764503356860045
5810,0.8091922005571031,0.1764199655765921
5811,0.8093314763231197,0.17638960591980726
5812,0.8094707520891364,0.17653131452167928
5813,0.8096100278551532,0.17650094615516945
5814,0.8097493036211699,0.17664258685930512
5815,0.8098885793871866,0.1767841788478074
5816,0.8100278551532033,0.1767537826685007
5817,0.8101671309192201,0.17672339694000344
5818,0.8103064066852368,0.1768649020281884
5819,0.8104456824512535,0.17700635848083862
5820,0.8105849582172702,0.17714776632302406
5821,0.8107242339832869,0.17711733379144476
5822,0.8108635097493037,0.17708691171418756
5823,0.8110027855153203,0.1770565000858664
5824,0.811142061281337,0.1770260989010989
5825,0.8112813370473537,0.17716738197424892
5826,0.8114206128133705,0.1773086165465156
5827,0.8115598885793872,0.1772781877466964
5828,0.8116991643454039,0.1772477693891558
5829,0.8118384401114206,0.17721736146851946
5830,0.8119777158774373,0.1771869639794168
5831,0.8121169916434541,0.17715657691648087
5832,0.8122562674094708,0.17712620027434842
5833,0.8123955431754875,0.17709583404765986
5834,0.8125348189415041,0.17723688721288997
5835,0.8126740947075209,0.17737789203084833
5836,0.8128133704735376,0.17751884852638794
5837,0.8129526462395543,0.17748843584032895
5838,0.813091922005571,0.1776293251113395
5839,0.8132311977715877,0.17759890392190444
5840,0.8133704735376045,0.17773972602739727
5841,0.8135097493036212,0.17770929635336416
5842,0.8136490250696379,0.17767887709688462
5843,0.8137883008356546,0.17764846825260996
5844,0.8139275766016713,0.17778918548939082
5845,0.814066852367688,0.17775876817792985
5846,0.8142061281337047,0.17789941840574752
5847,0.8143454038997214,0.17786899264580128
5848,0.8144846796657381,0.17783857729138167
5849,0.8146239554317549,0.17780817233715165
5850,0.8147632311977716,0.17794871794871794
5851,0.8149025069637883,0.17808921551871476
5852,0.815041782729805,0.17805878332194122
5853,0.8151810584958217,0.17802836152400478
5854,0.8153203342618385,0.17799795011957636
5855,0.8154596100278552,0.17796754910333049
5856,0.8155988857938719,0.17793715846994534
5857,0.8157381615598885,0.17790677821410278
5858,0.8158774373259053,0.17787640833048823
5859,0.816016713091922,0.17801672640382318
5860,0.8161559888579387,0.1779863481228669
5861,0.8162952646239554,0.17795598020815562
5862,0.8164345403899721,0.1780962128966223
5863,0.8165738161559889,0.17823639774859287
5864,0.8167130919220056,0.17820600272851295
5865,0.8168523676880223,0.1783461210571185
5866,0.816991643454039,0.17848619161268325
5867,0.8171309192200558,0.17862621441963525
5868,0.8172701949860725,0.17859577368779822
5869,0.8174094707520891,0.17873573010734367
5870,0.8175487465181058,0.1788756388415673
5871,0.8176880222841225,0.17884517118037813
5872,0.8178272980501393,0.17881471389645776
5873,0.817966573816156,0.1789545377149668
5874,0.8181058495821727,0.17892407218249914
5875,0.8182451253481894,0.1788936170212766
5876,0.8183844011142062,0.1788631722260041
5877,0.8185236768802229,0.17883273779139017
5878,0.8186629526462396,0.178802313712147
5879,0.8188022284122562,0.1789419969382548
5880,0.8189415041782729,0.17908163265306123
5881,0.8190807799442897,0.17922122088080258
5882,0.8192200557103064,0.17936076164569875
5883,0.8193593314763231,0.17933027366989632
5884,0.8194986072423398,0.179299796057104
5885,0.8196378830083565,0.17943925233644858
5886,0.8197771587743733,0.17940876656472987
5887,0.81991643454039,0.17937829114999151
5888,0.8200557103064067,0.17951766304347827
5889,0.8201949860724234,0.17965698760400747
5890,0.8203342618384402,0.17962648556876062
5891,0.8204735376044568,0.1795959938889832
5892,0.8206128133704735,0.1795655125594026
5893,0.8207520891364902,0.17970473443068047
5894,0.8208913649025069,0.17967424499491008
5895,0.8210306406685237,0.17964376590330788
5896,0.8211699164345404,0.17961329715061058
5897,0.8213091922005571,0.17975241648295742
5898,0.8214484679665738,0.17989148864021703
5899,0.8215877437325906,0.18003051364638073
5900,0.8217270194986073,0.18
5901,0.821866295264624,0.1801389594983901
5902,0.8220055710306406,0.18027787190782785
5903,0.8221448467966573,0.18024733186515332
5904,0.8222841225626741,0.18038617886178862
5905,0.8224233983286908,0.18035563082133785
5906,0.8225626740947075,0.18032509312563494
5907,0.8227019498607242,0.18046385644151008
5908,0.822841225626741,0.18060257278266756
5909,0.8229805013927577,0.18057200880013538
5910,0.8231197771587744,0.1805414551607445
5911,0.8232590529247911,0.18051091185924548
5912,0.8233983286908078,0.18064952638700948
5913,0.8235376044568246,0.18078809403010315
5914,0.8236768802228412,0.18092661481230976
5915,0.8238161559888579,0.18106508875739644
5916,0.8239554317548746,0.18120351588911426
5917,0.8240947075208913,0.18134189623119823
5918,0.8242339832869081,0.18148022980736736
5919,0.8243732590529248,0.18144956918398378
5920,0.8245125348189415,0.18158783783783783
5921,0.8246518105849582,0.18155716939706132
5922,0.824791086350975,0.1816953731847349
5923,0.8249303621169917,0.18183353030558838
5924,0.8250696378830084,0.18180283592167454
5925,0.825208913649025,0.18177215189873416
5926,0.8253481894150417,0.18191022612217347
5927,0.8254874651810585,0.1820482537540071
5928,0.8256267409470752,0.18201754385964913
5929,0.8257660167130919,0.18198684432450665
5930,0.8259052924791086,0.1821247892074199
5931,0.8260445682451254,0.18209408194233687
5932,0.8261838440111421,0.1820633850303439
5933,0.8263231197771588,0.18203269846620596
5934,0.8264623955431755,0.1820020222446916
5935,0.8266016713091922,0.18213984835720304
5936,0.826740947075209,0.18210916442048516
5937,0.8268802228412256,0.1822469260569311
5938,0.8270194986072423,0.18221623442236443
5939,0.827158774373259,0.18235393163832295
5940,0.8272980501392758,0.18249158249158248
5941,0.8274373259052925,0.1824608651742131
5942,0.8275766016713092,0.18243015819589364
5943,0.8277158774373259,0.18239946155140502
5944,0.8278551532033426,0.18236877523553163
5945,0.8279944289693594,0.1823380992430614
5946,0.8281337047353761,0.18230743356878573
5947,0.8282729805013928,0.1824449302169161
5948,0.8284122562674094,0.1824142568930733
5949,0.8285515320334261,0.18238359388132458
5950,0.8286908077994429,0.18235294117647058
5951,0.8288300835654596,0.18249033775835993
5952,0.8289693593314763,0.18245967741935484
5953,0.829108635097493,0.18242902738115235
5954,0.8292479108635098,0.1823983876385623
5955,0.8293871866295265,0.18236775818639797
5956,0.8295264623955432,0.18250503693754197
5957,0.8296657381615599,0.18264226959879135
5958,0.8298050139275766,0.18277945619335348
5959,0.8299442896935934,0.18274878335291156
5960,0.83008356545961,0.18271812080536912
5961,0.8302228412256267,0.18268746854554604
5962,0.8303621169916434,0.18265682656826568
5963,0.8305013927576602,0.18262619486835485
5964,0.8306406685236769,0.18259557344064387
5965,0.8307799442896936,0.18256496227996646
5966,0.8309192200557103,0.18270197787462286
5967,0.831058495821727,0.1828389475448299
5968,0.8311977715877438,0.18297587131367293
5969,0.8313370473537605,0.18311274920422183
5970,0.8314763231197771,0.1830820770519263
5971,0.8316155988857938,0.1830514151733378
5972,0.8317548746518106,0.18302076356329539
5973,0.8318941504178273,0.18315754227356437
5974,0.832033426183844,0.18312688316036158
5975,0.8321727019498607,0.18326359832635983
5976,0.8323119777158774,0.18340026773761714
5977,0.8324512534818942,0.18336958340304502
5978,0.8325905292479109,0.1833389093342255
5979,0.8327298050139276,0.1834754975748453
5980,0.8328690807799443,0.18361204013377927
5981,0.833008356545961,0.18358134091289083
5982,0.8331476323119777,0.18355065195586762
5983,0.8332869080779944,0.18368711348821662
5984,0.8334261838440111,0.18382352941176472
5985,0.8335654596100278,0.18379281537176273
5986,0.8337047353760446,0.18392916805880388
5987,0.8338440111420613,0.18406547519625857
5988,0.833983286908078,0.18403473613894455
5989,0.8341225626740947,0.18400400734680247
5990,0.8342618384401114,0.18397328881469116
5991,0.8344011142061282,0.18410949757970288
5992,0.8345403899721449,0.1840787716955941
5993,0.8346796657381615,0.18404805606540964
5994,0.8348189415041782,0.1841841841841842
5995,0.834958217270195,0.1841534612176814
5996,0.8350974930362117,0.18412274849899934
5997,0.8352367688022284,0.18425879606469903
5998,0.8353760445682451,0.18422807602534177
5999,0.8355153203342618,0.18436406067677946
6000,0.8356545961002786,0.18433333333333332
6001,0.8357938718662953,0.18430261623062824
6002,0.835933147632312,0.18427190936354548
6003,0.8360724233983287,0.18424121272696986
6004,0.8362116991643455,0.18421052631578946
6005,0.8363509749303621,0.18434637801831807
6006,0.8364902506963788,0.18448218448218448
6007,0.8366295264623955,0.18445147328117198
6008,0.8367688022284122,0.1845872170439414
6009,0.836908077994429,0.18472291562656015
6010,0.8370473537604457,0.18469217970049917
6011,0.8371866295264624,0.18466145400099818
6012,0.8373259052924791,0.18479707252162342
6013,0.8374651810584958,0.18476633959753866
6014,0.8376044568245126,0.1847356168939142
6015,0.8377437325905293,0.18470490440565254
6016,0.8378830083565459,0.1846742021276596
6017,0.8380222841225626,0.1846435100548446
6018,0.8381615598885794,0.1846128281821203
6019,0.8383008356545961,0.18474829705931217
6020,0.8384401114206128,0.18471760797342193
6021,0.8385793871866295,0.1846869290815479
6022,0.8387186629526462,0.18465626037861177
6023,0.838857938718663,0.18462560185953844
6024,0.8389972144846797,0.1847609561752988
6025,0.8391364902506964,0.18489626556016597
6026,0.839275766016713,0.1848655824759376
6027,0.8394150417827299,0.18500082960013273
6028,0.8395543175487465,0.18513603185136032
6029,0.8396935933147632,0.18510532426604745
6030,0.8398328690807799,0.18524046434494196
6031,0.8399721448467966,0.18537555960868846
6032,0.8401114206128134,0.1855106100795756
6033,0.8402506963788301,0.18564561577987734
6034,0.8403899721448468,0.18578057673185283
6035,0.8405292479108635,0.18591549295774648
6036,0.8406685236768803,0.18605036447978793
6037,0.840807799442897,0.18601954613218485
6038,0.8409470752089137,0.18615435574693606
6039,0.8410863509749303,0.18628912071535023
6040,0.841225626740947,0.18642384105960264
6041,0.8413649025069638,0.18639298129448767
6042,0.8415041782729805,0.18652763985435286
6043,0.8416434540389972,0.18666225384742677
6044,0.8417827298050139,0.18663136995367308
6045,0.8419220055710307,0.18660049627791564
6046,0.8420612813370474,0.18656963281508435
6047,0.8422005571030641,0.18653877956011244
6048,0.8423398328690808,0.18667328042328044
6049,0.8424791086350975,0.18664242023474956
6050,0.8426183844011143,0.18661157024793387
6051,0.8427576601671309,0.18674599239795076
6052,0.8428969359331476,0.18688037012557832
6053,0.8430362116991643,0.1870147034528333
6054,0.843175487465181,0.18698381235546746
6055,0.8433147632311978,0.18711808422791082
6056,0.8434540389972145,0.1870871862615588
6057,0.8435933147632312,0.18705629849760608
6058,0.8437325905292479,0.18702542093100033
6059,0.8438718662952647,0.18715959729328271
6060,0.8440111420612814,0.18729372937293728
6061,0.844150417827298,0.18742781719188253
6062,0.8442896935933147,0.18739689871329593
6063,0.8444289693593314,0.18753092528451262
6064,0.8445682451253482,0.1875
6065,0.8447075208913649,0.18763396537510305
6066,0.8448467966573816,0.18760303330036268
6067,0.8449860724233983,0.1875721114224493
6068,0.8451253481894151,0.18770599868160845
6069,0.8452646239554318,0.1876750700280112
6070,0.8454038997214485,0.18780889621087316
6071,0.8455431754874652,0.18777796079723275
6072,0.8456824512534818,0.18774703557312253
6073,0.8458217270194986,0.18788078379713485
6074,0.8459610027855153,0.18801448798156076
6075,0.846100278551532,0.18814814814814815
6076,0.8462395543175487,0.18811718235681368
6077,0.8463788300835655,0.1882507816356755
6078,0.8465181058495822,0.18821980914774597
6079,0.8466573816155989,0.18835334759006417
6080,0.8467966573816156,0.18848684210526315
6081,0.8469359331476323,0.18845584607794771
6082,0.8470752089136491,0.18858927984215718
6083,0.8472144846796658,0.1885582771658721
6084,0.8473537604456824,0.18852728468113084
6085,0.8474930362116991,0.1884963023829088
6086,0.8476323119777158,0.18862964180085443
6087,0.8477715877437326,0.18876293740758995
6088,0.8479108635097493,0.18889618922470433
6089,0.848050139275766,0.18886516669403844
6090,0.8481894150417827,0.1889983579638752
6091,0.8483286908077995,0.1889673288458381
6092,0.8484679665738162,0.18893630991464216
6093,0.8486072423398329,0.18890530116527163
6094,0.8487465181058496,0.18887430259271415
6095,0.8488857938718662,0.18884331419196063
6096,0.849025069637883,0.18881233595800526
6097,0.8491643454038997,0.18878136788584549
6098,0.8493036211699164,0.18891439816333225
6099,0.8494428969359331,0.18888342351205115
6100,0.8495821727019499,0.18901639344262294
6101,0.8497214484679666,0.18914931978364202
6102,0.8498607242339833,0.1891183218616847
6103,0.85,0.1892511879403572
6104,0.8501392757660167,0.18922018348623854
6105,0.8502785515320335,0.1891891891891892
6106,0.8504178272980502,0.18932197838191941
6107,0.8505571030640668,0.18929097756672672
6108,0.8506963788300835,0.18925998690242304
6109,0.8508356545961003,0.18922900638402357
6110,0.850974930362117,0.18936170212765957
6111,0.8511142061281337,0.18933071510391097
6112,0.8512534818941504,0.1892997382198953
6113,0.8513927576601671,0.18926877147063634
6114,0.8515320334261839,0.18923781485116126
6115,0.8516713091922006,0.1893704006541292
6116,0.8518105849582173,0.1893394375408764
6117,0.851949860724234,0.18947196338074218
6118,0.8520891364902506,0.18960444589735206
6119,0.8522284122562674,0.1895734597156398
6120,0.8523676880222841,0.1895424836601307
6121,0.8525069637883008,0.18951151772586178
6122,0.8526462395543175,0.18948056190787324
6123,0.8527855153203343,0.18944961620120856
6124,0.852924791086351,0.1895819725669497
6125,0.8530640668523677,0.18971428571428572
6126,0.8532033426183844,0.18968331700946783
6127,0.8533426183844011,0.18981557042598335
6128,0.8534818941504179,0.18994778067885118
6129,0.8536211699164346,0.1900799477891989
6130,0.8537604456824512,0.19021207177814028
6131,0.8538997214484679,0.19018104713749795
6132,0.8540389972144847,0.19015003261578603
6133,0.8541782729805014,0.19028208054785586
6134,0.8543175487465181,0.19041408542549723
6135,0.8544568245125348,0.1903830480847596
6136,0.8545961002785515,0.19051499348109519
6137,0.8547353760445683,0.19064689587746456
6138,0.854874651810585,0.19077875529488433
6139,0.8550139275766017,0.19074767877504478
6140,0.8551532033426184,0.19071661237785018
6141,0.8552924791086352,0.19068555609835533
6142,0.8554317548746518,0.19081732334744383
6143,0.8555710306406685,0.19078626078463293
6144,0.8557103064066852,0.19075520833333334
6145,0.8558495821727019,0.1907241659886086
6146,0.8559888579387187,0.19069313374552554
6147,0.8561281337047354,0.19066211159915405
6148,0.8562674094707521,0.19079375406636304
6149,0.8564066852367688,0.19076272564644658
6150,0.8565459610027855,0.19073170731707317
6151,0.8566852367688023,0.19086327426434727
6152,0.856824512534819,0.19099479843953185
6153,0.8569637883008356,0.19112627986348124
6154,0.8571030640668523,0.19125771855703608
6155,0.8572423398328691,0.19122664500406175
6156,0.8573816155988858,0.19135802469135801
6157,0.8575208913649025,0.1913269449407179
6158,0.8576601671309192,0.19145826567067228
6159,0.8577994428969359,0.19158954375710344
6160,0.8579387186629527,0.1917207792207792
6161,0.8580779944289694,0.19185197208245414
6162,0.8582172701949861,0.19198312236286919
6163,0.8583565459610027,0.1919519714424793
6164,0.8584958217270195,0.19208306294613886
6165,0.8586350974930362,0.19205190592051907
6166,0.8587743732590529,0.19218293869607525
6167,0.8589136490250696,0.1921517755796984
6168,0.8590529247910863,0.1922827496757458
6169,0.8591922005571031,0.19241368130977468
6170,0.8593314763231198,0.19238249594813614
6171,0.8594707520891365,0.1923513206935667
6172,0.8596100278551532,0.1923201555411536
6173,0.85974930362117,0.19228900048598738
6174,0.8598885793871867,0.19225785552316166
6175,0.8600278551532033,0.19222672064777327
6176,0.86016713091922,0.19219559585492227
6177,0.8603064066852367,0.192326372025255
6178,0.8604456824512535,0.19245710585950146
6179,0.8605849582172702,0.19258779737821655
6180,0.8607242339832869,0.19271844660194173
6181,0.8608635097493036,0.1928490535512053
6182,0.8610027855153203,0.19281785829828535
6183,0.8611420612813371,0.1927866731360181
6184,0.8612813370473538,0.1927554980595084
6185,0.8614206128133705,0.19288601455133386
6186,0.8615598885793871,0.1930164888457808
6187,0.861699164345404,0.19314692096331015
6188,0.8618384401114206,0.19327731092436976
6189,0.8619777158774373,0.19340765874939408
6190,0.862116991643454,0.19353796445880453
6191,0.8622562674094707,0.1935067032789533
6192,0.8623955431754875,0.19347545219638243
6193,0.8625348189415042,0.19344421120620056
6194,0.8626740947075209,0.19357442686470777
6195,0.8628133704735376,0.1937046004842615
6196,0.8629526462395544,0.19367333763718528
6197,0.863091922005571,0.19380345328384702
6198,0.8632311977715877,0.19377218457566958
6199,0.8633704735376044,0.1939022422971447
6200,0.8635097493036211,0.1938709677419355
6201,0.8636490250696379,0.19383970327366554
6202,0.8637883008356546,0.19380844888745566
6203,0.8639275766016713,0.19377720457842978
6204,0.864066852367688,0.19390715667311412
6205,0.8642061281337048,0.19387590652699435
6206,0.8643454038997215,0.1940058008378988
6207,0.8644846796657382,0.1941356532946673
6208,0.8646239554317549,0.19410438144329897
6209,0.8647632311977715,0.19423417619584474
6210,0.8649025069637883,0.19420289855072465
6211,0.865041782729805,0.19417163097729834
6212,0.8651810584958217,0.19430135222150677
6213,0.8653203342618384,0.194270078866892
6214,0.8654596100278552,0.19439974251689732
6215,0.8655988857938719,0.19452936444086888
6216,0.8657381615598886,0.19465894465894465
6217,0.8658774373259053,0.1947884831912498
6218,0.866016713091922,0.19491798005789643
6219,0.8661559888579388,0.1948866377231066
6220,0.8662952646239555,0.195016077170418
6221,0.8664345403899721,0.19514547500401866
6222,0.8665738161559888,0.1951141112182578
6223,0.8667130919220055,0.1950827575124538
6224,0.8668523676880223,0.1952120822622108
6225,0.866991643454039,0.19518072289156627
6226,0.8671309192200557,0.1953099903629939
6227,0.8672701949860724,0.1952786253412558
6228,0.8674094707520892,0.19524727039177905
6229,0.8675487465181059,0.1953764649221384
6230,0.8676880222841226,0.19534510433386837
6231,0.8678272980501393,0.19531375381158722
6232,0.8679665738161559,0.1954428754813864
6233,0.8681058495821727,0.19557195571955718
6234,0.8682451253481894,0.1955405838947706
6235,0.8683844011142061,0.19566960705693665
6236,0.8685236768802228,0.19579858883899937
6237,0.8686629526462396,0.19576719576719576
6238,0.8688022284122563,0.1958961205514588
6239,0.868941504178273,0.19602500400705242
6240,0.8690807799442897,0.19615384615384615
6241,0.8692200557103064,0.19628264701169684
6242,0.8693593314763232,0.1962512015379686
6243,0.8694986072423398,0.19637994553900368
6244,0.8696378830083565,0.19650864830237028
6245,0.8697771587743732,0.19647718174539633
6246,0.86991643454039,0.19644572526416906
6247,0.8700557103064067,0.19641427885384985
6248,0.8701949860724234,0.19638284250960308
6249,0.8703342618384401,0.1965114418306929
6250,0.8704735376044568,0.19664
6251,0.8706128133704736,0.1966085426331787
6252,0.8707520891364903,0.1967370441458733
6253,0.870891364902507,0.19686550455781224
6254,0.8710306406685236,0.19699392388871123
6255,0.8711699164345403,0.19696243005595523
6256,0.8713091922005571,0.19709079283887468
6257,0.8714484679665738,0.19721911459165734
6258,0.8715877437325905,0.19734739533397253
6259,0.8717270194986072,0.19731586515417798
6260,0.871866295264624,0.19728434504792333
6261,0.8720055710306407,0.19741255390512696
6262,0.8721448467966574,0.19738102842542318
6263,0.8722841225626741,0.19750918090372027
6264,0.8724233983286908,0.19763729246487868
6265,0.8725626740947076,0.19776536312849163
6266,0.8727019498607242,0.1978933929141398
6267,0.8728412256267409,0.19786181586085846
6268,0.8729805013927576,0.19783024888321635
6269,0.8731197771587744,0.19779869197639177
6270,0.8732590529247911,0.19792663476874003
6271,0.8733983286908078,0.19789507255621114
6272,0.8735376044568245,0.19802295918367346
6273,0.8736768802228412,0.19799139167862267
6274,0.873816155988858,0.19811922218680267
6275,0.8739554317548747,0.19808764940239043
6276,0.8740947075208914,0.19805608667941363
6277,0.874233983286908,0.19802453401306355
6278,0.8743732590529248,0.19799299139853457
6279,0.8745125348189415,0.19796145883102406
6280,0.8746518105849582,0.1980891719745223
6281,0.8747910863509749,0.19805763413469193
6282,0.8749303621169916,0.19802610633556192
6283,0.8750696378830084,0.19815374820945408
6284,0.8752089136490251,0.19812221514958625
6285,0.8753481894150418,0.19824980111376292
6286,0.8754874651810585,0.1983773464842507
6287,0.8756267409470752,0.1983457929059965
6288,0.875766016713092,0.19831424936386768
6289,0.8759052924791086,0.19844172364445858
6290,0.8760445682451253,0.19841017488076312
6291,0.876183844011142,0.19837863614687648
6292,0.8763231197771588,0.19834710743801653
6293,0.8764623955431755,0.1983155887494041
6294,0.8766016713091922,0.1984429615506832
6295,0.8767409470752089,0.19857029388403494
6296,0.8768802228412256,0.19869758576874205
6297,0.8770194986072424,0.19866603144354456
6298,0.8771587743732591,0.1986344871387742
6299,0.8772980501392758,0.19876170820765202
6300,0.8774373259052924,0.1988888888888889
6301,0.8775766016713092,0.19885732423424854
6302,0.8777158774373259,0.19882576959695336
6303,0.8778551532033426,0.19895287958115182
6304,0.8779944289693593,0.19892131979695432
6305,0.878133704735376,0.19888977002379063
6306,0.8782729805013928,0.19901680938788455
6307,0.8784122562674095,0.19898525447915016
6308,0.8785515320334262,0.1989537095751427
6309,0.8786908077994429,0.19892217467110476
6310,0.8788300835654597,0.19904912836767036
6311,0.8789693593314764,0.19901758833782285
6312,0.879108635097493,0.19898605830164764
6313,0.8792479108635097,0.1991129415491842
6314,0.8793871866295264,0.19923978460563826
6315,0.8795264623955432,0.19920823436262866
6316,0.8796657381615599,0.19917669411019634
6317,0.8798050139275766,0.1993034668355232
6318,0.8799442896935933,0.19927192149414372
6319,0.88008356545961,0.19939863902516222
6320,0.8802228412256268,0.1995253164556962
6321,0.8803621169916435,0.1994937509887676
6322,0.8805013927576602,0.19962037329958873
6323,0.8806406685236768,0.19958880278348884
6324,0.8807799442896936,0.19971537001897532
6325,0.8809192200557103,0.1998418972332016
6326,0.881058495821727,0.199968384445147
6327,0.8811977715877437,0.20009483167377903
6328,0.8813370473537604,0.2002212389380531
6329,0.8814763231197772,0.2003476062569126
6330,0.8816155988857939,0.2004739336492891
6331,0.8817548746518106,0.20044226820407518
6332,0.8818941504178273,0.20056854074542008
6333,0.8820334261838441,0.20053687036159798
6334,0.8821727019498607,0.2006630880959899
6335,0.8823119777158774,0.20078926598263616
6336,0.8824512534818941,0.20075757575757575
6337,0.8825905292479108,0.2008836989111567
6338,0.8827298050139276,0.20100978226569896
6339,0.8828690807799443,0.20097807225114372
6340,0.883008356545961,0.20110410094637224
6341,0.8831476323119777,0.20107238605898123
6342,0.8832869080779945,0.2010406811731315
6343,0.8834261838440112,0.2010089862840927
6344,0.8835654596100279,0.20097730138713746
6345,0.8837047353760445,0.20110323089046495
6346,0.8838440111420612,0.2012291207059565
6347,0.883983286908078,0.2011974161020955
6348,0.8841225626740947,0.20116572148708253
6349,0.8842618384401114,0.20113403685619782
6350,0.8844011142061281,0.2011023622047244
6351,0.8845403899721448,0.20122815304676428
6352,0.8846796657381616,0.20119647355163728
6353,0.8848189415041783,0.20132220997953723
6354,0.884958217270195,0.20144790683034308
6355,0.8850974930362117,0.201573564122738
6356,0.8852367688022285,0.20169918187539332
6357,0.8853760445682451,0.2018247601069687
6358,0.8855153203342618,0.2017930166719094
6359,0.8856545961002785,0.20176128322063216
6360,0.8857938718662952,0.2018867924528302
6361,0.885933147632312,0.20201226222292093
6362,0.8860724233983287,0.20198050927381328
6363,0.8862116991643454,0.20210592487820211
6364,0.8863509749303621,0.20207416719044627
6365,0.8864902506963789,0.20219952867242733
6366,0.8866295264623956,0.20216776625824695
6367,0.8867688022284123,0.20229307366106486
6368,0.886908077994429,0.2022613065326633
6369,0.8870473537604456,0.20238655989951326
6370,0.8871866295264624,0.20251177394034536
6371,0.8873259052924791,0.20247998744310156
6372,0.8874651810584958,0.20260514752040176
6373,0.8876044568245125,0.20257335634708928
6374,0.8877437325905293,0.20254157514904297
6375,0.887883008356546,0.20266666666666666
6376,0.8880222841225627,0.20279171894604767
6377,0.8881615598885794,0.20291673200564528
6378,0.888300835654596,0.20304170586390718
6379,0.8884401114206129,0.20316664053926947
6380,0.8885793871866295,0.20329153605015673
6381,0.8887186629526462,0.2032596771665883
6382,0.8888579387186629,0.2033845189595738
6383,0.8889972144846797,0.20350932163559454
6384,0.8891364902506964,0.20347744360902256
6385,0.8892757660167131,0.20360219263899765
6386,0.8894150417827298,0.20372690259943627
6387,0.8895543175487465,0.20385157350868952
6388,0.8896935933147633,0.20381966186599876
6389,0.88983286908078,0.20378776021286588
6390,0.8899721448467967,0.20375586854460093
6391,0.8901114206128133,0.20388045689250509
6392,0.89025069637883,0.20400500625782228
6393,0.8903899721448468,0.20397309557328328
6394,0.8905292479108635,0.20409759149202378
6395,0.8906685236768802,0.20422204847537137
6396,0.8908077994428969,0.20419011882426516
6397,0.8909470752089137,0.20431452243239018
6398,0.8910863509749304,0.20443888715223507
6399,0.8912256267409471,0.20456321300203156
6400,0.8913649025069638,0.20453125
6401,0.8915041782729805,0.20449929698484612
6402,0.8916434540389973,0.20462355513901906
6403,0.8917827298050139,0.20459159768858348
6404,0.8919220055710306,0.2047158026233604
6405,0.8920612813370473,0.204839968774395
6406,0.8922005571030641,0.20480799250702467
6407,0.8923398328690808,0.20493210550959887
6408,0.8924791086350975,0.2050561797752809
6409,0.8926183844011142,0.2050241847402091
6410,0.8927576601671309,0.20499219968798751
6411,0.8928969359331477,0.20496022461394478
6412,0.8930362116991644,0.20492825951341234
6413,0.893175487465181,0.20489630438172463
6414,0.8933147632311977,0.20502026816339258
6415,0.8934540389972145,0.2049883086515978
6416,0.8935933147632312,0.20511221945137156
6417,0.8937325905292479,0.20523609163160356
6418,0.8938718662952646,0.2052041134309754
6419,0.8940111420612813,0.20517214519395544
6420,0.8941504178272981,0.20529595015576324
6421,0.8942896935933148,0.20541971655505373
6422,0.8944289693593315,0.20538772967922767
6423,0.8945682451253482,0.20551144325081738
6424,0.8947075208913648,0.20563511830635117
6425,0.8948467966573816,0.20560311284046692
6426,0.8949860724233983,0.20572673513849984
6427,0.895125348189415,0.20569472537731445
6428,0.8952646239554317,0.20566272557560672
6429,0.8954038997214485,0.20578628091460568
6430,0.8955431754874652,0.20575427682737168
6431,0.8956824512534819,0.20572228269320478
6432,0.8958217270194986,0.20569029850746268
6433,0.8959610027855153,0.20565832426550598
6434,0.8961002785515321,0.20562635996269818
6435,0.8962395543175488,0.20574980574980575
6436,0.8963788300835654,0.20571783716594158
6437,0.8965181058495821,0.20584123038682617
6438,0.8966573816155989,0.20580925753339546
6439,0.8967966573816156,0.20577729461096445
6440,0.8969359331476323,0.2059006211180124
6441,0.897075208913649,0.20602390933084924
6442,0.8972144846796657,0.20614715926730828
6443,0.8973537604456825,0.20627037094521186
6444,0.8974930362116992,0.2063935443823712
6445,0.8976323119777159,0.2065166795965865
6446,0.8977715877437326,0.20663977660564692
6447,0.8979108635097494,0.20660772452303397
6448,0.898050139275766,0.206575682382134
6449,0.8981894150417827,0.2066987129787564
6450,0.8983286908077994,0.20666666666666667
6451,0.8984679665738161,0.20678964501627656
6452,0.8986072423398329,0.20675759454432735
6453,0.8987465181058496,0.20688052068805207
6454,0.8988857938718663,0.206848466067555
6455,0.899025069637883,0.20681642137877615
6456,0.8991643454038997,0.20678438661710039
6457,0.8993036211699165,0.20675236177791545
6458,0.8994428969359332,0.20672034685661195
6459,0.8995821727019498,0.20684316457655985
6460,0.8997214484679665,0.2068111455108359
6461,0.8998607242339833,0.20693391115926327
6462,0.9,0.20705663881151345
6463,0.9001392757660167,0.20717932848522358
6464,0.9002785515320334,0.2073019801980198
6465,0.9004178272980501,0.2074245939675174
6466,0.9005571030640669,0.20739251469223632
6467,0.9006963788300836,0.20751507654244628
6468,0.9008356545961003,0.20748299319727892
6469,0.900974930362117,0.20760550316895965
6470,0.9011142061281338,0.20757341576506955
6471,0.9012534818941504,0.20754133827847318
6472,0.9013927576601671,0.207663782447466
6473,0.9015320334261838,0.20763170091147845
6474,0.9016713091922005,0.20759962928637626
6475,0.9018105849582173,0.20772200772200772
6476,0.901949860724234,0.20784434836318716
6477,0.9020891364902507,0.20781225876177242
6478,0.9022284122562674,0.20778017906761345
6479,0.9023676880222842,0.2079024540824201
6480,0.9025069637883009,0.20787037037037037
6481,0.9026462395543176,0.20799259373553464
6482,0.9027855153203342,0.20796050601666152
6483,0.9029247910863509,0.20808267777263612
6484,0.9030640668523677,0.2080505860579889
6485,0.9032033426183844,0.20801850424055512
6486,0.9033426183844011,0.20814061054579094
6487,0.9034818941504178,0.20810852474179128
6488,0.9036211699164345,0.20823057953144267
6489,0.9037604456824513,0.20835259670211126
6490,0.903899721448468,0.20847457627118643
6491,0.9040389972144847,0.20859651825604683
6492,0.9041782729805014,0.20871842267406038
6493,0.9043175487465182,0.2086862775296473
6494,0.9044568245125348,0.20880813058207576
6495,0.9045961002785515,0.20877598152424942
6496,0.9047353760445682,0.20874384236453203
6497,0.9048746518105849,0.2088656302909035
6498,0.9050139275766017,0.20883348722683903
6499,0.9051532033426184,0.208955223880597
6500,0.9052924791086351,0.20892307692307693
6501,0.9054317548746518,0.20904476234425473
6502,0.9055710306406686,0.20901261150415257
6503,0.9057103064066853,0.20913424573273873
6504,0.905849582172702,0.20925584255842558
6505,0.9059888579387186,0.20937740199846272
6506,0.9061281337047353,0.20949892407008916
6507,0.9062674094707521,0.20962040879053326
6508,0.9064066852367688,0.2095881991395206
6509,0.9065459610027855,0.20970963281610078
6510,0.9066852367688022,0.2098310291858679
6511,0.906824512534819,0.20995238826601137
6512,0.9069637883008357,0.20992014742014742
6513,0.9071030640668524,0.2100414555504376
6514,0.9072423398328691,0.21016272643536998
6515,0.9073816155988857,0.21028396009209516
6516,0.9075208913649025,0.21025168815224063
6517,0.9076601671309192,0.21037287095289245
6518,0.9077994428969359,0.21049401656949984
6519,0.9079387186629526,0.21061512501917473
6520,0.9080779944289693,0.21058282208588958
6521,0.9082172701949861,0.21070387977304095
6522,0.9083565459610028,0.21067157313707452
6523,0.9084958217270195,0.21079258010118043
6524,0.9086350974930362,0.2107602697731453
6525,0.908774373259053,0.210727969348659
6526,0.9089136490250697,0.21069567882316886
6527,0.9090529247910863,0.210663398192125
6528,0.909192200557103,0.2107843137254902
6529,0.9093314763231197,0.21090519221932916
6530,0.9094707520891365,0.2108728943338438
6531,0.9096100278551532,0.21099372224774154
6532,0.9097493036211699,0.21096142069810164
6533,0.9098885793871866,0.21092912903719577
6534,0.9100278551532034,0.21089684726048363
6535,0.9101671309192201,0.21101759755164498
6536,0.9103064066852368,0.21098531211750307
6537,0.9104456824512535,0.21110601193207892
6538,0.9105849582172701,0.21122667482410523
6539,0.910724233983287,0.21119437222816945
6540,0.9108635097493036,0.21116207951070337
6541,0.9110027855153203,0.2112826784895276
6542,0.911142061281337,0.21140324059920512
6543,0.9112813370473538,0.21152376585664068
6544,0.9114206128133705,0.2114914425427873
6545,0.9115598885793872,0.21161191749427044
6546,0.9116991643454039,0.21173235563703025
6547,0.9118384401114206,0.2118527569879334
6548,0.9119777158774374,0.2119731215638363
6549,0.9121169916434541,0.21194075431363568
6550,0.9122562674094707,0.21190839694656488
6551,0.9123955431754874,0.211876049458098
6552,0.9125348189415042,0.211996336996337
6553,0.9126740947075209,0.2119639859606287
6554,0.9128133704735376,0.21208422337503816
6555,0.9129526462395543,0.2122044241037376
6556,0.913091922005571,0.21232458816351435
6557,0.9132311977715878,0.21229220680189112
6558,0.9133704735376045,0.2124123208295212
6559,0.9135097493036212,0.2125323982314377
6560,0.9136490250696379,0.21265243902439024
6561,0.9137883008356545,0.21262002743484226
6562,0.9139275766016713,0.2127400182871076
6563,0.914066852367688,0.21270760323023008
6564,0.9142061281337047,0.21267519804996954
6565,0.9143454038997214,0.2127951256664128
6566,0.9144846796657382,0.21276271702710936
6567,0.9146239554317549,0.21288259479214253
6568,0.9147632311977716,0.21300243605359317
6569,0.9149025069637883,0.21297001065611204
6570,0.915041782729805,0.213089802130898
6571,0.9151810584958218,0.2130573733069548
6572,0.9153203342618385,0.21317711503347536
6573,0.9154596100278551,0.21314468279324508
6574,0.9155988857938718,0.21311226041983572
6575,0.9157381615598886,0.21323193916349809
6576,0.9158774373259053,0.21335158150851583
6577,0.916016713091922,0.21331914246616998
6578,0.9161559888579387,0.21328671328671328
6579,0.9162952646239554,0.21325429396564827
6580,0.9164345403899722,0.2133738601823708
6581,0.9165738161559889,0.21349339006230056
6582,0.9167130919220056,0.2136128836219994
6583,0.9168523676880223,0.21373234087801915
6584,0.916991643454039,0.21385176184690158
6585,0.9171309192200557,0.2138192862566439
6586,0.9172701949860724,0.2139386577588825
6587,0.9174094707520891,0.2139061788371034
6588,0.9175487465181058,0.21402550091074682
6589,0.9176880222841226,0.2139930186674761
6590,0.9178272980501393,0.21411229135053111
6591,0.917966573816156,0.2142315278409953
6592,0.9181058495821727,0.21419902912621358
6593,0.9182451253481894,0.21431821629000455
6594,0.9183844011142062,0.21443736730360935
6595,0.9185236768802229,0.21440485216072783
6596,0.9186629526462395,0.21452395391146148
6597,0.9188022284122562,0.2146430195543429
6598,0.918941504178273,0.21461048802667476
6599,0.9190807799442897,0.2147295044703743
6600,0.9192200557103064,0.2146969696969697
6601,0.9193593314763231,0.21481593697924556
6602,0.9194986072423398,0.21493486822175098
6603,0.9196378830083566,0.2149023171285779
6604,0.9197771587743733,0.21486977589339795
6605,0.91991643454039,0.2149886449659349
6606,0.9200557103064066,0.2149561005146836
6607,0.9201949860724234,0.2149235659149387
6608,0.9203342618384401,0.21504237288135594
6609,0.9204735376044568,0.21516114389468907
6610,0.9206128133704735,0.21527987897125567
6611,0.9207520891364902,0.21524731508092573
6612,0.920891364902507,0.21536600120992136
6613,0.9210306406685237,0.21533343414486616
6614,0.9211699164345404,0.21530087692772906
6615,0.9213091922005571,0.21541950113378686
6616,0.9214484679665739,0.21553808948004838
6617,0.9215877437325906,0.21565664198277165
6618,0.9217270194986072,0.2157751586582049
6619,0.9218662952646239,0.21574255929898775
6620,0.9220055710306406,0.21586102719033232
6621,0.9221448467966574,0.21597945929617882
6622,0.9222841225626741,0.21609785563273937
6623,0.9224233983286908,0.21621621621621623
6624,0.9225626740947075,0.21633454106280192
6625,0.9227019498607242,0.21630188679245282
6626,0.922841225626741,0.216420162994265
6627,0.9229805013927577,0.21653840350082995
6628,0.9231197771587744,0.21665660832830416
6629,0.923259052924791,0.21662392517725146
6630,0.9233983286908078,0.2167420814479638
6631,0.9235376044568245,0.21670939526466595
6632,0.9236768802228412,0.21682750301568154
6633,0.9238161559888579,0.2169455751545304
6634,0.9239554317548746,0.21706361169731686
6635,0.9240947075208914,0.21718161266013564
6636,0.9242339832869081,0.21714888487040385
6637,0.9243732590529248,0.2171161669428959
6638,0.9245125348189415,0.21723410665863213
6639,0.9246518105849583,0.21735201084500677
6640,0.924791086350975,0.21731927710843374
6641,0.9249303621169916,0.21743713296190334
6642,0.9250696378830083,0.21740439626618488
6643,0.925208913649025,0.21752220382357368
6644,0.9253481894150418,0.21763997591812162
6645,0.9254874651810585,0.21775771256583898
6646,0.9256267409470752,0.21787541378272646
6647,0.9257660167130919,0.21784263577553784
6648,0.9259052924791087,0.21796028880866425
6649,0.9260445682451254,0.21807790645209807
6650,0.9261838440111421,0.21804511278195488
6651,0.9263231197771588,0.21801232897308676
6652,0.9264623955431754,0.21812988574864703
6653,0.9266016713091922,0.21824740718472868
6654,0.9267409470752089,0.2183648932972648
6655,0.9268802228412256,0.21848234410217882
6656,0.9270194986072423,0.2185997596153846
6657,0.927158774373259,0.21871713985278654
6658,0.9272980501392758,0.21883448483027937
6659,0.9274373259052925,0.2189517945637483
6660,0.9275766016713092,0.21906906906906906
6661,0.9277158774373259,0.21918630836210778
6662,0.9278551532033427,0.2193035124587211
6663,0.9279944289693594,0.21942068137475612
6664,0.928133704735376,0.2193877551020408
6665,0.9282729805013927,0.21950487621905476
6666,0.9284122562674094,0.21962196219621963
6667,0.9285515320334262,0.21973901304934754
6668,0.9286908077994429,0.21970605878824234
6669,0.9288300835654596,0.21967311440995652
6670,0.9289693593314763,0.21979010494752624
6671,0.9291086350974931,0.2197571578473992
6672,0.9292479108635098,0.2197242206235012
6673,0.9293871866295265,0.2198411509066387
6674,0.9295264623955432,0.21995804614923584
6675,0.9296657381615598,0.2200749063670412
6676,0.9298050139275766,0.2201917315757939
6677,0.9299442896935933,0.22015875393140633
6678,0.93008356545961,0.22027553159628632
6679,0.9302228412256267,0.22039227429255875
6680,0.9303621169916435,0.22050898203592814
6681,0.9305013927576602,0.2206256548420895
6682,0.9306406685236769,0.22074229272672852
6683,0.9307799442896936,0.22085889570552147
6684,0.9309192200557103,0.22097546379413524
6685,0.9310584958217271,0.22109199700822738
6686,0.9311977715877438,0.221208495363446
6687,0.9313370473537604,0.22132495887542994
6688,0.9314763231197771,0.2214413875598086
6689,0.9316155988857938,0.22155778143220212
6690,0.9317548746518106,0.22152466367713006
6691,0.9318941504178273,0.2216410103123599
6692,0.932033426183844,0.2217573221757322
6693,0.9321727019498607,0.22187359928283282
6694,0.9323119777158775,0.22184045413803405
6695,0.9324512534818942,0.2219566840926064
6696,0.9325905292479109,0.22192353643966548
6697,0.9327298050139275,0.2218903986859788
6698,0.9328690807799442,0.22200656912511196
6699,0.933008356545961,0.22212270488132557
6700,0.9331476323119777,0.22208955223880597
6701,0.9332869080779944,0.22205640949112074
6702,0.9334261838440111,0.22217248582512683
6703,0.9335654596100279,0.22228852752498882
6704,0.9337047353760446,0.22240453460620524
6705,0.9338440111420613,0.22237136465324384
6706,0.933983286908078,0.22248732478377573
6707,0.9341225626740947,0.2226032503354704
6708,0.9342618384401115,0.22271914132379247
6709,0.9344011142061281,0.22283499776419735
6710,0.9345403899721448,0.22280178837555886
6711,0.9346796657381615,0.22291759797347638
6712,0.9348189415041783,0.22303337306317045
6713,0.934958217270195,0.22300014896469536
6714,0.9350974930362117,0.22311587727137325
6715,0.9352367688022284,0.22323157110945643
6716,0.9353760445682451,0.22334723049434188
6717,0.9355153203342619,0.2234628554414173
6718,0.9356545961002786,0.22342959214051802
6719,0.9357938718662953,0.22354517041226374
6720,0.935933147632312,0.22351190476190477
6721,0.9360724233983287,0.22362743639339383
6722,0.9362116991643454,0.2237429336506992
6723,0.9363509749303621,0.2238583965491596
6724,0.9364902506963788,0.22382510410469958
6725,0.9366295264623955,0.22379182156133828
6726,0.9367688022284123,0.22390722569134702
6727,0.936908077994429,0.2240225955106288
6728,0.9370473537604457,0.22413793103448276
6729,0.9371866295264624,0.2241046217862981
6730,0.9373259052924791,0.22407132243684993
6731,0.9374651810584959,0.22418659931659485
6732,0.9376044568245125,0.22415329768270945
6733,0.9377437325905292,0.22412000594088816
6734,0.9378830083565459,0.22423522423522424
6735,0.9380222841225627,0.22435040831477357
6736,0.9381615598885794,0.22446555819477435
6737,0.9383008356545961,0.22443223986937808
6738,0.9384401114206128,0.22454734342534877
6739,0.9385793871866295,0.2245140228520552
6740,0.9387186629526463,0.22462908011869437
6741,0.938857938718663,0.22459575730603767
6742,0.9389972144846797,0.22471076831800652
6743,0.9391364902506963,0.22482574521726234
6744,0.9392757660167131,0.22494068801897985
6745,0.9394150417827298,0.22505559673832468
6746,0.9395543175487465,0.22502223539875482
6747,0.9396935933147632,0.2249888839484215
6748,0.9398328690807799,0.22495554238292828
6749,0.9399721448467967,0.22507038079715513
6750,0.9401114206128134,0.22503703703703704
6751,0.9402506963788301,0.22515182935861353
6752,0.9403899721448468,0.22526658767772512
6753,0.9405292479108636,0.2252332296756997
6754,0.9406685236768803,0.22534794196031982
6755,0.9408077994428969,0.22531458179126573
6756,0.9409470752089136,0.2254292480757845
6757,0.9410863509749303,0.22554388042030488
6758,0.9412256267409471,0.2255105060668837
6759,0.9413649025069638,0.22547714158899246
6760,0.9415041782729805,0.2254437869822485
6761,0.9416434540389972,0.22555834935660404
6762,0.9417827298050139,0.22567287784679088
6763,0.9419220055710307,0.2256395090935975
6764,0.9420612813370474,0.22575399172087524
6765,0.942200557103064,0.22572062084257205
6766,0.9423398328690807,0.22568725982855453
6767,0.9424791086350975,0.22580168464607656
6768,0.9426183844011142,0.22576832151300236
6769,0.9427576601671309,0.22588270054660955
6770,0.9428969359331476,0.2259970457902511
6771,0.9430362116991643,0.2259636685866194
6772,0.9431754874651811,0.22593030124040164
6773,0.9433147632311978,0.22589694374723165
6774,0.9434540389972145,0.22601121936817242
6775,0.9435933147632312,0.22597785977859777
6776,0.943732590529248,0.22609208972845338
6777,0.9438718662952646,0.22620628596724215
6778,0.9440111420612813,0.22617291236352907
6779,0.944150417827298,0.2261395486059891
6780,0.9442896935933147,0.22625368731563422
6781,0.9444289693593315,0.22622032148650642
6782,0.9445682451253482,0.2263344146269537
6783,0.9447075208913649,0.22644847412649272
6784,0.9448467966573816,0.22641509433962265
6785,0.9449860724233984,0.22638172439204127
6786,0.9451253481894151,0.2264957264957265
6787,0.9452646239554318,0.22660969500515693
6788,0.9454038997214484,0.22672362993517972
6789,0.9455431754874651,0.2266902342023862
6790,0.9456824512534819,0.22665684830633284
6791,0.9458217270194986,0.2267707259608305
6792,0.9459610027855153,0.22673733804475854
6793,0.946100278551532,0.2268511703223907
6794,0.9462395543175487,0.22696496909037386
6795,0.9463788300835655,0.22707873436350257
6796,0.9465181058495822,0.2270453207769276
6797,0.9466573816155989,0.22701191702221568
6798,0.9467966573816156,0.22697852309502795
6799,0.9469359331476324,0.22709221944403588
6800,0.947075208913649,0.22720588235294117
6801,0.9472144846796657,0.22731951183649463
6802,0.9473537604456824,0.2274331079094384
6803,0.9474930362116991,0.22754667058650596
6804,0.9476323119777159,0.2275132275132275
6805,0.9477715877437326,0.22762674504041147
6806,0.9479108635097493,0.227740229209521
6807,0.948050139275766,0.22785368003525783
6808,0.9481894150417828,0.22782021151586368
6809,0.9483286908077995,0.22793361727125863
6810,0.9484679665738162,0.22790014684287813
6811,0.9486072423398328,0.2280135075612979
6812,0.9487465181058495,0.22812683499706402
6813,0.9488857938718663,0.22824012916483194
6814,0.949025069637883,0.2283533900792486
6815,0.9491643454038997,0.22831988261188554
6816,0.9493036211699164,0.22843309859154928
6817,0.9494428969359332,0.22839958926213877
6818,0.9495821727019499,0.22836608976239367
6819,0.9497214484679666,0.22833260008798945
6820,0.9498607242339833,0.22844574780058652
6821,0.95,0.22855886233690076
6822,0.9501392757660168,0.2285253591322193
6823,0.9502785515320334,0.22863842884361718
6824,0.9504178272980501,0.2287514654161782
6825,0.9505571030640668,0.2287179487179487
6826,0.9506963788300835,0.2288309405215353
6827,0.9508356545961003,0.22894389922367073
6828,0.950974930362117,0.22905682483889866
6829,0.9511142061281337,0.22902328305754868
6830,0.9512534818941504,0.22898975109809663
6831,0.9513927576601672,0.22910262040696824
6832,0.9515320334261839,0.22906908665105385
6833,0.9516713091922006,0.22903556271037612
6834,0.9518105849582172,0.22914837576821773
6835,0.9519498607242339,0.2292611558156547
6836,0.9520891364902507,0.22922761849034523
6837,0.9522284122562674,0.22919409097557408
6838,0.9523676880222841,0.22930681485814566
6839,0.9525069637883008,0.2294195057756982
6840,0.9526462395543176,0.22953216374269006
6841,0.9527855153203343,0.22949861131413535
6842,0.952924791086351,0.22946506869336453
6843,0.9530640668523677,0.22957767061230455
6844,0.9532033426183844,0.22969023962594973
6845,0.9533426183844012,0.22965668371073777
6846,0.9534818941504178,0.22962313759859773
6847,0.9536211699164345,0.22973565064991966
6848,0.9537604456824512,0.2298481308411215
6849,0.953899721448468,0.22996057818659657
6850,0.9540389972144847,0.23007299270072992
6851,0.9541782729805014,0.23018537439789813
6852,0.9543175487465181,0.2301517805020432
6853,0.9544568245125348,0.23011819641033124
6854,0.9545961002785516,0.23023052232273125
6855,0.9547353760445683,0.2301969365426696
6856,0.954874651810585,0.23030921820303385
6857,0.9550139275766016,0.23042146711389822
6858,0.9551532033426184,0.23053368328958881
6859,0.9552924791086351,0.23050007289692376
6860,0.9554317548746518,0.23061224489795917
6861,0.9555710306406685,0.2305786328523539
6862,0.9557103064066852,0.23069076071116293
6863,0.955849582172702,0.23080285589392394
6864,0.9559888579387187,0.2309149184149184
6865,0.9561281337047354,0.23088128186453022
6866,0.9562674094707521,0.23099330032041945
6867,0.9564066852367687,0.23110528615115772
6868,0.9565459610027855,0.23107163657542223
6869,0.9566852367688022,0.2311835783956908
6870,0.9568245125348189,0.23114992721979621
6871,0.9569637883008356,0.23126182506185416
6872,0.9571030640668524,0.23137369033760186
6873,0.9572423398328691,0.2314855230612542
6874,0.9573816155988858,0.23159732324701776
6875,0.9575208913649025,0.23156363636363636
6876,0.9576601671309192,0.23167539267015708
6877,0.957799442896936,0.23178711647520722
6878,0.9579387186629527,0.23175341669089852
6879,0.9580779944289693,0.23186509667102775
6880,0.958217270194986,0.23197674418604652
6881,0.9583565459610028,0.23208835925010898
6882,0.9584958217270195,0.23219994187736123
6883,0.9586350974930362,0.23231149208194102
6884,0.9587743732590529,0.23242300987797793
6885,0.9589136490250696,0.23253449527959333
6886,0.9590529247910864,0.23264594830090038
6887,0.9591922005571031,0.23261216785247568
6888,0.9593314763231198,0.23272357723577236
6889,0.9594707520891365,0.23268979532588185
6890,0.9596100278551533,0.23265602322206097
6891,0.95974930362117,0.23276737773907996
6892,0.9598885793871866,0.232733604178758
6893,0.9600278551532033,0.23284491513129263
6894,0.96016713091922,0.23295619379170293
6895,0.9603064066852368,0.23292240754169688
6896,0.9604456824512535,0.23288863109048724
6897,0.9605849582172702,0.23299985500942438
6898,0.9607242339832869,0.23311104668019716
6899,0.9608635097493036,0.23322220611682853
6900,0.9610027855153204,0.23333333333333334
6901,0.9611420612813371,0.2334444283437183
6902,0.9612813370473537,0.23341060562155896
6903,0.9614206128133704,0.2335216572504708
6904,0.9615598885793872,0.2336326767091541
6905,0.9616991643454039,0.2337436640115858
6906,0.9618384401114206,0.23385461917173472
6907,0.9619777158774373,0.2339655422035616
6908,0.962116991643454,0.2340764331210191
6909,0.9622562674094708,0.23418729193805182
6910,0.9623955431754875,0.23429811866859623
6911,0.9625348189415042,0.23440891332658081
6912,0.9626740947075209,0.23451967592592593
6913,0.9628133704735377,0.23448575148271372
6914,0.9629526462395543,0.23459647092855077
6915,0.963091922005571,0.23456254519161243
6916,0.9632311977715877,0.23467322151532677
6917,0.9633704735376044,0.23478386583779096
6918,0.9635097493036212,0.23489447817288234
6919,0.9636490250696379,0.2350050585344703
6920,0.9637883008356546,0.23497109826589596
6921,0.9639275766016713,0.23508163560179166
6922,0.9640668523676881,0.23519214099971106
6923,0.9642061281337048,0.23530261447349415
6924,0.9643454038997215,0.23541305603697285
6925,0.9644846796657381,0.23537906137184114
6926,0.9646239554317548,0.23548946000577534
6927,0.9647632311977716,0.23559982676483326
6928,0.9649025069637883,0.23571016166281755
6929,0.965041782729805,0.23567614374368595
6930,0.9651810584958217,0.23564213564213565
6931,0.9653203342618384,0.2356081373539172
6932,0.9654596100278552,0.23557414887478362
6933,0.9655988857938719,0.23568440790422618
6934,0.9657381615598886,0.23579463513123738
6935,0.9658774373259053,0.2357606344628695
6936,0.966016713091922,0.2358708189158016
6937,0.9661559888579387,0.23583681706789678
6938,0.9662952646239554,0.23580282502162006
6939,0.9664345403899721,0.23591295575731375
6940,0.9665738161559888,0.23587896253602306
6941,0.9667130919220056,0.23598905056908226
6942,0.9668523676880223,0.23595505617977527
6943,0.966991643454039,0.23606510154112056
6944,0.9671309192200557,0.23617511520737328
6945,0.9672701949860725,0.23628509719222462
6946,0.9674094707520892,0.23625107975813417
6947,0.9675487465181059,0.23636101914495466
6948,0.9676880222841225,0.23647092688543467
6949,0.9678272980501392,0.23658080299323644
6950,0.967966573816156,0.23669064748201438
6951,0.9681058495821727,0.23680046036541505
6952,0.9682451253481894,0.2369102416570771
6953,0.9683844011142061,0.23701999137063137
6954,0.9685236768802229,0.23698590739142938
6955,0.9686629526462396,0.23695183321351546
6956,0.9688022284122563,0.23691776883266244
6957,0.968941504178273,0.2368837142446457
6958,0.9690807799442896,0.23684966944524288
6959,0.9692200557103064,0.23681563443023423
6960,0.9693593314763231,0.2367816091954023
6961,0.9694986072423398,0.23674759373653212
6962,0.9696378830083565,0.2367135880494111
6963,0.9697771587743732,0.2366795921298291
6964,0.96991643454039,0.2366456059735784
6965,0.9700557103064067,0.2366116295764537
6966,0.9701949860724234,0.2367212173413724
6967,0.9703342618384401,0.2366872398449835
6968,0.9704735376044569,0.2366532721010333
6969,0.9706128133704736,0.23661931410532358
6970,0.9707520891364902,0.23658536585365852
6971,0.9708913649025069,0.23669487878353176
6972,0.9710306406685236,0.23666092943201378
6973,0.9711699164345404,0.23677040011472825
6974,0.9713091922005571,0.23687983940349872
6975,0.9714484679665738,0.23684587813620073
6976,0.9715877437325905,0.2369552752293578
6977,0.9717270194986073,0.23706464096316468
6978,0.971866295264624,0.23703066781312698
6979,0.9720055710306407,0.23713999140277978
6980,0.9721448467966574,0.23710601719197708
6981,0.972284122562674,0.23707205271451082
6982,0.9724233983286908,0.2370380979661988
6983,0.9725626740947075,0.2371473578691107
6984,0.9727019498607242,0.2372565864833906
6985,0.9728412256267409,0.23736578382247672
6986,0.9729805013927577,0.2374749498997996
6987,0.9731197771587744,0.23758408472878204
6988,0.9732590529247911,0.23769318832283914
6989,0.9733983286908078,0.23780226069537846
6990,0.9735376044568245,0.23776824034334765
6991,0.9736768802228413,0.23787727077671292
6992,0.973816155988858,0.23784324942791762
6993,0.9739554317548746,0.23795223795223797
6994,0.9740947075208913,0.2379182156133829
6995,0.974233983286908,0.23788420300214438
6996,0.9743732590529248,0.23799313893653518
6997,0.9745125348189415,0.23810204373302843
6998,0.9746518105849582,0.23806801943412403
6999,0.9747910863509749,0.23817688241177312
7000,0.9749303621169917,0.23814285714285716
7001,0.9750696378830084,0.23810884159405798
7002,0.9752089136490251,0.23807483576121108
7003,0.9753481894150418,0.2381836355847494
7004,0.9754874651810584,0.23829240434037693
7005,0.9756267409470752,0.238401142041399
7006,0.9757660167130919,0.23850984870111333
7007,0.9759052924791086,0.23847580990438133
7008,0.9760445682451253,0.2384417808219178
7009,0.9761838440111421,0.23840776144956485
7010,0.9763231197771588,0.2385164051355207
7011,0.9764623955431755,0.23862501782912565
7012,0.9766016713091922,0.23859098687963493
7013,0.9767409470752089,0.23869955796378156
7014,0.9768802228412257,0.2388080980895352
7015,0.9770194986072424,0.23891660727013542
7016,0.977158774373259,0.23902508551881413
7017,0.9772980501392757,0.23899102180418982
7018,0.9774373259052925,0.2390994585351952
7019,0.9775766016713092,0.23906539393075937
7020,0.9777158774373259,0.23917378917378918
7021,0.9778551532033426,0.23928215353938184
7022,0.9779944289693593,0.23924807747080604
7023,0.9781337047353761,0.2392140111063648
7024,0.9782729805013928,0.23917995444191345
7025,0.9784122562674095,0.239288256227758
7026,0.9785515320334262,0.23925419869057785
7027,0.978690807799443,0.2393624590863811
7028,0.9788300835654596,0.23932840068298236
7029,0.9789693593314763,0.2392943519704083
7030,0.979108635097493,0.23940256045519204
7031,0.9792479108635097,0.23936851088038685
7032,0.9793871866295265,0.23947667804323094
7033,0.9795264623955432,0.2395848144461823
7034,0.9796657381615599,0.23969292010235996
7035,0.9798050139275766,0.23980099502487562
7036,0.9799442896935933,0.23990903922683343
7037,0.9800835654596101,0.24001705272133012
7038,0.9802228412256268,0.2399829497016198
7039,0.9803621169916434,0.2399488563716437
7040,0.9805013927576601,0.24005681818181818
7041,0.9806406685236769,0.24016474932537993
7042,0.9807799442896936,0.24027264981539334
7043,0.9809192200557103,0.24038051966491553
7044,0.981058495821727,0.24034639409426461
7045,0.9811977715877437,0.2403122782114975
7046,0.9813370473537605,0.24027817201248935
7047,0.9814763231197772,0.24024407549311763
7048,0.9816155988857939,0.24035187287173665
7049,0.9817548746518105,0.24031777557100298
7050,0.9818941504178273,0.2402836879432624
7051,0.982033426183844,0.24024960998439937
7052,0.9821727019498607,0.24021554169030063
7053,0.9823119777158774,0.2403232666950234
7054,0.9824512534818941,0.24028919761837256
7055,0.9825905292479109,0.24039688164422396
7056,0.9827298050139276,0.24050453514739228
7057,0.9828690807799443,0.24047045486750743
7058,0.983008356545961,0.24043638424482858
7059,0.9831476323119778,0.24040232327525146
7060,0.9832869080779945,0.2405099150141643
7061,0.9834261838440111,0.24047585327857243
7062,0.9835654596100278,0.24044180118946473
7063,0.9837047353760445,0.24040775874274387
7064,0.9838440111420613,0.24051528878822198
7065,0.983983286908078,0.24062278839348902
7066,0.9841225626740947,0.24073025757146901
7067,0.9842618384401114,0.24083769633507854
7068,0.9844011142061281,0.2408036219581211
7069,0.9845403899721449,0.24091101994624417
7070,0.9846796657381616,0.24101838755304103
7071,0.9848189415041783,0.24112572479140149
7072,0.984958217270195,0.24123303167420815
7073,0.9850974930362117,0.24134030821433622
7074,0.9852367688022284,0.24130619168787107
7075,0.9853760445682451,0.2412720848056537
7076,0.9855153203342618,0.2413793103448276
7077,0.9856545961002785,0.2413452027695351
7078,0.9857938718662953,0.24145238768013563
7079,0.985933147632312,0.2414182794179969
7080,0.9860724233983287,0.24152542372881355
7081,0.9862116991643454,0.24163253777715013
7082,0.9863509749303622,0.24159841852584016
7083,0.9864902506963789,0.24170549202315403
7084,0.9866295264623955,0.24181253529079616
7085,0.9867688022284122,0.2419195483415667
7086,0.9869080779944289,0.24188540784645782
7087,0.9870473537604457,0.24199238041484408
7088,0.9871866295264624,0.24209932279909707
7089,0.9873259052924791,0.2422062350119904
7090,0.9874651810584958,0.24231311706629055
7091,0.9876044568245126,0.24241996897475673
7092,0.9877437325905293,0.242526790750141
7093,0.987883008356546,0.2426335824051882
7094,0.9880222841225627,0.24274034395263602
7095,0.9881615598885793,0.2427061310782241
7096,0.9883008356545961,0.24281285231116123
7097,0.9884401114206128,0.24291954346907144
7098,0.9885793871866295,0.24302620456466612
7099,0.9887186629526462,0.24313283561064938
7100,0.9888579387186629,0.24309859154929578
7101,0.9889972144846797,0.24320518236868047
7102,0.9891364902506964,0.24331174317093776
7103,0.9892757660167131,0.24327748838518937
7104,0.9894150417827298,0.243384009009009
7105,0.9895543175487466,0.24349049964813513
7106,0.9896935933147633,0.24359696031522657
7107,0.9898328690807799,0.24370339102293515
7108,0.9899721448467966,0.24380979178390547
7109,0.9901114206128133,0.24391616261077506
7110,0.9902506963788301,0.2440225035161744
7111,0.9903899721448468,0.24412881451272675
7112,0.9905292479108635,0.24423509561304838
7113,0.9906685236768802,0.24420075917334458
7114,0.990807799442897,0.24416643238684285
7115,0.9909470752089137,0.24427266338721013
7116,0.9910863509749304,0.24437886453063518
7117,0.991225626740947,0.2443445271884221
7118,0.9913649025069637,0.24431019949423996
7119,0.9915041782729805,0.2444163506110409
7120,0.9916434540389972,0.24452247191011237
7121,0.9917827298050139,0.24462856340401629
7122,0.9919220055710306,0.2445942151081157
7123,0.9920612813370474,0.2447002667415415
7124,0.9922005571030641,0.24480628860190903
7125,0.9923398328690808,0.2449122807017544
7126,0.9924791086350975,0.2450182430536065
7127,0.9926183844011142,0.24512417566998737
7128,0.992757660167131,0.2452300785634119
7129,0.9928969359331477,0.245335951746388
7130,0.9930362116991643,0.2453015427769986
7131,0.993175487465181,0.245407376244566
7132,0.9933147632311977,0.24551318003365116
7133,0.9934540389972145,0.24547876068975186
7134,0.9935933147632312,0.24558452481076534
7135,0.9937325905292479,0.24569025928521374
7136,0.9938718662952646,0.24565582959641255
7137,0.9940111420612814,0.24576152445004903
7138,0.9941504178272981,0.24586718968898852
7139,0.9942896935933148,0.24597282532567585
7140,0.9944289693593314,0.246078431372549
7141,0.9945682451253481,0.24618400784203892
7142,0.9947075208913649,0.24628955474656958
7143,0.9948467966573816,0.24625507489850204
7144,0.9949860724233983,0.24622060470324747
7145,0.995125348189415,0.2463261021693492
7146,0.9952646239554318,0.2462916316820599
7147,0.9954038997214485,0.24625717084091228
7148,0.9955431754874652,0.24636261891438163
7149,0.9956824512534819,0.24646803748776053
7150,0.9958217270194986,0.24643356643356643
7151,0.9959610027855154,0.2465389456020137
7152,0.996100278551532,0.24664429530201343
7153,0.9962395543175487,0.24674961554592478
7154,0.9963788300835654,0.24685490634610008
7155,0.9965181058495822,0.2469601677148847
7156,0.9966573816155989,0.24692565679150363
7157,0.9967966573816156,0.24703087885985747
7158,0.9969359331476323,0.24713607152835987
7159,0.997075208913649,0.2472412348093309
7160,0.9972144846796658,0.2473463687150838
7161,0.9973537604456825,0.24745147325792488
7162,0.9974930362116992,0.2475565484501536
7163,0.9976323119777158,0.24766159430406254
7164,0.9977715877437325,0.24776661083193746
7165,0.9979108635097493,0.2478715980460572
7166,0.998050139275766,0.24797655595869383
7167,0.9981894150417827,0.24808148458211246
7168,0.9983286908077994,0.24818638392857142
7169,0.9984679665738162,0.24829125401032223
7170,0.9986072423398329,0.24839609483960948
7171,0.9987465181058496,0.24836145586389624
7172,0.9988857938718663,0.24832682654768545
7173,0.999025069637883,0.24843161856963614
7174,0.9991643454038998,0.24853638137719541
7175,0.9993036211699164,0.2486411149825784
7176,0.9994428969359331,0.2487458193979933
7177,0.9995821727019498,0.24871116065208304
7178,0.9997214484679666,0.24881582613541375
7179,0.9998607242339833,0.24892046245995264
7180,1.0,0.249025069637883
