accepted,coverage,risk
1,0.0001392757660167131,0.0
2,0.0002785515320334262,0.0
3,0.00041782729805013927,0.0
4,0.0005571030640668524,0.0
5,0.0006963788300835655,0.0
6,0.0008356545961002785,0.0
7,0.0009749303621169916,0.0
8,0.0011142061281337048,0.0
9,0.0012534818941504179,0.0
10,0.001392757660167131,0.0
11,0.001532033426183844,0.0
12,0.001671309192200557,0.0
13,0.0018105849582172701,0.0
14,0.0019498607242339832,0.0
15,0.0020891364902506965,0.0
16,0.0022284122562674096,0.0
17,0.0023676880222841226,0.0
18,0.0025069637883008357,0.0
19,0.0026462395543175488,0.0
20,0.002785515320334262,0.0
21,0.002924791086350975,0.0
22,0.003064066852367688,0.0
23,0.003203342618384401,0.0
24,0.003342618384401114,0.0
25,0.003481894150417827,0.0
26,0.0036211699164345403,0.0
27,0.0037604456824512533,0.0
28,0.0038997214484679664,0.0
29,0.00403899721448468,0.0
30,0.004178272980501393,0.0
31,0.004317548746518106,0.0
32,0.004456824512534819,0.0
33,0.004596100278551532,0.0
34,0.004735376044568245,0.0
35,0.004874651810584958,0.0
36,0.005013927576601671,0.0
37,0.0051532033426183845,0.0
38,0.0052924791086350976,0.0
39,0.005431754874651811,0.0
40,0.005571030640668524,0.0
41,0.005710306406685237,0.0
42,0.00584958217270195,0.0
43,0.005988857938718663,0.0
44,0.006128133704735376,0.0
45,0.006267409470752089,0.0
46,0.006406685236768802,0.0
47,0.006545961002785515,0.0
48,0.006685236768802228,0.0
49,0.006824512534818941,0.0
50,0.006963788300835654,0.0
51,0.0071030640668523675,0.0
52,0.0072423398328690805,0.0
53,0.007381615598885794,0.0
54,0.007520891364902507,0.0
55,0.00766016713091922,0.0
56,0.007799442896935933,0.0
57,0.007938718662952647,0.0
58,0.00807799442896936,0.0
59,0.008217270194986073,0.0
60,0.008356545961002786,0.0
61,0.008495821727019499,0.0
62,0.008635097493036212,0.0
63,0.008774373259052925,0.0
64,0.008913649025069638,0.0
65,0.009052924791086351,0.0
66,0.009192200557103064,0.0
67,0.009331476323119777,0.0
68,0.00947075208913649,0.0
69,0.009610027855153204,0.0
70,0.009749303621169917,0.0
71,0.00988857938718663,0.0
72,0.010027855153203343,0.0
73,0.010167130919220056,0.0
74,0.010306406685236769,0.0
75,0.010445682451253482,0.0
76,0.010584958217270195,0.0
77,0.010724233983286908,0.0
78,0.010863509749303621,0.0
79,0.011002785515320334,0.0
80,0.011142061281337047,0.0
81,0.01128133704735376,0.0
82,0.011420612813370474,0.0
83,0.011559888579387187,0.0
84,0.0116991643454039,0.0
85,0.011838440111420613,0.0
86,0.011977715877437326,0.0
87,0.012116991643454039,0.0
88,0.012256267409470752,0.0
89,0.012395543175487465,0.0
90,0.012534818941504178,0.0
91,0.012674094707520891,0.0
92,0.012813370473537604,0.0
93,0.012952646239554317,0.0
94,0.01309192200557103,0.0
95,0.013231197771587743,0.0
96,0.013370473537604457,0.0
97,0.01350974930362117,0.0
98,0.013649025069637883,0.0
99,0.013788300835654596,0.0
100,0.013927576601671309,0.0
101,0.014066852367688022,0.0
102,0.014206128133704735,0.0
103,0.014345403899721448,0.0
104,0.014484679665738161,0.0
105,0.014623955431754874,0.0
106,0.014763231197771587,0.0
107,0.0149025069637883,0.0
108,0.015041782729805013,0.0
109,0.015181058495821726,0.0
110,0.01532033426183844,0.0
111,0.015459610027855153,0.0
112,0.015598885793871866,0.0
113,0.01573816155988858,0.0
114,0.015877437325905294,0.0
115,0.016016713091922007,0.0
116,0.01615598885793872,0.0
117,0.016295264623955433,0.0
118,0.016434540389972146,0.0
119,0.01657381615598886,0.0
120,0.016713091922005572,0.0
121,0.016852367688022285,0.0
122,0.016991643454038998,0.0
123,0.01713091922005571,0.0
124,0.017270194986072424,0.0
125,0.017409470752089137,0.0
126,0.01754874651810585,0.0
127,0.017688022284122563,0.0
128,0.017827298050139277,0.0
129,0.01796657381615599,0.0
130,0.018105849582172703,0.0
131,0.018245125348189416,0.0
132,0.01838440111420613,0.0
133,0.018523676880222842,0.0
134,0.018662952646239555,0.0
135,0.018802228412256268,0.0
136,0.01894150417827298,0.0
137,0.019080779944289694,0.0
138,0.019220055710306407,0.0
139,0.01935933147632312,0.0
140,0.019498607242339833,0.0
141,0.019637883008356546,0.0
142,0.01977715877437326,0.0
143,0.019916434540389973,0.0
144,0.020055710306406686,0.0
145,0.0201949860724234,0.0
146,0.020334261838440112,0.0
147,0.020473537604456825,0.0
148,0.020612813370473538,0.0
149,0.02075208913649025,0.0
150,0.020891364902506964,0.0
151,0.021030640668523677,0.0
152,0.02116991643454039,0.0
153,0.021309192200557103,0.0
154,0.021448467966573816,0.0
155,0.02158774373259053,0.0
156,0.021727019498607242,0.0
157,0.021866295264623956,0.0
158,0.02200557103064067,0.0
159,0.02214484679665738,0.0
160,0.022284122562674095,0.0
161,0.022423398328690808,0.0
162,0.02256267409470752,0.0
163,0.022701949860724234,0.0
164,0.022841225626740947,0.0
165,0.02298050139275766,0.0
166,0.023119777158774373,0.0
167,0.023259052924791086,0.0
168,0.0233983286908078,0.0
169,0.023537604456824512,0.0
170,0.023676880222841225,0.0
171,0.02381615598885794,0.0
172,0.02395543175487465,0.0
173,0.024094707520891365,0.0
174,0.024233983286908078,0.0
175,0.02437325905292479,0.0
176,0.024512534818941504,0.0
177,0.024651810584958217,0.0
178,0.02479108635097493,0.0
179,0.024930362116991643,0.0
180,0.025069637883008356,0.0
181,0.02520891364902507,0.0
182,0.025348189415041782,0.0
183,0.025487465181058495,0.0
184,0.02562674094707521,0.0
185,0.02576601671309192,0.0
186,0.025905292479108635,0.0
187,0.026044568245125348,0.0
188,0.02618384401114206,0.0
189,0.026323119777158774,0.0
190,0.026462395543175487,0.0
191,0.0266016713091922,0.0
192,0.026740947075208913,0.0
193,0.026880222841225626,0.0
194,0.02701949860724234,0.0
195,0.027158774373259052,0.0
196,0.027298050139275765,0.0
197,0.02743732590529248,0.0
198,0.02757660167130919,0.0
199,0.027715877437325905,0.0
200,0.027855153203342618,0.0
201,0.02799442896935933,0.0
202,0.028133704735376044,0.0
203,0.028272980501392757,0.0
204,0.02841225626740947,0.0
205,0.028551532033426183,0.0
206,0.028690807799442896,0.0
207,0.02883008356545961,0.0
208,0.028969359331476322,0.0
209,0.029108635097493035,0.0
210,0.02924791086350975,0.0
211,0.02938718662952646,0.0
212,0.029526462395543174,0.0
213,0.029665738161559888,0.0
214,0.0298050139275766,0.0
215,0.029944289693593314,0.0
216,0.030083565459610027,0.0
217,0.03022284122562674,0.0
218,0.030362116991643453,0.0
219,0.030501392757660166,0.0
220,0.03064066852367688,0.0
221,0.030779944289693592,0.0
222,0.030919220055710305,0.0
223,0.031058495821727018,0.0
224,0.03119777158774373,0.0
225,0.031337047353760444,0.0
226,0.03147632311977716,0.0
227,0.03161559888579387,0.0
228,0.03175487465181059,0.0
229,0.0318941504178273,0.0
230,0.03203342618384401,0.0
231,0.03217270194986072,0.0
232,0.03231197771587744,0.0
233,0.03245125348189415,0.0
234,0.032590529247910865,0.0
235,0.032729805013927575,0.0
236,0.03286908077994429,0.0
237,0.033008356545961,0.0
238,0.03314763231197772,0.0
239,0.03328690807799443,0.0
240,0.033426183844011144,0.0
241,0.033565459610027853,0.0
242,0.03370473537604457,0.0
243,0.03384401114206128,0.0
244,0.033983286908077996,0.0
245,0.034122562674094706,0.0
246,0.03426183844011142,0.0
247,0.03440111420612813,0.0
248,0.03454038997214485,0.0
249,0.03467966573816156,0.0
250,0.034818941504178275,0.0
251,0.034958217270194984,0.0
252,0.0350974930362117,0.0
253,0.03523676880222841,0.0
254,0.03537604456824513,0.0
255,0.035515320334261836,0.0
256,0.03565459610027855,0.0
257,0.03579387186629526,0.0
258,0.03593314763231198,0.0
259,0.03607242339832869,0.0
260,0.036211699164345405,0.0
261,0.036350974930362115,0.0
262,0.03649025069637883,0.0
263,0.03662952646239554,0.0
264,0.03676880222841226,0.0
265,0.03690807799442897,0.0
266,0.037047353760445684,0.0
267,0.03718662952646239,0.0
268,0.03732590529247911,0.0
269,0.03746518105849582,0.0
270,0.037604456824512536,0.0
271,0.037743732590529246,0.0
272,0.03788300835654596,0.0
273,0.03802228412256267,0.0
274,0.03816155988857939,0.0
275,0.0383008356545961,0.0
276,0.038440111420612814,0.0
277,0.038579387186629524,0.0
278,0.03871866295264624,0.0
279,0.03885793871866295,0.0
280,0.03899721448467967,0.0
281,0.039136490250696376,0.0
282,0.03927576601671309,0.0
283,0.0394150417827298,0.0
284,0.03955431754874652,0.0
285,0.03969359331476323,0.0
286,0.039832869080779945,0.0
287,0.039972144846796655,0.0
288,0.04011142061281337,0.0
289,0.04025069637883008,0.0
290,0.0403899721448468,0.0
291,0.04052924791086351,0.0
292,0.040668523676880224,0.0
293,0.04080779944289693,0.0
294,0.04094707520891365,0.0
295,0.04108635097493036,0.0
296,0.041225626740947076,0.0
297,0.041364902506963785,0.0
298,0.0415041782729805,0.0
299,0.04164345403899721,0.0
300,0.04178272980501393,0.0
301,0.04192200557103064,0.0
302,0.042061281337047354,0.0
303,0.042200557103064064,0.0
304,0.04233983286908078,0.0
305,0.04247910863509749,0.0
306,0.04261838440111421,0.0
307,0.042757660167130916,0.0
308,0.04289693593314763,0.0
309,0.04303621169916434,0.0
310,0.04317548746518106,0.0
311,0.04331476323119777,0.0
312,0.043454038997214485,0.0
313,0.043593314763231195,0.0
314,0.04373259052924791,0.0
315,0.04387186629526462,0.0
316,0.04401114206128134,0.0
317,0.04415041782729805,0.0
318,0.04428969359331476,0.0
319,0.04442896935933147,0.0
320,0.04456824512534819,0.0
321,0.0447075208913649,0.0
322,0.044846796657381616,0.0
323,0.044986072423398325,0.0
324,0.04512534818941504,0.0
325,0.04526462395543175,0.0
326,0.04540389972144847,0.0
327,0.045543175487465185,0.0
328,0.045682451253481894,0.0
329,0.04582172701949861,0.0
330,0.04596100278551532,0.0
331,0.04610027855153204,0.0
332,0.046239554317548746,0.0
333,0.04637883008356546,0.0
334,0.04651810584958217,0.0
335,0.04665738161559889,0.0
336,0.0467966573816156,0.0
337,0.046935933147632315,0.0
338,0.047075208913649025,0.0
339,0.04721448467966574,0.0
340,0.04735376044568245,0.0
341,0.04749303621169917,0.0
342,0.04763231197771588,0.0
343,0.047771587743732594,0.0
344,0.0479108635097493,0.0
345,0.04805013927576602,0.0
346,0.04818941504178273,0.0
347,0.048328690807799446,0.0
348,0.048467966573816156,0.0
349,0.04860724233983287,0.0
350,0.04874651810584958,0.0
351,0.0488857938718663,0.0
352,0.04902506963788301,0.0
353,0.049164345403899724,0.0
354,0.049303621169916434,0.0
355,0.04944289693593315,0.0
356,0.04958217270194986,0.0
357,0.04972144846796658,0.0
358,0.049860724233983286,0.0
359,0.05,0.0
360,0.05013927576601671,0.0
361,0.05027855153203343,0.0
362,0.05041782729805014,0.0
363,0.050557103064066855,0.0
364,0.050696378830083565,0.0
365,0.05083565459610028,0.0
366,0.05097493036211699,0.0
367,0.05111420612813371,0.0
368,0.05125348189415042,0.0
369,0.051392757660167133,0.0
370,0.05153203342618384,0.0
371,0.05167130919220056,0.0
372,0.05181058495821727,0.0
373,0.051949860724233986,0.0
374,0.052089136490250695,0.0
375,0.05222841225626741,0.0
376,0.05236768802228412,0.0
377,0.05250696378830084,0.0
378,0.05264623955431755,0.0
379,0.052785515320334264,0.0
380,0.052924791086350974,0.0
381,0.05306406685236769,0.0
382,0.0532033426183844,0.0
383,0.053342618384401116,0.0
384,0.053481894150417826,0.0
385,0.05362116991643454,0.0
386,0.05376044568245125,0.0
387,0.05389972144846797,0.0
388,0.05403899721448468,0.0
389,0.054178272980501395,0.0
390,0.054317548746518104,0.0
391,0.05445682451253482,0.0
392,0.05459610027855153,0.0
393,0.05473537604456825,0.0
394,0.05487465181058496,0.0
395,0.05501392757660167,0.0
396,0.05515320334261838,0.0
397,0.0552924791086351,0.0
398,0.05543175487465181,0.0
399,0.055571030640668526,0.0
400,0.055710306406685235,0.0
401,0.05584958217270195,0.0
402,0.05598885793871866,0.0
403,0.05612813370473538,0.0
404,0.05626740947075209,0.0
405,0.056406685236768804,0.0
406,0.056545961002785514,0.0
407,0.05668523676880223,0.0
408,0.05682451253481894,0.0
409,0.056963788300835656,0.0
410,0.057103064066852366,0.0
411,0.05724233983286908,0.0
412,0.05738161559888579,0.0
413,0.05752089136490251,0.0
414,0.05766016713091922,0.0
415,0.057799442896935935,0.0
416,0.057938718662952644,0.0
417,0.05807799442896936,0.0
418,0.05821727019498607,0.0
419,0.05835654596100279,0.0
420,0.0584958217270195,0.0
421,0.05863509749303621,0.0
422,0.05877437325905292,0.0
423,0.05891364902506964,0.0
424,0.05905292479108635,0.0
425,0.059192200557103065,0.0
426,0.059331476323119775,0.0
427,0.05947075208913649,0.0
428,0.0596100278551532,0.0
429,0.05974930362116992,0.0
430,0.05988857938718663,0.0
431,0.060027855153203344,0.0
432,0.06016713091922005,0.0
433,0.06030640668523677,0.0
434,0.06044568245125348,0.0
435,0.060584958217270196,0.0
436,0.060724233983286906,0.0
437,0.06086350974930362,0.0
438,0.06100278551532033,0.0
439,0.06114206128133705,0.0
440,0.06128133704735376,0.0
441,0.061420612813370475,0.0
442,0.061559888579387184,0.0
443,0.0616991643454039,0.0
444,0.06183844011142061,0.0
445,0.06197771587743733,0.0
446,0.062116991643454036,0.0
447,0.06225626740947075,0.0
448,0.06239554317548746,0.0
449,0.06253481894150417,0.0
450,0.06267409470752089,0.0
451,0.0628133704735376,0.0
452,0.06295264623955432,0.0
453,0.06309192200557102,0.0
454,0.06323119777158774,0.0
455,0.06337047353760446,0.0
456,0.06350974930362117,0.0
457,0.06364902506963788,0.0
458,0.0637883008356546,0.0
459,0.06392757660167131,0.0
460,0.06406685236768803,0.0
461,0.06420612813370473,0.0
462,0.06434540389972145,0.0
463,0.06448467966573816,0.0
464,0.06462395543175488,0.0
465,0.06476323119777158,0.0
466,0.0649025069637883,0.0
467,0.06504178272980501,0.0
468,0.06518105849582173,0.0
469,0.06532033426183843,0.0
470,0.06545961002785515,0.0
471,0.06559888579387187,0.0
472,0.06573816155988858,0.0
473,0.06587743732590529,0.0
474,0.066016713091922,0.0
475,0.06615598885793872,0.0
476,0.06629526462395544,0.0
477,0.06643454038997214,0.0
478,0.06657381615598885,0.0
479,0.06671309192200557,0.0
480,0.06685236768802229,0.0
481,0.06699164345403899,0.0
482,0.06713091922005571,0.0
483,0.06727019498607242,0.0
484,0.06740947075208914,0.0
485,0.06754874651810584,0.0
486,0.06768802228412256,0.0
487,0.06782729805013928,0.0
488,0.06796657381615599,0.0
489,0.0681058495821727,0.0
490,0.06824512534818941,0.0
491,0.06838440111420613,0.0
492,0.06852367688022284,0.0
493,0.06866295264623956,0.0
494,0.06880222841225626,0.0
495,0.06894150417827298,0.0
496,0.0690807799442897,0.0
497,0.06922005571030641,0.0
498,0.06935933147632312,0.0
499,0.06949860724233983,0.0
500,0.06963788300835655,0.0
501,0.06977715877437327,0.0
502,0.06991643454038997,0.0
503,0.07005571030640668,0.0
504,0.0701949860724234,0.0
505,0.07033426183844012,0.0
506,0.07047353760445682,0.0
507,0.07061281337047354,0.0
508,0.07075208913649025,0.0
509,0.07089136490250697,0.0
510,0.07103064066852367,0.0
511,0.07116991643454039,0.0
512,0.0713091922005571,0.0
513,0.07144846796657382,0.0
514,0.07158774373259053,0.0
515,0.07172701949860724,0.0
516,0.07186629526462396,0.0
517,0.07200557103064067,0.0
518,0.07214484679665738,0.0
519,0.0722841225626741,0.0
520,0.07242339832869081,0.0
521,0.07256267409470753,0.0
522,0.07270194986072423,0.0
523,0.07284122562674095,0.0
524,0.07298050139275766,0.0
525,0.07311977715877438,0.0
526,0.07325905292479108,0.0
527,0.0733983286908078,0.0
528,0.07353760445682452,0.0
529,0.07367688022284123,0.0
530,0.07381615598885793,0.0
531,0.07395543175487465,0.0
532,0.07409470752089137,0.0
533,0.07423398328690808,0.0
534,0.07437325905292479,0.0
535,0.0745125348189415,0.0
536,0.07465181058495822,0.0
537,0.07479108635097494,0.0
538,0.07493036211699164,0.0
539,0.07506963788300836,0.0
540,0.07520891364902507,0.0
541,0.07534818941504179,0.0
542,0.07548746518105849,0.0
543,0.07562674094707521,0.0
544,0.07576601671309192,0.0
545,0.07590529247910864,0.0
546,0.07604456824512534,0.0
547,0.07618384401114206,0.0
548,0.07632311977715878,0.0
549,0.0764623955431755,0.0
550,0.0766016713091922,0.0
551,0.07674094707520891,0.0
552,0.07688022284122563,0.0
553,0.07701949860724235,0.0
554,0.07715877437325905,0.0
555,0.07729805013927576,0.0
556,0.07743732590529248,0.0
557,0.0775766016713092,0.0
558,0.0777158774373259,0.0
559,0.07785515320334262,0.0
560,0.07799442896935933,0.0
561,0.07813370473537605,0.0
562,0.07827298050139275,0.0
563,0.07841225626740947,0.0
564,0.07855153203342619,0.0
565,0.0786908077994429,0.0
566,0.0788300835654596,0.0
567,0.07896935933147632,0.0
568,0.07910863509749304,0.0
569,0.07924791086350975,0.0
570,0.07938718662952646,0.0
571,0.07952646239554317,0.0
572,0.07966573816155989,0.0
573,0.0798050139275766,0.0
574,0.07994428969359331,0.0
575,0.08008356545961003,0.0
576,0.08022284122562674,0.0
577,0.08036211699164346,0.0
578,0.08050139275766016,0.0
579,0.08064066852367688,0.0
580,0.0807799442896936,0.0
581,0.08091922005571031,0.0
582,0.08105849582172701,0.0
583,0.08119777158774373,0.0
584,0.08133704735376045,0.0
585,0.08147632311977716,0.0
586,0.08161559888579387,0.0
587,0.08175487465181058,0.0
588,0.0818941504178273,0.0
589,0.08203342618384402,0.0
590,0.08217270194986072,0.0
591,0.08231197771587744,0.0
592,0.08245125348189415,0.0
593,0.08259052924791087,0.0
594,0.08272980501392757,0.0
595,0.08286908077994429,0.0
596,0.083008356545961,0.0
597,0.08314763231197772,0.0
598,0.08328690807799442,0.0
599,0.08342618384401114,0.0
600,0.08356545961002786,0.0
601,0.08370473537604457,0.0
602,0.08384401114206128,0.0
603,0.08398328690807799,0.0
604,0.08412256267409471,0.0
605,0.08426183844011143,0.0
606,0.08440111420612813,0.0
607,0.08454038997214484,0.0
608,0.08467966573816156,0.0
609,0.08481894150417828,0.0
610,0.08495821727019498,0.0
611,0.0850974930362117,0.0
612,0.08523676880222841,0.0
613,0.08537604456824513,0.0
614,0.08551532033426183,0.0
615,0.08565459610027855,0.0
616,0.08579387186629527,0.0
617,0.08593314763231198,0.0
618,0.08607242339832868,0.0
619,0.0862116991643454,0.0
620,0.08635097493036212,0.0
621,0.08649025069637883,0.0
622,0.08662952646239554,0.0
623,0.08676880222841225,0.0
624,0.08690807799442897,0.0
625,0.08704735376044569,0.0
626,0.08718662952646239,0.0
627,0.0873259052924791,0.0
628,0.08746518105849582,0.0
629,0.08760445682451254,0.0
630,0.08774373259052924,0.0
631,0.08788300835654596,0.0
632,0.08802228412256267,0.0
633,0.08816155988857939,0.0
634,0.0883008356545961,0.0
635,0.08844011142061281,0.0
636,0.08857938718662953,0.0
637,0.08871866295264624,0.0
638,0.08885793871866295,0.0
639,0.08899721448467966,0.0
640,0.08913649025069638,0.0
641,0.0892757660167131,0.0
642,0.0894150417827298,0.0
643,0.08955431754874651,0.0
644,0.08969359331476323,0.0
645,0.08983286908077995,0.0
646,0.08997214484679665,0.0
647,0.09011142061281337,0.0
648,0.09025069637883008,0.0
649,0.0903899721448468,0.0
650,0.0905292479108635,0.0
651,0.09066852367688022,0.0
652,0.09080779944289694,0.0
653,0.09094707520891365,0.0
654,0.09108635097493037,0.0
655,0.09122562674094707,0.0
656,0.09136490250696379,0.0
657,0.0915041782729805,0.0
658,0.09164345403899722,0.0
659,0.09178272980501392,0.0
660,0.09192200557103064,0.0
661,0.09206128133704736,0.0
662,0.09220055710306407,0.0
663,0.09233983286908078,0.0
664,0.09247910863509749,0.0
665,0.09261838440111421,0.0
666,0.09275766016713093,0.0
667,0.09289693593314763,0.0
668,0.09303621169916435,0.0
669,0.09317548746518106,0.0
670,0.09331476323119778,0.0
671,0.09345403899721448,0.0
672,0.0935933147632312,0.0
673,0.09373259052924791,0.0
674,0.09387186629526463,0.0
675,0.09401114206128133,0.0
676,0.09415041782729805,0.0
677,0.09428969359331477,0.0
678,0.09442896935933148,0.0
679,0.09456824512534819,0.0
680,0.0947075208913649,0.0
681,0.09484679665738162,0.0
682,0.09498607242339834,0.0
683,0.09512534818941504,0.0
684,0.09526462395543175,0.0
685,0.09540389972144847,0.0
686,0.09554317548746519,0.0
687,0.09568245125348189,0.0
688,0.0958217270194986,0.0
689,0.09596100278551532,0.0
690,0.09610027855153204,0.0
691,0.09623955431754874,0.0
692,0.09637883008356546,0.0
693,0.09651810584958218,0.0
694,0.09665738161559889,0.0
695,0.0967966573816156,0.0
696,0.09693593314763231,0.0
697,0.09707520891364903,0.0
698,0.09721448467966574,0.0
699,0.09735376044568245,0.0
700,0.09749303621169916,0.0
701,0.09763231197771588,0.0
702,0.0977715877437326,0.0
703,0.0979108635097493,0.001422475106685633
704,0.09805013927576602,0.0014204545454545455
705,0.09818941504178273,0.0014184397163120568
706,0.09832869080779945,0.00141643059490085
707,0.09846796657381615,0.0014144271570014145
708,0.09860724233983287,0.0014124293785310734
709,0.09874651810584958,0.0014104372355430183
710,0.0988857938718663,0.0014084507042253522
711,0.099025069637883,0.0014064697609001407
712,0.09916434540389972,0.0014044943820224719
713,0.09930362116991644,0.001402524544179523
714,0.09944289693593315,0.0014005602240896359
715,0.09958217270194986,0.0013986013986013986
716,0.09972144846796657,0.0013966480446927375
717,0.09986072423398329,0.001394700139470014
718,0.1,0.001392757660167131
719,0.10013927576601671,0.0013908205841446453
720,0.10027855153203342,0.001388888888888889
721,0.10041782729805014,0.0013869625520110957
722,0.10055710306406686,0.0013850415512465374
723,0.10069637883008356,0.0013831258644536654
724,0.10083565459610028,0.0013812154696132596
725,0.100974930362117,0.001379310344827586
726,0.10111420612813371,0.0013774104683195593
727,0.10125348189415041,0.001375515818431912
728,0.10139275766016713,0.0013736263736263737
729,0.10153203342618385,0.0013717421124828531
730,0.10167130919220056,0.0013698630136986301
731,0.10181058495821727,0.0013679890560875513
732,0.10194986072423398,0.001366120218579235
733,0.1020891364902507,0.001364256480218281
734,0.10222841225626741,0.0013623978201634877
735,0.10236768802228412,0.0013605442176870747
736,0.10250696378830083,0.001358695652173913
737,0.10264623955431755,0.0013568521031207597
738,0.10278551532033427,0.0013550135501355014
739,0.10292479108635097,0.0013531799729364006
740,0.10306406685236769,0.0013513513513513514
741,0.1032033426183844,0.001349527665317139
742,0.10334261838440112,0.0013477088948787063
743,0.10348189415041782,0.0013458950201884253
744,0.10362116991643454,0.0013440860215053765
745,0.10376044568245125,0.0013422818791946308
746,0.10389972144846797,0.0013404825737265416
747,0.10403899721448467,0.0013386880856760374
748,0.10417827298050139,0.001336898395721925
749,0.10431754874651811,0.0013351134846461949
750,0.10445682451253482,0.0013333333333333333
751,0.10459610027855153,0.0013315579227696406
752,0.10473537604456824,0.0013297872340425532
753,0.10487465181058496,0.0013280212483399733
754,0.10501392757660168,0.001326259946949602
755,0.10515320334261838,0.0013245033112582781
756,0.1052924791086351,0.0013227513227513227
757,0.10543175487465181,0.001321003963011889
758,0.10557103064066853,0.0013192612137203166
759,0.10571030640668523,0.0013175230566534915
760,0.10584958217270195,0.0013157894736842105
761,0.10598885793871866,0.001314060446780552
762,0.10612813370473538,0.0013123359580052493
763,0.10626740947075208,0.001310615989515072
764,0.1064066852367688,0.0013089005235602095
765,0.10654596100278552,0.00130718954248366
766,0.10668523676880223,0.0013054830287206266
767,0.10682451253481894,0.001303780964797914
768,0.10696378830083565,0.0013020833333333333
769,0.10710306406685237,0.0013003901170351106
770,0.10724233983286909,0.0025974025974025974
771,0.10738161559888579,0.0025940337224383916
772,0.1075208913649025,0.0025906735751295338
773,0.10766016713091922,0.00258732212160414
774,0.10779944289693594,0.002583979328165375
775,0.10793871866295264,0.0025806451612903226
776,0.10807799442896936,0.002577319587628866
777,0.10821727019498607,0.002574002574002574
778,0.10835654596100279,0.002570694087403599
779,0.10849582172701949,0.0025673940949935813
780,0.10863509749303621,0.002564102564102564
781,0.10877437325905293,0.002560819462227913
782,0.10891364902506964,0.0025575447570332483
783,0.10905292479108634,0.0038314176245210726
784,0.10919220055710306,0.003826530612244898
785,0.10933147632311978,0.003821656050955414
786,0.1094707520891365,0.003816793893129771
787,0.1096100278551532,0.0038119440914866584
788,0.10974930362116991,0.0038071065989847717
789,0.10988857938718663,0.0038022813688212928
790,0.11002785515320335,0.0037974683544303796
791,0.11016713091922005,0.0037926675094816687
792,0.11030640668523677,0.003787878787878788
793,0.11044568245125348,0.0037831021437578815
794,0.1105849582172702,0.003778337531486146
795,0.1107242339832869,0.0037735849056603774
796,0.11086350974930362,0.0037688442211055275
797,0.11100278551532033,0.0037641154328732747
798,0.11114206128133705,0.0037593984962406013
799,0.11128133704735375,0.0037546933667083854
800,0.11142061281337047,0.00375
801,0.11155988857938719,0.003745318352059925
802,0.1116991643454039,0.003740648379052369
803,0.1118384401114206,0.0037359900373599006
804,0.11197771587743732,0.0037313432835820895
805,0.11211699164345404,0.0037267080745341614
806,0.11225626740947076,0.0037220843672456576
807,0.11239554317548746,0.0037174721189591076
808,0.11253481894150417,0.0037128712871287127
809,0.11267409470752089,0.003708281829419036
810,0.11281337047353761,0.003703703703703704
811,0.11295264623955431,0.0036991368680641184
812,0.11309192200557103,0.003694581280788177
813,0.11323119777158774,0.0036900369003690036
814,0.11337047353760446,0.0036855036855036856
815,0.11350974930362116,0.0036809815950920245
816,0.11364902506963788,0.003676470588235294
817,0.1137883008356546,0.0036719706242350062
818,0.11392757660167131,0.003667481662591687
819,0.11406685236768803,0.003663003663003663
820,0.11420612813370473,0.003658536585365854
821,0.11434540389972145,0.0036540803897685747
822,0.11448467966573816,0.0036496350364963502
823,0.11462395543175488,0.0036452004860267314
824,0.11476323119777158,0.0036407766990291263
825,0.1149025069637883,0.0036363636363636364
826,0.11504178272980502,0.0036319612590799033
827,0.11518105849582173,0.0036275695284159614
828,0.11532033426183844,0.0036231884057971015
829,0.11545961002785515,0.0036188178528347406
830,0.11559888579387187,0.0036144578313253013
831,0.11573816155988859,0.0036101083032490976
832,0.11587743732590529,0.003605769230769231
833,0.116016713091922,0.003601440576230492
834,0.11615598885793872,0.0035971223021582736
835,0.11629526462395544,0.003592814371257485
836,0.11643454038997214,0.0035885167464114833
837,0.11657381615598886,0.0035842293906810036
838,0.11671309192200557,0.003579952267303103
839,0.11685236768802229,0.003575685339690107
840,0.116991643454039,0.0035714285714285713
841,0.11713091922005571,0.0035671819262782403
842,0.11727019498607243,0.0035629453681710215
843,0.11740947075208914,0.004744958481613286
844,0.11754874651810585,0.004739336492890996
845,0.11768802228412256,0.004733727810650888
846,0.11782729805013928,0.004728132387706856
847,0.117966573816156,0.004722550177095631
848,0.1181058495821727,0.0047169811320754715
849,0.11824512534818941,0.004711425206124852
850,0.11838440111420613,0.004705882352941176
851,0.11852367688022285,0.005875440658049354
852,0.11866295264623955,0.005868544600938967
853,0.11880222841225627,0.005861664712778429
854,0.11894150417827298,0.00585480093676815
855,0.1190807799442897,0.005847953216374269
856,0.1192200557103064,0.005841121495327103
857,0.11935933147632312,0.005834305717619603
858,0.11949860724233984,0.005827505827505828
859,0.11963788300835655,0.005820721769499418
860,0.11977715877437325,0.005813953488372093
861,0.11991643454038997,0.005807200929152149
862,0.12005571030640669,0.00580046403712297
863,0.1201949860724234,0.005793742757821553
864,0.1203342618384401,0.005787037037037037
865,0.12047353760445682,0.005780346820809248
866,0.12061281337047354,0.005773672055427252
867,0.12075208913649026,0.0057670126874279125
868,0.12089136490250696,0.00576036866359447
869,0.12103064066852368,0.005753739930955121
870,0.12116991643454039,0.005747126436781609
871,0.12130919220055711,0.0057405281285878304
872,0.12144846796657381,0.005733944954128441
873,0.12158774373259053,0.0057273768613974796
874,0.12172701949860724,0.005720823798627002
875,0.12186629526462396,0.005714285714285714
876,0.12200557103064066,0.00684931506849315
877,0.12214484679665738,0.00798175598631699
878,0.1222841225626741,0.007972665148063782
879,0.12242339832869081,0.007963594994311717
880,0.12256267409470752,0.007954545454545454
881,0.12270194986072423,0.007945516458569807
882,0.12284122562674095,0.007936507936507936
883,0.12298050139275767,0.007927519818799546
884,0.12311977715877437,0.007918552036199095
885,0.12325905292479108,0.007909604519774011
886,0.1233983286908078,0.007900677200902935
887,0.12353760445682452,0.007891770011273957
888,0.12367688022284122,0.007882882882882882
889,0.12381615598885794,0.007874015748031496
890,0.12395543175487465,0.007865168539325843
891,0.12409470752089137,0.007856341189674524
892,0.12423398328690807,0.007847533632286996
893,0.12437325905292479,0.007838745800671893
894,0.1245125348189415,0.007829977628635347
895,0.12465181058495822,0.00782122905027933
896,0.12479108635097493,0.0078125
897,0.12493036211699164,0.007803790412486065
898,0.12506963788300834,0.0077951002227171495
899,0.12520891364902506,0.00778642936596218
900,0.12534818941504178,0.0077777777777777776
901,0.1254874651810585,0.00776914539400666
902,0.1256267409470752,0.007760532150776054
903,0.12576601671309193,0.007751937984496124
904,0.12590529247910864,0.008849557522123894
905,0.12604456824512536,0.008839779005524863
906,0.12618384401114205,0.008830022075055188
907,0.12632311977715877,0.008820286659316428
908,0.12646239554317548,0.00881057268722467
909,0.1266016713091922,0.0088008800880088
910,0.12674094707520892,0.00989010989010989
911,0.12688022284122563,0.009879253567508232
912,0.12701949860724235,0.009868421052631578
913,0.12715877437325906,0.009857612267250822
914,0.12729805013927575,0.009846827133479213
915,0.12743732590529247,0.009836065573770493
916,0.1275766016713092,0.009825327510917031
917,0.1277158774373259,0.009814612868047983
918,0.12785515320334262,0.00980392156862745
919,0.12799442896935934,0.009793253536452665
920,0.12813370473537605,0.010869565217391304
921,0.12827298050139277,0.010857763300760043
922,0.12841225626740946,0.010845986984815618
923,0.12855153203342617,0.010834236186348862
924,0.1286908077994429,0.010822510822510822
925,0.1288300835654596,0.011891891891891892
926,0.12896935933147632,0.011879049676025918
927,0.12910863509749304,0.011866235167206042
928,0.12924791086350976,0.011853448275862068
929,0.12938718662952647,0.011840688912809472
930,0.12952646239554316,0.011827956989247311
931,0.12966573816155988,0.011815252416756176
932,0.1298050139275766,0.011802575107296138
933,0.1299442896935933,0.012861736334405145
934,0.13008356545961003,0.01284796573875803
935,0.13022284122562675,0.012834224598930482
936,0.13036211699164346,0.01282051282051282
937,0.13050139275766018,0.012806830309498399
938,0.13064066852367687,0.01279317697228145
939,0.13077994428969358,0.012779552715654952
940,0.1309192200557103,0.013829787234042552
941,0.13105849582172702,0.01381509032943677
942,0.13119777158774373,0.013800424628450107
943,0.13133704735376045,0.013785790031813362
944,0.13147632311977717,0.013771186440677966
945,0.13161559888579388,0.013756613756613757
946,0.13175487465181057,0.014799154334038054
947,0.1318941504178273,0.014783526927138331
948,0.132033426183844,0.014767932489451477
949,0.13217270194986072,0.015806111696522657
950,0.13231197771587744,0.015789473684210527
951,0.13245125348189415,0.015772870662460567
952,0.13259052924791087,0.015756302521008403
953,0.1327298050139276,0.016789087093389297
954,0.13286908077994428,0.016771488469601678
955,0.133008356545961,0.016753926701570682
956,0.1331476323119777,0.016736401673640166
957,0.13328690807799443,0.01671891327063741
958,0.13342618384401114,0.016701461377870562
959,0.13356545961002786,0.016684045881126174
960,0.13370473537604458,0.016666666666666666
961,0.1338440111420613,0.01664932362122789
962,0.13398328690807798,0.016632016632016633
963,0.1341225626740947,0.016614745586708203
964,0.13426183844011141,0.016597510373443983
965,0.13440111420612813,0.016580310880829015
966,0.13454038997214485,0.016563146997929608
967,0.13467966573816156,0.016546018614270942
968,0.13481894150417828,0.01652892561983471
969,0.134958217270195,0.016511867905056758
970,0.13509749303621169,0.016494845360824743
971,0.1352367688022284,0.016477857878475798
972,0.13537604456824512,0.01748971193415638
973,0.13551532033426184,0.017471736896197326
974,0.13565459610027855,0.017453798767967144
975,0.13579387186629527,0.017435897435897435
976,0.13593314763231198,0.017418032786885244
977,0.1360724233983287,0.017400204708290685
978,0.1362116991643454,0.018404907975460124
979,0.1363509749303621,0.018386108273748723
980,0.13649025069637882,0.018367346938775512
981,0.13662952646239554,0.01834862385321101
982,0.13676880222841226,0.018329938900203666
983,0.13690807799442897,0.018311291963377416
984,0.1370473537604457,0.018292682926829267
985,0.1371866295264624,0.018274111675126905
986,0.13732590529247912,0.018255578093306288
987,0.1374651810584958,0.0182370820668693
988,0.13760445682451253,0.018218623481781375
989,0.13774373259052924,0.01820020222446916
990,0.13788300835654596,0.01919191919191919
991,0.13802228412256268,0.01917255297679112
992,0.1381615598885794,0.019153225806451613
993,0.1383008356545961,0.019133937562940583
994,0.13844011142061283,0.019114688128772636
995,0.13857938718662952,0.019095477386934675
996,0.13871866295264623,0.020080321285140562
997,0.13885793871866295,0.020060180541624874
998,0.13899721448467967,0.02004008016032064
999,0.13913649025069638,0.02002002002002002
1000,0.1392757660167131,0.02
1001,0.13941504178272981,0.01998001998001998
1002,0.13955431754874653,0.01996007984031936
1003,0.13969359331476322,0.019940179461615155
1004,0.13983286908077994,0.0199203187250996
1005,0.13997214484679665,0.020895522388059702
1006,0.14011142061281337,0.020874751491053677
1007,0.1402506963788301,0.020854021847070508
1008,0.1403899721448468,0.020833333333333332
1009,0.14052924791086352,0.02180376610505451
1010,0.14066852367688024,0.02178217821782178
1011,0.14080779944289692,0.021760633036597428
1012,0.14094707520891364,0.021739130434782608
1013,0.14108635097493036,0.022704837117472853
1014,0.14122562674094707,0.023668639053254437
1015,0.1413649025069638,0.023645320197044337
1016,0.1415041782729805,0.023622047244094488
1017,0.14164345403899722,0.02359882005899705
1018,0.14178272980501394,0.02455795677799607
1019,0.14192200557103063,0.02453385672227674
1020,0.14206128133704735,0.024509803921568627
1021,0.14220055710306406,0.024485798237022526
1022,0.14233983286908078,0.02446183953033268
1023,0.1424791086350975,0.024437927663734114
1024,0.1426183844011142,0.025390625
1025,0.14275766016713093,0.025365853658536587
1026,0.14289693593314765,0.025341130604288498
1027,0.14303621169916433,0.02531645569620253
1028,0.14317548746518105,0.02529182879377432
1029,0.14331476323119777,0.025267249757045675
1030,0.14345403899721448,0.02524271844660194
1031,0.1435933147632312,0.02521823472356935
1032,0.14373259052924792,0.025193798449612403
1033,0.14387186629526463,0.02516940948693127
1034,0.14401114206128135,0.025145067698259187
1035,0.14415041782729804,0.025120772946859903
1036,0.14428969359331476,0.025096525096525095
1037,0.14442896935933147,0.02507232401157184
1038,0.1445682451253482,0.02601156069364162
1039,0.1447075208913649,0.02598652550529355
1040,0.14484679665738162,0.025961538461538463
1041,0.14498607242339834,0.025936599423631124
1042,0.14512534818941505,0.025911708253358926
1043,0.14526462395543174,0.02588686481303931
1044,0.14540389972144846,0.02586206896551724
1045,0.14554317548746518,0.026794258373205742
1046,0.1456824512534819,0.02676864244741874
1047,0.1458217270194986,0.027698185291308502
1048,0.14596100278551533,0.02767175572519084
1049,0.14610027855153204,0.027645376549094377
1050,0.14623955431754876,0.02761904761904762
1051,0.14637883008356545,0.02759276879162702
1052,0.14651810584958216,0.027566539923954372
1053,0.14665738161559888,0.027540360873694207
1054,0.1467966573816156,0.027514231499051234
1055,0.1469359331476323,0.027488151658767772
1056,0.14707520891364903,0.027462121212121212
1057,0.14721448467966575,0.027436140018921477
1058,0.14735376044568246,0.027410207939508508
1059,0.14749303621169915,0.027384324834749764
1060,0.14763231197771587,0.027358490566037737
1061,0.14777158774373259,0.027332704995287466
1062,0.1479108635097493,0.027306967984934087
1063,0.14805013927576602,0.027281279397930385
1064,0.14818941504178273,0.02725563909774436
1065,0.14832869080779945,0.027230046948356807
1066,0.14846796657381617,0.027204502814258912
1067,0.14860724233983286,0.02717900656044986
1068,0.14874651810584957,0.027153558052434457
1069,0.1488857938718663,0.027128157156220765
1070,0.149025069637883,0.028037383177570093
1071,0.14916434540389972,0.028011204481792718
1072,0.14930362116991644,0.027985074626865673
1073,0.14944289693593316,0.027958993476234855
1074,0.14958217270194987,0.027932960893854747
1075,0.14972144846796656,0.027906976744186046
1076,0.14986072423398328,0.027881040892193308
1077,0.15,0.028783658310120707
1078,0.1501392757660167,0.029684601113172542
1079,0.15027855153203343,0.029657089898053754
1080,0.15041782729805014,0.02962962962962963
1081,0.15055710306406686,0.02960222016651249
1082,0.15069637883008358,0.029574861367837338
1083,0.15083565459610027,0.030470914127423823
1084,0.15097493036211698,0.03044280442804428
1085,0.1511142061281337,0.030414746543778803
1086,0.15125348189415042,0.03038674033149171
1087,0.15139275766016713,0.031278748850046
1088,0.15153203342618385,0.03125
1089,0.15167130919220057,0.031221303948576674
1090,0.15181058495821728,0.031192660550458717
1091,0.15194986072423397,0.031164069660861594
1092,0.1520891364902507,0.03205128205128205
1093,0.1522284122562674,0.03293687099725526
1094,0.15236768802228412,0.03290676416819013
1095,0.15250696378830084,0.03287671232876712
1096,0.15264623955431755,0.03375912408759124
1097,0.15278551532033427,0.03372835004557885
1098,0.152924791086351,0.033697632058287796
1099,0.15306406685236768,0.03366696997270246
1100,0.1532033426183844,0.03363636363636364
1101,0.1533426183844011,0.03360581289736603
1102,0.15348189415041782,0.03357531760435572
1103,0.15362116991643454,0.033544877606527655
1104,0.15376044568245126,0.03351449275362319
1105,0.15389972144846797,0.0334841628959276
1106,0.1540389972144847,0.03345388788426763
1107,0.15417827298050138,0.03342366757000903
1108,0.1543175487465181,0.033393501805054154
1109,0.1544568245125348,0.033363390441839495
1110,0.15459610027855153,0.03333333333333333
1111,0.15473537604456825,0.0333033303330333
1112,0.15487465181058496,0.03327338129496403
1113,0.15501392757660168,0.03324348607367475
1114,0.1551532033426184,0.03321364452423698
1115,0.15529247910863508,0.033183856502242155
1116,0.1554317548746518,0.033154121863799284
1117,0.15557103064066852,0.03312444046553268
1118,0.15571030640668523,0.03309481216457961
1119,0.15584958217270195,0.03306523681858802
1120,0.15598885793871867,0.033035714285714286
1121,0.15612813370473538,0.03300624442462088
1122,0.1562674094707521,0.03297682709447415
1123,0.1564066852367688,0.03294746215494212
1124,0.1565459610027855,0.03291814946619217
1125,0.15668523676880222,0.03288888888888889
1126,0.15682451253481894,0.03285968028419183
1127,0.15696378830083565,0.032830523513753325
1128,0.15710306406685237,0.03280141843971631
1129,0.1572423398328691,0.03277236492471213
1130,0.1573816155988858,0.03274336283185841
1131,0.1575208913649025,0.03359858532272325
1132,0.1576601671309192,0.03356890459363958
1133,0.15779944289693593,0.03353927625772286
1134,0.15793871866295264,0.03439153439153439
1135,0.15807799442896936,0.03524229074889868
1136,0.15821727019498608,0.035211267605633804
1137,0.1583565459610028,0.03518029903254178
1138,0.1584958217270195,0.0351493848857645
1139,0.1586350974930362,0.035996488147497806
1140,0.15877437325905291,0.035964912280701755
1141,0.15891364902506963,0.03593339176161262
1142,0.15905292479108635,0.03590192644483362
1143,0.15919220055710306,0.03587051618547681
1144,0.15933147632311978,0.03583916083916084
1145,0.1594707520891365,0.03580786026200873
1146,0.1596100278551532,0.03664921465968586
1147,0.15974930362116993,0.036617262423714034
1148,0.15988857938718662,0.036585365853658534
1149,0.16002785515320334,0.03655352480417755
1150,0.16016713091922005,0.036521739130434785
1151,0.16030640668523677,0.036490008688097306
1152,0.16044568245125349,0.036458333333333336
1153,0.1605849582172702,0.03642671292281006
1154,0.16072423398328692,0.036395147313691506
1155,0.16086350974930363,0.03636363636363636
1156,0.16100278551532032,0.03633217993079585
1157,0.16114206128133704,0.036300777873811585
1158,0.16128133704735376,0.03626943005181347
1159,0.16142061281337047,0.0362381363244176
1160,0.1615598885793872,0.03620689655172414
1161,0.1616991643454039,0.03617571059431524
1162,0.16183844011142062,0.03614457831325301
1163,0.16197771587743734,0.03697334479793637
1164,0.16211699164345403,0.037800687285223365
1165,0.16225626740947074,0.03862660944206009
1166,0.16239554317548746,0.03945111492281304
1167,0.16253481894150418,0.03941730934018852
1168,0.1626740947075209,0.039383561643835614
1169,0.1628133704735376,0.03934987168520103
1170,0.16295264623955433,0.040170940170940174
1171,0.16309192200557104,0.04099060631938514
1172,0.16323119777158773,0.040955631399317405
1173,0.16337047353760445,0.04092071611253197
1174,0.16350974930362117,0.04088586030664395
1175,0.16364902506963788,0.04170212765957447
1176,0.1637883008356546,0.041666666666666664
1177,0.16392757660167132,0.041631265930331354
1178,0.16406685236768803,0.04159592529711375
1179,0.16420612813370475,0.04240882103477523
1180,0.16434540389972144,0.0423728813559322
1181,0.16448467966573815,0.04233700254022015
1182,0.16462395543175487,0.04230118443316413
1183,0.1647632311977716,0.042265426880811495
1184,0.1649025069637883,0.04222972972972973
1185,0.16504178272980502,0.04219409282700422
1186,0.16518105849582174,0.04215851602023609
1187,0.16532033426183845,0.04212299915754002
1188,0.16545961002785514,0.04292929292929293
1189,0.16559888579387186,0.04289318755256518
1190,0.16573816155988857,0.04285714285714286
1191,0.1658774373259053,0.042821158690176324
1192,0.166016713091922,0.04278523489932886
1193,0.16615598885793872,0.04274937133277452
1194,0.16629526462395544,0.04271356783919598
1195,0.16643454038997216,0.042677824267782424
1196,0.16657381615598885,0.043478260869565216
1197,0.16671309192200556,0.04344193817878028
1198,0.16685236768802228,0.04340567612687813
1199,0.166991643454039,0.04420350291909925
1200,0.1671309192200557,0.04416666666666667
1201,0.16727019498607243,0.04412989175686927
1202,0.16740947075208915,0.04409317803660566
1203,0.16754874651810586,0.04405652535328346
1204,0.16768802228412255,0.04401993355481727
1205,0.16782729805013927,0.04398340248962656
1206,0.16796657381615598,0.0439469320066335
1207,0.1681058495821727,0.043910521955260975
1208,0.16824512534818942,0.043874172185430466
1209,0.16838440111420613,0.04466501240694789
1210,0.16852367688022285,0.04462809917355372
1211,0.16866295264623957,0.04459124690338563
1212,0.16880222841225626,0.04455445544554455
1213,0.16894150417827297,0.04451772464962902
1214,0.1690807799442897,0.044481054365733116
1215,0.1692200557103064,0.044444444444444446
1216,0.16935933147632312,0.044407894736842105
1217,0.16949860724233984,0.04437140509449466
1218,0.16963788300835655,0.04433497536945813
1219,0.16977715877437327,0.044298605414273995
1220,0.16991643454038996,0.04426229508196721
1221,0.17005571030640668,0.044226044226044224
1222,0.1701949860724234,0.044189852700491
1223,0.1703342618384401,0.044153720359771054
1224,0.17047353760445683,0.04411764705882353
1225,0.17061281337047354,0.044081632653061226
1226,0.17075208913649026,0.04404567699836868
1227,0.17089136490250698,0.044009779951100246
1228,0.17103064066852366,0.043973941368078175
1229,0.17116991643454038,0.043938161106590726
1230,0.1713091922005571,0.04390243902439024
1231,0.17144846796657381,0.043866774979691305
1232,0.17158774373259053,0.04383116883116883
1233,0.17172701949860725,0.043795620437956206
1234,0.17186629526462396,0.04376012965964344
1235,0.17200557103064068,0.0437246963562753
1236,0.17214484679665737,0.043689320388349516
1237,0.17228412256267409,0.0444624090541633
1238,0.1724233983286908,0.0444264943457189
1239,0.17256267409470752,0.04439063761097659
1240,0.17270194986072424,0.04435483870967742
1241,0.17284122562674095,0.0443190975020145
1242,0.17298050139275767,0.04428341384863124
1243,0.17311977715877438,0.04424778761061947
1244,0.17325905292479107,0.04421221864951769
1245,0.1733983286908078,0.04417670682730924
1246,0.1735376044568245,0.0449438202247191
1247,0.17367688022284122,0.04490777866880513
1248,0.17381615598885794,0.04487179487179487
1249,0.17395543175487466,0.04483586869495596
1250,0.17409470752089137,0.0456
1251,0.1742339832869081,0.045563549160671464
1252,0.17437325905292478,0.04552715654952077
1253,0.1745125348189415,0.04549082202713488
1254,0.1746518105849582,0.045454545454545456
1255,0.17479108635097493,0.046215139442231074
1256,0.17493036211699164,0.04617834394904458
1257,0.17506963788300836,0.046141607000795545
1258,0.17520891364902508,0.046104928457869634
1259,0.1753481894150418,0.046068308181096106
1260,0.17548746518105848,0.046031746031746035
1261,0.1756267409470752,0.045995241871530534
1262,0.17576601671309192,0.04595879556259905
1263,0.17590529247910863,0.04592240696753761
1264,0.17604456824512535,0.04588607594936709
1265,0.17618384401114207,0.0458498023715415
1266,0.17632311977715878,0.045813586097946286
1267,0.1764623955431755,0.04577742699289661
1268,0.1766016713091922,0.04574132492113565
1269,0.1767409470752089,0.045705279747832936
1270,0.17688022284122562,0.04566929133858268
1271,0.17701949860724234,0.045633359559402044
1272,0.17715877437325905,0.04559748427672956
1273,0.17729805013927577,0.04556166535742341
1274,0.1774373259052925,0.04552590266875981
1275,0.1775766016713092,0.04549019607843137
1276,0.1777158774373259,0.045454545454545456
1277,0.1778551532033426,0.04541895066562255
1278,0.17799442896935933,0.04538341158059468
1279,0.17813370473537604,0.046129788897576234
1280,0.17827298050139276,0.04609375
1281,0.17841225626740947,0.04605776736924278
1282,0.1785515320334262,0.046021840873634944
1283,0.1786908077994429,0.04676539360872954
1284,0.1788300835654596,0.04672897196261682
1285,0.1789693593314763,0.04669260700389105
1286,0.17910863509749303,0.04665629860031104
1287,0.17924791086350975,0.046620046620046623
1288,0.17938718662952646,0.046583850931677016
1289,0.17952646239554318,0.04654771140418929
1290,0.1796657381615599,0.047286821705426356
1291,0.1798050139275766,0.047250193648334625
1292,0.1799442896935933,0.04721362229102167
1293,0.18008356545961002,0.04717710750193349
1294,0.18022284122562673,0.04714064914992272
1295,0.18036211699164345,0.047104247104247106
1296,0.18050139275766017,0.0470679012345679
1297,0.18064066852367688,0.047031611410948346
1298,0.1807799442896936,0.04699537750385208
1299,0.18091922005571032,0.04695919938414165
1300,0.181058495821727,0.047692307692307694
1301,0.18119777158774372,0.04765564950038432
1302,0.18133704735376044,0.047619047619047616
1303,0.18147632311977716,0.047582501918649274
1304,0.18161559888579387,0.04831288343558282
1305,0.1817548746518106,0.04827586206896552
1306,0.1818941504178273,0.04900459418070444
1307,0.18203342618384402,0.04896710022953328
1308,0.18217270194986074,0.04892966360856269
1309,0.18231197771587743,0.04889228418640183
1310,0.18245125348189414,0.04885496183206107
1311,0.18259052924791086,0.04881769641495042
1312,0.18272980501392758,0.04878048780487805
1313,0.1828690807799443,0.048743335872048744
1314,0.183008356545961,0.0487062404870624
1315,0.18314763231197773,0.048669201520912544
1316,0.18328690807799444,0.04939209726443769
1317,0.18342618384401113,0.04935459377372817
1318,0.18356545961002785,0.04931714719271624
1319,0.18370473537604456,0.04927975739196361
1320,0.18384401114206128,0.04924242424242424
1321,0.183983286908078,0.04920514761544285
1322,0.18412256267409471,0.049167927382753406
1323,0.18426183844011143,0.0491307634164777
1324,0.18440111420612815,0.04909365558912387
1325,0.18454038997214484,0.04905660377358491
1326,0.18467966573816155,0.049019607843137254
1327,0.18481894150417827,0.048982667671439335
1328,0.18495821727019499,0.04894578313253012
1329,0.1850974930362117,0.04890895410082769
1330,0.18523676880222842,0.04887218045112782
1331,0.18537604456824514,0.048835462058602556
1332,0.18551532033426185,0.04954954954954955
1333,0.18565459610027854,0.04951237809452363
1334,0.18579387186629526,0.049475262368815595
1335,0.18593314763231197,0.04943820224719101
1336,0.1860724233983287,0.04940119760479042
1337,0.1862116991643454,0.0493642483171279
1338,0.18635097493036212,0.04932735426008968
1339,0.18649025069637884,0.04929051530993279
1340,0.18662952646239556,0.049253731343283584
1341,0.18676880222841225,0.049217002237136466
1342,0.18690807799442896,0.04918032786885246
1343,0.18704735376044568,0.049143708116157855
1344,0.1871866295264624,0.049107142857142856
1345,0.1873259052924791,0.04907063197026022
1346,0.18746518105849583,0.04903417533432392
1347,0.18760445682451254,0.04899777282850779
1348,0.18774373259052926,0.04896142433234421
1349,0.18788300835654595,0.04892512972572276
1350,0.18802228412256267,0.04888888888888889
1351,0.18816155988857938,0.04885270170244264
1352,0.1883008356545961,0.04881656804733728
1353,0.18844011142061282,0.04878048780487805
1354,0.18857938718662953,0.04874446085672083
1355,0.18871866295264625,0.04870848708487085
1356,0.18885793871866297,0.048672566371681415
1357,0.18899721448467965,0.04863669859985262
1358,0.18913649025069637,0.048600883652430045
1359,0.1892757660167131,0.04856512141280353
1360,0.1894150417827298,0.04852941176470588
1361,0.18955431754874652,0.048493754592211606
1362,0.18969359331476324,0.048458149779735685
1363,0.18983286908077995,0.04842259721203228
1364,0.18997214484679667,0.04838709677419355
1365,0.19011142061281336,0.04835164835164835
1366,0.19025069637883008,0.048316251830161056
1367,0.1903899721448468,0.048280907095830286
1368,0.1905292479108635,0.04824561403508772
1369,0.19066852367688022,0.04821037253469686
1370,0.19080779944289694,0.04817518248175182
1371,0.19094707520891366,0.04814004376367615
1372,0.19108635097493037,0.048104956268221574
1373,0.19122562674094706,0.04806991988346686
1374,0.19136490250696378,0.0487627365356623
1375,0.1915041782729805,0.04872727272727273
1376,0.1916434540389972,0.04869186046511628
1377,0.19178272980501393,0.048656499636891795
1378,0.19192200557103065,0.04862119013062409
1379,0.19206128133704736,0.048585931834662796
1380,0.19220055710306408,0.04855072463768116
1381,0.19233983286908077,0.048515568428674875
1382,0.19247910863509748,0.04848046309696093
1383,0.1926183844011142,0.04844540853217643
1384,0.19275766016713092,0.04841040462427745
1385,0.19289693593314763,0.04837545126353791
1386,0.19303621169916435,0.048340548340548344
1387,0.19317548746518107,0.04830569574621485
1388,0.19331476323119778,0.048270893371757925
1389,0.19345403899721447,0.0482361411087113
1390,0.1935933147632312,0.04820143884892086
1391,0.1937325905292479,0.04816678648454349
1392,0.19387186629526462,0.048132183908045974
1393,0.19401114206128134,0.04809763101220388
1394,0.19415041782729806,0.04806312769010043
1395,0.19428969359331477,0.04802867383512545
1396,0.1944289693593315,0.04799426934097421
1397,0.19456824512534818,0.047959914101646385
1398,0.1947075208913649,0.04792560801144492
1399,0.1948467966573816,0.04789135096497498
1400,0.19498607242339833,0.047857142857142855
1401,0.19512534818941504,0.04782298358315489
1402,0.19526462395543176,0.04778887303851641
1403,0.19540389972144848,0.04775481111903065
1404,0.1955431754874652,0.04772079772079772
1405,0.19568245125348188,0.04768683274021352
1406,0.1958217270194986,0.0476529160739687
1407,0.19596100278551531,0.047619047619047616
1408,0.19610027855153203,0.04758522727272727
1409,0.19623955431754875,0.047551454932576294
1410,0.19637883008356546,0.0475177304964539
1411,0.19651810584958218,0.04748405386250886
1412,0.1966573816155989,0.04745042492917847
1413,0.1967966573816156,0.047416843595187545
1414,0.1969359331476323,0.04738330975954738
1415,0.19707520891364902,0.04734982332155477
1416,0.19721448467966574,0.04731638418079096
1417,0.19735376044568245,0.04728299223712068
1418,0.19749303621169917,0.04724964739069112
1419,0.19763231197771589,0.047216349541930935
1420,0.1977715877437326,0.047183098591549295
1421,0.1979108635097493,0.047149894440534836
1422,0.198050139275766,0.047116736990154715
1423,0.19818941504178272,0.04708362614195362
1424,0.19832869080779944,0.047752808988764044
1425,0.19846796657381616,0.047719298245614036
1426,0.19860724233983287,0.047685834502103785
1427,0.1987465181058496,0.04765241765942537
1428,0.1988857938718663,0.047619047619047616
1429,0.199025069637883,0.04758572428271519
1430,0.1991643454038997,0.04755244755244755
1431,0.19930362116991643,0.047519217330538085
1432,0.19944289693593314,0.04748603351955307
1433,0.19958217270194986,0.04745289602233078
1434,0.19972144846796658,0.04741980474198047
1435,0.1998607242339833,0.047386759581881537
1436,0.2,0.04735376044568245
1437,0.2001392757660167,0.04732080723729993
1438,0.20027855153203342,0.04728789986091794
1439,0.20041782729805013,0.0472550382209868
1440,0.20055710306406685,0.04722222222222222
1441,0.20069637883008357,0.04718945176960444
1442,0.20083565459610028,0.047156726768377254
1443,0.200974930362117,0.04712404712404712
1444,0.20111420612813372,0.04709141274238227
1445,0.2012534818941504,0.047058823529411764
1446,0.20139275766016712,0.04702627939142462
1447,0.20153203342618384,0.04768486523842433
1448,0.20167130919220055,0.04765193370165746
1449,0.20181058495821727,0.047619047619047616
1450,0.201949860724234,0.04758620689655172
1451,0.2020891364902507,0.04755341144038594
1452,0.20222841225626742,0.047520661157024795
1453,0.2023676880222841,0.047487955953200274
1454,0.20250696378830083,0.04745529573590096
1455,0.20264623955431754,0.04742268041237113
1456,0.20278551532033426,0.04739010989010989
1457,0.20292479108635098,0.04735758407687028
1458,0.2030640668523677,0.047325102880658436
1459,0.2032033426183844,0.047292666209732694
1460,0.20334261838440112,0.04726027397260274
1461,0.2034818941504178,0.04722792607802875
1462,0.20362116991643453,0.04719562243502052
1463,0.20376044568245125,0.047163362952836636
1464,0.20389972144846796,0.0471311475409836
1465,0.20403899721448468,0.04709897610921502
1466,0.2041782729805014,0.0470668485675307
1467,0.2043175487465181,0.04703476482617587
1468,0.20445682451253483,0.04700272479564033
1469,0.20459610027855155,0.04697072838665759
1470,0.20473537604456823,0.047619047619047616
1471,0.20487465181058495,0.04758667573079538
1472,0.20501392757660167,0.04755434782608696
1473,0.20515320334261838,0.048200950441276307
1474,0.2052924791086351,0.04816824966078698
1475,0.20543175487465182,0.0488135593220339
1476,0.20557103064066853,0.04878048780487805
1477,0.20571030640668525,0.04942450914014895
1478,0.20584958217270194,0.04939106901217862
1479,0.20598885793871866,0.04935767410412441
1480,0.20612813370473537,0.04932432432432433
1481,0.2062674094707521,0.04929101958136394
1482,0.2064066852367688,0.049257759784075573
1483,0.20654596100278552,0.049898853674983146
1484,0.20668523676880224,0.05053908355795148
1485,0.20682451253481896,0.050505050505050504
1486,0.20696378830083564,0.05047106325706595
1487,0.20710306406685236,0.05043712172158709
1488,0.20724233983286908,0.05040322580645161
1489,0.2073816155988858,0.050369375419744795
1490,0.2075208913649025,0.050335570469798654
1491,0.20766016713091923,0.05030181086519115
1492,0.20779944289693594,0.05026809651474531
1493,0.20793871866295266,0.05023442732752847
1494,0.20807799442896935,0.050870147255689425
1495,0.20821727019498606,0.050836120401337795
1496,0.20835654596100278,0.05080213903743316
1497,0.2084958217270195,0.05076820307281229
1498,0.20863509749303621,0.050734312416555405
1499,0.20877437325905293,0.050700466977985324
1500,0.20891364902506965,0.050666666666666665
1501,0.20905292479108636,0.05063291139240506
1502,0.20919220055710305,0.05059920106524634
1503,0.20933147632311977,0.05123087159015303
1504,0.20947075208913649,0.05186170212765957
1505,0.2096100278551532,0.051827242524916946
1506,0.20974930362116992,0.05179282868525897
1507,0.20988857938718664,0.05242203052422031
1508,0.21002785515320335,0.05305039787798409
1509,0.21016713091922007,0.0536779324055666
1510,0.21030640668523676,0.05364238410596026
1511,0.21044568245125347,0.054268696227663796
1512,0.2105849582172702,0.05423280423280423
1513,0.2107242339832869,0.054196959682749506
1514,0.21086350974930362,0.05416116248348745
1515,0.21100278551532034,0.05412541254125412
1516,0.21114206128133706,0.05408970976253298
1517,0.21128133704735377,0.05405405405405406
1518,0.21142061281337046,0.054677206851119896
1519,0.21155988857938718,0.05464121132323897
1520,0.2116991643454039,0.05526315789473684
1521,0.2118384401114206,0.055226824457593686
1522,0.21197771587743733,0.05519053876478318
1523,0.21211699164345404,0.0551543007222587
1524,0.21225626740947076,0.05511811023622047
1525,0.21239554317548748,0.05508196721311476
1526,0.21253481894150417,0.05504587155963303
1527,0.21267409470752088,0.0550098231827112
1528,0.2128133704735376,0.0549738219895288
1529,0.21295264623955432,0.05493786788750817
1530,0.21309192200557103,0.05555555555555555
1531,0.21323119777158775,0.05551926845199216
1532,0.21337047353760447,0.05548302872062663
1533,0.21350974930362118,0.055446836268754074
1534,0.21364902506963787,0.05541069100391134
1535,0.2137883008356546,0.05537459283387622
1536,0.2139275766016713,0.055338541666666664
1537,0.21406685236768802,0.05530253741054001
1538,0.21420612813370474,0.055266579973992196
1539,0.21434540389972145,0.05523066926575698
1540,0.21448467966573817,0.05519480519480519
1541,0.2146239554317549,0.05515898767034393
1542,0.21476323119777158,0.05512321660181582
1543,0.2149025069637883,0.05508749189889825
1544,0.215041782729805,0.05505181347150259
1545,0.21518105849582173,0.05501618122977346
1546,0.21532033426183844,0.055627425614489
1547,0.21545961002785516,0.055591467356173235
1548,0.21559888579387188,0.05555555555555555
1549,0.2157381615598886,0.05551969012265978
1550,0.21587743732590528,0.05548387096774193
1551,0.216016713091922,0.05544809800128949
1552,0.2161559888579387,0.055412371134020616
1553,0.21629526462395543,0.05537669027688345
1554,0.21643454038997215,0.055984555984555984
1555,0.21657381615598886,0.05594855305466238
1556,0.21671309192200558,0.055912596401028275
1557,0.2168523676880223,0.055876685934489405
1558,0.21699164345403898,0.0558408215661104
1559,0.2171309192200557,0.055805003207184095
1560,0.21727019498607242,0.05576923076923077
1561,0.21740947075208913,0.05573350416399744
1562,0.21754874651810585,0.05569782330345711
1563,0.21768802228412257,0.05566218809980806
1564,0.21782729805013928,0.055626598465473145
1565,0.217966573816156,0.05559105431309904
1566,0.2181058495821727,0.05555555555555555
1567,0.2182451253481894,0.05552010210593491
1568,0.21838440111420612,0.05548469387755102
1569,0.21852367688022284,0.055449330783938815
1570,0.21866295264623956,0.055414012738853505
1571,0.21880222841225627,0.05537873965626989
1572,0.218941504178273,0.05534351145038168
1573,0.2190807799442897,0.05530832803560076
1574,0.2192200557103064,0.055273189326556546
1575,0.2193593314763231,0.05523809523809524
1576,0.21949860724233983,0.05520304568527919
1577,0.21963788300835654,0.055168040583386174
1578,0.21977715877437326,0.055133079847908745
1579,0.21991643454038998,0.055098163394553513
1580,0.2200557103064067,0.05506329113924051
1581,0.2201949860724234,0.05502846299810247
1582,0.2203342618384401,0.054993678887484194
1583,0.22047353760445682,0.054958938723941884
1584,0.22061281337047353,0.054924242424242424
1585,0.22075208913649025,0.05488958990536277
1586,0.22089136490250696,0.05485498108448928
1587,0.22103064066852368,0.054820415879017016
1588,0.2211699164345404,0.05478589420654912
1589,0.22130919220055711,0.05475141598489616
1590,0.2214484679665738,0.05471698113207547
1591,0.22158774373259052,0.054682589566310495
1592,0.22172701949860724,0.05464824120603015
1593,0.22186629526462395,0.054613935969868174
1594,0.22200557103064067,0.054579673776662486
1595,0.22214484679665739,0.05454545454545454
1596,0.2222841225626741,0.05451127819548872
1597,0.22242339832869082,0.054477144646211645
1598,0.2225626740947075,0.05444305381727159
1599,0.22270194986072422,0.054409005628517824
1600,0.22284122562674094,0.054375
1601,0.22298050139275766,0.05434103685196752
1602,0.22311977715877437,0.054307116104868915
1603,0.2232590529247911,0.054273237679351216
1604,0.2233983286908078,0.05423940149625935
1605,0.22353760445682452,0.05420560747663551
1606,0.2236768802228412,0.05417185554171856
1607,0.22381615598885793,0.054138145612943375
1608,0.22395543175487465,0.054104477611940295
1609,0.22409470752089136,0.054070851460534496
1610,0.22423398328690808,0.0546583850931677
1611,0.2243732590529248,0.05462445685909373
1612,0.2245125348189415,0.05459057071960298
1613,0.22465181058495823,0.05455672659640422
1614,0.22479108635097492,0.05452292441140025
1615,0.22493036211699163,0.05448916408668731
1616,0.22506963788300835,0.054455445544554455
1617,0.22520891364902507,0.05442176870748299
1618,0.22534818941504178,0.054388133498145856
1619,0.2254874651810585,0.054354539839407044
1620,0.22562674094707522,0.05432098765432099
1621,0.22576601671309193,0.054904380012338064
1622,0.22590529247910862,0.054870530209617754
1623,0.22604456824512534,0.05483672211953173
1624,0.22618384401114205,0.05480295566502463
1625,0.22632311977715877,0.05476923076923077
1626,0.2264623955431755,0.054735547355473556
1627,0.2266016713091922,0.054701905347264906
1628,0.22674094707520892,0.05466830466830467
1629,0.22688022284122564,0.05463474524248005
1630,0.22701949860724233,0.05460122699386503
1631,0.22715877437325904,0.054567749846719804
1632,0.22729805013927576,0.0545343137254902
1633,0.22743732590529248,0.05511328842620943
1634,0.2275766016713092,0.05507955936352509
1635,0.2277158774373259,0.05504587155963303
1636,0.22785515320334263,0.0550122249388753
1637,0.22799442896935934,0.05497861942577886
1638,0.22813370473537606,0.054945054945054944
1639,0.22827298050139275,0.05491153142159853
1640,0.22841225626740946,0.05548780487804878
1641,0.22855153203342618,0.055453991468616695
1642,0.2286908077994429,0.055420219244823384
1643,0.2288300835654596,0.05538648813146683
1644,0.22896935933147633,0.05535279805352798
1645,0.22910863509749305,0.05531914893617021
1646,0.22924791086350976,0.05528554070473876
1647,0.22938718662952645,0.05525197328476017
1648,0.22952646239554317,0.05521844660194175
1649,0.22966573816155988,0.05518496058217101
1650,0.2298050139275766,0.05515151515151515
1651,0.22994428969359332,0.05511811023622047
1652,0.23008356545961003,0.05508474576271186
1653,0.23022284122562675,0.055051421657592255
1654,0.23036211699164347,0.05501813784764208
1655,0.23050139275766016,0.05498489425981873
1656,0.23064066852367687,0.05555555555555555
1657,0.2307799442896936,0.05552202776101388
1658,0.2309192200557103,0.05548854041013269
1659,0.23105849582172702,0.055455093429776975
1660,0.23119777158774374,0.05542168674698795
1661,0.23133704735376046,0.055388320288982544
1662,0.23147632311977717,0.05595667870036101
1663,0.23161559888579386,0.05592303066746843
1664,0.23175487465181058,0.05588942307692308
1665,0.2318941504178273,0.055855855855855854
1666,0.232033426183844,0.05582232893157263
1667,0.23217270194986073,0.05638872225554889
1668,0.23231197771587744,0.05635491606714628
1669,0.23245125348189416,0.05632115038945476
1670,0.23259052924791088,0.0562874251497006
1671,0.23272980501392757,0.056253740275284264
1672,0.23286908077994428,0.056220095693779906
1673,0.233008356545961,0.056186491332934844
1674,0.23314763231197771,0.056152927120669056
1675,0.23328690807799443,0.056119402985074625
1676,0.23342618384401115,0.05608591885441527
1677,0.23356545961002786,0.05605247465712582
1678,0.23370473537604458,0.05601907032181168
1679,0.23384401114206127,0.05598570577724836
1680,0.233983286908078,0.055952380952380955
1681,0.2341225626740947,0.05591909577632362
1682,0.23426183844011142,0.0558858501783591
1683,0.23440111420612814,0.055852644087938205
1684,0.23454038997214485,0.055819477434679333
1685,0.23467966573816157,0.055786350148367955
1686,0.23481894150417829,0.05575326215895611
1687,0.23495821727019497,0.056312981624184945
1688,0.2350974930362117,0.05627962085308057
1689,0.2352367688022284,0.056838365896980464
1690,0.23537604456824512,0.05680473372781065
1691,0.23551532033426184,0.05677114133648729
1692,0.23565459610027856,0.05673758865248227
1693,0.23579387186629527,0.05670407560543414
1694,0.235933147632312,0.05667060212514758
1695,0.23607242339832868,0.05663716814159292
1696,0.2362116991643454,0.05660377358490566
1697,0.2363509749303621,0.05657041838538598
1698,0.23649025069637883,0.05653710247349823
1699,0.23662952646239555,0.05650382577987051
1700,0.23676880222841226,0.05647058823529412
1701,0.23690807799442898,0.0564373897707231
1702,0.2370473537604457,0.0564042303172738
1703,0.23718662952646238,0.05637110980622431
1704,0.2373259052924791,0.056338028169014086
1705,0.23746518105849582,0.0563049853372434
1706,0.23760445682451253,0.05627198124267292
1707,0.23774373259052925,0.056239015817223195
1708,0.23788300835654597,0.05620608899297424
1709,0.23802228412256268,0.05675833820947923
1710,0.2381615598885794,0.05672514619883041
1711,0.2383008356545961,0.05669199298655757
1712,0.2384401114206128,0.0566588785046729
1713,0.23857938718662952,0.056625802685347344
1714,0.23871866295264624,0.056592765460910154
1715,0.23885793871866295,0.0565597667638484
1716,0.23899721448467967,0.05652680652680653
1717,0.2391364902506964,0.056493884682585906
1718,0.2392757660167131,0.056461001164144355
1719,0.2394150417827298,0.0564281559045957
1720,0.2395543175487465,0.0563953488372093
1721,0.23969359331476323,0.056362579895409645
1722,0.23983286908077994,0.056329849012775844
1723,0.23997214484679666,0.056877539175856064
1724,0.24011142061281338,0.0568445475638051
1725,0.2402506963788301,0.05681159420289855
1726,0.2403899721448468,0.056778679026651215
1727,0.2405292479108635,0.056745801968731906
1728,0.2406685236768802,0.056712962962962965
1729,0.24080779944289693,0.05668016194331984
1730,0.24094707520891365,0.056647398843930635
1731,0.24108635097493036,0.05661467359907568
1732,0.24122562674094708,0.05658198614318707
1733,0.2413649025069638,0.05654933641084824
1734,0.2415041782729805,0.05651672433679354
1735,0.2416434540389972,0.05648414985590778
1736,0.24178272980501392,0.057027649769585256
1737,0.24192200557103063,0.05699481865284974
1738,0.24206128133704735,0.056962025316455694
1739,0.24220055710306407,0.05750431282346176
1740,0.24233983286908078,0.05747126436781609
1741,0.2424791086350975,0.058012636415852956
1742,0.24261838440111422,0.05797933409873708
1743,0.2427576601671309,0.057946069994262765
1744,0.24289693593314762,0.05791284403669725
1745,0.24303621169916434,0.05845272206303725
1746,0.24317548746518106,0.058419243986254296
1747,0.24331476323119777,0.05838580423583286
1748,0.2434540389972145,0.05835240274599542
1749,0.2435933147632312,0.058319039451114926
1750,0.24373259052924792,0.05828571428571429
1751,0.2438718662952646,0.058823529411764705
1752,0.24401114206128133,0.0593607305936073
1753,0.24415041782729804,0.05932686822589846
1754,0.24428969359331476,0.059293044469783354
1755,0.24442896935933148,0.05925925925925926
1756,0.2445682451253482,0.05922551252847381
1757,0.2447075208913649,0.05919180421172453
1758,0.24484679665738163,0.05915813424345848
1759,0.24498607242339832,0.059124502558271744
1760,0.24512534818941503,0.05965909090909091
1761,0.24526462395543175,0.060193072118114706
1762,0.24540389972144847,0.060158910329171394
1763,0.24554317548746518,0.06012478729438457
1764,0.2456824512534819,0.060090702947845805
1765,0.24582172701949861,0.06005665722379604
1766,0.24596100278551533,0.06058890147225368
1767,0.24610027855153202,0.06112054329371817
1768,0.24623955431754874,0.06165158371040724
1769,0.24637883008356545,0.06161673261729791
1770,0.24651810584958217,0.061581920903954805
1771,0.2466573816155989,0.06154714850367024
1772,0.2467966573816156,0.062076749435665914
1773,0.24693593314763232,0.06204173716864072
1774,0.24707520891364904,0.06200676437429538
1775,0.24721448467966572,0.06253521126760564
1776,0.24735376044568244,0.0625
1777,0.24749303621169916,0.062464828362408555
1778,0.24763231197771587,0.06242969628796401
1779,0.2477715877437326,0.0629567172568859
1780,0.2479108635097493,0.06292134831460675
1781,0.24805013927576602,0.06288601909039865
1782,0.24818941504178274,0.06285072951739619
1783,0.24832869080779943,0.0628154795288839
1784,0.24846796657381615,0.06278026905829596
1785,0.24860724233983286,0.06274509803921569
1786,0.24874651810584958,0.06270996640537514
1787,0.2488857938718663,0.06267487409065473
1788,0.249025069637883,0.06263982102908278
1789,0.24916434540389973,0.0626048071548351
1790,0.24930362116991645,0.06312849162011173
1791,0.24944289693593313,0.06309324399776661
1792,0.24958217270194985,0.06305803571428571
1793,0.24972144846796657,0.0630228667038483
1794,0.24986072423398328,0.06354515050167224
1795,0.25,0.06350974930362117
1796,0.2501392757660167,0.06403118040089087
1797,0.25027855153203343,0.06399554813578186
1798,0.2504178272980501,0.06395995550611791
1799,0.25055710306406687,0.06392440244580322
1800,0.25069637883008355,0.06388888888888888
1801,0.2508356545961003,0.06440866185452526
1802,0.250974930362117,0.06492785793562708
1803,0.25111420612813373,0.064891846921797
1804,0.2512534818941504,0.06541019955654102
1805,0.2513927576601671,0.06537396121883657
1806,0.25153203342618385,0.06533776301218161
1807,0.25167130919220054,0.0653016048699502
1808,0.2518105849582173,0.06526548672566372
1809,0.251949860724234,0.0652294085129906
1810,0.2520891364902507,0.06519337016574586
1811,0.2522284122562674,0.06515737161789067
1812,0.2523676880222841,0.06512141280353201
1813,0.25250696378830084,0.06508549365692223
1814,0.25264623955431753,0.06504961411245866
1815,0.2527855153203343,0.06501377410468319
1816,0.25292479108635096,0.06552863436123348
1817,0.2530640668523677,0.0654925701706109
1818,0.2532033426183844,0.06545654565456546
1819,0.25334261838440114,0.06542056074766354
1820,0.25348189415041783,0.06538461538461539
1821,0.2536211699164345,0.06589785831960461
1822,0.25376044568245126,0.06586169045005488
1823,0.25389972144846795,0.06637410861217773
1824,0.2540389972144847,0.06633771929824561
1825,0.2541782729805014,0.0663013698630137
1826,0.25431754874651813,0.06626506024096386
1827,0.2544568245125348,0.0662287903667214
1828,0.2545961002785515,0.0661925601750547
1829,0.25473537604456825,0.0661563696008748
1830,0.25487465181058494,0.06612021857923497
1831,0.2550139275766017,0.06663025669033315
1832,0.2551532033426184,0.0665938864628821
1833,0.2552924791086351,0.06655755591925805
1834,0.2554317548746518,0.06652126499454744
1835,0.25557103064066855,0.0670299727520436
1836,0.25571030640668524,0.06699346405228758
1837,0.25584958217270193,0.06750136091453457
1838,0.2559888579387187,0.06746463547334058
1839,0.25612813370473536,0.0674279499728113
1840,0.2562674094707521,0.06739130434782609
1841,0.2564066852367688,0.06789788158609451
1842,0.25654596100278554,0.06840390879478828
1843,0.2566852367688022,0.0683667932718394
1844,0.2568245125348189,0.06832971800433839
1845,0.25696378830083566,0.06829268292682927
1846,0.25710306406685235,0.06825568797399784
1847,0.2572423398328691,0.06876015159718463
1848,0.2573816155988858,0.06926406926406926
1849,0.2575208913649025,0.06922660897782586
1850,0.2576601671309192,0.06918918918918919
1851,0.25779944289693596,0.06915180983252296
1852,0.25793871866295265,0.06911447084233262
1853,0.25807799442896934,0.06907717215326498
1854,0.2582172701949861,0.06903991370010787
1855,0.25835654596100277,0.06900269541778976
1856,0.2584958217270195,0.06896551724137931
1857,0.2586350974930362,0.06892837910608508
1858,0.25877437325905295,0.0688912809472551
1859,0.25891364902506964,0.06885422270037654
1860,0.2590529247910863,0.06935483870967742
1861,0.25919220055710307,0.06985491671144546
1862,0.25933147632311976,0.06981740064446831
1863,0.2594707520891365,0.0703166935050993
1864,0.2596100278551532,0.07027896995708155
1865,0.25974930362116994,0.07024128686327077
1866,0.2598885793871866,0.0707395498392283
1867,0.26002785515320337,0.07070166041778254
1868,0.26016713091922006,0.07066381156316917
1869,0.26030640668523675,0.07062600321027288
1870,0.2604456824512535,0.07058823529411765
1871,0.2605849582172702,0.07055050774986638
1872,0.2607242339832869,0.07104700854700854
1873,0.2608635097493036,0.07154297917778964
1874,0.26100278551532036,0.07150480256136606
1875,0.26114206128133705,0.072
1876,0.26128133704735373,0.07196162046908315
1877,0.2614206128133705,0.07245604688332445
1878,0.26155988857938717,0.0724174653887114
1879,0.2616991643454039,0.07237892496008515
1880,0.2618384401114206,0.07287234042553191
1881,0.26197771587743734,0.0733652312599681
1882,0.26211699164345403,0.07385759829968119
1883,0.2622562674094708,0.07381837493361657
1884,0.26239554317548747,0.0737791932059448
1885,0.26253481894150416,0.07374005305039788
1886,0.2626740947075209,0.07370095440084835
1887,0.2628133704735376,0.07366189719130896
1888,0.26295264623955433,0.0736228813559322
1889,0.263091922005571,0.07411328745367919
1890,0.26323119777158777,0.07407407407407407
1891,0.26337047353760445,0.0745637228979376
1892,0.26350974930362114,0.07452431289640592
1893,0.2636490250696379,0.07448494453248812
1894,0.2637883008356546,0.07497360084477296
1895,0.2639275766016713,0.07493403693931398
1896,0.264066852367688,0.07489451476793249
1897,0.26420612813370475,0.0753821823932525
1898,0.26434540389972144,0.07534246575342465
1899,0.2644846796657382,0.07582938388625593
1900,0.2646239554317549,0.07578947368421053
1901,0.26476323119777156,0.07574960547080484
1902,0.2649025069637883,0.07623554153522608
1903,0.265041782729805,0.07619548081975827
1904,0.26518105849582174,0.07668067226890757
1905,0.26532033426183843,0.07716535433070866
1906,0.2654596100278552,0.07712486883525708
1907,0.26559888579387186,0.07708442579968537
1908,0.26573816155988855,0.0770440251572327
1909,0.2658774373259053,0.07752750130958617
1910,0.266016713091922,0.0774869109947644
1911,0.26615598885793873,0.07796964939822083
1912,0.2662952646239554,0.07845188284518828
1913,0.26643454038997216,0.07893361212754835
1914,0.26657381615598885,0.07889237199582028
1915,0.2667130919220056,0.07885117493472585
1916,0.2668523676880223,0.07933194154488518
1917,0.266991643454039,0.07981220657276995
1918,0.2671309192200557,0.07977059436913451
1919,0.2672701949860724,0.07972902553413236
1920,0.26740947075208915,0.0796875
1921,0.26754874651810584,0.07964601769911504
1922,0.2676880222841226,0.07960457856399583
1923,0.2678272980501393,0.07956318252730109
1924,0.26796657381615596,0.07952182952182953
1925,0.2681058495821727,0.07948051948051948
1926,0.2682451253481894,0.07995846313603323
1927,0.26838440111420614,0.08043591074208614
1928,0.26852367688022283,0.0803941908713693
1929,0.2686629526462396,0.08087091757387248
1930,0.26880222841225626,0.08082901554404145
1931,0.268941504178273,0.08078715691351632
1932,0.2690807799442897,0.08126293995859213
1933,0.2692200557103064,0.0817382307294361
1934,0.2693593314763231,0.08169596690796277
1935,0.2694986072423398,0.08217054263565891
1936,0.26963788300835656,0.08212809917355372
1937,0.26977715877437325,0.08260196179659267
1938,0.26991643454039,0.0825593395252838
1939,0.2700557103064067,0.08251676121712223
1940,0.27019498607242337,0.08298969072164948
1941,0.2703342618384401,0.08346213292117466
1942,0.2704735376044568,0.0839340885684861
1943,0.27061281337047355,0.08389089037570767
1944,0.27075208913649024,0.08384773662551441
1945,0.270891364902507,0.08380462724935733
1946,0.27103064066852367,0.08376156217882837
1947,0.2711699164345404,0.08371854134566
1948,0.2713091922005571,0.08367556468172485
1949,0.2714484679665738,0.0836326321190354
1950,0.27158774373259054,0.0841025641025641
1951,0.2717270194986072,0.08457201435161456
1952,0.27186629526462397,0.08452868852459017
1953,0.27200557103064066,0.08499743983614952
1954,0.2721448467966574,0.08546571136131013
1955,0.2722841225626741,0.08593350383631713
1956,0.2724233983286908,0.08588957055214724
1957,0.2725626740947075,0.0858456821665815
1958,0.2727019498607242,0.08631256384065372
1959,0.27284122562674096,0.08626850433894845
1960,0.27298050139275765,0.08673469387755102
1961,0.2731197771587744,0.08669046404895461
1962,0.2732590529247911,0.08664627930682976
1963,0.2733983286908078,0.08660213958227203
1964,0.2735376044568245,0.08655804480651731
1965,0.2736768802228412,0.08651399491094147
1966,0.27381615598885795,0.08697863682604273
1967,0.27395543175487463,0.08693441789527198
1968,0.2740947075208914,0.08739837398373984
1969,0.27423398328690807,0.08786185881157949
1970,0.2743732590529248,0.0883248730964467
1971,0.2745125348189415,0.0882800608828006
1972,0.27465181058495824,0.08874239350912778
1973,0.27479108635097493,0.08869741510390268
1974,0.2749303621169916,0.08865248226950355
1975,0.27506963788300837,0.08860759493670886
1976,0.27520891364902506,0.08856275303643725
1977,0.2753481894150418,0.08902377339403136
1978,0.2754874651810585,0.08948432760364004
1979,0.27562674094707523,0.08943911066195048
1980,0.2757660167130919,0.0893939393939394
1981,0.2759052924791086,0.08934881373043917
1982,0.27604456824512535,0.08930373360242179
1983,0.27618384401114204,0.08925869894099848
1984,0.2763231197771588,0.08921370967741936
1985,0.2764623955431755,0.08916876574307304
1986,0.2766016713091922,0.0891238670694864
1987,0.2767409470752089,0.08958228485153498
1988,0.27688022284122565,0.08953722334004025
1989,0.27701949860724234,0.08999497234791352
1990,0.27715877437325903,0.09045226130653267
1991,0.2772980501392758,0.09090909090909091
1992,0.27743732590529246,0.09136546184738956
1993,0.2775766016713092,0.09131961866532864
1994,0.2777158774373259,0.09127382146439318
1995,0.27785515320334264,0.0912280701754386
1996,0.27799442896935933,0.09118236472945891
1997,0.278133704735376,0.09113670505758638
1998,0.27827298050139276,0.09109109109109109
1999,0.27841225626740945,0.09104552276138068
2000,0.2785515320334262,0.091
2001,0.2786908077994429,0.09145427286356822
2002,0.27883008356545963,0.09140859140859141
2003,0.2789693593314763,0.09136295556665003
2004,0.27910863509749306,0.09131736526946108
2005,0.27924791086350975,0.0912718204488778
2006,0.27938718662952644,0.09172482552342971
2007,0.2795264623955432,0.0916791230692576
2008,0.2796657381615599,0.09213147410358566
2009,0.2798050139275766,0.09208561473369836
2010,0.2799442896935933,0.09253731343283582
2011,0.28008356545961005,0.09249129786176032
2012,0.28022284122562674,0.09294234592445327
2013,0.28036211699164343,0.09289617486338798
2014,0.2805013927576602,0.09334657398212512
2015,0.28064066852367686,0.09330024813895782
2016,0.2807799442896936,0.09325396825396826
2017,0.2809192200557103,0.09370352007932573
2018,0.28105849582172704,0.09365708622398414
2019,0.28119777158774373,0.0941059930658742
2020,0.28133704735376047,0.09455445544554456
2021,0.28147632311977716,0.095002474022761
2022,0.28161559888579385,0.09495548961424333
2023,0.2817548746518106,0.0954028670291646
2024,0.2818941504178273,0.0958498023715415
2025,0.282033426183844,0.0962962962962963
2026,0.2821727019498607,0.096248766041461
2027,0.28231197771587746,0.09620128268376912
2028,0.28245125348189415,0.09615384615384616
2029,0.28259052924791084,0.09610645638245441
2030,0.2827298050139276,0.0960591133004926
2031,0.28286908077994427,0.0965041851304776
2032,0.283008356545961,0.09645669291338582
2033,0.2831476323119777,0.09690113133300542
2034,0.28328690807799445,0.09734513274336283
2035,0.28342618384401114,0.0977886977886978
2036,0.2835654596100279,0.09774066797642436
2037,0.28370473537604457,0.0976926853215513
2038,0.28384401114206126,0.09813542688910697
2039,0.283983286908078,0.09857773418342325
2040,0.2841225626740947,0.09852941176470588
2041,0.28426183844011144,0.0984811366976972
2042,0.2844011142061281,0.09843290891283056
2043,0.28454038997214487,0.09838472834067548
2044,0.28467966573816156,0.09882583170254403
2045,0.28481894150417825,0.09926650366748166
2046,0.284958217270195,0.0992179863147605
2047,0.2850974930362117,0.0991695163654128
2048,0.2852367688022284,0.09912109375
2049,0.2853760445682451,0.09907271839921913
2050,0.28551532033426186,0.09902439024390244
2051,0.28565459610027855,0.09946367625548513
2052,0.2857938718662953,0.09941520467836257
2053,0.285933147632312,0.09936678032148076
2054,0.28607242339832867,0.09931840311587146
2055,0.2862116991643454,0.09975669099756691
2056,0.2863509749303621,0.10019455252918288
2057,0.28649025069637885,0.1006319883325231
2058,0.28662952646239553,0.1010689990281827
2059,0.2867688022284123,0.10150558523555124
2060,0.28690807799442897,0.10145631067961165
2061,0.28704735376044566,0.10189228529839883
2062,0.2871866295264624,0.1023278370514064
2063,0.2873259052924791,0.10227823557925352
2064,0.28746518105849583,0.10222868217054264
2065,0.2876044568245125,0.10217917675544794
2066,0.28774373259052927,0.1021297192642788
2067,0.28788300835654596,0.10208030962747944
2068,0.2880222841225627,0.10203094777562863
2069,0.2881615598885794,0.10246495891735138
2070,0.2883008356545961,0.10241545893719807
2071,0.2884401114206128,0.10284886528247224
2072,0.2885793871866295,0.10328185328185328
2073,0.28871866295264625,0.10323203087313072
2074,0.28885793871866294,0.10318225650916105
2075,0.2889972144846797,0.10361445783132531
2076,0.2891364902506964,0.10404624277456648
2077,0.28927576601671307,0.10399614829080404
2078,0.2894150417827298,0.10442733397497594
2079,0.2895543175487465,0.10437710437710437
2080,0.28969359331476324,0.10432692307692308
2081,0.28983286908077993,0.10475732820759251
2082,0.2899721448467967,0.10470701248799232
2083,0.29011142061281336,0.10465674507921267
2084,0.2902506963788301,0.10508637236084453
2085,0.2903899721448468,0.10503597122302158
2086,0.2905292479108635,0.1049856184084372
2087,0.29066852367688023,0.10541447053186392
2088,0.2908077994428969,0.1053639846743295
2089,0.29094707520891366,0.10531354715174725
2090,0.29108635097493035,0.10526315789473684
2091,0.2912256267409471,0.10569105691056911
2092,0.2913649025069638,0.10564053537284895
2093,0.2915041782729805,0.10559006211180125
2094,0.2916434540389972,0.10601719197707736
2095,0.2917827298050139,0.10596658711217184
2096,0.29192200557103065,0.10591603053435114
2097,0.29206128133704734,0.10634239389604197
2098,0.2922005571030641,0.10629170638703528
2099,0.2923398328690808,0.10624106717484516
2100,0.2924791086350975,0.10666666666666667
2101,0.2926183844011142,0.10661589719181343
2102,0.2927576601671309,0.1065651760228354
2103,0.29289693593314764,0.10699001426533523
2104,0.29303621169916433,0.10693916349809886
2105,0.2931754874651811,0.10688836104513064
2106,0.29331476323119776,0.10683760683760683
2107,0.2934540389972145,0.10726150925486473
2108,0.2935933147632312,0.10721062618595825
2109,0.2937325905292479,0.10715979137031768
2110,0.2938718662952646,0.10710900473933649
2111,0.2940111420612813,0.10753197536712458
2112,0.29415041782729806,0.10748106060606061
2113,0.29428969359331475,0.10790345480359678
2114,0.2944289693593315,0.10832544938505204
2115,0.2945682451253482,0.108274231678487
2116,0.2947075208913649,0.10822306238185256
2117,0.2948467966573816,0.1086443079829948
2118,0.2949860724233983,0.10906515580736544
2119,0.29512534818941505,0.10948560641812176
2120,0.29526462395543174,0.10943396226415095
2121,0.2954038997214485,0.10985384252710985
2122,0.29554317548746517,0.11027332704995288
2123,0.2956824512534819,0.11022138483278379
2124,0.2958217270194986,0.11064030131826742
2125,0.29596100278551535,0.11058823529411765
2126,0.29610027855153204,0.11053621825023519
2127,0.2962395543175487,0.11095439586271744
2128,0.29637883008356547,0.11137218045112782
2129,0.29651810584958216,0.1113198684828558
2130,0.2966573816155989,0.11126760563380282
2131,0.2967966573816156,0.11168465509150634
2132,0.29693593314763234,0.11210131332082551
2133,0.297075208913649,0.11204875761837788
2134,0.2972144846796657,0.11246485473289597
2135,0.29735376044568246,0.11241217798594848
2136,0.29749303621169915,0.11235955056179775
2137,0.2976323119777159,0.1127749181094993
2138,0.2977715877437326,0.11318989710009354
2139,0.2979108635097493,0.11360448807854137
2140,0.298050139275766,0.11355140186915888
2141,0.29818941504178276,0.11396543671181691
2142,0.29832869080779945,0.11391223155929038
2143,0.29846796657381613,0.1138590760615959
2144,0.2986072423398329,0.11380597014925373
2145,0.29874651810584957,0.11375291375291376
2146,0.2988857938718663,0.11369990680335508
2147,0.299025069637883,0.11411271541686073
2148,0.29916434540389975,0.11452513966480447
2149,0.29930362116991643,0.11447184737087017
2150,0.2994428969359331,0.11488372093023255
2151,0.29958217270194987,0.11529521152952116
2152,0.29972144846796656,0.11524163568773234
2153,0.2998607242339833,0.11518810961449141
2154,0.3,0.11513463324048283
2155,0.30013927576601673,0.11554524361948956
2156,0.3002785515320334,0.11595547309833024
2157,0.30041782729805017,0.11636532220676866
2158,0.30055710306406686,0.11677479147358666
2159,0.30069637883008354,0.11672070402964335
2160,0.3008356545961003,0.11712962962962963
2161,0.300974930362117,0.11707542804257288
2162,0.3011142061281337,0.11702127659574468
2163,0.3012534818941504,0.1169671752196024
2164,0.30139275766016715,0.11737523105360444
2165,0.30153203342618384,0.11778290993071594
2166,0.30167130919220053,0.11772853185595568
2167,0.3018105849582173,0.11767420396862022
2168,0.30194986072423396,0.11808118081180811
2169,0.3020891364902507,0.11848778238819732
2170,0.3022284122562674,0.11889400921658987
2171,0.30236768802228414,0.11883924458774758
2172,0.30250696378830083,0.11878453038674033
2173,0.3026462395543176,0.11872986654394846
2174,0.30278551532033426,0.11913523459061638
2175,0.30292479108635095,0.11908045977011494
2176,0.3030640668523677,0.11948529411764706
2177,0.3032033426183844,0.11943040881947635
2178,0.30334261838440113,0.11983471074380166
2179,0.3034818941504178,0.12023864157870583
2180,0.30362116991643456,0.12064220183486239
2181,0.30376044568245125,0.12058688674919761
2182,0.30389972144846794,0.12098991750687443
2183,0.3040389972144847,0.12139257901969766
2184,0.3041782729805014,0.12133699633699634
2185,0.3043175487465181,0.12128146453089245
2186,0.3044568245125348,0.1212259835315645
2187,0.30459610027855155,0.12162780064014632
2188,0.30473537604456824,0.12157221206581353
2189,0.304874651810585,0.12151667428049337
2190,0.3050139275766017,0.12146118721461187
2191,0.30515320334261836,0.12140575079872204
2192,0.3052924791086351,0.12180656934306569
2193,0.3054317548746518,0.12175102599179206
2194,0.30557103064066854,0.12169553327256154
2195,0.30571030640668523,0.12164009111617312
2196,0.305849582172702,0.12158469945355191
2197,0.30598885793871866,0.12198452435138826
2198,0.30612813370473535,0.12192902638762511
2199,0.3062674094707521,0.12187357889949978
2200,0.3064066852367688,0.12181818181818181
2201,0.3065459610027855,0.12221717401181281
2202,0.3066852367688022,0.12216167120799273
2203,0.30682451253481896,0.12210621879255561
2204,0.30696378830083565,0.1220508166969147
2205,0.3071030640668524,0.12244897959183673
2206,0.3072423398328691,0.12239347234814144
2207,0.30738161559888577,0.12233801540552787
2208,0.3075208913649025,0.12273550724637682
2209,0.3076601671309192,0.1231326392032594
2210,0.30779944289693595,0.12307692307692308
2211,0.30793871866295264,0.12347354138398914
2212,0.3080779944289694,0.12341772151898735
2213,0.30821727019498607,0.12381382738364212
2214,0.30835654596100276,0.12375790424570912
2215,0.3084958217270195,0.12415349887133183
2216,0.3086350974930362,0.12409747292418773
2217,0.30877437325905294,0.12404149751917005
2218,0.3089136490250696,0.12398557258791704
2219,0.30905292479108637,0.12392969806219017
2220,0.30919220055710306,0.12387387387387387
2221,0.3093314763231198,0.12426834759117515
2222,0.3094707520891365,0.12466246624662466
2223,0.3096100278551532,0.1246063877642825
2224,0.3097493036211699,0.12455035971223022
2225,0.3098885793871866,0.12449438202247191
2226,0.31002785515320336,0.12443845462713388
2227,0.31016713091922005,0.12483161203412663
2228,0.3103064066852368,0.12477558348294435
2229,0.3104456824512535,0.1247196052041274
2230,0.31058495821727017,0.12466367713004484
2231,0.3107242339832869,0.12505602868668758
2232,0.3108635097493036,0.125
2233,0.31100278551532035,0.12539184952978055
2234,0.31114206128133703,0.12578334825425247
2235,0.3112813370473538,0.12572706935123043
2236,0.31142061281337047,0.1261180679785331
2237,0.3115598885793872,0.12650871703173894
2238,0.3116991643454039,0.12689901697944594
2239,0.3118384401114206,0.1272889682894149
2240,0.31197771587743733,0.12767857142857142
2241,0.312116991643454,0.12806782686300758
2242,0.31225626740947077,0.1280107047279215
2243,0.31239554317548746,0.12839946500222915
2244,0.3125348189415042,0.12878787878787878
2245,0.3126740947075209,0.1291759465478842
2246,0.3128133704735376,0.12956366874443456
2247,0.3129526462395543,0.1295060080106809
2248,0.313091922005571,0.1298932384341637
2249,0.31323119777158775,0.1302801244997777
2250,0.31337047353760444,0.13066666666666665
2251,0.3135097493036212,0.1310528653931586
2252,0.3136490250696379,0.13099467140319715
2253,0.3137883008356546,0.13093652907234798
2254,0.3139275766016713,0.13087843833185447
2255,0.314066852367688,0.13082039911308205
2256,0.31420612813370474,0.13076241134751773
2257,0.31434540389972143,0.13114754098360656
2258,0.3144846796657382,0.13108945969884853
2259,0.31462395543175486,0.13103142983621072
2260,0.3147632311977716,0.13097345132743363
2261,0.3149025069637883,0.1309155241043786
2262,0.315041782729805,0.13085764809902742
2263,0.31518105849582173,0.1307998232434821
2264,0.3153203342618384,0.13118374558303886
2265,0.31545961002785516,0.13112582781456952
2266,0.31559888579387185,0.13150926743159752
2267,0.3157381615598886,0.13145125716806352
2268,0.3158774373259053,0.1318342151675485
2269,0.31601671309192203,0.13177611282503304
2270,0.3161559888579387,0.13171806167400882
2271,0.3162952646239554,0.1316600616468516
2272,0.31643454038997215,0.13160211267605634
2273,0.31657381615598884,0.13198416190057194
2274,0.3167130919220056,0.13236587510993844
2275,0.3168523676880223,0.13230769230769232
2276,0.316991643454039,0.13224956063268892
2277,0.3171309192200557,0.13219148001756698
2278,0.3172701949860724,0.13257243195785778
2279,0.31740947075208914,0.13295304958315052
2280,0.31754874651810583,0.13289473684210526
2281,0.3176880222841226,0.13327487943884261
2282,0.31782729805013926,0.13365468886941279
2283,0.317966573816156,0.1340341655716163
2284,0.3181058495821727,0.1339754816112084
2285,0.31824512534818944,0.13435448577680525
2286,0.31838440111420613,0.1342957130358705
2287,0.3185236768802228,0.13423699169217315
2288,0.31866295264623956,0.13417832167832167
2289,0.31880222841225625,0.13411970292704237
2290,0.318941504178273,0.13449781659388646
2291,0.3190807799442897,0.13443910955914448
2292,0.3192200557103064,0.13481675392670156
2293,0.3193593314763231,0.13475795900566942
2294,0.31949860724233986,0.13469921534437662
2295,0.31963788300835655,0.134640522875817
2296,0.31977715877437324,0.13458188153310105
2297,0.31991643454039,0.1345232912494558
2298,0.32005571030640667,0.13446475195822455
2299,0.3201949860724234,0.13440626359286648
2300,0.3203342618384401,0.13434782608695653
2301,0.32047353760445685,0.13472403302911778
2302,0.32061281337047354,0.13509991311902694
2303,0.3207520891364902,0.13547546678245767
2304,0.32089136490250697,0.13585069444444445
2305,0.32103064066852366,0.13579175704989155
2306,0.3211699164345404,0.13573287077189938
2307,0.3213091922005571,0.13610749891634158
2308,0.32144846796657384,0.1360485268630849
2309,0.3215877437325905,0.13598960588999567
2310,0.32172701949860727,0.13636363636363635
2311,0.32186629526462396,0.1367373431414972
2312,0.32200557103064065,0.1371107266435986
2313,0.3221448467966574,0.13705144833549504
2314,0.3222841225626741,0.13742437337942956
2315,0.3224233983286908,0.13736501079913607
2316,0.3225626740947075,0.13773747841105355
2317,0.32270194986072426,0.13810962451445835
2318,0.32284122562674095,0.13848144952545297
2319,0.32298050139275764,0.1384217335058215
2320,0.3231197771587744,0.13836206896551725
2321,0.32325905292479107,0.13873330461008185
2322,0.3233983286908078,0.13867355727820843
2323,0.3235376044568245,0.13904433921653034
2324,0.32367688022284125,0.13898450946643717
2325,0.32381615598885793,0.1393548387096774
2326,0.3239554317548747,0.13929492691315562
2327,0.32409470752089137,0.1392350666093683
2328,0.32423398328690806,0.13960481099656358
2329,0.3243732590529248,0.13997423787033061
2330,0.3245125348189415,0.13991416309012875
2331,0.32465181058495823,0.13985413985413986
2332,0.3247910863509749,0.1402229845626072
2333,0.32493036211699167,0.14059151307329618
2334,0.32506963788300836,0.1405312767780634
2335,0.32520891364902504,0.1404710920770878
2336,0.3253481894150418,0.1408390410958904
2337,0.3254874651810585,0.1407787762088147
2338,0.3256267409470752,0.1407185628742515
2339,0.3257660167130919,0.14065840102607952
2340,0.32590529247910865,0.14102564102564102
2341,0.32604456824512534,0.14139256727894062
2342,0.3261838440111421,0.14133219470538003
2343,0.3263231197771588,0.1416986769099445
2344,0.32646239554317547,0.1416382252559727
2345,0.3266016713091922,0.14200426439232408
2346,0.3267409470752089,0.1423699914748508
2347,0.32688022284122564,0.14273540690242864
2348,0.32701949860724233,0.14267461669505963
2349,0.3271587743732591,0.14303959131545338
2350,0.32729805013927576,0.14297872340425533
2351,0.32743732590529245,0.14291790727350065
2352,0.3275766016713092,0.14328231292517007
2353,0.3277158774373259,0.143646408839779
2354,0.32785515320334263,0.14358538657604078
2355,0.3279944289693593,0.14394904458598726
2356,0.32813370473537606,0.14388794567062818
2357,0.32827298050139275,0.14382689859991515
2358,0.3284122562674095,0.14376590330788805
2359,0.3285515320334262,0.14412886816447648
2360,0.3286908077994429,0.1440677966101695
2361,0.3288300835654596,0.14400677678949597
2362,0.3289693593314763,0.14394580863674852
2363,0.32910863509749305,0.14388489208633093
2364,0.32924791086350974,0.14424703891708968
2365,0.3293871866295265,0.14460887949260043
2366,0.3295264623955432,0.14497041420118342
2367,0.32966573816155986,0.14533164343050275
2368,0.3298050139275766,0.14569256756756757
2369,0.3299442896935933,0.14563106796116504
2370,0.33008356545961004,0.1459915611814346
2371,0.33022284122562673,0.14635175031632222
2372,0.3303621169916435,0.1467116357504216
2373,0.33050139275766016,0.14707121786767804
2374,0.3306406685236769,0.14700926705981465
2375,0.3307799442896936,0.14694736842105263
2376,0.3309192200557103,0.1473063973063973
2377,0.33105849582172703,0.14766512410601598
2378,0.3311977715877437,0.14802354920100924
2379,0.33133704735376046,0.14796132828919714
2380,0.33147632311977715,0.14831932773109244
2381,0.3316155988857939,0.1482570348593028
2382,0.3317548746518106,0.1481947942905122
2383,0.33189415041782727,0.14813260595887537
2384,0.332033426183844,0.1480704697986577
2385,0.3321727019498607,0.14842767295597484
2386,0.33231197771587745,0.1487845766974015
2387,0.33245125348189414,0.14872224549643903
2388,0.3325905292479109,0.1490787269681742
2389,0.33272980501392757,0.1490163248221013
2390,0.3328690807799443,0.1493723849372385
2391,0.333008356545961,0.1493099121706399
2392,0.3331476323119777,0.149247491638796
2393,0.33328690807799444,0.14918512327622233
2394,0.3334261838440111,0.14912280701754385
2395,0.33356545961002787,0.14947807933194154
2396,0.33370473537604456,0.14941569282136896
2397,0.3338440111420613,0.14935335836462243
2398,0.333983286908078,0.14970809007506256
2399,0.3341225626740947,0.15006252605252188
2400,0.3342618384401114,0.15
2401,0.3344011142061281,0.15035401915868388
2402,0.33454038997214486,0.15070774354704414
2403,0.33467966573816155,0.15064502704952143
2404,0.3348189415041783,0.1509983361064892
2405,0.334958217270195,0.15135135135135136
2406,0.3350974930362117,0.1512884455527847
2407,0.3352367688022284,0.15122559202326546
2408,0.3353760445682451,0.151578073089701
2409,0.33551532033426185,0.1519302615193026
2410,0.33565459610027853,0.15228215767634853
2411,0.3357938718662953,0.15221899626710908
2412,0.33593314763231197,0.1521558872305141
2413,0.3360724233983287,0.15209283050145048
2414,0.3362116991643454,0.15244407622203812
2415,0.3363509749303621,0.1523809523809524
2416,0.33649025069637883,0.152317880794702
2417,0.3366295264623955,0.1522548613984278
2418,0.33676880222841227,0.15260545905707196
2419,0.33690807799442896,0.15254237288135594
2420,0.3370473537604457,0.1524793388429752
2421,0.3371866295264624,0.15282940933498554
2422,0.33732590529247913,0.1531791907514451
2423,0.3374651810584958,0.15352868345026827
2424,0.3376044568245125,0.15346534653465346
2425,0.33774373259052926,0.15381443298969072
2426,0.33788300835654594,0.1537510305028854
2427,0.3380222841225627,0.15368768026370005
2428,0.3381615598885794,0.15403624382207579
2429,0.3383008356545961,0.1543845203787567
2430,0.3384401114206128,0.15432098765432098
2431,0.3385793871866295,0.15425750719868367
2432,0.33871866295264624,0.15460526315789475
2433,0.33885793871866293,0.1549527332511303
2434,0.3389972144846797,0.15488907148726377
2435,0.33913649025069637,0.15523613963039015
2436,0.3392757660167131,0.15558292282430214
2437,0.3394150417827298,0.15592942141977842
2438,0.33955431754874654,0.15586546349466776
2439,0.33969359331476323,0.15580155801558015
2440,0.3398328690807799,0.15614754098360656
2441,0.33997214484679666,0.1560835723064318
2442,0.34011142061281335,0.15601965601965603
2443,0.3402506963788301,0.1563651248465002
2444,0.3403899721448468,0.15630114566284778
2445,0.34052924791086353,0.15623721881390593
2446,0.3406685236768802,0.15658217497955845
2447,0.3408077994428969,0.1565181855333061
2448,0.34094707520891365,0.1568627450980392
2449,0.34108635097493034,0.15720702327480604
2450,0.3412256267409471,0.15755102040816327
2451,0.3413649025069638,0.15789473684210525
2452,0.3415041782729805,0.15823817292006526
2453,0.3416434540389972,0.1581736649001223
2454,0.34178272980501395,0.15851670741646293
2455,0.34192200557103064,0.15845213849287168
2456,0.34206128133704733,0.15879478827361562
2457,0.3422005571030641,0.15873015873015872
2458,0.34233983286908076,0.15866558177379983
2459,0.3424791086350975,0.15860105734038227
2460,0.3426183844011142,0.15853658536585366
2461,0.34275766016713094,0.1588785046728972
2462,0.34289693593314763,0.15922014622258326
2463,0.3430362116991644,0.15915550142103127
2464,0.34317548746518106,0.15949675324675325
2465,0.34331476323119775,0.15983772819472616
2466,0.3434540389972145,0.1597729115977291
2467,0.3435933147632312,0.1597081475476287
2468,0.34373259052924793,0.1600486223662885
2469,0.3438718662952646,0.16038882138517618
2470,0.34401114206128136,0.16032388663967612
2471,0.34415041782729805,0.16066369890732496
2472,0.34428969359331474,0.16059870550161812
2473,0.3444289693593315,0.16093813182369593
2474,0.34456824512534817,0.1612772837510105
2475,0.3447075208913649,0.16121212121212122
2476,0.3448467966573816,0.16155088852988692
2477,0.34498607242339835,0.16188938231731934
2478,0.34512534818941504,0.16182405165456012
2479,0.3452646239554318,0.1617587736990722
2480,0.34540389972144847,0.16169354838709676
2481,0.34554317548746516,0.16203143893591293
2482,0.3456824512534819,0.16236905721192588
2483,0.3458217270194986,0.16230366492146597
2484,0.34596100278551534,0.16264090177133655
2485,0.346100278551532,0.16257545271629778
2486,0.34623955431754877,0.16251005631536605
2487,0.34637883008356546,0.16284680337756333
2488,0.34651810584958215,0.16318327974276528
2489,0.3466573816155989,0.16351948573724387
2490,0.3467966573816156,0.163855421686747
2491,0.3469359331476323,0.1641910879164994
2492,0.347075208913649,0.16452648475120385
2493,0.34721448467966576,0.1648616125150421
2494,0.34735376044568245,0.16479550922213312
2495,0.3474930362116992,0.16513026052104207
2496,0.3476323119777159,0.16506410256410256
2497,0.34777158774373257,0.16499799759711653
2498,0.3479108635097493,0.16493194555644516
2499,0.348050139275766,0.16486594637855143
2500,0.34818941504178275,0.1652
2501,0.34832869080779943,0.16513394642143142
2502,0.3484679665738162,0.16546762589928057
2503,0.34860724233983287,0.16540151817818619
2504,0.34874651810584956,0.16533546325878595
2505,0.3488857938718663,0.16526946107784432
2506,0.349025069637883,0.1656025538707103
2507,0.34916434540389973,0.1655364978061428
2508,0.3493036211699164,0.16586921850079744
2509,0.34944289693593317,0.16580310880829016
2510,0.34958217270194986,0.1661354581673307
2511,0.3497214484679666,0.16606929510155316
2512,0.3498607242339833,0.1660031847133758
2513,0.35,0.16593712693991244
2514,0.3501392757660167,0.1658711217183771
2515,0.3502785515320334,0.1658051689860835
2516,0.35041782729805016,0.16613672496025436
2517,0.35055710306406684,0.16607071911005164
2518,0.3506963788300836,0.16600476568705322
2519,0.3508356545961003,0.16593886462882096
2520,0.35097493036211697,0.16626984126984126
2521,0.3511142061281337,0.16660055533518445
2522,0.3512534818941504,0.1669310071371927
2523,0.35139275766016714,0.16726119698771305
2524,0.35153203342618383,0.16719492868462757
2525,0.3516713091922006,0.16752475247524753
2526,0.35181058495821727,0.167458432304038
2527,0.351949860724234,0.16778789077958053
2528,0.3520891364902507,0.16811708860759494
2529,0.3522284122562674,0.16844602609727166
2530,0.35236768802228413,0.16877470355731225
2531,0.3525069637883008,0.16870802054523903
2532,0.35264623955431756,0.16864139020537125
2533,0.35278551532033425,0.1689696012633241
2534,0.352924791086351,0.16890292028413575
2535,0.3530640668523677,0.168836291913215
2536,0.3532033426183844,0.1691640378548896
2537,0.3533426183844011,0.16909735908553408
2538,0.3534818941504178,0.169424743892829
2539,0.35362116991643455,0.16935801496652225
2540,0.35376044568245124,0.16929133858267717
2541,0.353899721448468,0.16922471467926015
2542,0.3540389972144847,0.16915814319433517
2543,0.3541782729805014,0.16948486040110106
2544,0.3543175487465181,0.1694182389937107
2545,0.3544568245125348,0.16974459724950883
2546,0.35459610027855154,0.17007069913589945
2547,0.35473537604456823,0.17039654495484885
2548,0.354874651810585,0.1707221350078493
2549,0.35501392757660166,0.17104746959591996
2550,0.3551532033426184,0.17098039215686275
2551,0.3552924791086351,0.17091336730693846
2552,0.3554317548746518,0.17123824451410657
2553,0.35557103064066853,0.17117117117117117
2554,0.3557103064066852,0.1711041503523884
2555,0.35584958217270196,0.17142857142857143
2556,0.35598885793871865,0.1717527386541471
2557,0.3561281337047354,0.17207665232694563
2558,0.3562674094707521,0.1724003127443315
2559,0.3564066852367688,0.17272372020320437
2560,0.3565459610027855,0.173046875
2561,0.3566852367688022,0.17336977743069112
2562,0.35682451253481895,0.17330210772833723
2563,0.35696378830083564,0.17323449083105735
2564,0.3571030640668524,0.1731669266770671
2565,0.35724233983286907,0.17348927875243664
2566,0.3573816155988858,0.17381137957911147
2567,0.3575208913649025,0.17374366965329177
2568,0.3576601671309192,0.17406542056074767
2569,0.35779944289693594,0.17438692098092642
2570,0.3579387186629526,0.1743190661478599
2571,0.35807799442896937,0.17425126409957215
2572,0.35821727019498606,0.17457231726283048
2573,0.3583565459610028,0.1745044694908667
2574,0.3584958217270195,0.17482517482517482
2575,0.35863509749303624,0.17475728155339806
2576,0.3587743732590529,0.1750776397515528
2577,0.3589136490250696,0.17500970120294917
2578,0.35905292479108636,0.17532971295577968
2579,0.35919220055710305,0.1752617293524622
2580,0.3593314763231198,0.17519379844961241
2581,0.3594707520891365,0.1755133669120496
2582,0.3596100278551532,0.17544539116963595
2583,0.3597493036211699,0.1753774680603949
2584,0.3598885793871866,0.1753095975232198
2585,0.36002785515320335,0.1756286266924565
2586,0.36016713091922004,0.17556071152358854
2587,0.3603064066852368,0.17549284885968303
2588,0.36044568245125347,0.17542503863987635
2589,0.3605849582172702,0.1757435303205871
2590,0.3607242339832869,0.17606177606177606
2591,0.36086350974930365,0.17599382477807796
2592,0.36100278551532033,0.17631172839506173
2593,0.361142061281337,0.17662938681064405
2594,0.36128133704735377,0.17656129529683887
2595,0.36142061281337046,0.1764932562620424
2596,0.3615598885793872,0.17681047765793528
2597,0.3616991643454039,0.1771274547554871
2598,0.36183844011142063,0.17744418783679752
2599,0.3619777158774373,0.17776067718353214
2600,0.362116991643454,0.17807692307692308
2601,0.36225626740947076,0.1780084582852749
2602,0.36239554317548744,0.17832436587240585
2603,0.3625348189415042,0.17864003073376872
2604,0.3626740947075209,0.17895545314900155
2605,0.3628133704735376,0.17927063339731286
2606,0.3629526462395543,0.17958557175748274
2607,0.36309192200557106,0.17990026850786345
2608,0.36323119777158774,0.18021472392638035
2609,0.36337047353760443,0.18052893829053276
2610,0.3635097493036212,0.18045977011494252
2611,0.36364902506963787,0.18077364994255074
2612,0.3637883008356546,0.18108728943338437
2613,0.3639275766016713,0.18140068886337543
2614,0.36406685236768804,0.18133129303749043
2615,0.36420612813370473,0.1812619502868069
2616,0.3643454038997215,0.1811926605504587
2617,0.36448467966573816,0.1815055406954528
2618,0.36462395543175485,0.18143621084797557
2619,0.3647632311977716,0.1817487590683467
2620,0.3649025069637883,0.18167938931297709
2621,0.36504178272980503,0.1816100724914155
2622,0.3651810584958217,0.18192219679633867
2623,0.36532033426183846,0.18223408311094166
2624,0.36545961002785515,0.18216463414634146
2625,0.36559888579387184,0.1820952380952381
2626,0.3657381615598886,0.1824067022086824
2627,0.3658774373259053,0.18271792919680244
2628,0.366016713091922,0.1830289193302892
2629,0.3661559888579387,0.18295930011411182
2630,0.36629526462395545,0.1832699619771863
2631,0.36643454038997214,0.18358038768529075
2632,0.3665738161559889,0.18351063829787234
2633,0.3667130919220056,0.18344094189137866
2634,0.36685236768802226,0.18337129840546698
2635,0.366991643454039,0.18330170777988614
2636,0.3671309192200557,0.18361153262518967
2637,0.36727019498607244,0.18354190367842246
2638,0.36740947075208913,0.18347232752084913
2639,0.3675487465181059,0.18378173550587343
2640,0.36768802228412256,0.18371212121212122
2641,0.36782729805013925,0.1840212040893601
2642,0.367966573816156,0.18433005299015898
2643,0.3681058495821727,0.1846386681800984
2644,0.36824512534818943,0.18494704992435704
2645,0.3683844011142061,0.18487712665406428
2646,0.36852367688022286,0.18480725623582767
2647,0.36866295264623955,0.1847374386097469
2648,0.3688022284122563,0.18504531722054382
2649,0.368941504178273,0.18535296338240845
2650,0.36908077994428967,0.18528301886792453
2651,0.3692200557103064,0.18521312712184082
2652,0.3693593314763231,0.18552036199095023
2653,0.36949860724233985,0.1858273652468903
2654,0.36963788300835654,0.1857573474001507
2655,0.3697771587743733,0.18606403013182674
2656,0.36991643454038997,0.18599397590361447
2657,0.37005571030640666,0.1859239744072262
2658,0.3701949860724234,0.18623024830699775
2659,0.3703342618384401,0.1861602106054908
2660,0.37047353760445684,0.18609022556390978
2661,0.3706128133704735,0.18639609169485155
2662,0.37075208913649027,0.18632607062359127
2663,0.37089136490250696,0.1866316184754037
2664,0.3710306406685237,0.18656156156156156
2665,0.3711699164345404,0.18649155722326455
2666,0.3713091922005571,0.1867966991747937
2667,0.3714484679665738,0.18672665916760406
2668,0.3715877437325905,0.1866566716641679
2669,0.37172701949860726,0.18696140876732859
2670,0.37186629526462395,0.18689138576779027
2671,0.3720055710306407,0.18719580681392736
2672,0.3721448467966574,0.1875
2673,0.37228412256267407,0.18742985409652077
2674,0.3724233983286908,0.18735976065819
2675,0.3725626740947075,0.18766355140186916
2676,0.37270194986072425,0.187593423019432
2677,0.37284122562674094,0.18789689951438177
2678,0.3729805013927577,0.18782673637042568
2679,0.37311977715877437,0.1881298992161254
2680,0.3732590529247911,0.1880597014925373
2681,0.3733983286908078,0.18836255128683327
2682,0.3735376044568245,0.18829231916480238
2683,0.37367688022284123,0.18822213939619828
2684,0.3738161559888579,0.18815201192250372
2685,0.37395543175487467,0.18845437616387337
2686,0.37409470752089136,0.18838421444527179
2687,0.3742339832869081,0.18868626721250464
2688,0.3743732590529248,0.18898809523809523
2689,0.3745125348189415,0.18891781331349944
2690,0.3746518105849582,0.18884758364312268
2691,0.3747910863509749,0.18877740616871053
2692,0.37493036211699166,0.1887072808320951
2693,0.37506963788300834,0.18863720757519495
2694,0.3752089136490251,0.18856718634001485
2695,0.3753481894150418,0.18849721706864564
2696,0.3754874651810585,0.1884272997032641
2697,0.3756267409470752,0.18872821653689284
2698,0.3757660167130919,0.18902891030392885
2699,0.37590529247910864,0.18895887365690997
2700,0.37604456824512533,0.18925925925925927
2701,0.3761838440111421,0.18955942243613477
2702,0.37632311977715877,0.18985936343449297
2703,0.3764623955431755,0.1901590825009249
2704,0.3766016713091922,0.1904585798816568
2705,0.3767409470752089,0.19038817005545286
2706,0.37688022284122563,0.19031781226903177
2707,0.3770194986072423,0.1902475064647211
2708,0.37715877437325906,0.19017725258493354
2709,0.37729805013927575,0.19010705057216684
2710,0.3774373259052925,0.1900369003690037
2711,0.3775766016713092,0.19033566949465142
2712,0.37771587743732593,0.1902654867256637
2713,0.3778551532033426,0.19056395134537413
2714,0.3779944289693593,0.19049373618275608
2715,0.37813370473537605,0.19042357274401472
2716,0.37827298050139274,0.19072164948453607
2717,0.3784122562674095,0.19065145380934856
2718,0.3785515320334262,0.1905813097866078
2719,0.3786908077994429,0.19051121735932328
2720,0.3788300835654596,0.19044117647058822
2721,0.3789693593314763,0.19037118706357956
2722,0.37910863509749304,0.19066862601028656
2723,0.37924791086350973,0.1909658464928388
2724,0.3793871866295265,0.19089574155653452
2725,0.37952646239554316,0.19119266055045872
2726,0.3796657381615599,0.19148936170212766
2727,0.3798050139275766,0.19141914191419143
2728,0.37994428969359334,0.19134897360703812
2729,0.38008356545961003,0.19164529131550018
2730,0.3802228412256267,0.19194139194139195
2731,0.38036211699164346,0.19223727572317834
2732,0.38050139275766015,0.19216691068814057
2733,0.3806406685236769,0.19209659714599342
2734,0.3807799442896936,0.19239209948792976
2735,0.38091922005571033,0.1926873857404022
2736,0.381058495821727,0.1926169590643275
2737,0.3811977715877437,0.19254658385093168
2738,0.38133704735376045,0.19247626004382762
2739,0.38147632311977714,0.1924059875867105
2740,0.3816155988857939,0.1927007299270073
2741,0.38175487465181057,0.19263042685151405
2742,0.3818941504178273,0.19292487235594458
2743,0.382033426183844,0.19321910317170982
2744,0.38217270194986075,0.1935131195335277
2745,0.38231197771587744,0.19344262295081968
2746,0.3824512534818941,0.19337217771303714
2747,0.38259052924791087,0.19366581725518747
2748,0.38272980501392756,0.19359534206695778
2749,0.3828690807799443,0.1935249181520553
2750,0.383008356545961,0.19345454545454546
2751,0.38314763231197774,0.19374772809887314
2752,0.3832869080779944,0.19404069767441862
2753,0.3834261838440111,0.19397021431166
2754,0.38356545961002786,0.19426289034132171
2755,0.38370473537604455,0.19455535390199638
2756,0.3838440111420613,0.19484760522496372
2757,0.383983286908078,0.19513964454116794
2758,0.3841225626740947,0.19543147208121828
2759,0.3842618384401114,0.19536063791228706
2760,0.38440111420612816,0.19528985507246377
2761,0.38454038997214485,0.1952191235059761
2762,0.38467966573816154,0.1955104996379435
2763,0.3848189415041783,0.19543973941368079
2764,0.38495821727019497,0.19536903039073805
2765,0.3850974930362117,0.1956600361663653
2766,0.3852367688022284,0.195589298626175
2767,0.38537604456824515,0.19551861221539574
2768,0.38551532033426184,0.1954479768786127
2769,0.3856545961002785,0.19573853376670278
2770,0.38579387186629527,0.1956678700361011
2771,0.38593314763231196,0.19595813785636954
2772,0.3860724233983287,0.19624819624819625
2773,0.3862116991643454,0.19617742517129463
2774,0.38635097493036213,0.19646719538572457
2775,0.3864902506963788,0.19675675675675675
2776,0.38662952646239557,0.19668587896253603
2777,0.38676880222841226,0.19661505221462008
2778,0.38690807799442894,0.19654427645788336
2779,0.3870473537604457,0.19683339330694494
2780,0.3871866295264624,0.1971223021582734
2781,0.3873259052924791,0.19705142035239123
2782,0.3874651810584958,0.196980589503954
2783,0.38760445682451256,0.1969098095580309
2784,0.38774373259052924,0.1968390804597701
2785,0.387883008356546,0.19676840215439856
2786,0.3880222841225627,0.19669777458722182
2787,0.38816155988857937,0.19662719770362397
2788,0.3883008356545961,0.19655667144906744
2789,0.3884401114206128,0.19648619576909288
2790,0.38857938718662954,0.196415770609319
2791,0.38871866295264623,0.19670369043353636
2792,0.388857938718663,0.1969914040114613
2793,0.38899721448467967,0.19727891156462585
2794,0.38913649025069635,0.19756621331424482
2795,0.3892757660167131,0.19749552772808587
2796,0.3894150417827298,0.19742489270386265
2797,0.38955431754874653,0.1973543081873436
2798,0.3896935933147632,0.19728377412437456
2799,0.38983286908077996,0.19721329046087888
2800,0.38997214484679665,0.19714285714285715
2801,0.3901114206128134,0.197072474116387
2802,0.3902506963788301,0.19735902926481086
2803,0.3903899721448468,0.19728861933642525
2804,0.3905292479108635,0.19757489300998574
2805,0.3906685236768802,0.19750445632798574
2806,0.39080779944289695,0.1977904490377762
2807,0.39094707520891364,0.19771998574991093
2808,0.3910863509749304,0.198005698005698
2809,0.3912256267409471,0.19829120683517265
2810,0.39136490250696376,0.19857651245551602
2811,0.3915041782729805,0.19886161508360015
2812,0.3916434540389972,0.19879089615931722
2813,0.39178272980501394,0.19907571987202274
2814,0.39192200557103063,0.19900497512437812
2815,0.3920612813370474,0.19928952042628775
2816,0.39220055710306406,0.19921875
2817,0.3923398328690808,0.1995030173943912
2818,0.3924791086350975,0.19978708303761533
2819,0.3926183844011142,0.20007094714437743
2820,0.39275766016713093,0.20035460992907803
2821,0.3928969359331476,0.20028358738036156
2822,0.39303621169916436,0.20021261516654854
2823,0.39317548746518105,0.20049592631951824
2824,0.3933147632311978,0.20077903682719547
2825,0.3934540389972145,0.2007079646017699
2826,0.3935933147632312,0.20063694267515925
2827,0.3937325905292479,0.20091970286522814
2828,0.3938718662952646,0.2012022630834512
2829,0.39401114206128135,0.2014846235418876
2830,0.39415041782729804,0.20176678445229682
2831,0.3942896935933148,0.2016955139526669
2832,0.39442896935933147,0.2019774011299435
2833,0.3945682451253482,0.20225908930462408
2834,0.3947075208913649,0.2021877205363444
2835,0.3948467966573816,0.20246913580246914
2836,0.39498607242339834,0.20239774330042312
2837,0.395125348189415,0.20232640112795205
2838,0.39526462395543177,0.2022551092318534
2839,0.39540389972144846,0.20253610426206411
2840,0.3955431754874652,0.2028169014084507
2841,0.3956824512534819,0.20309750087997183
2842,0.3958217270194986,0.20302603800140745
2843,0.3959610027855153,0.20330636651424552
2844,0.396100278551532,0.20358649789029537
2845,0.39623955431754876,0.2038664323374341
2846,0.39637883008356545,0.2037947997189037
2847,0.3965181058495822,0.20407446434843696
2848,0.3966573816155989,0.20435393258426968
2849,0.3967966573816156,0.20463320463320464
2850,0.3969359331476323,0.20456140350877192
2851,0.397075208913649,0.20484040687478078
2852,0.39721448467966575,0.20511921458625526
2853,0.39735376044568244,0.20539782684893096
2854,0.3974930362116992,0.2056762438682551
2855,0.39763231197771587,0.20595446584938704
2856,0.3977715877437326,0.20623249299719887
2857,0.3979108635097493,0.20651032551627582
2858,0.398050139275766,0.20643806857942618
2859,0.39818941504178273,0.20671563483735572
2860,0.3983286908077994,0.206993006993007
2861,0.39846796657381617,0.20727018524991261
2862,0.39860724233983286,0.20754716981132076
2863,0.3987465181058496,0.20747467691232974
2864,0.3988857938718663,0.20740223463687152
2865,0.39902506963788303,0.20767888307155322
2866,0.3991643454038997,0.20795533845080252
2867,0.3993036211699164,0.20788280432507847
2868,0.39944289693593316,0.20815899581589958
2869,0.39958217270194984,0.20808644126873474
2870,0.3997214484679666,0.20801393728222997
2871,0.3998607242339833,0.20828979449669105
2872,0.4,0.20821727019498606
2873,0.4001392757660167,0.20849286460146188
2874,0.4002785515320334,0.20842032011134307
2875,0.40041782729805014,0.2083478260869565
2876,0.40055710306406683,0.2086230876216968
2877,0.4006963788300836,0.2088981578032673
2878,0.40083565459610027,0.20882557331480195
2879,0.400974930362117,0.20875303924973948
2880,0.4011142061281337,0.20868055555555556
2881,0.40125348189415044,0.208955223880597
2882,0.40139275766016713,0.20922970159611382
2883,0.4015320334261838,0.2095039889004509
2884,0.40167130919220057,0.20977808599167821
2885,0.40181058495821725,0.2097053726169844
2886,0.401949860724234,0.20963270963270964
2887,0.4020891364902507,0.20956009698649117
2888,0.40222841225626743,0.20948753462603878
2889,0.4023676880222841,0.20976116303219106
2890,0.4025069637883008,0.21003460207612457
2891,0.40264623955431755,0.21030785195434107
2892,0.40278551532033424,0.21023513139695713
2893,0.402924791086351,0.21050812305565159
2894,0.4030640668523677,0.21043538355217692
2895,0.4032033426183844,0.21036269430051813
2896,0.4033426183844011,0.2102900552486188
2897,0.40348189415041785,0.2105626510182948
2898,0.40362116991643454,0.21083505866114563
2899,0.40376044568245123,0.21110727837185236
2900,0.403899721448468,0.2110344827586207
2901,0.40403899721448466,0.2109617373319545
2902,0.4041782729805014,0.21088904203997244
2903,0.4043175487465181,0.21081639683086462
2904,0.40445682451253484,0.21108815426997246
2905,0.40459610027855153,0.21101549053356283
2906,0.4047353760445682,0.2112869924294563
2907,0.40487465181058496,0.2112143102855177
2908,0.40501392757660165,0.21148555708390646
2909,0.4051532033426184,0.21141285665177037
2910,0.4052924791086351,0.21168384879725086
2911,0.40543175487465183,0.211611130195809
2912,0.4055710306406685,0.21153846153846154
2913,0.40571030640668526,0.21146584277377276
2914,0.40584958217270195,0.21173644474948525
2915,0.40598885793871864,0.211663807890223
2916,0.4061281337047354,0.21193415637860083
2917,0.40626740947075207,0.21220431950634214
2918,0.4064066852367688,0.21213159698423578
2919,0.4065459610027855,0.21240150736553615
2920,0.40668523676880225,0.21232876712328766
2921,0.40682451253481894,0.2125984251968504
2922,0.4069637883008356,0.21286789869952089
2923,0.40710306406685237,0.21279507355456723
2924,0.40724233983286906,0.21272229822161423
2925,0.4073816155988858,0.212991452991453
2926,0.4075208913649025,0.21291866028708134
2927,0.40766016713091924,0.21318756405876324
2928,0.4077994428969359,0.21311475409836064
2929,0.40793871866295267,0.21338340730624786
2930,0.40807799442896936,0.21331058020477817
2931,0.40821727019498605,0.21323780279767998
2932,0.4083565459610028,0.21316507503410642
2933,0.4084958217270195,0.21343334469826117
2934,0.4086350974930362,0.21370143149284254
2935,0.4087743732590529,0.21396933560477002
2936,0.40891364902506966,0.21423705722070846
2937,0.40905292479108635,0.21416411304051752
2938,0.4091922005571031,0.21409121851599727
2939,0.4093314763231198,0.2140183735964614
2940,0.40947075208913647,0.2139455782312925
2941,0.4096100278551532,0.21421285277116628
2942,0.4097493036211699,0.2141400407885792
2943,0.40988857938718665,0.2144070676180768
2944,0.41002785515320334,0.21433423913043478
2945,0.4101671309192201,0.21460101867572157
2946,0.41030640668523677,0.21452817379497624
2947,0.41044568245125346,0.2147947064811673
2948,0.4105849582172702,0.21472184531886024
2949,0.4107242339832869,0.21498813157002375
2950,0.41086350974930363,0.21491525423728813
2951,0.4110027855153203,0.21518129447644865
2952,0.41114206128133707,0.21510840108401083
2953,0.41128133704735376,0.21537419573315272
2954,0.4114206128133705,0.2156398104265403
2955,0.4115598885793872,0.21590524534686972
2956,0.4116991643454039,0.2158322056833559
2957,0.4118384401114206,0.21575921542103482
2958,0.4119777158774373,0.21568627450980393
2959,0.41211699164345406,0.21561338289962825
2960,0.41225626740947074,0.21587837837837837
2961,0.4123955431754875,0.2161431948665991
2962,0.4125348189415042,0.21607022282241728
2963,0.41267409470752087,0.2163347958150523
2964,0.4128133704735376,0.2165991902834008
2965,0.4129526462395543,0.21686340640809443
2966,0.41309192200557104,0.2167902899527984
2967,0.41323119777158773,0.21705426356589147
2968,0.4133704735376045,0.2169811320754717
2969,0.41350974930362117,0.21690804984843381
2970,0.4136490250696379,0.21683501683501682
2971,0.4137883008356546,0.21676203298552676
2972,0.4139275766016713,0.21702557200538358
2973,0.41406685236768803,0.21728893373696603
2974,0.4142061281337047,0.2175521183591123
2975,0.41434540389972147,0.21781512605042017
2976,0.41448467966573815,0.21774193548387097
2977,0.4146239554317549,0.21800470272085992
2978,0.4147632311977716,0.2182672934855608
2979,0.4149025069637883,0.21852970795568982
2980,0.415041782729805,0.21879194630872484
2981,0.4151810584958217,0.2190540087219054
2982,0.41532033426183845,0.2193158953722334
2983,0.41545961002785514,0.21957760643647334
2984,0.4155988857938719,0.21983914209115282
2985,0.4157381615598886,0.2201005025125628
2986,0.4158774373259053,0.22002679169457467
2987,0.416016713091922,0.219953130231001
2988,0.4161559888579387,0.22021419009370816
2989,0.41629526462395544,0.22014051522248243
2990,0.41643454038997213,0.22006688963210702
2991,0.4165738161559889,0.2203276496155132
2992,0.41671309192200556,0.22058823529411764
2993,0.4168523676880223,0.22051453391246242
2994,0.416991643454039,0.22044088176352705
2995,0.4171309192200557,0.22036727879799667
2996,0.41727019498607243,0.22029372496662217
2997,0.4174094707520891,0.22022022022022023
2998,0.41754874651810586,0.22048032021347566
2999,0.41768802228412255,0.22040680226742249
3000,0.4178272980501393,0.22066666666666668
3001,0.417966573816156,0.22092635788070644
3002,0.41810584958217273,0.2211858760826116
3003,0.4182451253481894,0.22111222111222112
3004,0.4183844011142061,0.22137150466045272
3005,0.41852367688022285,0.22129783693843594
3006,0.41866295264623954,0.2215568862275449
3007,0.4188022284122563,0.22148320585300965
3008,0.41894150417827297,0.2214095744680851
3009,0.4190807799442897,0.2213359920239282
3010,0.4192200557103064,0.22159468438538207
3011,0.4193593314763231,0.22152108933909
3012,0.41949860724233984,0.22177954847277556
3013,0.4196378830083565,0.22203783604381017
3014,0.41977715877437327,0.22229595222295953
3015,0.41991643454038996,0.22255389718076285
3016,0.4200557103064067,0.22248010610079574
3017,0.4201949860724234,0.22240636393768645
3018,0.42033426183844014,0.22266401590457258
3019,0.4204735376044568,0.22259026167605167
3020,0.4206128133704735,0.2228476821192053
3021,0.42075208913649026,0.22277391592188017
3022,0.42089136490250695,0.2227001985440106
3023,0.4210306406685237,0.22262652993714852
3024,0.4211699164345404,0.22255291005291006
3025,0.4213091922005571,0.2228099173553719
3026,0.4214484679665738,0.22273628552544614
3027,0.4215877437325905,0.22299306243805747
3028,0.42172701949860725,0.22291941875825627
3029,0.42186629526462394,0.2228458237041928
3030,0.4220055710306407,0.22277227722772278
3031,0.42214484679665737,0.2230287033982184
3032,0.4222841225626741,0.22295514511873352
3033,0.4224233983286908,0.22321134190570394
3034,0.42256267409470755,0.22346736980883322
3035,0.42270194986072424,0.22372322899505767
3036,0.4228412256267409,0.22397891963109354
3037,0.42298050139275767,0.2242344418834376
3038,0.42311977715877436,0.22416063199473338
3039,0.4232590529247911,0.22441592629154328
3040,0.4233983286908078,0.2243421052631579
3041,0.42353760445682453,0.224268332785268
3042,0.4236768802228412,0.22419460880999342
3043,0.4238161559888579,0.22444955635885638
3044,0.42395543175487466,0.22470433639947437
3045,0.42409470752089135,0.22495894909688013
3046,0.4242339832869081,0.22521339461588968
3047,0.4243732590529248,0.22546767312110272
3048,0.4245125348189415,0.22572178477690288
3049,0.4246518105849582,0.22564775336175796
3050,0.42479108635097496,0.2259016393442623
3051,0.42493036211699164,0.22582759750901343
3052,0.42506963788300833,0.22608125819134994
3053,0.4252089136490251,0.22600720602685884
3054,0.42534818941504177,0.22593320235756384
3055,0.4254874651810585,0.22618657937806874
3056,0.4256267409470752,0.22611256544502617
3057,0.42576601671309194,0.22636571802420674
3058,0.42590529247910863,0.22661870503597123
3059,0.4260445682451253,0.2268715266426937
3060,0.42618384401114207,0.22679738562091503
3061,0.42632311977715875,0.22672329304148972
3062,0.4264623955431755,0.22664924885695623
3063,0.4266016713091922,0.22657525301991513
3064,0.42674094707520893,0.2268276762402089
3065,0.4268802228412256,0.2270799347471452
3066,0.42701949860724236,0.2273320287018917
3067,0.42715877437325905,0.22758395826540592
3068,0.42729805013927574,0.227509778357236
3069,0.4274373259052925,0.2274356467904855
3070,0.4275766016713092,0.2273615635179153
3071,0.4277158774373259,0.2276131553239987
3072,0.4278551532033426,0.2275390625
3073,0.42799442896935935,0.22746501789781973
3074,0.42813370473537604,0.2277163305139883
3075,0.42827298050139273,0.22764227642276422
3076,0.4284122562674095,0.22756827048114434
3077,0.42855153203342616,0.22749431264218395
3078,0.4286908077994429,0.2277452891487979
3079,0.4288300835654596,0.22799610263072426
3080,0.42896935933147634,0.22824675324675325
3081,0.42910863509749303,0.22849724115546902
3082,0.4292479108635098,0.22874756651524983
3083,0.42938718662952646,0.22899772948426858
3084,0.42952646239554315,0.22892347600518806
3085,0.4296657381615599,0.22917341977309563
3086,0.4298050139275766,0.22942320155541154
3087,0.42994428969359333,0.2293488824101069
3088,0.43008356545961,0.22927461139896374
3089,0.43022284122562676,0.22920038847523472
3090,0.43036211699164345,0.229126213592233
3091,0.43050139275766014,0.22905208670333224
3092,0.4306406685236769,0.22897800776196636
3093,0.4307799442896936,0.22922728742321372
3094,0.4309192200557103,0.22947640594699417
3095,0.431058495821727,0.22972536348949918
3096,0.43119777158774375,0.22997416020671835
3097,0.43133704735376044,0.2298999031320633
3098,0.4314763231197772,0.22982569399612654
3099,0.43161559888579387,0.22975153275250082
3100,0.43175487465181056,0.2296774193548387
3101,0.4318941504178273,0.22992583037729764
3102,0.432033426183844,0.23017408123791103
3103,0.43217270194986074,0.23042217209152432
3104,0.4323119777158774,0.23067010309278352
3105,0.43245125348189417,0.23059581320450886
3106,0.43259052924791086,0.23084352865421764
3107,0.4327298050139276,0.23109108464757
3108,0.4328690807799443,0.231016731016731
3109,0.433008356545961,0.23126407204889032
3110,0.4331476323119777,0.2315112540192926
3111,0.4332869080779944,0.23175827708132432
3112,0.43342618384401116,0.2320051413881748
3113,0.43356545961002785,0.23193061355605527
3114,0.4337047353760446,0.2321772639691715
3115,0.4338440111420613,0.2321027287319422
3116,0.43398328690807797,0.23234916559691912
3117,0.4341225626740947,0.232595444337504
3118,0.4342618384401114,0.23284156510583706
3119,0.43440111420612815,0.23308752805386343
3120,0.43454038997214484,0.23301282051282052
3121,0.4346796657381616,0.23293816084588273
3122,0.43481894150417827,0.23318385650224216
3123,0.434958217270195,0.2334293948126801
3124,0.4350974930362117,0.23367477592829705
3125,0.4352367688022284,0.23392
3126,0.43537604456824514,0.23384516954574536
3127,0.4355153203342618,0.2337703869523505
3128,0.43565459610027857,0.2340153452685422
3129,0.43579387186629526,0.23426014701182488
3130,0.435933147632312,0.23450479233226837
3131,0.4360724233983287,0.23442989460236346
3132,0.4362116991643454,0.23435504469987228
3133,0.4363509749303621,0.23428024257899777
3134,0.4364902506963788,0.23420548819400128
3135,0.43662952646239556,0.23444976076555024
3136,0.43676880222841225,0.234375
3137,0.436908077994429,0.23430028689831048
3138,0.4370473537604457,0.23454429572976418
3139,0.4371866295264624,0.23478814909206755
3140,0.4373259052924791,0.23503184713375797
3141,0.4374651810584958,0.2352753900031837
3142,0.43760445682451254,0.23520050922978994
3143,0.43774373259052923,0.23544384346166083
3144,0.437883008356546,0.23536895674300254
3145,0.43802228412256267,0.2356120826709062
3146,0.4381615598885794,0.2358550540368722
3147,0.4383008356545961,0.2357801080394026
3148,0.4384401114206128,0.2360228716645489
3149,0.43857938718662953,0.23626548110511272
3150,0.4387186629526462,0.2361904761904762
3151,0.43885793871866297,0.2361155188828943
3152,0.43899721448467965,0.23604060913705585
3153,0.4391364902506964,0.23628290516967967
3154,0.4392757660167131,0.23620798985415345
3155,0.43941504178272983,0.23613312202852615
3156,0.4395543175487465,0.23637515842839038
3157,0.4396935933147632,0.23661704149509027
3158,0.43983286908077995,0.2368587713742875
3159,0.43997214484679664,0.2367837923393479
3160,0.4401114206128134,0.2370253164556962
3161,0.4402506963788301,0.2372666877570389
3162,0.4403899721448468,0.2375079063883618
3163,0.4405292479108635,0.2374328169459374
3164,0.4406685236768802,0.23735777496839444
3165,0.44080779944289694,0.23759873617693522
3166,0.44094707520891363,0.23783954516740366
3167,0.4410863509749304,0.23776444584780548
3168,0.44122562674094706,0.23768939393939395
3169,0.4413649025069638,0.23792994635531714
3170,0.4415041782729805,0.23785488958990536
3171,0.44164345403899724,0.23777988016398613
3172,0.44178272980501393,0.2380201765447667
3173,0.4419220055710306,0.23826032146233847
3174,0.44206128133704736,0.23850031505986138
3175,0.44220055710306405,0.2384251968503937
3176,0.4423398328690808,0.23835012594458438
3177,0.4424791086350975,0.2382751022977652
3178,0.44261838440111423,0.2382001258653241
3179,0.4427576601671309,0.23812519660270526
3180,0.4428969359331476,0.23836477987421384
3181,0.44303621169916435,0.23860421251178873
3182,0.44317548746518104,0.23852922690131992
3183,0.4433147632311978,0.2387684574300974
3184,0.4434540389972145,0.2390075376884422
3185,0.4435933147632312,0.23924646781789638
3186,0.4437325905292479,0.2391713747645951
3187,0.44387186629526465,0.23941010354565423
3188,0.44401114206128134,0.2396486825595985
3189,0.444150417827298,0.23957353402320478
3190,0.44428969359331477,0.23981191222570533
3191,0.44442896935933146,0.2397367596364776
3192,0.4445682451253482,0.23966165413533835
3193,0.4447075208913649,0.23989978077043533
3194,0.44484679665738164,0.2398246712586099
3195,0.4449860724233983,0.24006259780907668
3196,0.445125348189415,0.24030037546933666
3197,0.44526462395543176,0.2402252111354395
3198,0.44540389972144845,0.24046278924327705
3199,0.4455431754874652,0.2403876211316036
3200,0.4456824512534819,0.240625
3201,0.4458217270194986,0.24054982817869416
3202,0.4459610027855153,0.24047470331043097
3203,0.44610027855153206,0.24071183265688417
3204,0.44623955431754875,0.2406367041198502
3205,0.44637883008356544,0.24087363494539782
3206,0.4465181058495822,0.24111041796631316
3207,0.44665738161559887,0.24134705332086062
3208,0.4467966573816156,0.24158354114713218
3209,0.4469359331476323,0.24181988158304768
3210,0.44707520891364905,0.24174454828660435
3211,0.44721448467966574,0.24198069137340392
3212,0.4473537604456824,0.24221668742216687
3213,0.44749303621169917,0.24245253657018362
3214,0.44763231197771586,0.24237710018668326
3215,0.4477715877437326,0.24261275272161742
3216,0.4479108635097493,0.24253731343283583
3217,0.44805013927576604,0.242772769661175
3218,0.4481894150417827,0.2430080795525171
3219,0.44832869080779947,0.24324324324324326
3220,0.44846796657381616,0.24316770186335404
3221,0.44860724233983285,0.24309220738900963
3222,0.4487465181058496,0.24332712600869025
3223,0.4488857938718663,0.24325162891715793
3224,0.449025069637883,0.24317617866004962
3225,0.4491643454038997,0.2434108527131783
3226,0.44930362116991646,0.24364538127712337
3227,0.44944289693593314,0.24387976448713977
3228,0.44958217270194983,0.24411400247831475
3229,0.4497214484679666,0.24403840198203777
3230,0.44986072423398327,0.24396284829721362
3231,0.45,0.2438873413803776
3232,0.4501392757660167,0.24412128712871287
3233,0.45027855153203344,0.244045777915249
3234,0.45041782729805013,0.24427952999381572
3235,0.4505571030640669,0.2445131375579598
3236,0.45069637883008357,0.24474660074165636
3237,0.45083565459610025,0.24497991967871485
3238,0.450974930362117,0.2452130945027795
3239,0.4511142061281337,0.24544612534732943
3240,0.45125348189415043,0.24567901234567902
3241,0.4513927576601671,0.24560320888614626
3242,0.45153203342618387,0.24552745219000616
3243,0.45167130919220055,0.24576009867406723
3244,0.45181058495821724,0.24568434032059186
3245,0.451949860724234,0.24591679506933745
3246,0.4520891364902507,0.24584103512014788
3247,0.4522284122562674,0.24607329842931938
3248,0.4523676880222841,0.24630541871921183
3249,0.45250696378830085,0.24622960911049555
3250,0.45264623955431754,0.24646153846153845
3251,0.4527855153203343,0.24638572746847123
3252,0.452924791086351,0.246309963099631
3253,0.45306406685236766,0.24654165385797724
3254,0.4532033426183844,0.24677320221266133
3255,0.4533426183844011,0.24700460829493087
3256,0.45348189415041784,0.24692874692874692
3257,0.45362116991643453,0.24685293214614676
3258,0.4537604456824513,0.24677716390423574
3259,0.45389972144846796,0.24700828474992328
3260,0.45403899721448465,0.24723926380368097
3261,0.4541782729805014,0.2471634467954615
3262,0.4543175487465181,0.24708767627222564
3263,0.45445682451253483,0.24701195219123506
3264,0.4545961002785515,0.24724264705882354
3265,0.45473537604456826,0.24716692189892803
3266,0.45487465181058495,0.24709124311083894
3267,0.4550139275766017,0.2473217018671564
3268,0.4551532033426184,0.24755201958384332
3269,0.4552924791086351,0.24778219639033344
3270,0.4554317548746518,0.24770642201834864
3271,0.4555710306406685,0.24763069397737694
3272,0.45571030640668525,0.2478606356968215
3273,0.45584958217270194,0.24809043690803545
3274,0.4559888579387187,0.24832009773976788
3275,0.4561281337047354,0.24854961832061068
3276,0.4562674094707521,0.24847374847374848
3277,0.4564066852367688,0.24870308208727496
3278,0.4565459610027855,0.24893227577791335
3279,0.45668523676880224,0.24885635864592864
3280,0.4568245125348189,0.24878048780487805
3281,0.45696378830083567,0.24900944833892105
3282,0.45710306406685236,0.24893357708714198
3283,0.4572423398328691,0.24916235150776728
3284,0.4573816155988858,0.24908647990255786
3285,0.4575208913649025,0.24901065449010654
3286,0.4576601671309192,0.248934875228241
3287,0.4577994428969359,0.24916337085488288
3288,0.45793871866295266,0.24939172749391728
3289,0.45807799442896935,0.2496199452721192
3290,0.4582172701949861,0.24984802431610942
3291,0.4583565459610028,0.2497721057429353
3292,0.4584958217270195,0.2496962332928311
3293,0.4586350974930362,0.24992408138475555
3294,0.4587743732590529,0.2498482088646023
3295,0.45891364902506965,0.25007587253414265
3296,0.45905292479108634,0.2503033980582524
3297,0.4591922005571031,0.2505307855626327
3298,0.45933147632311977,0.2504548211036992
3299,0.4594707520891365,0.25037890269778723
3300,0.4596100278551532,0.2503030303030303
3301,0.4597493036211699,0.2502272038776128
3302,0.45988857938718664,0.2504542701393095
3303,0.4600278551532033,0.2503784438389343
3304,0.46016713091922007,0.25030266343825663
3305,0.46030640668523676,0.2502269288956127
3306,0.4604456824512535,0.25045372050816694
3307,0.4605849582172702,0.25037798609011186
3308,0.46072423398328693,0.2503022974607013
3309,0.4608635097493036,0.2505288606829858
3310,0.4610027855153203,0.25075528700906347
3311,0.46114206128133706,0.25098157656297193
3312,0.46128133704735375,0.25120772946859904
3313,0.4614206128133705,0.2514337458496831
3314,0.4615598885793872,0.25165962582981294
3315,0.4616991643454039,0.25188536953242835
3316,0.4618384401114206,0.25211097708082025
3317,0.4619777158774373,0.2523364485981308
3318,0.46211699164345404,0.2522603978300181
3319,0.46225626740947073,0.2524856884603796
3320,0.4623955431754875,0.2524096385542169
3321,0.46253481894150417,0.2526347485697079
3322,0.4626740947075209,0.25285972305839854
3323,0.4628133704735376,0.2527836292506771
3324,0.46295264623955434,0.2530084235860409
3325,0.46309192200557103,0.2529323308270677
3326,0.4632311977715877,0.25315694527961513
3327,0.46337047353760447,0.2533814247069432
3328,0.46350974930362115,0.2536057692307692
3329,0.4636490250696379,0.25382997897266446
3330,0.4637883008356546,0.25375375375375375
3331,0.46392757660167133,0.2539777844491144
3332,0.464066852367688,0.2539015606242497
3333,0.4642061281337047,0.25412541254125415
3334,0.46434540389972145,0.2540491901619676
3335,0.46448467966573814,0.2542728635682159
3336,0.4646239554317549,0.2541966426858513
3337,0.4647632311977716,0.2544201378483668
3338,0.4649025069637883,0.2543439185140803
3339,0.465041782729805,0.25456723569931117
3340,0.46518105849582175,0.25479041916167666
3341,0.46532033426183844,0.2550134690212511
3342,0.46545961002785513,0.2552363853979653
3343,0.4655988857938719,0.2554591684116063
3344,0.46573816155988856,0.2556818181818182
3345,0.4658774373259053,0.25590433482810165
3346,0.466016713091922,0.255827854154214
3347,0.46615598885793874,0.25575141918135647
3348,0.46629526462395543,0.25567502986857826
3349,0.4664345403899721,0.2555986861749776
3350,0.46657381615598886,0.2555223880597015
3351,0.46671309192200555,0.25574455386451805
3352,0.4668523676880223,0.25596658711217185
3353,0.466991643454039,0.25589024753951684
3354,0.46713091922005573,0.25611210494931425
3355,0.4672701949860724,0.2563338301043219
3356,0.46740947075208916,0.2565554231227652
3357,0.46754874651810585,0.256478999106345
3358,0.46768802228412254,0.25670041691483025
3359,0.4678272980501393,0.2569217028877642
3360,0.467966573816156,0.2571428571428571
3361,0.4681058495821727,0.25706634930080335
3362,0.4682451253481894,0.25728732897085066
3363,0.46838440111420615,0.2575081772227178
3364,0.46852367688022284,0.25772889417360284
3365,0.46866295264623953,0.25794947994056466
3366,0.46880222841225627,0.2581699346405229
3367,0.46894150417827296,0.2580932580932581
3368,0.4690807799442897,0.2580166270783848
3369,0.4692200557103064,0.25794004155535766
3370,0.46935933147632314,0.25786350148367954
3371,0.4694986072423398,0.25778700682290123
3372,0.46963788300835657,0.2580071174377224
3373,0.46977715877437326,0.257930625555885
3374,0.46991643454038995,0.25815056312981627
3375,0.4700557103064067,0.25837037037037036
3376,0.4701949860724234,0.25859004739336494
3377,0.4703342618384401,0.2588095943144803
3378,0.4704735376044568,0.2590290112492599
3379,0.47061281337047356,0.2592482983131104
3380,0.47075208913649025,0.2591715976331361
3381,0.47089136490250694,0.259094942324756
3382,0.4710306406685237,0.25931401537551746
3383,0.47116991643454037,0.25923736328702335
3384,0.4713091922005571,0.25916075650118203
3385,0.4714484679665738,0.2590841949778434
3386,0.47158774373259055,0.2590076786769049
3387,0.47172701949860724,0.25922645408916445
3388,0.471866295264624,0.25914994096812277
3389,0.47200557103064067,0.25936854529359693
3390,0.47214484679665736,0.2592920353982301
3391,0.4722841225626741,0.25951046888823354
3392,0.4724233983286908,0.25972877358490565
3393,0.47256267409470754,0.259946949602122
3394,0.4727019498607242,0.26016499705362406
3395,0.47284122562674097,0.26038291605301916
3396,0.47298050139275766,0.26030624263839813
3397,0.47311977715877435,0.2602296143656167
3398,0.4732590529247911,0.26015303119482047
3399,0.4733983286908078,0.26037069726390116
3400,0.4735376044568245,0.2605882352941176
3401,0.4736768802228412,0.2605116142311085
3402,0.47381615598885796,0.260435038212816
3403,0.47395543175487465,0.26035850719952985
3404,0.4740947075208914,0.2602820211515864
3405,0.4742339832869081,0.2604992657856094
3406,0.47437325905292477,0.26071638285378745
3407,0.4745125348189415,0.26093337246844733
3408,0.4746518105849582,0.26085680751173707
3409,0.47479108635097494,0.2610736286300968
3410,0.47493036211699163,0.26129032258064516
3411,0.4750696378830084,0.2612137203166227
3412,0.47520891364902507,0.261137162954279
3413,0.47534818941504176,0.26135364781716963
3414,0.4754874651810585,0.2615700058582308
3415,0.4756267409470752,0.261493411420205
3416,0.47576601671309193,0.2614168618266979
3417,0.4759052924791086,0.26134035703833774
3418,0.47604456824512537,0.26155646576945585
3419,0.47618384401114205,0.26177244808423517
3420,0.4763231197771588,0.26198830409356727
3421,0.4764623955431755,0.26220403390821395
3422,0.4766016713091922,0.26212741087083574
3423,0.4767409470752089,0.2623429739994157
3424,0.4768802228412256,0.26255841121495327
3425,0.47701949860724235,0.26248175182481753
3426,0.47715877437325904,0.2626970227670753
3427,0.4772980501392758,0.2629121680770353
3428,0.4774373259052925,0.2631271878646441
3429,0.4775766016713092,0.26334208223972005
3430,0.4777158774373259,0.26355685131195333
3431,0.4778551532033426,0.2637714951909064
3432,0.47799442896935934,0.263986013986014
3433,0.47813370473537603,0.26420040780658316
3434,0.4782729805013928,0.2641234711706465
3435,0.47841225626740946,0.2643377001455604
3436,0.4785515320334262,0.26455180442374854
3437,0.4786908077994429,0.26476578411405294
3438,0.4788300835654596,0.2649796393251891
3439,0.47896935933147633,0.26490258796161675
3440,0.479108635097493,0.2651162790697674
3441,0.47924791086350976,0.26503923278116825
3442,0.47938718662952645,0.2652527600232423
3443,0.4795264623955432,0.26517571884984026
3444,0.4796657381615599,0.2650987224157956
3445,0.47980501392757663,0.26531204644412193
3446,0.4799442896935933,0.2655252466627974
3447,0.48008356545961,0.26573832317957646
3448,0.48022284122562675,0.2659512761020882
3449,0.48036211699164344,0.26616410553783704
3450,0.4805013927576602,0.26608695652173914
3451,0.4806406685236769,0.2662996232975949
3452,0.4807799442896936,0.26622247972190033
3453,0.4809192200557103,0.2661453808282653
3454,0.481058495821727,0.26635784597568035
3455,0.48119777158774374,0.2662807525325615
3456,0.4813370473537604,0.2664930555555556
3457,0.48147632311977717,0.26670523575354355
3458,0.48161559888579386,0.2666281087333719
3459,0.4817548746518106,0.2668401272043943
3460,0.4818941504178273,0.26705202312138726
3461,0.48203342618384404,0.2669748627564288
3462,0.4821727019498607,0.2668977469670711
3463,0.4823119777158774,0.26710944267975745
3464,0.48245125348189416,0.26732101616628173
3465,0.48259052924791085,0.2675324675324675
3466,0.4827298050139276,0.26774379688401617
3467,0.4828690807799443,0.26766657052206516
3468,0.483008356545961,0.26787773933102654
3469,0.4831476323119777,0.2680887863937734
3470,0.4832869080779944,0.26829971181556195
3471,0.48342618384401115,0.26822241428983
3472,0.48356545961002784,0.26814516129032256
3473,0.4837047353760446,0.2680679527785776
3474,0.48384401114206127,0.2679907887161773
3475,0.483983286908078,0.26820143884892084
3476,0.4841225626740947,0.2681242807825086
3477,0.48426183844011145,0.26833477135461603
3478,0.48440111420612814,0.2685451408855664
3479,0.4845403899721448,0.2684679505605059
3480,0.48467966573816157,0.26839080459770115
3481,0.48481894150417826,0.2686009767308245
3482,0.484958217270195,0.26852383687535897
3483,0.4850974930362117,0.2684467413149584
3484,0.48523676880222844,0.26865671641791045
3485,0.4853760445682451,0.26886657101865136
3486,0.4855153203342618,0.2687894434882387
3487,0.48565459610027856,0.26871236019501005
3488,0.48579387186629525,0.2686353211009174
3489,0.485933147632312,0.26855832616795644
3490,0.4860724233983287,0.26876790830945557
3491,0.4862116991643454,0.2689773703809797
3492,0.4863509749303621,0.26918671248568155
3493,0.48649025069637886,0.2691096478671629
3494,0.48662952646239555,0.2693188322839153
3495,0.48676880222841223,0.269241773962804
3496,0.486908077994429,0.2694508009153318
3497,0.48704735376044567,0.26965970832141833
3498,0.4871866295264624,0.2698684962835906
3499,0.4873259052924791,0.27007716490425837
3500,0.48746518105849584,0.27
3501,0.48760445682451253,0.27020851185375605
3502,0.4877437325905292,0.27041690462592805
3503,0.48788300835654597,0.27033970882101055
3504,0.48802228412256266,0.2705479452054795
3505,0.4881615598885794,0.2704707560627675
3506,0.4883008356545961,0.27067883628066175
3507,0.48844011142061283,0.2708867978329056
3508,0.4885793871866295,0.2708095781071836
3509,0.48871866295264627,0.2710173838700484
3510,0.48885793871866295,0.2709401709401709
3511,0.48899721448467964,0.27114782113358016
3512,0.4891364902506964,0.27107061503416857
3513,0.4892757660167131,0.2709934528892684
3514,0.4894150417827298,0.2712009106431417
3515,0.4895543175487465,0.2714082503556188
3516,0.48969359331476325,0.2713310580204778
3517,0.48983286908077994,0.27153824282058575
3518,0.48997214484679663,0.27146105741898807
3519,0.4901114206128134,0.27138391588519467
3520,0.49025069637883006,0.2713068181818182
3521,0.4903899721448468,0.2715137744958819
3522,0.4905292479108635,0.2714366837024418
3523,0.49066852367688024,0.27135963667328983
3524,0.49080779944289693,0.27128263337116915
3525,0.4909470752089137,0.27120567375886523
3526,0.49108635097493036,0.2714123652864436
3527,0.49122562674094705,0.2716189396087326
3528,0.4913649025069638,0.27154195011337867
3529,0.4915041782729805,0.2717483706432417
3530,0.49164345403899723,0.2719546742209632
3531,0.4917827298050139,0.2721608609459077
3532,0.49192200557103066,0.2723669309173273
3533,0.49206128133704735,0.2725728842343617
3534,0.49220055710306404,0.27249575551782684
3535,0.4923398328690808,0.2727015558698727
3536,0.4924791086350975,0.27262443438914025
3537,0.4926183844011142,0.27283008199038733
3538,0.4927576601671309,0.27275296777840585
3539,0.49289693593314765,0.2729584628426109
3540,0.49303621169916434,0.2731638418079096
3541,0.4931754874651811,0.2730866986726913
3542,0.4933147632311978,0.2732919254658385
3543,0.49345403899721446,0.2732147897262207
3544,0.4935933147632312,0.27313769751693
3545,0.4937325905292479,0.27306064880112835
3546,0.49387186629526464,0.27298364354201915
3547,0.4940111420612813,0.2729066817028475
3548,0.49415041782729807,0.2731116121758737
3549,0.49428969359331476,0.27331642716258103
3550,0.49442896935933145,0.2735211267605634
3551,0.4945682451253482,0.273725711067305
3552,0.4947075208913649,0.27364864864864863
3553,0.4948467966573816,0.2735716296087813
3554,0.4949860724233983,0.2737760270118177
3555,0.49512534818941506,0.2736990154711674
3556,0.49526462395543175,0.2739032620922385
3557,0.4954038997214485,0.27382625808265393
3558,0.4955431754874652,0.27374929735806636
3559,0.49568245125348187,0.27367237988198934
3560,0.4958217270194986,0.2735955056179775
3561,0.4959610027855153,0.2737994945240101
3562,0.49610027855153205,0.27400336889387983
3563,0.49623955431754874,0.2742071288240247
3564,0.4963788300835655,0.27441077441077444
3565,0.49651810584958217,0.2746143057503506
3566,0.49665738161559886,0.27453729669097027
3567,0.4967966573816156,0.27446033081020466
3568,0.4969359331476323,0.2743834080717489
3569,0.49707520891364904,0.2743065284393387
3570,0.4972144846796657,0.27450980392156865
3571,0.49735376044568247,0.2747129655558667
3572,0.49749303621169916,0.2746360582306831
3573,0.4976323119777159,0.2748390708088441
3574,0.4977715877437326,0.27504196978175716
3575,0.4979108635097493,0.27496503496503494
3576,0.498050139275766,0.2751677852348993
3577,0.4981894150417827,0.2750908582611127
3578,0.49832869080779946,0.27501397428731134
3579,0.49846796657381615,0.27521654093322157
3580,0.4986072423398329,0.2751396648044693
3581,0.4987465181058496,0.27506283161128176
3582,0.49888579387186627,0.2749860413176996
3583,0.499025069637883,0.27518838961763886
3584,0.4991643454038997,0.275390625
3585,0.49930362116991645,0.27531380753138074
3586,0.49944289693593313,0.275515895147797
3587,0.4995821727019499,0.2754390855868414
3588,0.49972144846796657,0.27564102564102566
3589,0.4998607242339833,0.2758428531624408
3590,0.5,0.27604456824512535
3591,0.5001392757660167,0.2762461709830131
3592,0.5002785515320334,0.27644766146993316
3593,0.5004178272980502,0.2763707208460896
3594,0.5005571030640669,0.27657206455203115
3595,0.5006963788300836,0.2764951321279555
3596,0.5008356545961002,0.2766963292547275
3597,0.500974930362117,0.276619405059772
3598,0.5011142061281337,0.2765425236242357
3599,0.5012534818941504,0.2767435398721867
3600,0.5013927576601671,0.27666666666666667
3601,0.5015320334261838,0.27658983615662314
3602,0.5016713091922006,0.27651304830649637
3603,0.5018105849582173,0.27671384956980294
3604,0.501949860724234,0.2769145394006659
3605,0.5020891364902507,0.2771151178918169
3606,0.5022284122562675,0.2773155851358846
3607,0.5023676880222842,0.2775159412253951
3608,0.5025069637883008,0.2774390243902439
3609,0.5026462395543175,0.2776392352452203
3610,0.5027855153203342,0.2775623268698061
3611,0.502924791086351,0.2774854610911105
3612,0.5030640668523677,0.27768549280177185
3613,0.5032033426183844,0.27788541378355935
3614,0.5033426183844011,0.2780852241283896
3615,0.5034818941504178,0.27828492392807747
3616,0.5036211699164346,0.2782079646017699
3617,0.5037604456824513,0.2781310478296931
3618,0.503899721448468,0.2783305693753455
3619,0.5040389972144846,0.27852998065764023
3620,0.5041782729805014,0.27845303867403315
3621,0.5043175487465181,0.2783761391880696
3622,0.5044568245125348,0.2785753727222529
3623,0.5045961002785515,0.2784984819210599
3624,0.5047353760445682,0.2784216335540839
3625,0.504874651810585,0.2783448275862069
3626,0.5050139275766017,0.2785438499724214
3627,0.5051532033426184,0.27846705266060107
3628,0.5052924791086351,0.27839029768467477
3629,0.5054317548746519,0.2785891430146046
3630,0.5055710306406686,0.2785123966942149
3631,0.5057103064066852,0.2784356926466538
3632,0.5058495821727019,0.2783590308370044
3633,0.5059888579387186,0.2782824112303881
3634,0.5061281337047354,0.27848101265822783
3635,0.5062674094707521,0.27840440165061897
3636,0.5064066852367688,0.27832783278327833
3637,0.5065459610027855,0.27825130602144627
3638,0.5066852367688023,0.27817482133040133
3639,0.506824512534819,0.2780983786754603
3640,0.5069637883008357,0.2782967032967033
3641,0.5071030640668523,0.2782202691568251
3642,0.507242339832869,0.27814387699066445
3643,0.5073816155988858,0.2783420258029097
3644,0.5075208913649025,0.27854006586169044
3645,0.5076601671309192,0.2784636488340192
3646,0.5077994428969359,0.2786615469007131
3647,0.5079387186629526,0.2788593364409103
3648,0.5080779944289694,0.27905701754385964
3649,0.5082172701949861,0.2789805426144149
3650,0.5083565459610028,0.2789041095890411
3651,0.5084958217270195,0.27882771843330595
3652,0.5086350974930363,0.2787513691128149
3653,0.508774373259053,0.27867506159321104
3654,0.5089136490250696,0.27859879584017516
3655,0.5090529247910863,0.27852257181942547
3656,0.509192200557103,0.2787199124726477
3657,0.5093314763231198,0.27891714520098443
3658,0.5094707520891365,0.279114270092947
3659,0.5096100278551532,0.27931128723695
3660,0.5097493036211699,0.2792349726775956
3661,0.5098885793871867,0.27915869980879543
3662,0.5100278551532034,0.2790824685963954
3663,0.5101671309192201,0.27927927927927926
3664,0.5103064066852367,0.27920305676855894
3665,0.5104456824512534,0.279399727148704
3666,0.5105849582172702,0.27932351336606653
3667,0.5107242339832869,0.27924734115080446
3668,0.5108635097493036,0.27944383860414396
3669,0.5110027855153203,0.2796402289452167
3670,0.5111420612813371,0.2795640326975477
3671,0.5112813370473538,0.27948787796240804
3672,0.5114206128133705,0.27941176470588236
3673,0.5115598885793872,0.27933569289409205
3674,0.5116991643454039,0.27925966249319545
3675,0.5118384401114207,0.27945578231292517
3676,0.5119777158774373,0.279651795429815
3677,0.512116991643454,0.27984770193092195
3678,0.5122562674094707,0.28004350190320826
3679,0.5123955431754874,0.2802391954335417
3680,0.5125348189415042,0.28043478260869564
3681,0.5126740947075209,0.2806302635153491
3682,0.5128133704735376,0.2808256382400869
3683,0.5129526462395543,0.28102090686939996
3684,0.5130919220055711,0.28094462540716614
3685,0.5132311977715878,0.2808683853459973
3686,0.5133704735376045,0.28106348345089527
3687,0.5135097493036211,0.28098725250881473
3688,0.5136490250696378,0.2811822125813449
3689,0.5137883008356546,0.28110599078341014
3690,0.5139275766016713,0.2813008130081301
3691,0.514066852367688,0.281224600379301
3692,0.5142061281337047,0.281148429035753
3693,0.5143454038997215,0.28134308150555104
3694,0.5144846796657382,0.28126691932864106
3695,0.5146239554317549,0.2814614343707713
3696,0.5147632311977716,0.28165584415584416
3697,0.5149025069637883,0.28157965918312144
3698,0.515041782729805,0.2817739318550568
3699,0.5151810584958217,0.28196809948634766
3700,0.5153203342618384,0.28216216216216217
3701,0.5154596100278551,0.28208592272358823
3702,0.5155988857938719,0.282279848730416
3703,0.5157381615598886,0.2824736699972995
3704,0.5158774373259053,0.28266738660907126
3705,0.516016713091922,0.2828609986504723
3706,0.5161559888579387,0.2827846735024285
3707,0.5162952646239555,0.2829781494469922
3708,0.5164345403899722,0.28317152103559873
3709,0.5165738161559889,0.2833647883526557
3710,0.5167130919220055,0.28328840970350405
3711,0.5168523676880222,0.2832120722177311
3712,0.516991643454039,0.2834051724137931
3713,0.5171309192200557,0.28359816859682196
3714,0.5172701949860724,0.2835218093699515
3715,0.5174094707520891,0.2834454912516824
3716,0.5175487465181059,0.28363832077502693
3717,0.5176880222841226,0.28383104654291097
3718,0.5178272980501393,0.2837547068316299
3719,0.517966573816156,0.28394729766066146
3720,0.5181058495821727,0.28413978494623654
3721,0.5182451253481895,0.28433216877183554
3722,0.5183844011142061,0.284524449220849
3723,0.5185236768802228,0.284716626376578
3724,0.5186629526462395,0.28490870032223414
3725,0.5188022284122563,0.2848322147651007
3726,0.518941504178273,0.28502415458937197
3727,0.5190807799442897,0.28494767909847063
3728,0.5192200557103064,0.28487124463519314
3729,0.5193593314763231,0.2847948511665326
3730,0.5194986072423399,0.2849865951742627
3731,0.5196378830083566,0.28491021173948006
3732,0.5197771587743732,0.28483386923901394
3733,0.5199164345403899,0.28475756763996785
3734,0.5200557103064067,0.28468130690948046
3735,0.5201949860724234,0.2846050870147256
3736,0.5203342618384401,0.2845289079229122
3737,0.5204735376044568,0.2847203639282847
3738,0.5206128133704735,0.28491171749598715
3739,0.5207520891364903,0.2851029687082107
3740,0.520891364902507,0.28502673796791445
3741,0.5210306406685237,0.28521785618818496
3742,0.5211699164345404,0.28540887226082307
3743,0.521309192200557,0.2855997862676997
3744,0.5214484679665738,0.28552350427350426
3745,0.5215877437325905,0.2857142857142857
3746,0.5217270194986072,0.2859049652963161
3747,0.5218662952646239,0.2860955431011476
3748,0.5220055710306407,0.2862860192102455
3749,0.5221448467966574,0.286476393704988
3750,0.5222841225626741,0.2864
3751,0.5224233983286908,0.2865902426019728
3752,0.5225626740947075,0.2865138592750533
3753,0.5227019498607243,0.28670397015720755
3754,0.522841225626741,0.2868939797549281
3755,0.5229805013927576,0.2870838881491345
3756,0.5231197771587743,0.2872736954206603
3757,0.5232590529247911,0.28746340165025286
3758,0.5233983286908078,0.2876530069185737
3759,0.5235376044568245,0.28757648310720935
3760,0.5236768802228412,0.2875
3761,0.5238161559888579,0.2876894442967296
3762,0.5239554317548747,0.28761297182349815
3763,0.5240947075208914,0.2875365399946851
3764,0.5242339832869081,0.2877258235919235
3765,0.5243732590529248,0.28764940239043824
3766,0.5245125348189416,0.2878385554965481
3767,0.5246518105849582,0.2877621449429254
3768,0.5247910863509749,0.28768577494692144
3769,0.5249303621169916,0.28760944547625367
3770,0.5250696378830083,0.2875331564986737
3771,0.5252089136490251,0.2877220896313975
3772,0.5253481894150418,0.28791092258748674
3773,0.5254874651810585,0.2878346143652266
3774,0.5256267409470752,0.287758346581876
3775,0.525766016713092,0.287682119205298
3776,0.5259052924791087,0.2878707627118644
3777,0.5260445682451254,0.28779454593592796
3778,0.526183844011142,0.2879830598200106
3779,0.5263231197771587,0.28790685366499075
3780,0.5264623955431755,0.2878306878306878
3781,0.5266016713091922,0.28775456228510976
3782,0.5267409470752089,0.28794288736118456
3783,0.5268802228412256,0.2881311128733809
3784,0.5270194986072423,0.28831923890063427
3785,0.5271587743732591,0.2882430647291942
3786,0.5272980501392758,0.2884310618066561
3787,0.5274373259052925,0.28835489833641403
3788,0.5275766016713092,0.2885427666314678
3789,0.527715877437326,0.2887305357614146
3790,0.5278551532033426,0.28891820580474936
3791,0.5279944289693593,0.28884199419678186
3792,0.528133704735376,0.2890295358649789
3793,0.5282729805013927,0.2892169786448721
3794,0.5284122562674095,0.2894043226146547
3795,0.5285515320334262,0.2893280632411067
3796,0.5286908077994429,0.28951527924130666
3797,0.5288300835654596,0.28970239662891756
3798,0.5289693593314764,0.28988941548183256
3799,0.5291086350974931,0.2898131087128192
3800,0.5292479108635098,0.2897368421052632
3801,0.5293871866295264,0.2896606156274665
3802,0.5295264623955431,0.2898474487112046
3803,0.5296657381615599,0.2897712332369182
3804,0.5298050139275766,0.28995793901156675
3805,0.5299442896935933,0.29014454664914585
3806,0.53008356545961,0.29033105622701
3807,0.5302228412256268,0.2902547938008931
3808,0.5303621169916435,0.29044117647058826
3809,0.5305013927576602,0.29036492517721185
3810,0.5306406685236769,0.2905511811023622
3811,0.5307799442896936,0.29073733928102863
3812,0.5309192200557104,0.2909233997901364
3813,0.531058495821727,0.2908471020194073
3814,0.5311977715877437,0.2907708442579969
3815,0.5313370473537604,0.290956749672346
3816,0.5314763231197771,0.2908805031446541
3817,0.5316155988857939,0.2910662824207493
3818,0.5317548746518106,0.29125196437925616
3819,0.5318941504178273,0.2914375490966222
3820,0.532033426183844,0.2916230366492147
3821,0.5321727019498608,0.2918084271133211
3822,0.5323119777158775,0.29199372056514916
3823,0.5324512534818941,0.29217891708082655
3824,0.5325905292479108,0.29210251046025104
3825,0.5327298050139275,0.29228758169934643
3826,0.5328690807799443,0.29247255619445894
3827,0.533008356545961,0.2923961327410504
3828,0.5331476323119777,0.29258098223615464
3829,0.5332869080779944,0.29276573517889787
3830,0.5334261838440112,0.2929503916449086
3831,0.5335654596100279,0.29287392325763506
3832,0.5337047353760446,0.29305845511482254
3833,0.5338440111420613,0.2932428906861466
3834,0.533983286908078,0.2934272300469484
3835,0.5341225626740947,0.2936114732724902
3836,0.5342618384401114,0.2935349322210636
3837,0.5344011142061281,0.29345843106593694
3838,0.5345403899721448,0.2936425221469515
3839,0.5346796657381616,0.2938265173222193
3840,0.5348189415041783,0.29401041666666666
3841,0.534958217270195,0.2939338713876595
3842,0.5350974930362117,0.29385736595523165
3843,0.5352367688022284,0.29378090033827736
3844,0.5353760445682452,0.2939646201873049
3845,0.5355153203342619,0.294148244473342
3846,0.5356545961002785,0.29433177327093085
3847,0.5357938718662952,0.2942552638419548
3848,0.5359331476323119,0.2944386694386694
3849,0.5360724233983287,0.2943621719927254
3850,0.5362116991643454,0.29428571428571426
3851,0.5363509749303621,0.2942092962866788
3852,0.5364902506963788,0.29439252336448596
3853,0.5366295264623956,0.2945756553335064
3854,0.5367688022284123,0.29475869226777374
3855,0.536908077994429,0.2946822308690013
3856,0.5370473537604457,0.2946058091286307
3857,0.5371866295264623,0.2945294270158154
3858,0.5373259052924791,0.29471228615863143
3859,0.5374651810584958,0.2948950505312257
3860,0.5376044568245125,0.29481865284974096
3861,0.5377437325905292,0.29474229474229474
3862,0.537883008356546,0.29492490937338167
3863,0.5380222841225627,0.29510742945896973
3864,0.5381615598885794,0.29528985507246375
3865,0.5383008356545961,0.29521345407503236
3866,0.5384401114206128,0.29539575788929123
3867,0.5385793871866296,0.295577967416602
3868,0.5387186629526463,0.2957600827300931
3869,0.5388579387186629,0.2959421039028173
3870,0.5389972144846796,0.2958656330749354
3871,0.5391364902506964,0.2960475329372255
3872,0.5392757660167131,0.2959710743801653
3873,0.5394150417827298,0.29615285308546346
3874,0.5395543175487465,0.29607640681466185
3875,0.5396935933147632,0.296258064516129
3876,0.53983286908078,0.2964396284829721
3877,0.5399721448467967,0.29636316739747226
3878,0.5401114206128134,0.29654461062403303
3879,0.54025069637883,0.2964681618973962
3880,0.5403899721448467,0.2966494845360825
3881,0.5405292479108635,0.29657304818345787
3882,0.5406685236768802,0.2964966512107161
3883,0.5408077994428969,0.2964202935874324
3884,0.5409470752089136,0.29660144181256437
3885,0.5410863509749304,0.2967824967824968
3886,0.5412256267409471,0.29696345856922285
3887,0.5413649025069638,0.29688705942886545
3888,0.5415041782729805,0.2970679012345679
3889,0.5416434540389972,0.2972486500385703
3890,0.541782729805014,0.2974293059125964
3891,0.5419220055710307,0.29760986892829605
3892,0.5420612813370473,0.2977903391572456
3893,0.542200557103064,0.2977138453634729
3894,0.5423398328690808,0.29763739085772983
3895,0.5424791086350975,0.29781771501925547
3896,0.5426183844011142,0.29774127310061604
3897,0.5427576601671309,0.2976648704131383
3898,0.5428969359331476,0.297588506926629
3899,0.5430362116991644,0.29776865863041807
3900,0.5431754874651811,0.2976923076923077
3901,0.5433147632311978,0.2978723404255319
3902,0.5434540389972145,0.2980522808815992
3903,0.5435933147632313,0.29797591596208045
3904,0.5437325905292479,0.2978995901639344
3905,0.5438718662952646,0.29807938540332907
3906,0.5440111420612813,0.2982590885816692
3907,0.544150417827298,0.2984386997696442
3908,0.5442896935933148,0.29861821903787106
3909,0.5444289693593315,0.2985418265541059
3910,0.5445682451253482,0.29846547314578004
3911,0.5447075208913649,0.2986448478649962
3912,0.5448467966573816,0.2988241308793456
3913,0.5449860724233984,0.29900332225913623
3914,0.545125348189415,0.299182422074604
3915,0.5452646239554317,0.29910600255427844
3916,0.5454038997214484,0.2992849846782431
3917,0.5455431754874652,0.29920857799336226
3918,0.5456824512534819,0.2993874425727412
3919,0.5458217270194986,0.29956621587139576
3920,0.5459610027855153,0.29948979591836733
3921,0.546100278551532,0.2996684519255292
3922,0.5462395543175488,0.29959204487506375
3923,0.5463788300835655,0.299515676777976
3924,0.5465181058495822,0.2996941896024465
3925,0.5466573816155988,0.29961783439490447
3926,0.5467966573816156,0.2995415180845644
3927,0.5469359331476323,0.29971988795518206
3928,0.547075208913649,0.29964358452138495
3929,0.5472144846796657,0.29956731992873503
3930,0.5473537604456824,0.29974554707379136
3931,0.5474930362116992,0.2999236835410837
3932,0.5476323119777159,0.30010172939979657
3933,0.5477715877437326,0.300279684719044
3934,0.5479108635097493,0.30045754956786985
3935,0.5480501392757661,0.3003811944091487
3936,0.5481894150417828,0.3005589430894309
3937,0.5483286908077994,0.30073660147320297
3938,0.5484679665738161,0.30091416962925344
3939,0.5486072423398328,0.3008377760853008
3940,0.5487465181058496,0.30101522842639594
3941,0.5488857938718663,0.30093884800811976
3942,0.549025069637883,0.3011161846778285
3943,0.5491643454038997,0.30129343139741316
3944,0.5493036211699165,0.3012170385395537
3945,0.5494428969359332,0.3013941698352345
3946,0.5495821727019499,0.30131779016725796
3947,0.5497214484679666,0.3012414492019255
3948,0.5498607242339832,0.30141843971631205
3949,0.55,0.30134211192707017
3950,0.5501392757660167,0.3012658227848101
3951,0.5502785515320334,0.3014426727410782
3952,0.5504178272980501,0.3013663967611336
3953,0.5505571030640668,0.30154313179863396
3954,0.5506963788300836,0.3014668689934244
3955,0.5508356545961003,0.3013906447534766
3956,0.550974930362117,0.30156723963599597
3957,0.5511142061281337,0.3017437452615618
3958,0.5512534818941505,0.30166750884284993
3959,0.5513927576601672,0.30159131093710534
3960,0.5515320334261838,0.30176767676767674
3961,0.5516713091922005,0.3019439535470841
3962,0.5518105849582172,0.30186774356385665
3963,0.551949860724234,0.3020439061317184
3964,0.5520891364902507,0.3022199798183653
3965,0.5522284122562674,0.3021437578814628
3966,0.5523676880222841,0.3020675743822491
3967,0.5525069637883009,0.3019914292916562
3968,0.5526462395543176,0.30216733870967744
3969,0.5527855153203343,0.30209120685311164
3970,0.552924791086351,0.3022670025188917
3971,0.5530640668523676,0.30219088390833543
3972,0.5532033426183844,0.3023665659617321
3973,0.5533426183844011,0.3022904606091115
3974,0.5534818941504178,0.30221439355812785
3975,0.5536211699164345,0.30238993710691825
3976,0.5537604456824513,0.3023138832997988
3977,0.553899721448468,0.3022378677395021
3978,0.5540389972144847,0.3024132730015083
3979,0.5541782729805014,0.3025885900980146
3980,0.5543175487465181,0.3027638190954774
3981,0.5544568245125349,0.3026877668927405
3982,0.5545961002785516,0.3028628829733802
3983,0.5547353760445682,0.30303791112226963
3984,0.5548746518105849,0.3032128514056225
3985,0.5550139275766016,0.30338770388958597
3986,0.5551532033426184,0.30356246864024083
3987,0.5552924791086351,0.3034863305743667
3988,0.5554317548746518,0.3036609829488465
3989,0.5555710306406685,0.30358485836049137
3990,0.5557103064066853,0.30350877192982456
3991,0.555849582172702,0.30368328739664247
3992,0.5559888579387187,0.3038577154308617
3993,0.5561281337047354,0.3040320560981718
3994,0.556267409470752,0.3039559339008513
3995,0.5564066852367688,0.3041301627033792
3996,0.5565459610027855,0.30405405405405406
3997,0.5566852367688022,0.30422817112834627
3998,0.5568245125348189,0.3044022011005503
3999,0.5569637883008357,0.3043260815203801
4000,0.5571030640668524,0.3045
4001,0.5572423398328691,0.30467383154211447
4002,0.5573816155988858,0.30484757621189407
4003,0.5575208913649025,0.30502123407444415
4004,0.5576601671309193,0.3051948051948052
4005,0.557799442896936,0.30536828963795254
4006,0.5579387186629526,0.3052920619071393
4007,0.5580779944289693,0.3052158722236087
4008,0.5582172701949861,0.3051397205588822
4009,0.5583565459610028,0.3053130456472936
4010,0.5584958217270195,0.3052369077306733
4011,0.5586350974930362,0.3051608077786088
4012,0.5587743732590529,0.3050847457627119
4013,0.5589136490250697,0.30525791178669326
4014,0.5590529247910864,0.3051818634778276
4015,0.5591922005571031,0.30510585305105853
4016,0.5593314763231197,0.3052788844621514
4017,0.5594707520891364,0.3054518297236744
4018,0.5596100278551532,0.30537580886012944
4019,0.5597493036211699,0.30554864394127895
4020,0.5598885793871866,0.3054726368159204
4021,0.5600278551532033,0.305645361850286
4022,0.5601671309192201,0.30556936847339633
4023,0.5603064066852368,0.3054934128759632
4024,0.5604456824512535,0.3054174950298211
4025,0.5605849582172702,0.30559006211180123
4026,0.5607242339832869,0.3057625434674615
4027,0.5608635097493037,0.3059349391606655
4028,0.5610027855153203,0.3061072492552135
4029,0.561142061281337,0.3062794738148424
4030,0.5612813370473537,0.3064516129032258
4031,0.5614206128133705,0.3066236665839742
4032,0.5615598885793872,0.30679563492063494
4033,0.5616991643454039,0.30671956360029756
4034,0.5618384401114206,0.3068914229053049
4035,0.5619777158774373,0.3070631970260223
4036,0.5621169916434541,0.3072348860257681
4037,0.5622562674094708,0.30740648996779785
4038,0.5623955431754875,0.3075780089153046
4039,0.5625348189415041,0.30774944293141865
4040,0.5626740947075209,0.3079207920792079
4041,0.5628133704735376,0.3080920564216778
4042,0.5629526462395543,0.3080158337456705
4043,0.563091922005571,0.30793964877566166
4044,0.5632311977715877,0.3078635014836795
4045,0.5633704735376045,0.30778739184178
4046,0.5635097493036212,0.30771131982204647
4047,0.5636490250696379,0.3078823820113664
4048,0.5637883008356546,0.3080533596837945
4049,0.5639275766016713,0.30797727834033095
4050,0.564066852367688,0.30814814814814817
4051,0.5642061281337047,0.3080720809676623
4052,0.5643454038997214,0.30824284304047384
4053,0.5644846796657381,0.308413520848754
4054,0.5646239554317549,0.30833744449926
4055,0.5647632311977716,0.3085080147965475
4056,0.5649025069637883,0.3086785009861933
4057,0.565041782729805,0.3088489031303919
4058,0.5651810584958217,0.3090192212912765
4059,0.5653203342618385,0.3091894555309189
4060,0.5654596100278552,0.30935960591133005
4061,0.5655988857938719,0.3095296724944595
4062,0.5657381615598885,0.30945347119645494
4063,0.5658774373259053,0.309377307408319
4064,0.566016713091922,0.3095472440944882
4065,0.5661559888579387,0.30971709717097173
4066,0.5662952646239554,0.3098868666994589
4067,0.5664345403899721,0.31005655274157856
4068,0.5665738161559889,0.31022615535889875
4069,0.5667130919220056,0.3101499139837798
4070,0.5668523676880223,0.3103194103194103
4071,0.566991643454039,0.31048882338491773
4072,0.5671309192200558,0.3106581532416503
4073,0.5672701949860725,0.3105818806776332
4074,0.5674094707520891,0.31075110456553756
4075,0.5675487465181058,0.3106748466257669
4076,0.5676880222841225,0.3108439646712463
4077,0.5678272980501393,0.31076772136374786
4078,0.567966573816156,0.3106915154487494
4079,0.5681058495821727,0.3108605050257416
4080,0.5682451253481894,0.3110294117647059
4081,0.5683844011142062,0.31095319774565056
4082,0.5685236768802229,0.3111219990200882
4083,0.5686629526462396,0.3112907176096008
4084,0.5688022284122562,0.31145935357492655
4085,0.5689415041782729,0.3116279069767442
4086,0.5690807799442897,0.31179637787567305
4087,0.5692200557103064,0.31172008808416934
4088,0.5693593314763231,0.3118884540117417
4089,0.5694986072423398,0.3118121790168745
4090,0.5696378830083565,0.3119804400977995
4091,0.5697771587743733,0.31190417990711317
4092,0.56991643454039,0.3118279569892473
4093,0.5700557103064067,0.31199609088688
4094,0.5701949860724234,0.31191988275525157
4095,0.5703342618384402,0.3120879120879121
4096,0.5704735376044568,0.312255859375
4097,0.5706128133704735,0.31242372467659263
4098,0.5707520891364902,0.31234748657881894
4099,0.5708913649025069,0.312271285679434
4100,0.5710306406685237,0.3124390243902439
4101,0.5711699164345404,0.31260668129724456
4102,0.5713091922005571,0.3127742564602633
4103,0.5714484679665738,0.312941749939069
4104,0.5715877437325906,0.3128654970760234
4105,0.5717270194986073,0.31278928136419
4106,0.571866295264624,0.31295664880662444
4107,0.5720055710306406,0.3131239347455564
4108,0.5721448467966573,0.313047711781889
4109,0.5722841225626741,0.312971525918715
4110,0.5724233983286908,0.31313868613138685
4111,0.5725626740947075,0.31330576502067625
4112,0.5727019498607242,0.3132295719844358
4113,0.572841225626741,0.3133965475322149
4114,0.5729805013927577,0.3133203694701021
4115,0.5731197771587744,0.3132442284325638
4116,0.5732590529247911,0.3131681243926142
4117,0.5733983286908078,0.31309205732329365
4118,0.5735376044568246,0.31301602719766874
4119,0.5736768802228412,0.31318281136198106
4120,0.5738161559888579,0.3133495145631068
4121,0.5739554317548746,0.3135161368599854
4122,0.5740947075208913,0.31368267831149926
4123,0.5742339832869081,0.3136065971380063
4124,0.5743732590529248,0.3137730358874879
4125,0.5745125348189415,0.31393939393939396
4126,0.5746518105849582,0.3141056713523994
4127,0.574791086350975,0.31402956142476374
4128,0.5749303621169917,0.31419573643410853
4129,0.5750696378830084,0.3143618309518043
4130,0.575208913649025,0.3145278450363196
4131,0.5753481894150417,0.31469377874606635
4132,0.5754874651810585,0.3148596321393998
4133,0.5756267409470752,0.3147834502782482
4134,0.5757660167130919,0.3149492017416546
4135,0.5759052924791086,0.31487303506650544
4136,0.5760445682451254,0.31479690522243714
4137,0.5761838440111421,0.3149625332366449
4138,0.5763231197771588,0.3151280811986467
4139,0.5764623955431755,0.31529354916646535
4140,0.5766016713091922,0.31521739130434784
4141,0.576740947075209,0.3153827577879739
4142,0.5768802228412256,0.3153066151617576
4143,0.5770194986072423,0.31547188027999035
4144,0.577158774373259,0.3156370656370656
4145,0.5772980501392758,0.3158021712907117
4146,0.5774373259052925,0.3157260009647853
4147,0.5775766016713092,0.31589100554617794
4148,0.5777158774373259,0.3158148505303761
4149,0.5778551532033426,0.31597975415762836
4150,0.5779944289693594,0.316144578313253
4151,0.5781337047353761,0.3163093230546856
4152,0.5782729805013928,0.31647398843930635
4153,0.5784122562674094,0.31663857452444016
4154,0.5785515320334261,0.31680308136735674
4155,0.5786908077994429,0.31696750902527077
4156,0.5788300835654596,0.3168912415784408
4157,0.5789693593314763,0.31681501082511426
4158,0.579108635097493,0.31697931697931697
4159,0.5792479108635098,0.31714354412118295
4160,0.5793871866295265,0.3173076923076923
4161,0.5795264623955432,0.3172314347512617
4162,0.5796657381615599,0.31715521383950024
4163,0.5798050139275766,0.3170790295460005
4164,0.5799442896935934,0.3170028818443804
4165,0.58008356545961,0.3169267707082833
4166,0.5802228412256267,0.3170907345175228
4167,0.5803621169916434,0.31725461963042956
4168,0.5805013927576602,0.31717850287907867
4169,0.5806406685236769,0.3171024226433197
4170,0.5807799442896936,0.3172661870503597
4171,0.5809192200557103,0.3174298729321506
4172,0.581058495821727,0.3175934803451582
4173,0.5811977715877438,0.3177570093457944
4174,0.5813370473537605,0.31792045999041685
4175,0.5814763231197771,0.3178443113772455
4176,0.5816155988857938,0.31800766283524906
4177,0.5817548746518106,0.3179315298060809
4178,0.5818941504178273,0.3178554332216372
4179,0.582033426183844,0.317779373055755
4180,0.5821727019498607,0.3179425837320574
4181,0.5823119777158774,0.3178665391054772
4182,0.5824512534818942,0.31802965088474416
4183,0.5825905292479109,0.31795362180253406
4184,0.5827298050139276,0.3181166347992352
4185,0.5828690807799443,0.31827956989247314
4186,0.583008356545961,0.3184424271380793
4187,0.5831476323119777,0.31860520659183184
4188,0.5832869080779944,0.31876790830945556
4189,0.5834261838440111,0.3189305323466221
4190,0.5835654596100278,0.3190930787589499
4191,0.5837047353760446,0.31901694106418516
4192,0.5838440111420613,0.3189408396946565
4193,0.583983286908078,0.31910326735034583
4194,0.5841225626740947,0.3190271816881259
4195,0.5842618384401114,0.31918951132300355
4196,0.5844011142061282,0.31935176358436607
4197,0.5845403899721449,0.31951393852751964
4198,0.5846796657381615,0.31943782753692235
4199,0.5848189415041782,0.3193617527982853
4200,0.584958217270195,0.31952380952380954
4201,0.5850974930362117,0.31968578909783385
4202,0.5852367688022284,0.3196097096620657
4203,0.5853760445682451,0.31977159172019987
4204,0.5855153203342618,0.3199333967649857
4205,0.5856545961002786,0.32009512485136743
4206,0.5857938718662953,0.3202567760342368
4207,0.585933147632312,0.32018065129546
4208,0.5860724233983287,0.3201045627376426
4209,0.5862116991643455,0.32026609645996673
4210,0.5863509749303621,0.3201900237529691
4211,0.5864902506963788,0.3201139871764426
4212,0.5866295264623955,0.3200379867046534
4213,0.5867688022284122,0.3201993828625682
4214,0.586908077994429,0.3201233981964879
4215,0.5870473537604457,0.3202846975088968
4216,0.5871866295264624,0.3202087286527514
4217,0.5873259052924791,0.32036993123073276
4218,0.5874651810584958,0.3205310573731626
4219,0.5876044568245126,0.32069210713439206
4220,0.5877437325905293,0.32085308056872036
4221,0.5878830083565459,0.32101397773039564
4222,0.5880222841225626,0.3211747986736144
4223,0.5881615598885794,0.3213355434525219
4224,0.5883008356545961,0.3214962121212121
4225,0.5884401114206128,0.3216568047337278
4226,0.5885793871866295,0.3218173213440606
4227,0.5887186629526462,0.3219777620061509
4228,0.588857938718663,0.3219016083254494
4229,0.5889972144846797,0.3220619531804209
4230,0.5891364902506964,0.32222222222222224
4231,0.589275766016713,0.322146064760104
4232,0.5894150417827299,0.3223062381852552
4233,0.5895543175487465,0.32223009685802034
4234,0.5896935933147632,0.32239017477562587
4235,0.5898328690807799,0.32255017709563166
4236,0.5899721448467966,0.32271010387157695
4237,0.5901114206128134,0.32286995515695066
4238,0.5902506963788301,0.3230297310051911
4239,0.5903899721448468,0.32318943146968626
4240,0.5905292479108635,0.3231132075471698
4241,0.5906685236768803,0.3232728130157982
4242,0.590807799442897,0.3231966053748232
4243,0.5909470752089137,0.32312043365543247
4244,0.5910863509749303,0.32304429783223376
4245,0.591225626740947,0.32296819787985864
4246,0.5913649025069638,0.32312764955252005
4247,0.5915041782729805,0.32328702613609606
4248,0.5916434540389972,0.323210922787194
4249,0.5917827298050139,0.32337020475405975
4250,0.5919220055710307,0.3235294117647059
4251,0.5920612813370474,0.3236885438720301
4252,0.5922005571030641,0.3238476011288805
4253,0.5923398328690808,0.3240065835880555
4254,0.5924791086350975,0.3239304184297132
4255,0.5926183844011143,0.32408930669800234
4256,0.5927576601671309,0.3242481203007519
4257,0.5928969359331476,0.3244068592905802
4258,0.5930362116991643,0.3243306716768436
4259,0.593175487465181,0.324489316741019
4260,0.5933147632311978,0.3244131455399061
4261,0.5934540389972145,0.3245716967847923
4262,0.5935933147632312,0.32473017362740497
4263,0.5937325905292479,0.32465399953084684
4264,0.5938718662952647,0.324812382739212
4265,0.5940111420612814,0.324736225087925
4266,0.594150417827298,0.3246601031411158
4267,0.5942896935933147,0.32458401687368177
4268,0.5944289693593314,0.3247422680412371
4269,0.5945682451253482,0.3249004450691028
4270,0.5947075208913649,0.3250585480093677
4271,0.5948467966573816,0.32521657691407163
4272,0.5949860724233983,0.325374531835206
4273,0.5951253481894151,0.3255324128247133
4274,0.5952646239554318,0.32545624707533927
4275,0.5954038997214485,0.3256140350877193
4276,0.5955431754874652,0.3255378858746492
4277,0.5956824512534818,0.3254617722702829
4278,0.5958217270194986,0.32561944834034595
4279,0.5959610027855153,0.32577705071278334
4280,0.596100278551532,0.32570093457943927
4281,0.5962395543175487,0.3258584442887176
4282,0.5963788300835655,0.3257823446987389
4283,0.5965181058495822,0.3259397618491711
4284,0.5966573816155989,0.3258636788048553
4285,0.5967966573816156,0.32578763127187865
4286,0.5969359331476323,0.32594493700419974
4287,0.5970752089136491,0.32586890599486823
4288,0.5972144846796658,0.3260261194029851
4289,0.5973537604456824,0.32595010491956167
4290,0.5974930362116991,0.3261072261072261
4291,0.5976323119777158,0.3260312281519459
4292,0.5977715877437326,0.325955265610438
4293,0.5979108635097493,0.3258793384579548
4294,0.598050139275766,0.3258034466697718
4295,0.5981894150417827,0.3259604190919674
4296,0.5983286908077995,0.3261173184357542
4297,0.5984679665738162,0.32627414475215266
4298,0.5986072423398329,0.326198231735691
4299,0.5987465181058496,0.32635496627122584
4300,0.5988857938718662,0.32651162790697674
4301,0.599025069637883,0.32643571262497095
4302,0.5991643454038997,0.32659228265922824
4303,0.5993036211699164,0.32674877992098533
4304,0.5994428969359331,0.3266728624535316
4305,0.5995821727019499,0.32682926829268294
4306,0.5997214484679666,0.32675336739433347
4307,0.5998607242339833,0.3269096819131646
4308,0.6,0.3268337975858867
4309,0.6001392757660167,0.3269900208865166
4310,0.6002785515320335,0.3271461716937355
4311,0.6004178272980502,0.3273022500579912
4312,0.6005571030640668,0.32722634508348797
4313,0.6006963788300835,0.32715047530721075
4314,0.6008356545961003,0.3273064441353732
4315,0.600974930362117,0.32746234067207414
4316,0.6011142061281337,0.327386468952734
4317,0.6012534818941504,0.32754227472782027
4318,0.6013927576601671,0.32769800833719315
4319,0.6015320334261839,0.3276221347534151
4320,0.6016713091922006,0.3277777777777778
4321,0.6018105849582173,0.3277019208516547
4322,0.601949860724234,0.32785747339194815
4323,0.6020891364902506,0.32801295396715247
4324,0.6022284122562674,0.32816836262719706
4325,0.6023676880222841,0.32809248554913295
4326,0.6025069637883008,0.32801664355062415
4327,0.6026462395543175,0.3281719436098914
4328,0.6027855153203343,0.3283271719038817
4329,0.602924791086351,0.32825132825132824
4330,0.6030640668523677,0.32840646651270206
4331,0.6032033426183844,0.32833063957515585
4332,0.6033426183844011,0.3284856879039704
4333,0.6034818941504179,0.3284098776828987
4334,0.6036211699164346,0.3283341024457776
4335,0.6037604456824512,0.3284890426758939
4336,0.6038997214484679,0.3284132841328413
4337,0.6040389972144847,0.328337560525709
4338,0.6041782729805014,0.32826187183033656
4339,0.6043175487465181,0.3284166858723208
4340,0.6044568245125348,0.3283410138248848
4341,0.6045961002785515,0.32849573830914536
4342,0.6047353760445683,0.32865039152464304
4343,0.604874651810585,0.32857471793690995
4344,0.6050139275766017,0.3287292817679558
4345,0.6051532033426184,0.3286536248561565
4346,0.6052924791086352,0.3288080994017487
4347,0.6054317548746518,0.32896250287554635
4348,0.6055710306406685,0.3291168353265869
4349,0.6057103064066852,0.3290411588871005
4350,0.6058495821727019,0.3291954022988506
4351,0.6059888579387187,0.3293495748103884
4352,0.6061281337047354,0.32950367647058826
4353,0.6062674094707521,0.32965770732827937
4354,0.6064066852367688,0.3295819935691318
4355,0.6065459610027855,0.32973593570608495
4356,0.6066852367688023,0.32966023875114786
4357,0.606824512534819,0.32981409226532016
4358,0.6069637883008356,0.3299678751720973
4359,0.6071030640668523,0.3301215875200734
4360,0.6072423398328691,0.33004587155963305
4361,0.6073816155988858,0.32997019032332037
4362,0.6075208913649025,0.3298945437872536
4363,0.6076601671309192,0.3300481320192528
4364,0.6077994428969359,0.33020164986251144
4365,0.6079387186629527,0.33035509736540664
4366,0.6080779944289694,0.3305084745762712
4367,0.6082172701949861,0.33066178154339365
4368,0.6083565459610027,0.3308150183150183
4369,0.6084958217270195,0.33073929961089493
4370,0.6086350974930362,0.3306636155606407
4371,0.6087743732590529,0.3305879661404713
4372,0.6089136490250696,0.33074107959743826
4373,0.6090529247910863,0.33066544706151385
4374,0.6091922005571031,0.33081847279378146
4375,0.6093314763231198,0.3309714285714286
4376,0.6094707520891365,0.33089579524680074
4377,0.6096100278551532,0.33082019648160843
4378,0.60974930362117,0.33097304705344904
4379,0.6098885793871867,0.33112582781456956
4380,0.6100278551532033,0.3312785388127854
4381,0.61016713091922,0.3314311800958685
4382,0.6103064066852367,0.33158375171154725
4383,0.6104456824512535,0.3315080994752453
4384,0.6105849582172702,0.3314324817518248
4385,0.6107242339832869,0.3315849486887115
4386,0.6108635097493036,0.3317373461012312
4387,0.6110027855153203,0.3316617278322316
4388,0.6111420612813371,0.3318140382862352
4389,0.6112813370473538,0.3319662793347004
4390,0.6114206128133705,0.33211845102505694
4391,0.6115598885793871,0.3322705534046914
4392,0.611699164345404,0.33219489981785066
4393,0.6118384401114206,0.3321192806737992
4394,0.6119777158774373,0.33227127901684117
4395,0.612116991643454,0.3321956769055745
4396,0.6122562674094707,0.3323475887170155
4397,0.6123955431754875,0.3322720036388447
4398,0.6125348189415042,0.3324238290131878
4399,0.6126740947075209,0.3325755853603092
4400,0.6128133704735376,0.3327272727272727
4401,0.6129526462395544,0.33287889116109975
4402,0.613091922005571,0.33303044070876875
4403,0.6132311977715877,0.33318192141721553
4404,0.6133704735376044,0.3333333333333333
4405,0.6135097493036211,0.33348467650397273
4406,0.6136490250696379,0.3334089877439855
4407,0.6137883008356546,0.3333333333333333
4408,0.6139275766016713,0.3334845735027223
4409,0.614066852367688,0.3336357450669086
4410,0.6142061281337048,0.33356009070294784
4411,0.6143454038997215,0.3334844706415779
4412,0.6144846796657382,0.33363553943789664
4413,0.6146239554317549,0.333559936551099
4414,0.6147632311977715,0.33348436792025377
4415,0.6149025069637883,0.3334088335220838
4416,0.615041782729805,0.3335597826086957
4417,0.6151810584958217,0.33371066334616256
4418,0.6153203342618384,0.3338614757808963
4419,0.6154596100278552,0.333785924417289
4420,0.6155988857938719,0.3339366515837104
4421,0.6157381615598886,0.334087310563221
4422,0.6158774373259053,0.3340117593848937
4423,0.616016713091922,0.3341623332579697
4424,0.6161559888579388,0.3340867992766727
4425,0.6162952646239555,0.3342372881355932
4426,0.6164345403899721,0.3343877089923181
4427,0.6165738161559888,0.33453806189292973
4428,0.6167130919220055,0.33446251129177956
4429,0.6168523676880223,0.33461277940844436
4430,0.616991643454039,0.3347629796839729
4431,0.6171309192200557,0.33468742947415936
4432,0.6172701949860724,0.3346119133574007
4433,0.6174094707520892,0.3345364313106249
4434,0.6175487465181059,0.33446098331078034
4435,0.6176880222841226,0.33461104847801576
4436,0.6178272980501393,0.334761045987376
4437,0.6179665738161559,0.33468559837728196
4438,0.6181058495821727,0.3348355114916629
4439,0.6182451253481894,0.33498535706240146
4440,0.6183844011142061,0.33490990990990993
4441,0.6185236768802228,0.335059671245215
4442,0.6186629526462396,0.334984241332733
4443,0.6188022284122563,0.33513391852352015
4444,0.618941504178273,0.33505850585058505
4445,0.6190807799442897,0.33520809898762655
4446,0.6192200557103064,0.3351327035537562
4447,0.6193593314763232,0.3350573420283337
4448,0.6194986072423398,0.3352068345323741
4449,0.6196378830083565,0.3353562598336705
4450,0.6197771587743732,0.3355056179775281
4451,0.61991643454039,0.3356549090092114
4452,0.6200557103064067,0.33557951482479786
4453,0.6201949860724234,0.33550415450258253
4454,0.6203342618384401,0.33565334530758867
4455,0.6204735376044568,0.33557800224466894
4456,0.6206128133704736,0.3355026929982047
4457,0.6207520891364903,0.33542741754543415
4458,0.620891364902507,0.335352175863616
4459,0.6210306406685236,0.33550123346041716
4460,0.6211699164345403,0.33565022421524665
4461,0.6213091922005571,0.3357991481730554
4462,0.6214484679665738,0.3357238906320036
4463,0.6215877437325905,0.3358727313466278
4464,0.6217270194986072,0.3357974910394265
4465,0.621866295264624,0.3357222844344905
4466,0.6220055710306407,0.33587102552619796
4467,0.6221448467966574,0.3360197000223864
4468,0.6222841225626741,0.3361683079677708
4469,0.6224233983286908,0.3360930857014992
4470,0.6225626740947076,0.33624161073825504
4471,0.6227019498607242,0.33616640572578843
4472,0.6228412256267409,0.3360912343470483
4473,0.6229805013927576,0.33623966018332213
4474,0.6231197771587744,0.33638801966919984
4475,0.6232590529247911,0.336536312849162
4476,0.6233983286908078,0.33668453976764967
4477,0.6235376044568245,0.3368327004690641
4478,0.6236768802228412,0.33698079499776684
4479,0.623816155988858,0.3371288233980799
4480,0.6239554317548747,0.3372767857142857
4481,0.6240947075208914,0.33720151751841104
4482,0.624233983286908,0.33712628290941543
4483,0.6243732590529248,0.337274146776712
4484,0.6245125348189415,0.33719892952720787
4485,0.6246518105849582,0.33712374581939797
4486,0.6247910863509749,0.33727151136870265
4487,0.6249303621169916,0.337196344996657
4488,0.6250696378830084,0.3373440285204991
4489,0.6252089136490251,0.33749164624638006
4490,0.6253481894150418,0.3376391982182628
4491,0.6254874651810585,0.33778668448007126
4492,0.6256267409470752,0.3379341050756901
4493,0.625766016713092,0.33808146004896505
4494,0.6259052924791086,0.33822874944370274
4495,0.6260445682451253,0.33837597330367075
4496,0.626183844011142,0.33830071174377224
4497,0.6263231197771588,0.3382254836557705
4498,0.6264623955431755,0.3383726100489106
4499,0.6266016713091922,0.33851967103800845
4500,0.6267409470752089,0.33844444444444444
4501,0.6268802228412256,0.33859142412797155
4502,0.6270194986072424,0.33873833851621504
4503,0.6271587743732591,0.3386631134799023
4504,0.6272980501392758,0.338809946714032
4505,0.6274373259052924,0.33873473917869035
4506,0.6275766016713092,0.3388814913448735
4507,0.6277158774373259,0.3388063013090748
4508,0.6278551532033426,0.33895297249334516
4509,0.6279944289693593,0.3390995786205367
4510,0.628133704735376,0.33902439024390246
4511,0.6282729805013928,0.3389492352028375
4512,0.6284122562674095,0.3390957446808511
4513,0.6285515320334262,0.3392421892311101
4514,0.6286908077994429,0.33916703588834735
4515,0.6288300835654597,0.33931339977851604
4516,0.6289693593314764,0.3392382639503986
4517,0.629108635097493,0.33938454726588446
4518,0.6292479108635097,0.33953076582558656
4519,0.6293871866295264,0.3394556317769418
4520,0.6295264623955432,0.33938053097345133
4521,0.6296657381615599,0.33952665339526655
4522,0.6298050139275766,0.3396727111897391
4523,0.6299442896935933,0.3395976122042892
4524,0.63008356545961,0.33974358974358976
4525,0.6302228412256268,0.33988950276243096
4526,0.6303621169916435,0.3400353513035793
4527,0.6305013927576602,0.3399602385685885
4528,0.6306406685236768,0.3398851590106007
4529,0.6307799442896936,0.3400309119010819
4530,0.6309192200557103,0.3401766004415011
4531,0.631058495821727,0.3403222246744648
4532,0.6311977715877437,0.3404677846425419
4533,0.6313370473537604,0.34061328038826383
4534,0.6314763231197772,0.3407587119541244
4535,0.6316155988857939,0.34090407938257994
4536,0.6317548746518106,0.3408289241622575
4537,0.6318941504178273,0.34097421203438394
4538,0.6320334261838441,0.34111943587483473
4539,0.6321727019498607,0.34104428288169203
4540,0.6323119777158774,0.3409691629955947
4541,0.6324512534818941,0.34111429200616605
4542,0.6325905292479108,0.34103918978423603
4543,0.6327298050139276,0.34118423948932425
4544,0.6328690807799443,0.3413292253521127
4545,0.633008356545961,0.34147414741474147
4546,0.6331476323119777,0.3413990321161461
4547,0.6332869080779945,0.3413239498570486
4548,0.6334261838440112,0.3412489006156552
4549,0.6335654596100279,0.34117388437019125
4550,0.6337047353760445,0.3413186813186813
4551,0.6338440111420612,0.34146341463414637
4552,0.633983286908078,0.3413884007029877
4553,0.6341225626740947,0.3413134197232594
4554,0.6342618384401114,0.3414580588493632
4555,0.6344011142061281,0.341602634467618
4556,0.6345403899721448,0.34174714661984196
4557,0.6346796657381616,0.3416721527320606
4558,0.6348189415041783,0.34159719175076786
4559,0.634958217270195,0.34152226365431015
4560,0.6350974930362117,0.3416666666666667
4561,0.6352367688022285,0.34159175619381715
4562,0.6353760445682451,0.3417360806663744
4563,0.6355153203342618,0.3418803418803419
4564,0.6356545961002785,0.34202453987730064
4565,0.6357938718662952,0.34194961664841184
4566,0.635933147632312,0.34209373631187034
4567,0.6360724233983287,0.34201883074228157
4568,0.6362116991643454,0.3419439579684764
4569,0.6363509749303621,0.34208798424162834
4570,0.6364902506963789,0.34201312910284465
4571,0.6366295264623956,0.3421570772259899
4572,0.6367688022284123,0.342082239720035
4573,0.636908077994429,0.3422261097747649
4574,0.6370473537604456,0.3423699169217315
4575,0.6371866295264624,0.3425136612021858
4576,0.6373259052924791,0.34265734265734266
4577,0.6374651810584958,0.3425824776054184
4578,0.6376044568245125,0.3427260812581914
4579,0.6377437325905293,0.34286962218825073
4580,0.637883008356546,0.3430131004366812
4581,0.6380222841225627,0.34315651604453173
4582,0.6381615598885794,0.3430816237450895
4583,0.638300835654596,0.34322496181540474
4584,0.6384401114206129,0.34315008726003493
4585,0.6385793871866295,0.3432933478735005
4586,0.6387186629526462,0.3434365460095944
4587,0.6388579387186629,0.34357968170917813
4588,0.6389972144846797,0.3435047951176983
4589,0.6391364902506964,0.3436478535628677
4590,0.6392757660167131,0.34357298474945536
4591,0.6394150417827298,0.34371596602047483
4592,0.6395543175487465,0.3438588850174216
4593,0.6396935933147633,0.34400174178097104
4594,0.63983286908078,0.3441445363517632
4595,0.6399721448467967,0.3442872687704026
4596,0.6401114206128133,0.34442993907745867
4597,0.64025069637883,0.3445725473134653
4598,0.6403899721448468,0.34471509351892127
4599,0.6405292479108635,0.34485757773429004
4600,0.6406685236768802,0.345
4601,0.6408077994428969,0.34514236035644424
4602,0.6409470752089137,0.34506736201651456
4603,0.6410863509749304,0.3452096458831197
4604,0.6412256267409471,0.34513466550825367
4605,0.6413649025069638,0.3450597176981542
4606,0.6415041782729805,0.3452019105514546
4607,0.6416434540389973,0.34534404167571087
4608,0.6417827298050139,0.3454861111111111
4609,0.6419220055710306,0.34541115209372963
4610,0.6420612813370473,0.3455531453362256
4611,0.6422005571030641,0.3454782042940794
4612,0.6423398328690808,0.3456201214223764
4613,0.6424791086350975,0.3457619770214611
4614,0.6426183844011142,0.3456870394451669
4615,0.6427576601671309,0.3458288190682557
4616,0.6428969359331477,0.34575389948006935
4617,0.6430362116991644,0.345679012345679
4618,0.643175487465181,0.3458207016024253
4619,0.6433147632311977,0.34574583243126217
4620,0.6434540389972145,0.3458874458874459
4621,0.6435933147632312,0.34581259467647696
4622,0.6437325905292479,0.34595413241021206
4623,0.6438718662952646,0.34609560891196195
4624,0.6440111420612813,0.3460207612456747
4625,0.6441504178272981,0.34594594594594597
4626,0.6442896935933148,0.34587116299178555
4627,0.6444289693593315,0.3460125351199481
4628,0.6445682451253482,0.3459377700950735
4629,0.6447075208913648,0.3460790667530784
4630,0.6448467966573816,0.3462203023758099
4631,0.6449860724233983,0.34636147700280717
4632,0.645125348189415,0.34650259067357514
4633,0.6452646239554317,0.3466436434275847
4634,0.6454038997214485,0.3467846353042728
4635,0.6455431754874652,0.34692556634304206
4636,0.6456824512534819,0.3470664365832614
4637,0.6458217270194986,0.3472072460642657
4638,0.6459610027855153,0.3473479948253558
4639,0.6461002785515321,0.34748868290579865
4640,0.6462395543175488,0.3476293103448276
4641,0.6463788300835654,0.3475544063779358
4642,0.6465181058495821,0.34769495906936665
4643,0.6466573816155989,0.34762007322851607
4644,0.6467966573816156,0.34776055124892336
4645,0.6469359331476323,0.3479009687836383
4646,0.647075208913649,0.34782608695652173
4647,0.6472144846796657,0.34796642995480953
4648,0.6473537604456825,0.3481067125645439
4649,0.6474930362116992,0.3482469348246935
4650,0.6476323119777159,0.34838709677419355
4651,0.6477715877437326,0.3485271984519458
4652,0.6479108635097494,0.3486672398968186
4653,0.648050139275766,0.3488072211476467
4654,0.6481894150417827,0.34894714224323164
4655,0.6483286908077994,0.34908700322234154
4656,0.6484679665738161,0.3490120274914089
4657,0.6486072423398329,0.3489370839596307
4658,0.6487465181058496,0.3490768570201803
4659,0.6488857938718663,0.34900193174500965
4660,0.649025069637883,0.34892703862660945
4661,0.6491643454038997,0.3490667238789959
4662,0.6493036211699165,0.3492063492063492
4663,0.6494428969359332,0.34913146043319754
4664,0.6495821727019498,0.34927101200686106
4665,0.6497214484679665,0.34941050375133975
4666,0.6498607242339833,0.3493356193741963
4667,0.65,0.34926076708806514
4668,0.6501392757660167,0.34940017137960583
4669,0.6502785515320334,0.34953951595630756
4670,0.6504178272980501,0.3494646680942184
4671,0.6505571030640669,0.34960393919931493
4672,0.6506963788300836,0.3495291095890411
4673,0.6508356545961003,0.3494543120051359
4674,0.650974930362117,0.34959349593495936
4675,0.6511142061281338,0.34951871657754013
4676,0.6512534818941504,0.34944396920444826
4677,0.6513927576601671,0.34936925379516787
4678,0.6515320334261838,0.3492945703292005
4679,0.6516713091922005,0.3492199187860654
4680,0.6518105849582173,0.3491452991452991
4681,0.651949860724234,0.3492843409527879
4682,0.6520891364902507,0.3494233233660829
4683,0.6522284122562674,0.3493487080931027
4684,0.6523676880222842,0.3492741246797609
4685,0.6525069637883009,0.34919957310565636
4686,0.6526462395543176,0.34912505335040545
4687,0.6527855153203342,0.349050565393642
4688,0.6529247910863509,0.34918941979522183
4689,0.6530640668523677,0.3493282149712092
4690,0.6532033426183844,0.3492537313432836
4691,0.6533426183844011,0.3491792794713281
4692,0.6534818941504178,0.34931798806479114
4693,0.6536211699164345,0.3494566375452802
4694,0.6537604456824513,0.3493821900298253
4695,0.653899721448468,0.34952076677316296
4696,0.6540389972144847,0.34965928449744466
4697,0.6541782729805014,0.34958484138812007
4698,0.6543175487465182,0.3497232865048957
4699,0.6544568245125348,0.34986167269631835
4700,0.6545961002785515,0.35
4701,0.6547353760445682,0.35013826845352053
4702,0.6548746518105849,0.3502764780944279
4703,0.6550139275766017,0.3502019987242186
4704,0.6551532033426184,0.35034013605442177
4705,0.6552924791086351,0.35047821466524975
4706,0.6554317548746518,0.35040373990650237
4707,0.6555710306406686,0.3503292967920119
4708,0.6557103064066853,0.35046728971962615
4709,0.655849582172702,0.3506052240390741
4710,0.6559888579387186,0.3505307855626327
4711,0.6561281337047353,0.3504563786881766
4712,0.6562674094707521,0.35038200339558573
4713,0.6564066852367688,0.3503076596647571
4714,0.6565459610027855,0.3502333474756046
4715,0.6566852367688022,0.3503711558854719
4716,0.656824512534819,0.35029686174724345
4717,0.6569637883008357,0.35022259910960357
4718,0.6571030640668524,0.35014836795252224
4719,0.6572423398328691,0.3502860775588048
4720,0.6573816155988857,0.35021186440677965
4721,0.6575208913649025,0.3501376826943444
4722,0.6576601671309192,0.35027530707327403
4723,0.6577994428969359,0.3504128731738302
4724,0.6579387186629526,0.3505503810330229
4725,0.6580779944289693,0.3506878306878307
4726,0.6582172701949861,0.350825222175201
4727,0.6583565459610028,0.3509625555320499
4728,0.6584958217270195,0.35109983079526225
4729,0.6586350974930362,0.3512370480016917
4730,0.658774373259053,0.3513742071881607
4731,0.6589136490250697,0.3512999365884591
4732,0.6590529247910863,0.3514370245139476
4733,0.659192200557103,0.35136277202619903
4734,0.6593314763231197,0.35149978876214616
4735,0.6594707520891365,0.35163674762407604
4736,0.6596100278551532,0.35177364864864863
4737,0.6597493036211699,0.3519104918724931
4738,0.6598885793871866,0.3518362178134234
4739,0.6600278551532034,0.3517619751002321
4740,0.6601671309192201,0.3518987341772152
4741,0.6603064066852368,0.3520354355621177
4742,0.6604456824512535,0.35217207929143823
4743,0.6605849582172701,0.35209782837866327
4744,0.660724233983287,0.3520236087689713
4745,0.6608635097493036,0.3521601685985248
4746,0.6610027855153203,0.3522966708807417
4747,0.661142061281337,0.352222456288182
4748,0.6612813370473538,0.3523588879528222
4749,0.6614206128133705,0.35228469151400293
4750,0.6615598885793872,0.35242105263157897
4751,0.6616991643454039,0.3525573563460324
4752,0.6618384401114206,0.35269360269360267
4753,0.6619777158774374,0.3528297917104986
4754,0.6621169916434541,0.3529659234328986
4755,0.6622562674094707,0.35310199789695057
4756,0.6623955431754874,0.35323801513877207
4757,0.6625348189415042,0.3533739751944503
4758,0.6626740947075209,0.35329970575872216
4759,0.6628133704735376,0.3534355957133852
4760,0.6629526462395543,0.35336134453781515
4761,0.663091922005571,0.3534971644612476
4762,0.6632311977715878,0.3536329273414532
4763,0.6633704735376045,0.35355868150325426
4764,0.6635097493036212,0.3536943744752309
4765,0.6636490250696379,0.35362014690451204
4766,0.6637883008356545,0.35375577003776754
4767,0.6639275766016713,0.3536815607300189
4768,0.664066852367688,0.3538171140939597
4769,0.6642061281337047,0.35395261061019084
4770,0.6643454038997214,0.3540880503144654
4771,0.6644846796657382,0.3542234332425068
4772,0.6646239554317549,0.35414920368818104
4773,0.6647632311977716,0.35407500523779595
4774,0.6649025069637883,0.35421030582320906
4775,0.665041782729805,0.35413612565445024
4776,0.6651810584958218,0.35406197654941374
4777,0.6653203342618385,0.35398785848859116
4778,0.6654596100278551,0.35412306404353283
4779,0.6655988857938718,0.35425821301527516
4780,0.6657381615598886,0.35418410041841003
4781,0.6658774373259053,0.35431918008784774
4782,0.666016713091922,0.35424508573818486
4783,0.6661559888579387,0.3543800961739494
4784,0.6662952646239554,0.35451505016722407
4785,0.6664345403899722,0.35464994775339603
4786,0.6665738161559889,0.35478478896782284
4787,0.6667130919220056,0.3547106747440986
4788,0.6668523676880223,0.35463659147869675
4789,0.666991643454039,0.35456253915222385
4790,0.6671309192200557,0.3544885177453027
4791,0.6672701949860724,0.3546232519307034
4792,0.6674094707520891,0.3547579298831386
4793,0.6675487465181058,0.35489255163780514
4794,0.6676880222841226,0.3550271172298707
4795,0.6678272980501393,0.35495307612095933
4796,0.667966573816156,0.3550875729774812
4797,0.6681058495821727,0.35501355013550134
4798,0.6682451253481894,0.35493955814922884
4799,0.6683844011142062,0.3550739737445301
4800,0.6685236768802229,0.35520833333333335
4801,0.6686629526462395,0.35513434701103935
4802,0.6688022284122562,0.3550603915035402
4803,0.668941504178273,0.355194669997918
4804,0.6690807799442897,0.3553288925895087
4805,0.6692200557103064,0.3554630593132154
4806,0.6693593314763231,0.35538909696213067
4807,0.6694986072423398,0.35531516538381525
4808,0.6696378830083566,0.35524126455906824
4809,0.6697771587743733,0.355375337908089
4810,0.66991643454039,0.3553014553014553
4811,0.6700557103064066,0.3554354604032426
4812,0.6701949860724234,0.3555694098088113
4813,0.6703342618384401,0.3557033035528776
4814,0.6704735376044568,0.3558371416701288
4815,0.6706128133704735,0.35597092419522325
4816,0.6707520891364902,0.3561046511627907
4817,0.670891364902507,0.356238322607432
4818,0.6710306406685237,0.3563719385637194
4819,0.6711699164345404,0.35650549906619633
4820,0.6713091922005571,0.3566390041493776
4821,0.6714484679665739,0.3567724538477494
4822,0.6715877437325906,0.35690584819576937
4823,0.6717270194986072,0.3570391872278665
4824,0.6718662952646239,0.3571724709784411
4825,0.6720055710306406,0.3573056994818653
4826,0.6721448467966574,0.3574388727724824
4827,0.6722841225626741,0.3575719908846074
4828,0.6724233983286908,0.35749792874896436
4829,0.6725626740947075,0.357630979498861
4830,0.6727019498607242,0.3577639751552795
4831,0.672841225626741,0.3576899192713724
4832,0.6729805013927577,0.3578228476821192
4833,0.6731197771587744,0.3577488102627767
4834,0.673259052924791,0.3578816714935871
4835,0.6733983286908078,0.3580144777662875
4836,0.6735376044568245,0.3579404466501241
4837,0.6736768802228412,0.3580731858590035
4838,0.6738161559888579,0.3579991732120711
4839,0.6739554317548746,0.35813184542260795
4840,0.6740947075208914,0.35826446280991736
4841,0.6742339832869081,0.3583970254079736
4842,0.6743732590529248,0.35852953325072284
4843,0.6745125348189415,0.3586619863720834
4844,0.6746518105849583,0.3587943848059455
4845,0.674791086350975,0.3587203302373581
4846,0.6749303621169916,0.3588526619892695
4847,0.6750696378830083,0.35877862595419846
4848,0.675208913649025,0.3589108910891089
4849,0.6753481894150418,0.3590431016704475
4850,0.6754874651810585,0.35896907216494844
4851,0.6756267409470752,0.3591012162440734
4852,0.6757660167130919,0.3592333058532564
4853,0.6759052924791087,0.3593653410261694
4854,0.6760445682451254,0.3592913061392666
4855,0.6761838440111421,0.3592173017507724
4856,0.6763231197771588,0.3593492586490939
4857,0.6764623955431754,0.35948116121062385
4858,0.6766016713091922,0.35940716344174556
4859,0.6767409470752089,0.35953899979419635
4860,0.6768802228412256,0.3596707818930041
4861,0.6770194986072423,0.35959679078378937
4862,0.677158774373259,0.3595228301110654
4863,0.6772980501392758,0.3596545342381246
4864,0.6774373259052925,0.3597861842105263
4865,0.6775766016713092,0.35991778006166497
4866,0.6777158774373259,0.3600493218249075
4867,0.6778551532033427,0.3601808095335936
4868,0.6779944289693594,0.36031224322103533
4869,0.678133704735376,0.36023824193879644
4870,0.6782729805013927,0.3601642710472279
4871,0.6784122562674094,0.36029562718127695
4872,0.6785515320334262,0.36042692939244664
4873,0.6786908077994429,0.36055817771393395
4874,0.6788300835654596,0.3604842018875667
4875,0.6789693593314763,0.3604102564102564
4876,0.6791086350974931,0.3603363412633306
4877,0.6792479108635098,0.36046750051261023
4878,0.6793871866295265,0.36039360393603936
4879,0.6795264623955432,0.3605246976839516
4880,0.6796657381615598,0.36065573770491804
4881,0.6798050139275766,0.36078672403196066
4882,0.6799442896935933,0.3607128226136829
4883,0.68008356545961,0.3606389514642638
4884,0.6802228412256267,0.3605651105651106
4885,0.6803621169916435,0.36049129989764583
4886,0.6805013927576602,0.36062218583708555
4887,0.6806406685236769,0.360548393697565
4888,0.6807799442896936,0.36067921440261863
4889,0.6809192200557103,0.3608099815913275
4890,0.6810584958217271,0.3609406952965235
4891,0.6811977715877438,0.36107135555101205
4892,0.6813370473537604,0.36099754701553555
4893,0.6814763231197771,0.36112814224402207
4894,0.6816155988857938,0.36125868410298323
4895,0.6817548746518106,0.3613891726251277
4896,0.6818941504178273,0.36151960784313725
4897,0.682033426183844,0.36164998978966717
4898,0.6821727019498607,0.3615761535320539
4899,0.6823119777158775,0.3617064707083078
4900,0.6824512534818942,0.36183673469387756
4901,0.6825905292479109,0.3619669455213222
4902,0.6827298050139275,0.3618931048551612
4903,0.6828690807799442,0.36181929430960635
4904,0.683008356545961,0.36194942903752036
4905,0.6831476323119777,0.3620795107033639
4906,0.6832869080779944,0.3620057072971871
4907,0.6834261838440111,0.36213572447523945
4908,0.6835654596100279,0.3622656886715566
4909,0.6837047353760446,0.362395599918517
4910,0.6838440111420613,0.3625254582484725
4911,0.683983286908078,0.36245163917735695
4912,0.6841225626740947,0.3625814332247557
4913,0.6842618384401115,0.362711174435172
4914,0.6844011142061281,0.3626373626373626
4915,0.6845403899721448,0.36256358087487284
4916,0.6846796657381615,0.3624898291293735
4917,0.6848189415041783,0.36261948342485256
4918,0.684958217270195,0.36274908499389996
4919,0.6850974930362117,0.3628786338686725
4920,0.6852367688022284,0.36300813008130084
4921,0.6853760445682451,0.36313757366388943
4922,0.6855153203342619,0.3632669646485169
4923,0.6856545961002786,0.3633963030672354
4924,0.6857938718662953,0.3635255889520715
4925,0.685933147632312,0.3636548223350254
4926,0.6860724233983287,0.3635809987819732
4927,0.6862116991643454,0.3637101684595088
4928,0.6863509749303621,0.3638392857142857
4929,0.6864902506963788,0.3639683505782106
4930,0.6866295264623955,0.3640973630831643
4931,0.6867688022284123,0.36422632326100185
4932,0.686908077994429,0.36415247364152475
4933,0.6870473537604457,0.3640786539631056
4934,0.6871866295264624,0.3640048642075395
4935,0.6873259052924791,0.3641337386018237
4936,0.6874651810584959,0.3642625607779579
4937,0.6876044568245125,0.36439133076767266
4938,0.6877437325905292,0.3643175374645605
4939,0.6878830083565459,0.3644462441789836
4940,0.6880222841225627,0.3645748987854251
4941,0.6881615598885794,0.3645011131349929
4942,0.6883008356545961,0.36462970457304733
4943,0.6884401114206128,0.36455593768966216
4944,0.6885793871866295,0.3644822006472492
4945,0.6887186629526463,0.3646107178968655
4946,0.688857938718663,0.36453699959563285
4947,0.6889972144846797,0.3646654538103901
4948,0.6891364902506963,0.36479385610347614
4949,0.6892757660167131,0.3649222065063649
4950,0.6894150417827298,0.36505050505050507
4951,0.6895543175487465,0.36517875176731973
4952,0.6896935933147632,0.3653069466882068
4953,0.6898328690807799,0.36543508984453865
4954,0.6899721448467967,0.3653613241824788
4955,0.6901114206128134,0.365489404641776
4956,0.6902506963788301,0.36561743341404357
4957,0.6903899721448468,0.36554367561024814
4958,0.6905292479108636,0.3656716417910448
4959,0.6906685236768803,0.3657995563621698
4960,0.6908077994428969,0.3659274193548387
4961,0.6909470752089136,0.3660552308002419
4962,0.6910863509749303,0.3661829907295445
4963,0.6912256267409471,0.36631069917388676
4964,0.6913649025069638,0.3662369057211926
4965,0.6915041782729805,0.3661631419939577
4966,0.6916434540389972,0.36629077728554166
4967,0.6917827298050139,0.36621703241393194
4968,0.6919220055710307,0.36614331723027377
4969,0.6920612813370474,0.36627087945260617
4970,0.692200557103064,0.3663983903420523
4971,0.6923398328690807,0.36652584992959164
4972,0.6924791086350975,0.3664521319388576
4973,0.6926183844011142,0.366579529459079
4974,0.6927576601671309,0.36670687575392036
4975,0.6928969359331476,0.36663316582914574
4976,0.6930362116991643,0.3667604501607717
4977,0.6931754874651811,0.36688768334337957
4978,0.6933147632311978,0.3668139815186822
4979,0.6934540389972145,0.3669411528419361
4980,0.6935933147632312,0.36686746987951807
4981,0.693732590529248,0.3669945794017266
4982,0.6938718662952646,0.36712163789642716
4983,0.6940111420612813,0.36704796307445314
4984,0.694150417827298,0.3671749598715891
4985,0.6942896935933147,0.36730190571715143
4986,0.6944289693593315,0.367428800641797
4987,0.6945682451253482,0.36755564467615803
4988,0.6947075208913649,0.36768243785084204
4989,0.6948467966573816,0.36760873922629783
4990,0.6949860724233984,0.3675350701402806
4991,0.6951253481894151,0.36766179122420356
4992,0.6952646239554318,0.36778846153846156
4993,0.6954038997214484,0.3677148007210094
4994,0.6955431754874651,0.36784140969163
4995,0.6956824512534819,0.36776776776776776
4996,0.6958217270194986,0.3678943154523619
4997,0.6959610027855153,0.3680208124874925
4998,0.696100278551532,0.3681472589035614
4999,0.6962395543175487,0.3680736147229446
5000,0.6963788300835655,0.3682
5001,0.6965181058495822,0.3683263347330534
5002,0.6966573816155989,0.36845261895241904
5003,0.6967966573816156,0.36857885268838697
5004,0.6969359331476324,0.368705035971223
5005,0.697075208913649,0.36883116883116884
5006,0.6972144846796657,0.36895725129844187
5007,0.6973537604456824,0.3688835630117835
5008,0.6974930362116991,0.36880990415335463
5009,0.6976323119777159,0.36893591535236575
5010,0.6977715877437326,0.3688622754491018
5011,0.6979108635097493,0.3689882259030134
5012,0.698050139275766,0.3689146049481245
5013,0.6981894150417828,0.3690404947137443
5014,0.6983286908077995,0.36896689270043875
5015,0.6984679665738162,0.3690927218344965
5016,0.6986072423398328,0.36901913875598086
5017,0.6987465181058495,0.36914490731512856
5018,0.6988857938718663,0.36907134316460743
5019,0.699025069637883,0.3691970512054194
5020,0.6991643454038997,0.36932270916334664
5021,0.6993036211699164,0.3694483170683131
5022,0.6994428969359332,0.3693747510951812
5023,0.6995821727019499,0.369301214413697
5024,0.6997214484679666,0.36942675159235666
5025,0.6998607242339833,0.36955223880597016
5026,0.7,0.36947871070433747
5027,0.7001392757660168,0.36960413765665406
5028,0.7002785515320334,0.36953062848050916
5029,0.7004178272980501,0.36965599522767945
5030,0.7005571030640668,0.3697813121272366
5031,0.7006963788300835,0.3697078115682767
5032,0.7008356545961003,0.3696343402225755
5033,0.700974930362117,0.36956089807272
5034,0.7011142061281337,0.3694874851013111
5035,0.7012534818941504,0.3696127110228401
5036,0.7013927576601672,0.36973788721207307
5037,0.7015320334261839,0.3696644828270796
5038,0.7016713091922006,0.36978959904724096
5039,0.7018105849582172,0.3699146656082556
5040,0.7019498607242339,0.37003968253968256
5041,0.7020891364902507,0.37016464987105735
5042,0.7022284122562674,0.3702895676318921
5043,0.7023676880222841,0.3702161411858021
5044,0.7025069637883008,0.3701427438540841
5045,0.7026462395543176,0.37006937561942516
5046,0.7027855153203343,0.36999603646452633
5047,0.702924791086351,0.3701208638795324
5048,0.7030640668523677,0.37024564183835185
5049,0.7032033426183844,0.3701723113487819
5050,0.7033426183844012,0.3702970297029703
5051,0.7034818941504178,0.37042169867353
5052,0.7036211699164345,0.37054631828978624
5053,0.7037604456824512,0.3704729863447457
5054,0.703899721448468,0.370399683419074
5055,0.7040389972144847,0.3705242334322453
5056,0.7041782729805014,0.37064873417721517
5057,0.7043175487465181,0.3707731856832114
5058,0.7044568245125348,0.370699881376038
5059,0.7045961002785516,0.37082427357185216
5060,0.7047353760445683,0.37094861660079054
5061,0.704874651810585,0.37087532108279
5062,0.7050139275766016,0.3709996048992493
5063,0.7051532033426184,0.3711238396207782
5064,0.7052924791086351,0.3710505529225908
5065,0.7054317548746518,0.3711747285291214
5066,0.7055710306406685,0.3712988551125148
5067,0.7057103064066852,0.37142293270179594
5068,0.705849582172702,0.3715469613259669
5069,0.7059888579387187,0.37147366344446636
5070,0.7061281337047354,0.37140039447731754
5071,0.7062674094707521,0.371524354170775
5072,0.7064066852367687,0.37164826498422715
5073,0.7065459610027855,0.37157500492805046
5074,0.7066852367688022,0.3716988569176192
5075,0.7068245125348189,0.3716256157635468
5076,0.7069637883008356,0.37155240346729707
5077,0.7071030640668524,0.3716761867244436
5078,0.7072423398328691,0.37160299330445057
5079,0.7073816155988858,0.37172671785784606
5080,0.7075208913649025,0.3718503937007874
5081,0.7076601671309192,0.371974020862035
5082,0.707799442896936,0.37209759937032666
5083,0.7079387186629527,0.37222112925437734
5084,0.7080779944289693,0.3723446105428796
5085,0.708217270194986,0.3722713864306785
5086,0.7083565459610028,0.3723948092803775
5087,0.7084958217270195,0.37251818360526834
5088,0.7086350974930362,0.3724449685534591
5089,0.7087743732590529,0.37256828453527213
5090,0.7089136490250696,0.3724950884086444
5091,0.7090529247910864,0.37242192103712435
5092,0.7091922005571031,0.3725451688923802
5093,0.7093314763231198,0.37247202042018457
5094,0.7094707520891365,0.37259521005104046
5095,0.7096100278551533,0.3727183513248283
5096,0.70974930362117,0.3726452119309262
5097,0.7098885793871866,0.3725721012360212
5098,0.7100278551532033,0.3724990192232248
5099,0.71016713091922,0.37262208276132575
5100,0.7103064066852368,0.37254901960784315
5101,0.7104456824512535,0.372672025093119
5102,0.7105849582172702,0.37279498235985886
5103,0.7107242339832869,0.37272192827748385
5104,0.7108635097493036,0.3728448275862069
5105,0.7110027855153204,0.37296767874632714
5106,0.7111420612813371,0.37309048178613397
5107,0.7112813370473537,0.3730174270608968
5108,0.7114206128133704,0.37294440093970244
5109,0.7115598885793872,0.37287140340575453
5110,0.7116991643454039,0.37279843444227007
5111,0.7118384401114206,0.3729211504597926
5112,0.7119777158774373,0.3730438184663537
5113,0.712116991643454,0.37297085859573637
5114,0.7122562674094708,0.37309346890887757
5115,0.7123955431754875,0.3732160312805474
5116,0.7125348189415042,0.37314308053166534
5117,0.7126740947075209,0.3730701582958765
5118,0.7128133704735377,0.37319265338022667
5119,0.7129526462395543,0.3731197499511623
5120,0.713091922005571,0.3732421875
5121,0.7132311977715877,0.3733645772310096
5122,0.7133704735376044,0.37348691917219834
5123,0.7135097493036212,0.37360921335155184
5124,0.7136490250696379,0.3737314597970336
5125,0.7137883008356546,0.37385365853658536
5126,0.7139275766016713,0.37378072571205617
5127,0.7140668523676881,0.37370782133801445
5128,0.7142061281337048,0.3736349453978159
5129,0.7143454038997215,0.37375706765451355
5130,0.7144846796657381,0.3736842105263158
5131,0.7146239554317548,0.373806275579809
5132,0.7147632311977716,0.37373343725643027
5133,0.7149025069637883,0.37385544515877656
5134,0.715041782729805,0.37378262563303466
5135,0.7151810584958217,0.373904576436222
5136,0.7153203342618384,0.37383177570093457
5137,0.7154596100278552,0.3737590033093245
5138,0.7155988857938719,0.37368625924484233
5139,0.7157381615598886,0.3738081338781864
5140,0.7158774373259053,0.37392996108949417
5141,0.716016713091922,0.37405174090643845
5142,0.7161559888579387,0.37417347335667056
5143,0.7162952646239554,0.37429515846782035
5144,0.7164345403899721,0.37441679626749613
5145,0.7165738161559888,0.3745383867832847
5146,0.7167130919220056,0.37465993004275167
5147,0.7168523676880223,0.37478142607344084
5148,0.716991643454039,0.3749028749028749
5149,0.7171309192200557,0.3750242765585551
5150,0.7172701949860725,0.37514563106796117
5151,0.7174094707520892,0.3750728013977868
5152,0.7175487465181059,0.375
5153,0.7176880222841225,0.3751212885697652
5154,0.7178272980501392,0.37524253007372915
5155,0.717966573816156,0.37536372453928224
5156,0.7181058495821727,0.37548487199379366
5157,0.7182451253481894,0.3756059724646112
5158,0.7183844011142061,0.3755331523846452
5159,0.7185236768802229,0.37565419654971893
5160,0.7186629526462396,0.3755813953488372
5161,0.7188022284122563,0.3757023832590583
5162,0.718941504178273,0.37562960092987213
5163,0.7190807799442896,0.3755568467944993
5164,0.7192200557103064,0.3756777691711851
5165,0.7193593314763231,0.37560503388189737
5166,0.7194986072423398,0.37572590011614404
5167,0.7196378830083565,0.37565318366557
5168,0.7197771587743732,0.37558049535603716
5169,0.71991643454039,0.375701296188818
5170,0.7200557103064067,0.3758220502901354
5171,0.7201949860724234,0.3759427576871011
5172,0.7203342618384401,0.37587006960556846
5173,0.7204735376044569,0.37599072105161413
5174,0.7206128133704736,0.3759180517974488
5175,0.7207520891364902,0.37584541062801935
5176,0.7208913649025069,0.3759659969088099
5177,0.7210306406685236,0.3758933745412401
5178,0.7211699164345404,0.3758207802240247
5179,0.7213091922005571,0.3759413014095385
5180,0.7214484679665738,0.3758687258687259
5181,0.7215877437325905,0.37579617834394907
5182,0.7217270194986073,0.3759166345040525
5183,0.721866295264624,0.3760370441829057
5184,0.7220055710306407,0.3761574074074074
5185,0.7221448467966574,0.3762777242044359
5186,0.722284122562674,0.3762051677593521
5187,0.7224233983286908,0.3763254289570079
5188,0.7225626740947075,0.3764456437933693
5189,0.7227019498607242,0.37656581229523994
5190,0.7228412256267409,0.3764932562620424
5191,0.7229805013927577,0.37661336929300715
5192,0.7231197771587744,0.3765408320493066
5193,0.7232590529247911,0.3764683227421529
5194,0.7233983286908078,0.37658837119753563
5195,0.7235376044568245,0.37670837343599617
5196,0.7236768802228413,0.3768283294842186
5197,0.723816155988858,0.3769482393688667
5198,0.7239554317548746,0.3770681031165833
5199,0.7240947075208913,0.37718792075399116
5200,0.724233983286908,0.3773076923076923
5201,0.7243732590529248,0.37723514708709865
5202,0.7245125348189415,0.3773548635140331
5203,0.7246518105849582,0.3774745339227369
5204,0.7247910863509749,0.37759415833973864
5205,0.7249303621169917,0.3777137367915466
5206,0.7250696378830084,0.37764118325009605
5207,0.7252089136490251,0.37776070674092566
5208,0.7253481894150418,0.3778801843317972
5209,0.7254874651810584,0.3779996160491457
5210,0.7256267409470752,0.3781190019193858
5211,0.7257660167130919,0.37804644022260603
5212,0.7259052924791086,0.3781657712970069
5213,0.7260445682451253,0.3780932284672933
5214,0.7261838440111421,0.37802071346375143
5215,0.7263231197771588,0.37794822627037394
5216,0.7264623955431755,0.37806748466257667
5217,0.7266016713091922,0.3781866973356335
5218,0.7267409470752089,0.3783058643158298
5219,0.7268802228412257,0.37823337804177043
5220,0.7270194986072424,0.3783524904214559
5221,0.727158774373259,0.3784715571729554
5222,0.7272980501392757,0.37839908081194945
5223,0.7274373259052925,0.3785180930499713
5224,0.7275766016713092,0.37863705972434913
5225,0.7277158774373259,0.378755980861244
5226,0.7278551532033426,0.3786835055491772
5227,0.7279944289693593,0.3788023722976851
5228,0.7281337047353761,0.3789211935730681
5229,0.7282729805013928,0.3788487282463186
5230,0.7284122562674095,0.3787762906309751
5231,0.7285515320334262,0.37889504874784935
5232,0.728690807799443,0.3790137614678899
5233,0.7288300835654596,0.37894133384291995
5234,0.7289693593314763,0.3788689338937715
5235,0.729108635097493,0.3789875835721108
5236,0.7292479108635097,0.3789152024446142
5237,0.7293871866295265,0.37884284895932785
5238,0.7295264623955432,0.3789614356624666
5239,0.7296657381615599,0.3790799770948654
5240,0.7298050139275766,0.37919847328244277
5241,0.7299442896935933,0.37912612096928067
5242,0.7300835654596101,0.37924456314383825
5243,0.7302228412256268,0.37936296013732596
5244,0.7303621169916434,0.3792906178489702
5245,0.7305013927576601,0.3794089609151573
5246,0.7306406685236769,0.3795272588638963
5247,0.7307799442896936,0.37945492662473795
5248,0.7309192200557103,0.3795731707317073
5249,0.731058495821727,0.37950085730615357
5250,0.7311977715877437,0.37961904761904763
5251,0.7313370473537605,0.3795467529994287
5252,0.7314763231197772,0.3794744859101295
5253,0.7316155988857939,0.37959261374452696
5254,0.7317548746518105,0.37971069661210505
5255,0.7318941504178273,0.3796384395813511
5256,0.732033426183844,0.3797564687975647
5257,0.7321727019498607,0.37987445311013884
5258,0.7323119777158774,0.3799923925446938
5259,0.7324512534818941,0.3801102871268302
5260,0.7325905292479109,0.3800380228136882
5261,0.7327298050139276,0.3801558639042007
5262,0.7328690807799443,0.38027366020524517
5263,0.733008356545961,0.38039141174235225
5264,0.7331476323119778,0.3803191489361702
5265,0.7332869080779945,0.3804368471035138
5266,0.7334261838440111,0.38036460311431824
5267,0.7335654596100278,0.3802923865578128
5268,0.7337047353760445,0.3802201974183751
5269,0.7338440111420613,0.3803378250142342
5270,0.733983286908078,0.38045540796963945
5271,0.7341225626740947,0.3805729463099981
5272,0.7342618384401114,0.380690440060698
5273,0.7344011142061281,0.3808078892471079
5274,0.7345403899721449,0.3809252938945772
5275,0.7346796657381616,0.381042654028436
5276,0.7348189415041783,0.38115996967399546
5277,0.734958217270195,0.3812772408565473
5278,0.7350974930362117,0.38139446760136414
5279,0.7352367688022284,0.38151164993369957
5280,0.7353760445682451,0.38143939393939397
5281,0.7355153203342618,0.3815565233857224
5282,0.7356545961002785,0.38167360848163573
5283,0.7357938718662953,0.38160136286201024
5284,0.735933147632312,0.38171839515518546
5285,0.7360724233983287,0.38183538315988647
5286,0.7362116991643454,0.3819523269012486
5287,0.7363509749303622,0.3818800832229998
5288,0.7364902506963789,0.38199697428139184
5289,0.7366295264623955,0.38192474948005295
5290,0.7367688022284122,0.3818525519848771
5291,0.7369080779944289,0.38196938196938196
5292,0.7370473537604457,0.3820861678004535
5293,0.7371866295264624,0.3822029095031173
5294,0.7373259052924791,0.38231960710238005
5295,0.7374651810584958,0.38243626062322944
5296,0.7376044568245126,0.38236404833836857
5297,0.7377437325905293,0.3822918633188597
5298,0.737883008356546,0.38240845602114004
5299,0.7380222841225627,0.3823362898660125
5300,0.7381615598885793,0.3822641509433962
5301,0.7383008356545961,0.38238068289002075
5302,0.7384401114206128,0.3823085628064881
5303,0.7385793871866295,0.38242504242881387
5304,0.7387186629526462,0.38235294117647056
5305,0.7388579387186629,0.3824693685202639
5306,0.7389972144846797,0.38258575197889183
5307,0.7391364902506964,0.38270209157716223
5308,0.7392757660167131,0.382629992464205
5309,0.7394150417827298,0.3827462799020531
5310,0.7395543175487466,0.38286252354048966
5311,0.7396935933147633,0.3829787234042553
5312,0.7398328690807799,0.3830948795180723
5313,0.7399721448467966,0.3830227743271222
5314,0.7401114206128133,0.3831388784343244
5315,0.7402506963788301,0.38325493885230477
5316,0.7403899721448468,0.38318284424379234
5317,0.7405292479108635,0.38329885273650555
5318,0.7406685236768802,0.3832267769838285
5319,0.740807799442897,0.3833427335965407
5320,0.7409470752089137,0.3832706766917293
5321,0.7410863509749304,0.38338658146964855
5322,0.741225626740947,0.38350244269071776
5323,0.7413649025069637,0.38361826037948527
5324,0.7415041782729805,0.38373403456048083
5325,0.7416434540389972,0.38384976525821596
5326,0.7417827298050139,0.3839654524971836
5327,0.7419220055710306,0.38408109630185844
5328,0.7420612813370474,0.3841966966966967
5329,0.7422005571030641,0.38431225370613625
5330,0.7423398328690808,0.3844277673545966
5331,0.7424791086350975,0.3845432376664791
5332,0.7426183844011142,0.38447111777944487
5333,0.742757660167131,0.38458653665854114
5334,0.7428969359331477,0.38451443569553806
5335,0.7430362116991643,0.3846298031865042
5336,0.743175487465181,0.38455772113943026
5337,0.7433147632311977,0.3844856661045531
5338,0.7434540389972145,0.38460097414762084
5339,0.7435933147632312,0.3845289380033714
5340,0.7437325905292479,0.38445692883895133
5341,0.7438718662952646,0.38438494663920614
5342,0.7440111420612814,0.3845001871958068
5343,0.7441504178272981,0.3844282238442822
5344,0.7442896935933148,0.3845434131736527
5345,0.7444289693593314,0.3844714686623012
5346,0.7445682451253481,0.38458660680882906
5347,0.7447075208913649,0.3847017018889097
5348,0.7448467966573816,0.38481675392670156
5349,0.7449860724233983,0.3849317629463451
5350,0.745125348189415,0.3850467289719626
5351,0.7452646239554318,0.3851616520276584
5352,0.7454038997214485,0.38527653213751867
5353,0.7455431754874652,0.3853913693256118
5354,0.7456824512534819,0.38550616361598805
5355,0.7458217270194986,0.38562091503267976
5356,0.7459610027855154,0.38573562359970126
5357,0.746100278551532,0.3856636176964719
5358,0.7462395543175487,0.38577827547592386
5359,0.7463788300835654,0.3858928904646389
5360,0.7465181058495822,0.38600746268656716
5361,0.7466573816155989,0.38593545980227567
5362,0.7467966573816156,0.3858634837747109
5363,0.7469359331476323,0.3857915345888495
5364,0.747075208913649,0.3857196122296793
5365,0.7472144846796658,0.385834109972041
5366,0.7473537604456825,0.38594856503913527
5367,0.7474930362116992,0.38587665362399853
5368,0.7476323119777158,0.3858047690014903
5369,0.7477715877437325,0.3859191655801825
5370,0.7479108635097493,0.38603351955307263
5371,0.748050139275766,0.38614783094395827
5372,0.7481894150417827,0.3862620997766195
5373,0.7483286908077994,0.38619021031081335
5374,0.7484679665738162,0.3861183475995534
5375,0.7486072423398329,0.3862325581395349
5376,0.7487465181058496,0.3861607142857143
5377,0.7488857938718663,0.3862748744653152
5378,0.749025069637883,0.38638899219040534
5379,0.7491643454038998,0.3863171593232943
5380,0.7493036211699164,0.3864312267657993
5381,0.7494428969359331,0.3865452518119309
5382,0.7495821727019498,0.3864734299516908
5383,0.7497214484679666,0.38640163477614714
5384,0.7498607242339833,0.38651560178306094
5385,0.75,0.38644382544103995
5386,0.7501392757660167,0.3863720757519495
5387,0.7502785515320334,0.3863003527009467
5388,0.7504178272980502,0.38641425389755013
5389,0.7505571030640669,0.38652811282241606
5390,0.7506963788300836,0.38664192949907233
5391,0.7508356545961002,0.38657020960860694
5392,0.750974930362117,0.3866839762611276
5393,0.7511142061281337,0.38679770072315967
5394,0.7512534818941504,0.38691138301816835
5395,0.7513927576601671,0.38683966635773864
5396,0.7515320334261838,0.386767976278725
5397,0.7516713091922006,0.386881600889383
5398,0.7518105849582173,0.38680992960355687
5399,0.751949860724234,0.3869235043526579
5400,0.7520891364902507,0.38685185185185184
5401,0.7522284122562675,0.38678022588409555
5402,0.7523676880222842,0.3868937430581266
5403,0.7525069637883008,0.38682213585045344
5404,0.7526462395543175,0.3869356032568468
5405,0.7527855153203342,0.3870490286771508
5406,0.752924791086351,0.3871624121346652
5407,0.7530640668523677,0.3870908082115776
5408,0.7532033426183844,0.3870192307692308
5409,0.7533426183844011,0.38713255684969494
5410,0.7534818941504178,0.38724584103512016
5411,0.7536211699164346,0.38735908334873403
5412,0.7537604456824513,0.3874722838137472
5413,0.753899721448468,0.387585442453353
5414,0.7540389972144846,0.3876985592907277
5415,0.7541782729805014,0.3876269621421976
5416,0.7543175487465181,0.3875553914327917
5417,0.7544568245125348,0.38766845117223553
5418,0.7545961002785515,0.387781469176818
5419,0.7547353760445682,0.3877099095774128
5420,0.754874651810585,0.3878228782287823
5421,0.7550139275766017,0.3879358052019923
5422,0.7551532033426184,0.38804869052010327
5423,0.7552924791086351,0.3879771344274387
5424,0.7554317548746519,0.3880899705014749
5425,0.7555710306406686,0.38820276497695855
5426,0.7557103064066852,0.38831551787688906
5427,0.7558495821727019,0.38824396535839323
5428,0.7559888579387186,0.3883566691230656
5429,0.7561281337047354,0.38846933136857614
5430,0.7562674094707521,0.3883977900552486
5431,0.7564066852367688,0.3885104032406555
5432,0.7565459610027855,0.38843888070692195
5433,0.7566852367688023,0.3885514448739186
5434,0.756824512534819,0.38866396761133604
5435,0.7569637883008357,0.38859245630174793
5436,0.7571030640668523,0.3887049300956586
5437,0.757242339832869,0.38881736251609345
5438,0.7573816155988858,0.38892975358587717
5439,0.7575208913649025,0.38885824600110314
5440,0.7576601671309192,0.3889705882352941
5441,0.7577994428969359,0.3888990994302518
5442,0.7579387186629526,0.3888276368981992
5443,0.7580779944289694,0.38875620062465555
5444,0.7582172701949861,0.3886847905951506
5445,0.7583565459610028,0.38879706152433424
5446,0.7584958217270195,0.3889092912229159
5447,0.7586350974930363,0.38902147971360385
5448,0.758774373259053,0.38895007342143906
5449,0.7589136490250696,0.3890622132501376
5450,0.7590529247910863,0.3891743119266055
5451,0.759192200557103,0.3892863694734911
5452,0.7593314763231198,0.3893983859134263
5453,0.7594707520891365,0.3895103612690262
5454,0.7596100278551532,0.38943894389438943
5455,0.7597493036211699,0.38955087076076994
5456,0.7598885793871867,0.38947947214076245
5457,0.7600278551532034,0.38959135055891514
5458,0.7601671309192201,0.3897031879809454
5459,0.7603064066852367,0.38981498442938267
5460,0.7604456824512534,0.38992673992673993
5461,0.7605849582172702,0.39003845449551366
5462,0.7607242339832869,0.39015012815818384
5463,0.7608635097493036,0.390261760937214
5464,0.7610027855153203,0.39037335285505126
5465,0.7611420612813371,0.3903019213174748
5466,0.7612813370473538,0.39041346505671426
5467,0.7614206128133705,0.3905249679897567
5468,0.7615598885793872,0.39063643013899046
5469,0.7616991643454039,0.39074785152678737
5470,0.7618384401114207,0.3906764168190128
5471,0.7619777158774373,0.3907877901663316
5472,0.762116991643454,0.39089912280701755
5473,0.7622562674094707,0.3908276996162982
5474,0.7623955431754874,0.3907563025210084
5475,0.7625348189415042,0.3908675799086758
5476,0.7626740947075209,0.39097881665449236
5477,0.7628133704735376,0.39109001278071936
5478,0.7629526462395543,0.3910186199342826
5479,0.7630919220055711,0.39094725314838474
5480,0.7632311977715878,0.39105839416058397
5481,0.7633704735376045,0.39116949461777045
5482,0.7635097493036211,0.39109813936519516
5483,0.7636490250696378,0.39102681014043406
5484,0.7637883008356546,0.3911378555798687
5485,0.7639275766016713,0.39124886052871466
5486,0.764066852367688,0.3913598250091141
5487,0.7642061281337047,0.391470749043193
5488,0.7643454038997215,0.39158163265306123
5489,0.7644846796657382,0.3916924758608125
5490,0.7646239554317549,0.3918032786885246
5491,0.7647632311977716,0.39191404115825895
5492,0.7649025069637883,0.3920247632920612
5493,0.765041782729805,0.3921354451119607
5494,0.7651810584958217,0.39206406989443027
5495,0.7653203342618384,0.3921747042766151
5496,0.7654596100278551,0.3922852983988355
5497,0.7655988857938719,0.3923958522830635
5498,0.7657381615598886,0.39232448162968353
5499,0.7658774373259053,0.392253136933988
5500,0.766016713091922,0.39236363636363636
5501,0.7661559888579387,0.3924740956189784
5502,0.7662952646239555,0.39240276263177026
5503,0.7664345403899722,0.39233145556968924
5504,0.7665738161559889,0.39244186046511625
5505,0.7667130919220055,0.39255222524977296
5506,0.7668523676880222,0.3924809298946604
5507,0.766991643454039,0.39240966043217723
5508,0.7671309192200557,0.3925199709513435
5509,0.7672701949860724,0.39244872027591216
5510,0.7674094707520891,0.3925589836660617
5511,0.7675487465181059,0.3924877517691889
5512,0.7676880222841226,0.3925979680696662
5513,0.7678272980501393,0.3927081443859967
5514,0.767966573816156,0.3928182807399347
5515,0.7681058495821727,0.3927470534904805
5516,0.7682451253481895,0.39285714285714285
5517,0.7683844011142061,0.39296719231466376
5518,0.7685236768802228,0.3930772018847408
5519,0.7686629526462395,0.393187171589056
5520,0.7688022284122563,0.3932971014492754
5521,0.768941504178273,0.3932258648795508
5522,0.7690807799442897,0.3933357479174212
5523,0.7692200557103064,0.39344559116422234
5524,0.7693593314763231,0.3935553946415641
5525,0.7694986072423399,0.3936651583710407
5526,0.7696378830083566,0.3937748823742309
5527,0.7697771587743732,0.39370363669259995
5528,0.7699164345403899,0.39381331403762665
5529,0.7700557103064067,0.39392295170916986
5530,0.7701949860724234,0.39403254972875223
5531,0.7703342618384401,0.39396130898571685
5532,0.7704735376044568,0.3940708604483008
5533,0.7706128133704735,0.39418037231158504
5534,0.7707520891364903,0.3942898445970365
5535,0.770891364902507,0.39421860885275517
5536,0.7710306406685237,0.39432803468208094
5537,0.7711699164345404,0.3944374209860936
5538,0.771309192200557,0.3945467677862044
5539,0.7714484679665738,0.39465607510380935
5540,0.7715877437325905,0.3947653429602888
5541,0.7717270194986072,0.39487457137700777
5542,0.7718662952646239,0.3949837603753158
5543,0.7720055710306407,0.3949125022550965
5544,0.7721448467966574,0.395021645021645
5545,0.7722841225626741,0.3951307484220018
5546,0.7724233983286908,0.39523981247746126
5547,0.7725626740947075,0.3953488372093023
5548,0.7727019498607243,0.3952775775054074
5549,0.772841225626741,0.39538655613624074
5550,0.7729805013927576,0.3954954954954955
5551,0.7731197771587743,0.3956043956043956
5552,0.7732590529247911,0.39571325648414984
5553,0.7733983286908078,0.3958220781559517
5554,0.7735376044568245,0.39575081022686354
5555,0.7736768802228412,0.39567956795679565
5556,0.7738161559888579,0.3957883369330454
5557,0.7739554317548747,0.3958970667626417
5558,0.7740947075208914,0.395825836631882
5559,0.7742339832869081,0.3957546321280806
5560,0.7743732590529248,0.39568345323741005
5561,0.7745125348189416,0.3957921237187556
5562,0.7746518105849582,0.3959007551240561
5563,0.7747910863509749,0.3960093474743843
5564,0.7749303621169916,0.39593817397555714
5565,0.7750696378830083,0.39604672057502244
5566,0.7752089136490251,0.3959755659360402
5567,0.7753481894150418,0.396084066822346
5568,0.7754874651810585,0.39601293103448276
5569,0.7756267409470752,0.3961213862452864
5570,0.775766016713092,0.39605026929982046
5571,0.7759052924791087,0.3959791778854784
5572,0.7760445682451254,0.3960875807609476
5573,0.776183844011142,0.3961959447335367
5574,0.7763231197771587,0.3961248654467169
5575,0.7764623955431755,0.39623318385650225
5576,0.7766016713091922,0.39634146341463417
5577,0.7767409470752089,0.39644970414201186
5578,0.7768802228412256,0.39637863033345283
5579,0.7770194986072423,0.39630758200394334
5580,0.7771587743732591,0.396415770609319
5581,0.7772980501392758,0.3963447410858269
5582,0.7774373259052925,0.39645288427087066
5583,0.7775766016713092,0.39656098871574424
5584,0.777715877437326,0.3964899713467049
5585,0.7778551532033426,0.39659803043867503
5586,0.7779944289693593,0.3967060508413892
5587,0.778133704735376,0.396814032575622
5588,0.7782729805013927,0.39692197566213316
5589,0.7784122562674095,0.3968509572374307
5590,0.7785515320334262,0.39695885509838996
5591,0.7786908077994429,0.3968878554820247
5592,0.7788300835654596,0.3969957081545064
5593,0.7789693593314764,0.3971035222599678
5594,0.7791086350974931,0.39703253485877726
5595,0.7792479108635098,0.3971403038427167
5596,0.7793871866295264,0.3972480343102216
5597,0.7795264623955431,0.3971770591388244
5598,0.7796657381615599,0.3972847445516256
5599,0.7798050139275766,0.3973923914984819
5600,0.7799442896935933,0.3975
5601,0.78008356545961,0.39742903053026246
5602,0.7802228412256268,0.39753659407354514
5603,0.7803621169916435,0.3974656434053186
5604,0.7805013927576602,0.3975731620271235
5605,0.7806406685236769,0.3976806422836753
5606,0.7807799442896936,0.3977880841955048
5607,0.7809192200557104,0.3978954877831282
5608,0.781058495821727,0.39782453637660486
5609,0.7811977715877437,0.3979318951684792
5610,0.7813370473537604,0.39786096256684494
5611,0.7814763231197771,0.39796827659953665
5612,0.7816155988857939,0.39789736279401283
5613,0.7817548746518106,0.3980046321040442
5614,0.7818941504178273,0.3979337370858568
5615,0.782033426183844,0.3978628673196794
5616,0.7821727019498608,0.39797008547008544
5617,0.7823119777158775,0.3980772654441873
5618,0.7824512534818941,0.398184407262371
5619,0.7825905292479108,0.39829151094500803
5620,0.7827298050139275,0.398220640569395
5621,0.7828690807799443,0.3983276996975627
5622,0.783008356545961,0.3984347207399502
5623,0.7831476323119777,0.39854170371687714
5624,0.7832869080779944,0.39864864864864863
5625,0.7834261838440112,0.39875555555555553
5626,0.7835654596100279,0.3988624244578742
5627,0.7837047353760446,0.3987915407854985
5628,0.7838440111420613,0.39889836531627576
5629,0.783983286908078,0.39900515189198793
5630,0.7841225626740947,0.3989342806394316
5631,0.7842618384401114,0.3990410229088972
5632,0.7844011142061281,0.3991477272727273
5633,0.7845403899721448,0.39925439375110955
5634,0.7846796657381616,0.3993610223642173
5635,0.7848189415041783,0.3994676131322094
5636,0.784958217270195,0.39939673527324343
5637,0.7850974930362117,0.39932588256164625
5638,0.7852367688022284,0.3992550549840369
5639,0.7853760445682452,0.3993615889342082
5640,0.7855153203342619,0.399468085106383
5641,0.7856545961002785,0.39957454352065236
5642,0.7857938718662952,0.39950372208436724
5643,0.7859331476323119,0.3994329257487152
5644,0.7860724233983287,0.39953933380581147
5645,0.7862116991643454,0.39964570416297607
5646,0.7863509749303621,0.39975203684024085
5647,0.7864902506963788,0.39985833185762354
5648,0.7866295264623956,0.39996458923512745
5649,0.7867688022284123,0.40007080899274206
5650,0.786908077994429,0.4001769911504425
5651,0.7870473537604457,0.4002831357281897
5652,0.7871866295264623,0.40038924274593063
5653,0.7873259052924791,0.4004953122235981
5654,0.7874651810584958,0.4006013441811107
5655,0.7876044568245125,0.4007073386383731
5656,0.7877437325905292,0.4006364922206506
5657,0.787883008356546,0.400565670850274
5658,0.7880222841225627,0.4006716154118063
5659,0.7881615598885794,0.40077752253048243
5660,0.7883008356545961,0.4007067137809187
5661,0.7884401114206128,0.40063593004769477
5662,0.7885793871866296,0.4007417873542918
5663,0.7887186629526463,0.4008476072752958
5664,0.7888579387186629,0.4009533898305085
5665,0.7889972144846796,0.4010591350397176
5666,0.7891364902506964,0.4011648429226968
5667,0.7892757660167131,0.40127051349920595
5668,0.7894150417827298,0.4013761467889908
5669,0.7895543175487465,0.4014817428117834
5670,0.7896935933147632,0.4015873015873016
5671,0.78983286908078,0.4016928231352495
5672,0.7899721448467967,0.40162200282087446
5673,0.7901114206128134,0.40172748105059053
5674,0.79025069637883,0.40183292210081073
5675,0.7903899721448467,0.40193832599118945
5676,0.7905292479108635,0.40186751233262863
5677,0.7906685236768802,0.40179672362163116
5678,0.7908077994428969,0.40172595984501586
5679,0.7909470752089136,0.40183130832893116
5680,0.7910863509749304,0.40193661971830985
5681,0.7912256267409471,0.4020418940327407
5682,0.7913649025069638,0.4021471312917987
5683,0.7915041782729805,0.40225233151504486
5684,0.7916434540389972,0.40235749472202675
5685,0.791782729805014,0.4022867194371152
5686,0.7919220055710307,0.40239183960604996
5687,0.7920612813370473,0.40249692280640054
5688,0.792200557103064,0.40260196905766527
5689,0.7923398328690808,0.40253120056248903
5690,0.7924791086350975,0.40263620386643234
5691,0.7926183844011142,0.40274117026884554
5692,0.7927576601671309,0.4028460997891778
5693,0.7928969359331476,0.4027753381345512
5694,0.7930362116991644,0.40288022479803304
5695,0.7931754874651811,0.4028094820017559
5696,0.7933147632311978,0.40291432584269665
5697,0.7934540389972145,0.4030191328769528
5698,0.7935933147632313,0.40294840294840295
5699,0.7937325905292479,0.4030531672223197
5700,0.7938718662952646,0.4031578947368421
5701,0.7940111420612813,0.40326258551131383
5702,0.794150417827298,0.40319186250438444
5703,0.7942896935933148,0.4032965106084517
5704,0.7944289693593315,0.40340112201963535
5705,0.7945682451253482,0.40333041191936897
5706,0.7947075208913649,0.4032597266035752
5707,0.7948467966573816,0.40336428946907305
5708,0.7949860724233984,0.403468815697267
5709,0.795125348189415,0.40339814328253637
5710,0.7952646239554317,0.40350262697022765
5711,0.7954038997214484,0.4034319733846962
5712,0.7955431754874652,0.40353641456582634
5713,0.7956824512534819,0.4034657798004551
5714,0.7958217270194986,0.40357017850892546
5715,0.7959610027855153,0.4036745406824147
5716,0.796100278551532,0.40377886634009796
5717,0.7962395543175488,0.40388315550113696
5718,0.7963788300835655,0.40398740818467993
5719,0.7965181058495822,0.40409162440986185
5720,0.7966573816155988,0.4041958041958042
5721,0.7967966573816156,0.4042999475616151
5722,0.7969359331476323,0.4044040545263894
5723,0.797075208913649,0.4043333915778438
5724,0.7972144846796657,0.40443745632424877
5725,0.7973537604456824,0.4045414847161572
5726,0.7974930362116992,0.40464547677261614
5727,0.7976323119777159,0.4047494325126593
5728,0.7977715877437326,0.40485335195530725
5729,0.7979108635097493,0.4049572351195671
5730,0.7980501392757661,0.4048865619546248
5731,0.7981894150417828,0.4049904030710173
5732,0.7983286908077994,0.40509420795533846
5733,0.7984679665738161,0.40519797662654805
5734,0.7986072423398328,0.4053017091035926
5735,0.7987465181058496,0.405231037489102
5736,0.7988857938718663,0.4053347280334728
5737,0.799025069637883,0.4052640753006798
5738,0.7991643454038997,0.40536772394562565
5739,0.7993036211699165,0.40529709008538073
5740,0.7994428969359332,0.4054006968641115
5741,0.7995821727019499,0.4053300818672705
5742,0.7997214484679666,0.4054336468129572
5743,0.7998607242339832,0.405537175692147
5744,0.8,0.40564066852367686
5745,0.8001392757660167,0.40557006092254133
5746,0.8002785515320334,0.40549947789766794
5747,0.8004178272980501,0.4056029232643118
5748,0.8005571030640668,0.4057063326374391
5749,0.8006963788300836,0.40580970603583233
5750,0.8008356545961003,0.40591304347826085
5751,0.800974930362117,0.40601634498348116
5752,0.8011142061281337,0.4059457579972184
5753,0.8012534818941505,0.4060490179037024
5754,0.8013927576601672,0.4061522419186653
5755,0.8015320334261838,0.4060816681146829
5756,0.8016713091922005,0.406184850590688
5757,0.8018105849582172,0.4062879972207747
5758,0.801949860724234,0.40639110802361933
5759,0.8020891364902507,0.40649418301788504
5760,0.8022284122562674,0.40642361111111114
5761,0.8023676880222841,0.4065266446797431
5762,0.8025069637883009,0.4066296424852482
5763,0.8026462395543176,0.40655908381051536
5764,0.8027855153203343,0.4064885496183206
5765,0.802924791086351,0.4064180398959237
5766,0.8030640668523676,0.40634755463059313
5767,0.8032033426183844,0.40627709380960636
5768,0.8033426183844011,0.406380027739251
5769,0.8034818941504178,0.406482925983706
5770,0.8036211699164345,0.4065857885615251
5771,0.8037604456824513,0.40668861549124935
5772,0.803899721448468,0.40661815661815665
5773,0.8040389972144847,0.4067209423176858
5774,0.8041782729805014,0.4066505022514721
5775,0.8043175487465181,0.4065800865800866
5776,0.8044568245125349,0.40668282548476453
5777,0.8045961002785516,0.40678552882118746
5778,0.8047353760445682,0.40688819660782277
5779,0.8048746518105849,0.4069908288631251
5780,0.8050139275766016,0.40709342560553635
5781,0.8051532033426184,0.40719598685348557
5782,0.8052924791086351,0.4071255620892425
5783,0.8054317548746518,0.4072280823102196
5784,0.8055710306406685,0.4071576763485477
5785,0.8057103064066853,0.4072601555747623
5786,0.805849582172702,0.40718976840649845
5787,0.8059888579387187,0.40729220667012267
5788,0.8061281337047354,0.4072218382861092
5789,0.806267409470752,0.40732423561927794
5790,0.8064066852367688,0.4072538860103627
5791,0.8065459610027855,0.40735624244517354
5792,0.8066852367688022,0.4074585635359116
5793,0.8068245125348189,0.4075608493008804
5794,0.8069637883008357,0.40766309975837073
5795,0.8071030640668524,0.4077653149266609
5796,0.8072423398328691,0.40769496204278816
5797,0.8073816155988858,0.40779713644988785
5798,0.8075208913649025,0.4078992756122801
5799,0.8076601671309193,0.4078289360234523
5800,0.807799442896936,0.40793103448275864
5801,0.8079387186629526,0.40803309774176866
5802,0.8080779944289693,0.4081351258186832
5803,0.8082172701949861,0.4080647940720317
5804,0.8083565459610028,0.4081667815299793
5805,0.8084958217270195,0.4082687338501292
5806,0.8086350974930362,0.40837065105063725
5807,0.8087743732590529,0.4083003271913208
5808,0.8089136490250697,0.40823002754820936
5809,0.8090529247910864,0.4081597521087967
5810,0.8091922005571031,0.4080895008605852
5811,0.8093314763231197,0.40819136121149546
5812,0.8094707520891364,0.40812112869924294
5813,0.8096100278551532,0.40822294856356445
5814,0.8097493036211699,0.40832473340213277
5815,0.8098885793871866,0.40842648323301806
5816,0.8100278551532033,0.40852819807427787
5817,0.8101671309192201,0.4086298779439574
5818,0.8103064066852368,0.4087315228600894
5819,0.8104456824512535,0.40866128200721774
5820,0.8105849582172702,0.40876288659793814
5821,0.8107242339832869,0.4088644562789899
5822,0.8108635097493037,0.4089659910683614
5823,0.8110027855153203,0.40906749098402884
5824,0.811142061281337,0.40916895604395603
5825,0.8112813370473537,0.4092703862660944
5826,0.8114206128133705,0.4093717816683831
5827,0.8115598885793872,0.4094731422687489
5828,0.8116991643454039,0.4094028826355525
5829,0.8118384401114206,0.40950420312231944
5830,0.8119777158774373,0.40960548885077186
5831,0.8121169916434541,0.40970673983879263
5832,0.8122562674094708,0.40963648834019206
5833,0.8123955431754875,0.4097376992971027
5834,0.8125348189415041,0.4098388755570792
5835,0.8126740947075209,0.40976863753213366
5836,0.8128133704735376,0.40986977381768336
5837,0.8129526462395543,0.40997087544971733
5838,0.813091922005571,0.41007194244604317
5839,0.8132311977715877,0.41017297482445625
5840,0.8133704735376045,0.41027397260273973
5841,0.8135097493036212,0.41037493579866463
5842,0.8136490250696379,0.41047586442998973
5843,0.8137883008356546,0.4104056135546808
5844,0.8139275766016713,0.4105065023956194
5845,0.814066852367688,0.41060735671514115
5846,0.8142061281337047,0.41070817653096137
5847,0.8143454038997214,0.4106379339832393
5848,0.8144846796657381,0.41056771545827636
5849,0.8146239554317549,0.4106684903402291
5850,0.8147632311977716,0.4107692307692308
5851,0.8149025069637883,0.41086993676294653
5852,0.815041782729805,0.4109706083390294
5853,0.8151810584958217,0.4110712455151205
5854,0.8153203342618385,0.4111718483088487
5855,0.8154596100278552,0.41127241673783094
5856,0.8155988857938719,0.4113729508196721
5857,0.8157381615598885,0.41130271470035856
5858,0.8158774373259053,0.41140320928644586
5859,0.816016713091922,0.4115036695681857
5860,0.8161559888579387,0.4114334470989761
5861,0.8162952646239554,0.41153386794062446
5862,0.8164345403899721,0.41146366427840325
5863,0.8165738161559889,0.41139348456421626
5864,0.8167130919220056,0.411493860845839
5865,0.8168523676880223,0.4115942028985507
5866,0.816991643454039,0.4116945107398568
5867,0.8171309192200558,0.4117947843872507
5868,0.8172701949860725,0.411895023858214
5869,0.8174094707520891,0.4119952291702164
5870,0.8175487465181058,0.4120954003407155
5871,0.8176880222841225,0.4121955373871572
5872,0.8178272980501393,0.41229564032697547
5873,0.817966573816156,0.4123957091775924
5874,0.8181058495821727,0.41249574395641814
5875,0.8182451253481894,0.4125957446808511
5876,0.8183844011142062,0.41269571136827776
5877,0.8185236768802229,0.41279564403607283
5878,0.8186629526462396,0.4127254168084382
5879,0.8188022284122562,0.41282531042694337
5880,0.8189415041782729,0.4129251700680272
5881,0.8190807799442897,0.4130249957490223
5882,0.8192200557103064,0.4129547772866372
5883,0.8193593314763231,0.41288458269590345
5884,0.8194986072423398,0.41298436437797414
5885,0.8196378830083565,0.4129141886151232
5886,0.8197771587743733,0.41284403669724773
5887,0.81991643454039,0.4129437744182096
5888,0.8200557103064067,0.41287364130434784
5889,0.8201949860724234,0.412973340125658
5890,0.8203342618384402,0.4129032258064516
5891,0.8204735376044568,0.4130028857579358
5892,0.8206128133704735,0.41310251188051594
5893,0.8207520891364902,0.4130324113354828
5894,0.8208913649025069,0.41313199864268746
5895,0.8210306406685237,0.41323155216284985
5896,0.8211699164345404,0.4133310719131615
5897,0.8213091922005571,0.4134305579108021
5898,0.8214484679665738,0.41353001017294
5899,0.8215877437325906,0.41362942871673164
5900,0.8217270194986073,0.4135593220338983
5901,0.821866295264624,0.41365870191492965
5902,0.8220055710306406,0.4137580481192816
5903,0.8221448467966573,0.4136879552769778
5904,0.8222841225626741,0.41378726287262874
5905,0.8224233983286908,0.4138865368331922
5906,0.8225626740947075,0.41398577717575347
5907,0.8227019498607242,0.4139156932453022
5908,0.822841225626741,0.41401489505754907
5909,0.8229805013927577,0.41394482992046033
5910,0.8231197771587744,0.4140439932318105
5911,0.8232590529247911,0.4141431229910337
5912,0.8233983286908078,0.41424221921515564
5913,0.8235376044568246,0.4143412819211906
5914,0.8236768802228412,0.4144403111261414
5915,0.8238161559888579,0.4143702451394759
5916,0.8239554317548746,0.41446923597025015
5917,0.8240947075208913,0.4145681933412202
5918,0.8242339832869081,0.41466711726934774
5919,0.8243732590529248,0.41459706031424226
5920,0.8245125348189415,0.41469594594594594
5921,0.8246518105849582,0.4147947981759838
5922,0.824791086350975,0.4148936170212766
5923,0.8249303621169917,0.41499240249873376
5924,0.8250696378830084,0.4150911546252532
5925,0.825208913649025,0.4151898734177215
5926,0.8253481894150417,0.41528855889301386
5927,0.8254874651810585,0.4153872110679939
5928,0.8256267409470752,0.41548582995951416
5929,0.8257660167130919,0.4155844155844156
5930,0.8259052924791086,0.4156829679595278
5931,0.8260445682451254,0.4157814871016692
5932,0.8261838440111421,0.4158799730276467
5933,0.8263231197771588,0.41597842575425586
5934,0.8264623955431755,0.4159083249073138
5935,0.8266016713091922,0.41600673967986523
5936,0.826740947075209,0.41610512129380056
5937,0.8268802228412256,0.416203469765875
5938,0.8270194986072423,0.4163017851128326
5939,0.827158774373259,0.41640006735140594
5940,0.8272980501392758,0.4164983164983165
5941,0.8274373259052925,0.41659653257027435
5942,0.8275766016713092,0.41669471558397847
5943,0.8277158774373259,0.4166246003701834
5944,0.8278551532033426,0.41672274562584116
5945,0.8279944289693594,0.41682085786375106
5946,0.8281337047353761,0.4169189371005718
5947,0.8282729805013928,0.41701698335295107
5948,0.8284122562674094,0.4169468728984533
5949,0.8285515320334261,0.4168767860144562
5950,0.8286908077994429,0.41680672268907565
5951,0.8288300835654596,0.4167366829104352
5952,0.8289693593314763,0.4168346774193548
5953,0.829108635097493,0.41693263900554345
5954,0.8292479108635098,0.4170305676855895
5955,0.8293871866295265,0.41696053736356004
5956,0.8295264623955432,0.4170584284754869
5957,0.8296657381615599,0.4171562867215041
5958,0.8298050139275766,0.41725411211816044
5959,0.8299442896935934,0.4173519046819936
5960,0.83008356545961,0.4174496644295302
5961,0.8302228412256267,0.4173796342895487
5962,0.8303621169916434,0.41747735659174773
5963,0.8305013927576602,0.417575046117726
5964,0.8306406685236769,0.41750503018108653
5965,0.8307799442896936,0.4176026823134954
5966,0.8309192200557103,0.41770030170968825
5967,0.831058495821727,0.41763029998324114
5968,0.8311977715877438,0.4177278820375335
5969,0.8313370473537605,0.4178254313955436
5970,0.8314763231197771,0.41792294807370184
5971,0.8316155988857938,0.4180204320884274
5972,0.8317548746518106,0.4181178834561286
5973,0.8318941504178273,0.41821530219320274
5974,0.832033426183844,0.4181452962838969
5975,0.8321727019498607,0.4182426778242678
5976,0.8323119777158774,0.4183400267737617
5977,0.8324512534818942,0.41827003513468297
5978,0.8325905292479109,0.41836734693877553
5979,0.8327298050139276,0.41846462619167085
5980,0.8328690807799443,0.418561872909699
5981,0.833008356545961,0.41849189098812906
5982,0.8331476323119777,0.4185891006352391
5983,0.8332869080779944,0.41868627778706335
5984,0.8334261838440111,0.41878342245989303
5985,0.8335654596100278,0.41888053467000835
5986,0.8337047353760446,0.4189776144336786
5987,0.8338440111420613,0.4190746617671622
5988,0.833983286908078,0.41917167668670674
5989,0.8341225626740947,0.419268659208549
5990,0.8342618384401114,0.41936560934891487
5991,0.8344011142061282,0.4194625271240194
5992,0.8345403899721449,0.41955941255006673
5993,0.8346796657381615,0.4196562656432505
5994,0.8348189415041782,0.41958625291958623
5995,0.834958217270195,0.4196830692243536
5996,0.8350974930362117,0.41961307538358905
5997,0.8352367688022284,0.4197098549274637
5998,0.8353760445682451,0.41980660220073357
5999,0.8355153203342618,0.4199033172195366
6000,0.8356545961002786,0.42
6001,0.8357938718662953,0.4200966505582403
6002,0.835933147632312,0.42019326891036324
6003,0.8360724233983287,0.4201232716974846
6004,0.8362116991643455,0.42021985343104595
6005,0.8363509749303621,0.42031640299750206
6006,0.8364902506963788,0.4202464202464202
6007,0.8366295264623955,0.420342933244548
6008,0.8367688022284122,0.42043941411451397
6009,0.836908077994429,0.42036944583125313
6010,0.8370473537604457,0.42046589018302827
6011,0.8371866295264624,0.42056230244551657
6012,0.8373259052924791,0.42065868263473055
6013,0.8374651810584958,0.4205887244304008
6014,0.8376044568245126,0.42068506817426005
6015,0.8377437325905293,0.4207813798836243
6016,0.8378830083565459,0.4208776595744681
6017,0.8380222841225626,0.4209739072627555
6018,0.8381615598885794,0.42107012296444
6019,0.8383008356545961,0.42116630669546434
6020,0.8384401114206128,0.4210963455149502
6021,0.8385793871866295,0.42119249294137184
6022,0.8387186629526462,0.4212886084357356
6023,0.838857938718663,0.4213846920139465
6024,0.8389972144846797,0.4214807436918991
6025,0.8391364902506964,0.42141078838174273
6026,0.839275766016713,0.4215068038499834
6027,0.8394150417827299,0.42160278745644597
6028,0.8395543175487465,0.4216987392169874
6029,0.8396935933147632,0.42179465914745395
6030,0.8398328690807799,0.4217247097844113
6031,0.8399721448467966,0.42182059359973473
6032,0.8401114206128134,0.4219164456233422
6033,0.8402506963788301,0.4218465108569534
6034,0.8403899721448468,0.4219423268147166
6035,0.8405292479108635,0.42203811101905553
6036,0.8406685236768803,0.42213386348575216
6037,0.840807799442897,0.42206393904257083
6038,0.8409470752089137,0.421994037760848
6039,0.8410863509749303,0.42208974995860243
6040,0.841225626740947,0.42218543046357615
6041,0.8413649025069638,0.42228107929150804
6042,0.8415041782729805,0.42221118834822907
6043,0.8416434540389972,0.42214132053615755
6044,0.8417827298050139,0.42223692918596956
6045,0.8419220055710307,0.42233250620347396
6046,0.8420612813370474,0.42242805160436653
6047,0.8422005571030641,0.4225235654043327
6048,0.8423398328690808,0.4226190476190476
6049,0.8424791086350975,0.4227144982641759
6050,0.8426183844011143,0.4226446280991736
6051,0.8427576601671309,0.42274004296810447
6052,0.8428969359331476,0.4228354263053536
6053,0.8430362116991643,0.42276557079134314
6054,0.843175487465181,0.4226957383548067
6055,0.8433147632311978,0.4226259289843105
6056,0.8434540389972145,0.4227212681638045
6057,0.8435933147632312,0.42265147762918936
6058,0.8437325905292479,0.4227467811158798
6059,0.8438718662952647,0.4228420531440832
6060,0.8440111420612814,0.42277227722772276
6061,0.844150417827298,0.42286751361161523
6062,0.8442896935933147,0.42296271857472784
6063,0.8444289693593314,0.42305789213260764
6064,0.8445682451253482,0.42315303430079154
6065,0.8447075208913649,0.42324814509480624
6066,0.8448467966573816,0.42317837124958785
6067,0.8449860724233983,0.4232734465139278
6068,0.8451253481894151,0.4233684904416612
6069,0.8452646239554318,0.4234635030482781
6070,0.8454038997214485,0.4233937397034596
6071,0.8455431754874652,0.42332399934112996
6072,0.8456824512534818,0.4234189723320158
6073,0.8458217270194986,0.4233492507821505
6074,0.8459610027855153,0.4234441883437603
6075,0.846100278551532,0.4233744855967078
6076,0.8462395543175487,0.42330480579328505
6077,0.8463788300835655,0.4233997038012177
6078,0.8465181058495822,0.42333004277722935
6079,0.8466573816155989,0.42342490541207434
6080,0.8467966573816156,0.42351973684210525
6081,0.8469359331476323,0.4234500904456504
6082,0.8470752089136491,0.42354488655047684
6083,0.8472144846796658,0.42363965148775273
6084,0.8473537604456824,0.4237343852728468
6085,0.8474930362116991,0.4238290879211175
6086,0.8476323119777158,0.4239237594479132
6087,0.8477715877437326,0.42385411532774764
6088,0.8479108635097493,0.42394875164257556
6089,0.848050139275766,0.4240433568730498
6090,0.8481894150417827,0.4239737274220033
6091,0.8483286908077995,0.4239041208340174
6092,0.8484679665738162,0.42399868680236374
6093,0.8486072423398329,0.4240932217298539
6094,0.8487465181058496,0.42402362979980307
6095,0.8488857938718662,0.42411812961443807
6096,0.849025069637883,0.4240485564304462
6097,0.8491643454038997,0.42414302115794655
6098,0.8493036211699164,0.42407346671039686
6099,0.8494428969359331,0.42416789637645513
6100,0.8495821727019499,0.4242622950819672
6101,0.8497214484679666,0.424356662842157
6102,0.8498607242339833,0.42428711897738447
6103,0.85,0.42438145174504344
6104,0.8501392757660167,0.4243119266055046
6105,0.8502785515320335,0.4244062244062244
6106,0.8504178272980502,0.4245004913200131
6107,0.8505571030640668,0.42459472736204357
6108,0.8506963788300835,0.4246889325474787
6109,0.8508356545961003,0.4247831068914716
6110,0.850974930362117,0.4248772504091653
6111,0.8511142061281337,0.42480772377679593
6112,0.8512534818941504,0.424901832460733
6113,0.8513927576601671,0.4248323245542287
6114,0.8515320334261839,0.42492639842983315
6115,0.8516713091922006,0.4250204415372036
6116,0.8518105849582173,0.4251144538914323
6117,0.851949860724234,0.4250449566781102
6118,0.8520891364902506,0.42513893429225236
6119,0.8522284122562674,0.4252328811897369
6120,0.8523676880222841,0.4253267973856209
6121,0.8525069637883008,0.42542068289495183
6122,0.8526462395543175,0.4255145377327671
6123,0.8527855153203343,0.4256083619140944
6124,0.852924791086351,0.4257021554539517
6125,0.8530640668523677,0.4256326530612245
6126,0.8532033426183844,0.425726412014365
6127,0.8533426183844011,0.4258201403623307
6128,0.8534818941504179,0.4259138381201044
6129,0.8536211699164346,0.42600750530265946
6130,0.8537604456824512,0.42610114192495924
6131,0.8538997214484679,0.42603164247267983
6132,0.8540389972144847,0.4261252446183953
6133,0.8541782729805014,0.42621881624001307
6134,0.8543175487465181,0.4263123573524617
6135,0.8544568245125348,0.42640586797066016
6136,0.8545961002785515,0.42633637548891784
6137,0.8547353760445683,0.426429851719081
6138,0.854874651810585,0.4265232974910394
6139,0.8550139275766017,0.4264538198403649
6140,0.8551532033426184,0.4265472312703583
6141,0.8552924791086352,0.4266406122781306
6142,0.8554317548746518,0.4267339628785412
6143,0.8555710306406685,0.42682728308643986
6144,0.8557103064066852,0.4269205729166667
6145,0.8558495821727019,0.4268510984540277
6146,0.8559888579387187,0.42694435405141556
6147,0.8561281337047354,0.427037579306979
6148,0.8562674094707521,0.42713077423552376
6149,0.8564066852367688,0.42722393885184584
6150,0.8565459610027855,0.4271544715447154
6151,0.8566852367688023,0.42724760201593237
6152,0.856824512534819,0.4273407022106632
6153,0.8569637883008356,0.42727124979684705
6154,0.8571030640668523,0.4272018199545011
6155,0.8572423398328691,0.4272948822095857
6156,0.8573816155988858,0.4273879142300195
6157,0.8575208913649025,0.42748091603053434
6158,0.8576601671309192,0.4275738876258525
6159,0.8577994428969359,0.42750446501055367
6160,0.8579387186629527,0.4275974025974026
6161,0.8580779944289694,0.427690310014608
6162,0.8582172701949861,0.4276209023044466
6163,0.8583565459610027,0.4277137757585591
6164,0.8584958217270195,0.42764438676184297
6165,0.8586350974930362,0.42773722627737226
6166,0.8587743732590529,0.42766785598443074
6167,0.8589136490250696,0.42776066158586024
6168,0.8590529247910863,0.4278534370946822
6169,0.8591922005571031,0.4279461825255309
6170,0.8593314763231198,0.4280388978930308
6171,0.8594707520891365,0.4281315832117971
6172,0.8596100278551532,0.42822423849643554
6173,0.85974930362117,0.4281548679734327
6174,0.8598885793871867,0.42824748947197927
6175,0.8600278551532033,0.42834008097165993
6176,0.86016713091922,0.42843264248704666
6177,0.8603064066852367,0.4283632831471588
6178,0.8604456824512535,0.42845581094205243
6179,0.8605849582172702,0.428386470302638
6180,0.8607242339832869,0.4284789644012945
6181,0.8608635097493036,0.42857142857142855
6182,0.8610027855153203,0.42850210287932705
6183,0.8611420612813371,0.4284327996118389
6184,0.8612813370473538,0.42852522639068563
6185,0.8614206128133705,0.4286176232821342
6186,0.8615598885793871,0.42870999030067897
6187,0.861699164345404,0.42864069823824147
6188,0.8618384401114206,0.42857142857142855
6189,0.8619777158774373,0.4285021812893844
6190,0.862116991643454,0.42859450726979
6191,0.8622562674094707,0.42868680342432564
6192,0.8623955431754875,0.42861757105943155
6193,0.8625348189415042,0.42854836105280153
6194,0.8626740947075209,0.4284791733936067
6195,0.8628133704735376,0.42857142857142855
6196,0.8629526462395544,0.4286636539703034
6197,0.863091922005571,0.4287558496046474
6198,0.8632311977715877,0.4286866731203614
6199,0.8633704735376044,0.4286175189546701
6200,0.8635097493036211,0.42870967741935484
6201,0.8636490250696379,0.42880180616029673
6202,0.8637883008356546,0.42873266688165107
6203,0.8639275766016713,0.428663549895212
6204,0.864066852367688,0.4285944551901999
6205,0.8642061281337048,0.42868654311039484
6206,0.8643454038997215,0.42877860135352885
6207,0.8644846796657382,0.42870952150797487
6208,0.8646239554317549,0.42880154639175255
6209,0.8647632311977715,0.4288935416331132
6210,0.8649025069637883,0.4289855072463768
6211,0.865041782729805,0.42891643857671874
6212,0.8651810584958217,0.42884739214423695
6213,0.8653203342618384,0.42893932077901176
6214,0.8654596100278552,0.4290312198261989
6215,0.8655988857938719,0.42896218825422366
6216,0.8657381615598886,0.42905405405405406
6217,0.8658774373259053,0.42914589030078815
6218,0.866016713091922,0.42923769700868447
6219,0.8661559888579388,0.42916867663611513
6220,0.8662952646239555,0.4292604501607717
6221,0.8664345403899721,0.42935219418099985
6222,0.8665738161559888,0.4294439087110254
6223,0.8667130919220055,0.42953559376506506
6224,0.8668523676880223,0.42946658097686374
6225,0.866991643454039,0.42939759036144576
6226,0.8671309192200557,0.4293286219081272
6227,0.8672701949860724,0.4294202665810182
6228,0.8674094707520892,0.42951188182402056
6229,0.8675487465181059,0.42944292823888264
6230,0.8676880222841226,0.42953451043338686
6231,0.8678272980501393,0.42946557534906116
6232,0.8679665738161559,0.4295571245186136
6233,0.8681058495821727,0.4296486443125301
6234,0.8682451253481894,0.42957972409367984
6235,0.8683844011142061,0.4296712109061748
6236,0.8685236768802228,0.4296023091725465
6237,0.8686629526462396,0.4296937630270964
6238,0.8688022284122563,0.4297851875601154
6239,0.868941504178273,0.42987658278570284
6240,0.8690807799442897,0.42996794871794874
6241,0.8692200557103064,0.43005928537093413
6242,0.8693593314763232,0.4301505927587312
6243,0.8694986072423398,0.43024187089540283
6244,0.8696378830083565,0.4303331197950032
6245,0.8697771587743732,0.43042433947157727
6246,0.86991643454039,0.4305155299391611
6247,0.8700557103064067,0.43060669121178163
6248,0.8701949860724234,0.43053777208706784
6249,0.8703342618384401,0.43062890062409986
6250,0.8704735376044568,0.43072
6251,0.8706128133704736,0.4308110702287634
6252,0.8707520891364903,0.4309021113243762
6253,0.870891364902507,0.43099312330081563
6254,0.8710306406685236,0.43092420850655583
6255,0.8711699164345403,0.4308553157474021
6256,0.8713091922005571,0.4309462915601023
6257,0.8714484679665738,0.43087741729263224
6258,0.8715877437325905,0.43080856503675297
6259,0.8717270194986072,0.430739734781914
6260,0.871866295264624,0.43083067092651756
6261,0.8720055710306407,0.4309215780226801
6262,0.8721448467966574,0.4310124560843181
6263,0.8722841225626741,0.43094363723455215
6264,0.8724233983286908,0.43103448275862066
6265,0.8725626740947076,0.4309656823623304
6266,0.8727019498607242,0.4310564953718481
6267,0.8728412256267409,0.4311472794000319
6268,0.8729805013927576,0.43123803446075304
6269,0.8731197771587744,0.43132876056787367
6270,0.8732590529247911,0.4314194577352472
6271,0.8733983286908078,0.43151012597671823
6272,0.8735376044568245,0.43144132653061223
6273,0.8736768802228412,0.4315319623784473
6274,0.873816155988858,0.43162256933375837
6275,0.8739554317548747,0.4315537848605578
6276,0.8740947075208914,0.43164435946462715
6277,0.874233983286908,0.431734905209495
6278,0.8743732590529248,0.4318254221089519
6279,0.8745125348189415,0.4319159101767797
6280,0.8746518105849582,0.4318471337579618
6281,0.8747910863509749,0.43177837923897466
6282,0.8749303621169916,0.43170964660936006
6283,0.8750696378830084,0.43180009549578224
6284,0.8752089136490251,0.43189051559516234
6285,0.8753481894150418,0.431980906921241
6286,0.8754874651810585,0.43207126948775054
6287,0.8756267409470752,0.4321616033084142
6288,0.875766016713092,0.43225190839694655
6289,0.8759052924791086,0.4323421847670536
6290,0.8760445682451253,0.43243243243243246
6291,0.876183844011142,0.4325226514067716
6292,0.8763231197771588,0.4326128417037508
6293,0.8764623955431755,0.43270300333704115
6294,0.8766016713091922,0.432793136320305
6295,0.8767409470752089,0.4328832406671962
6296,0.8768802228412256,0.4329733163913596
6297,0.8770194986072424,0.43306336350643165
6298,0.8771587743732591,0.4329946014607812
6299,0.8772980501392758,0.43308461660581044
6300,0.8774373259052924,0.433015873015873
6301,0.8775766016713092,0.4331058562132995
6302,0.8777158774373259,0.43319581085369724
6303,0.8778551532033426,0.4332857369506584
6304,0.8779944289693593,0.43321700507614214
6305,0.878133704735376,0.43330689928628074
6306,0.8782729805013928,0.4332381858547415
6307,0.8784122562674095,0.43332804820041226
6308,0.8785515320334262,0.4334178820545339
6309,0.8786908077994429,0.4333491837058171
6310,0.8788300835654597,0.4334389857369255
6311,0.8789693593314764,0.4333703058152432
6312,0.879108635097493,0.43346007604562736
6313,0.8792479108635097,0.43339141454142244
6314,0.8793871866295264,0.4334811529933481
6315,0.8795264623955432,0.4334125098970705
6316,0.8796657381615599,0.43350221659278027
6317,0.8798050139275766,0.4335918948868134
6318,0.8799442896935933,0.4336815447926559
6319,0.88008356545961,0.4336129134356702
6320,0.8802228412256268,0.43354430379746833
6321,0.8803621169916435,0.43363391868375256
6322,0.8805013927576602,0.43372350521986713
6323,0.8806406685236768,0.4336549106436818
6324,0.8807799442896936,0.4335863377609108
6325,0.8809192200557103,0.4336758893280632
6326,0.881058495821727,0.43376541258299084
6327,0.8811977715877437,0.4336968547494863
6328,0.8813370473537604,0.43378634639696584
6329,0.8814763231197772,0.43387580976457574
6330,0.8816155988857939,0.4339652448657188
6331,0.8817548746518106,0.43405465171378926
6332,0.8818941504178273,0.4339861023373342
6333,0.8820334261838441,0.4340754776567188
6334,0.8821727019498607,0.4341648247552889
6335,0.8823119777158774,0.43425414364640885
6336,0.8824512534818941,0.43434343434343436
6337,0.8825905292479108,0.4344326968597128
6338,0.8827298050139276,0.4343641527295677
6339,0.8828690807799443,0.4344533838144818
6340,0.883008356545961,0.43454258675078866
6341,0.8831476323119777,0.4346317615518057
6342,0.8832869080779945,0.43472090823084203
6343,0.8834261838440112,0.4348100268011982
6344,0.8835654596100279,0.4348991172761665
6345,0.8837047353760445,0.4348305752561072
6346,0.8838440111420612,0.4349196344153798
6347,0.883983286908078,0.43500866551126516
6348,0.8841225626740947,0.4350976685570258
6349,0.8842618384401114,0.43502913844699953
6350,0.8844011142061281,0.4351181102362205
6351,0.8845403899721448,0.43520705400724297
6352,0.8846796657381616,0.4351385390428212
6353,0.8848189415041783,0.4352274515976704
6354,0.884958217270195,0.43531633616619453
6355,0.8850974930362117,0.43540519276160505
6356,0.8852367688022285,0.4354940213971051
6357,0.8853760445682451,0.43558282208588955
6358,0.8855153203342618,0.43551431267694246
6359,0.8856545961002785,0.4356030822456361
6360,0.8857938718662952,0.43569182389937106
6361,0.885933147632312,0.4357805376513127
6362,0.8860724233983287,0.43586922351461804
6363,0.8862116991643454,0.4358007229294358
6364,0.8863509749303621,0.4358893777498429
6365,0.8864902506963789,0.43582089552238806
6366,0.8866295264623956,0.43590951932139493
6367,0.8867688022284123,0.4359981152819224
6368,0.886908077994429,0.43608668341708545
6369,0.8870473537604456,0.4360182132202858
6370,0.8871866295264624,0.4359497645211931
6371,0.8873259052924791,0.43603829854026055
6372,0.8874651810584958,0.43612680477087257
6373,0.8876044568245125,0.43605837125372665
6374,0.8877437325905293,0.43598995920928774
6375,0.887883008356546,0.43607843137254904
6376,0.8880222841225627,0.4361668757841907
6377,0.8881615598885794,0.4362552924572683
6378,0.888300835654596,0.4363436814048291
6379,0.8884401114206129,0.4364320426399122
6380,0.8885793871866295,0.43636363636363634
6381,0.8887186629526462,0.43645196677636733
6382,0.8888579387186629,0.43654026950799124
6383,0.8889972144846797,0.4366285445715181
6384,0.8891364902506964,0.4367167919799499
6385,0.8892757660167131,0.4366483946750196
6386,0.8894150417827298,0.43673661133730035
6387,0.8895543175487465,0.43666823234695473
6388,0.8896935933147633,0.436756418284283
6389,0.88983286908078,0.43684457661605886
6390,0.8899721448467967,0.4369327073552426
6391,0.8901114206128133,0.4370208105147864
6392,0.89025069637883,0.4369524405506884
6393,0.8903899721448468,0.43704051306116065
6394,0.8905292479108635,0.4371285580231467
6395,0.8906685236768802,0.43721657544957
6396,0.8908077994428969,0.43730456535334583
6397,0.8909470752089137,0.4373925277473816
6398,0.8910863509749304,0.4374804626445764
6399,0.8912256267409471,0.4375683700578215
6400,0.8913649025069638,0.43765625
6401,0.8915041782729805,0.4375878768942353
6402,0.8916434540389973,0.43751952514839115
6403,0.8917827298050139,0.43760737154458845
6404,0.8919220055710306,0.4376951905059338
6405,0.8920612813370473,0.4377829820452771
6406,0.8922005571030641,0.4378707461754605
6407,0.8923398328690808,0.43795848290931794
6408,0.8924791086350975,0.4380461922596754
6409,0.8926183844011142,0.4381338742393509
6410,0.8927576601671309,0.4380655226209048
6411,0.8928969359331477,0.4381531742317891
6412,0.8930362116991644,0.4380848409232689
6413,0.893175487465181,0.4380165289256198
6414,0.8933147632311977,0.438104147178048
6415,0.8934540389972145,0.4381917381137958
6416,0.8935933147632312,0.4382793017456359
6417,0.8937325905292479,0.4383668380863332
6418,0.8938718662952646,0.43829853536927393
6419,0.8940111420612813,0.43838604143947657
6420,0.8941504178272981,0.4384735202492212
6421,0.8942896935933148,0.4384052328297773
6422,0.8944289693593315,0.43833696667704763
6423,0.8945682451253482,0.43826872178109916
6424,0.8947075208913648,0.4383561643835616
6425,0.8948467966573816,0.43828793774319064
6426,0.8949860724233983,0.438375350140056
6427,0.895125348189415,0.43846273533530417
6428,0.8952646239554317,0.43855009334163036
6429,0.8954038997214485,0.4386374241717219
6430,0.8955431754874652,0.4385692068429238
6431,0.8956824512534819,0.43850101072928005
6432,0.8958217270194986,0.43858830845771146
6433,0.8959610027855153,0.4385201305767138
6434,0.8961002785515321,0.438607398197078
6435,0.8962395543175488,0.4386946386946387
6436,0.8963788300835654,0.4387818520820385
6437,0.8965181058495821,0.4388690383719124
6438,0.8966573816155989,0.43895619757688725
6439,0.8967966573816156,0.4390433297095822
6440,0.8969359331476323,0.4389751552795031
6441,0.897075208913649,0.4389070020183201
6442,0.8972144846796657,0.4389941012108041
6443,0.8973537604456825,0.43892596616483004
6444,0.8974930362116992,0.43901303538175046
6445,0.8976323119777159,0.438944918541505
6446,0.8977715877437326,0.4388768228358672
6447,0.8979108635097494,0.4389638591592989
6448,0.898050139275766,0.43905086848635233
6449,0.8981894150417827,0.4389827880291518
6450,0.8983286908077994,0.4390697674418605
6451,0.8984679665738161,0.4390017051619904
6452,0.8986072423398329,0.43908865468071917
6453,0.8987465181058496,0.4390206105687277
6454,0.8988857938718663,0.4391075302138209
6455,0.899025069637883,0.43919442292796285
6456,0.8991643454038997,0.4392812887236679
6457,0.8993036211699165,0.4393681276134428
6458,0.8994428969359332,0.4393000929080211
6459,0.8995821727019498,0.4393869019972132
6460,0.8997214484679665,0.4394736842105263
6461,0.8998607242339833,0.43956043956043955
6462,0.9,0.43949241720829463
6463,0.9001392757660167,0.439424415905926
6464,0.9002785515320334,0.43935643564356436
6465,0.9004178272980501,0.43928847641144625
6466,0.9005571030640669,0.43937519331889885
6467,0.9006963788300836,0.43946188340807174
6468,0.9008356545961003,0.4393939393939394
6469,0.900974930362117,0.4394805997835832
6470,0.9011142061281338,0.43956723338485315
6471,0.9012534818941504,0.43965384021016846
6472,0.9013927576601671,0.43974042027194066
6473,0.9015320334261838,0.4398269735825738
6474,0.9016713091922005,0.439913500154464
6475,0.9018105849582173,0.44
6476,0.901949860724234,0.4400864731315627
6477,0.9020891364902507,0.4401729195615254
6478,0.9022284122562674,0.44010497066995985
6479,0.9023676880222842,0.44019138755980863
6480,0.9025069637883009,0.44027777777777777
6481,0.9026462395543176,0.44020984415985187
6482,0.9027855153203342,0.44029620487503857
6483,0.9029247910863509,0.4403825389480179
6484,0.9030640668523677,0.4404688463911166
6485,0.9032033426183844,0.4405551272166538
6486,0.9033426183844011,0.4406413814369411
6487,0.9034818941504178,0.44072760906428243
6488,0.9036211699164345,0.4406596794081381
6489,0.9037604456824513,0.4407458776390815
6490,0.903899721448468,0.4406779661016949
6491,0.9040389972144847,0.44061007548913883
6492,0.9041782729805014,0.4406962415280345
6493,0.9043175487465182,0.44078238102572
6494,0.9044568245125348,0.44086849399445643
6495,0.9045961002785515,0.4409545804464973
6496,0.9047353760445682,0.4410406403940887
6497,0.9048746518105849,0.44112667384946896
6498,0.9050139275766017,0.4412126808248692
6499,0.9051532033426184,0.4411447915063856
6500,0.9052924791086351,0.4412307692307692
6501,0.9054317548746518,0.44131672050453774
6502,0.9055710306406686,0.44124884650876656
6503,0.9057103064066853,0.4413347685683531
6504,0.905849582172702,0.44142066420664205
6505,0.9059888579387186,0.4413528055342045
6506,0.9061281337047353,0.44143867199508147
6507,0.9062674094707521,0.4415245120639312
6508,0.9064066852367688,0.4416103257529195
6509,0.9065459610027855,0.44154247964357046
6510,0.9066852367688022,0.4416282642089094
6511,0.906824512534819,0.44171402242359087
6512,0.9069637883008357,0.4417997542997543
6513,0.9071030640668524,0.4418854598495317
6514,0.9072423398328691,0.4419711390850476
6515,0.9073816155988857,0.441903300076746
6516,0.9075208913649025,0.4419889502762431
6517,0.9076601671309192,0.4420745741905785
6518,0.9077994428969359,0.44216017183185025
6519,0.9079387186629526,0.4422457432121491
6520,0.9080779944289693,0.4423312883435583
6521,0.9082172701949861,0.44241680723815363
6522,0.9083565459610028,0.44250229990800366
6523,0.9084958217270195,0.4425877663651694
6524,0.9086350974930362,0.44267320662170445
6525,0.908774373259053,0.44275862068965516
6526,0.9089136490250697,0.4428440085810604
6527,0.9090529247910863,0.44277616056381186
6528,0.909192200557103,0.44286151960784315
6529,0.9093314763231197,0.44294685250421195
6530,0.9094707520891365,0.4430321592649311
6531,0.9096100278551532,0.4431174399020058
6532,0.9097493036211699,0.4430496019595836
6533,0.9098885793871866,0.442981784784938
6534,0.9100278551532034,0.4430670339761249
6535,0.9101671309192201,0.4431522570772762
6536,0.9103064066852368,0.4432374541003672
6537,0.9104456824512535,0.4431696496864005
6538,0.9105849582172701,0.44325481798715205
6539,0.910724233983287,0.4433399602385686
6540,0.9108635097493036,0.4434250764525994
6541,0.9110027855153203,0.44351016664118637
6542,0.911142061281337,0.4435952308162641
6543,0.9112813370473538,0.44368026898976004
6544,0.9114206128133705,0.44376528117359415
6545,0.9115598885793872,0.4436974789915966
6546,0.9116991643454039,0.4437824625725634
6547,0.9118384401114206,0.4437146784786925
6548,0.9119777158774374,0.4436469150885767
6549,0.9121169916434541,0.443731867460681
6550,0.9122562674094707,0.4438167938931298
6551,0.9123955431754874,0.44390169439780186
6552,0.9125348189415042,0.44398656898656896
6553,0.9126740947075209,0.4440714176712956
6554,0.9128133704735376,0.4440036618858712
6555,0.9129526462395543,0.4440884820747521
6556,0.913091922005571,0.44402074435631483
6557,0.9132311977715878,0.4441055360683239
6558,0.9133704735376045,0.4441903019213175
6559,0.9135097493036212,0.444275041927123
6560,0.9136490250696379,0.44435975609756095
6561,0.9137883008356545,0.4444444444444444
6562,0.9139275766016713,0.44437671441633647
6563,0.914066852367688,0.4444613743714765
6564,0.9142061281337047,0.4445460085313833
6565,0.9143454038997214,0.4446306169078446
6566,0.9144846796657382,0.4447151995126409
6567,0.9146239554317549,0.4447997563575453
6568,0.9147632311977716,0.4447320341047503
6569,0.9149025069637883,0.4448165626427158
6570,0.915041782729805,0.44490106544901065
6571,0.9151810584958218,0.44498554253538275
6572,0.9153203342618385,0.4450699939135727
6573,0.9154596100278551,0.44515441959531415
6574,0.9155988857938718,0.4452388195923334
6575,0.9157381615598886,0.445171102661597
6576,0.9158774373259053,0.44510340632603407
6577,0.916016713091922,0.44518777558157213
6578,0.9161559888579387,0.4452721191851627
6579,0.9162952646239554,0.4453564371485028
6580,0.9164345403899722,0.4452887537993921
6581,0.9165738161559889,0.44537304361039354
6582,0.9167130919220056,0.44545730780917653
6583,0.9168523676880223,0.44554154640741306
6584,0.916991643454039,0.44547387606318345
6585,0.9171309192200557,0.44555808656036444
6586,0.9172701949860724,0.4456422714849681
6587,0.9174094707520891,0.4455746166691969
6588,0.9175487465181058,0.445658773527626
6589,0.9176880222841226,0.44574290484140233
6590,0.9178272980501393,0.4456752655538695
6591,0.917966573816156,0.4457593688362919
6592,0.9181058495821727,0.44584344660194175
6593,0.9182451253481894,0.4459274988624298
6594,0.9183844011142062,0.44601152562936003
6595,0.9185236768802229,0.44594389689158453
6596,0.9186629526462395,0.44602789569436024
6597,0.9188022284122562,0.4461118690313779
6598,0.918941504178273,0.44619581691421645
6599,0.9190807799442897,0.44627973935444765
6600,0.9192200557103064,0.4462121212121212
6601,0.9193593314763231,0.4462960157551886
6602,0.9194986072423398,0.4462284156316268
6603,0.9196378830083566,0.4463122822959261
6604,0.9197771587743733,0.44624470018170803
6605,0.91991643454039,0.446328538985617
6606,0.9200557103064066,0.4464123524069028
6607,0.9201949860724234,0.4463447858332072
6608,0.9203342618384401,0.4462772397094431
6609,0.9204735376044568,0.446361022847632
6610,0.9206128133704735,0.4462934947049924
6611,0.9207520891364902,0.446225986991378
6612,0.920891364902507,0.44630973986690864
6613,0.9210306406685237,0.446393467412672
6614,0.9211699164345404,0.4463259752041125
6615,0.9213091922005571,0.44625850340136053
6616,0.9214484679665739,0.4463422007255139
6617,0.9215877437325906,0.4464258727520024
6618,0.9217270194986072,0.44635841644001206
6619,0.9218662952646239,0.4464420607342499
6620,0.9220055710306406,0.44652567975830815
6621,0.9221448467966574,0.44660927352363694
6622,0.9222841225626741,0.44669284204167925
6623,0.9224233983286908,0.4467763853238714
6624,0.9225626740947075,0.4468599033816425
6625,0.9227019498607242,0.4469433962264151
6626,0.922841225626741,0.4470268638696046
6627,0.9229805013927577,0.4471103063226196
6628,0.9231197771587744,0.4471937235968618
6629,0.923259052924791,0.447277115703726
6630,0.9233983286908078,0.4473604826546003
6631,0.9235376044568245,0.4474438244608656
6632,0.9236768802228412,0.4473763570566948
6633,0.9238161559888579,0.4474596713402684
6634,0.9239554317548746,0.44754296050648174
6635,0.9240947075208914,0.44762622456669177
6636,0.9242339832869081,0.44770946353224833
6637,0.9243732590529248,0.4477926774144945
6638,0.9245125348189415,0.4478758662247665
6639,0.9246518105849583,0.44795902997439374
6640,0.924791086350975,0.4480421686746988
6641,0.9249303621169916,0.44812528233699744
6642,0.9250696378830083,0.44820837097259864
6643,0.925208913649025,0.44829143459280446
6644,0.9253481894150418,0.4483744732089103
6645,0.9254874651810585,0.44845748683220465
6646,0.9256267409470752,0.44839000902798676
6647,0.9257660167130919,0.4484729953362419
6648,0.9259052924791087,0.44855595667870035
6649,0.9260445682451254,0.4484884945104527
6650,0.9261838440111421,0.44857142857142857
6651,0.9263231197771588,0.44865433769357993
6652,0.9264623955431754,0.44873722188815396
6653,0.9266016713091922,0.44866977303472116
6654,0.9267409470752089,0.4487526299969943
6655,0.9268802228412256,0.44883546205860253
6656,0.9270194986072423,0.4489182692307692
6657,0.927158774373259,0.4490010515247108
6658,0.9272980501392758,0.44908380895163713
6659,0.9274373259052925,0.44901636882414775
6660,0.9275766016713092,0.4490990990990991
6661,0.9277158774373259,0.44918180453385376
6662,0.9278551532033427,0.4492644851395977
6663,0.9279944289693594,0.44934714092751016
6664,0.928133704735376,0.4494297719087635
6665,0.9282729805013927,0.44951237809452366
6666,0.9284122562674094,0.44944494449444944
6667,0.9285515320334262,0.4493775311234438
6668,0.9286908077994429,0.4494601079784043
6669,0.9288300835654596,0.4493927125506073
6670,0.9289693593314763,0.4494752623688156
6671,0.9291086350974931,0.44940788487483135
6672,0.9292479108635098,0.4494904076738609
6673,0.9293871866295265,0.44957290573954745
6674,0.9295264623955432,0.4495055439017081
6675,0.9296657381615598,0.44958801498127343
6676,0.9298050139275766,0.44967046135410427
6677,0.9299442896935933,0.4497528830313015
6678,0.93008356545961,0.4498352800239593
6679,0.9302228412256267,0.44991765234316516
6680,0.9303621169916435,0.45
6681,0.9305013927576602,0.44993264481365064
6682,0.9306406685236769,0.4500149655791679
6683,0.9307799442896936,0.4500972617088134
6684,0.9309192200557103,0.4501795332136445
6685,0.9310584958217271,0.450112191473448
6686,0.9311977715877438,0.4501944361352079
6687,0.9313370473537604,0.4502766561985943
6688,0.9314763231197771,0.4503588516746411
6689,0.9316155988857938,0.45044102257437585
6690,0.9317548746518106,0.45052316890881916
6691,0.9318941504178273,0.4506052906889852
6692,0.932033426183844,0.45068738792588164
6693,0.9321727019498607,0.4507694606305095
6694,0.9323119777158775,0.45085150881386316
6695,0.9324512534818942,0.4509335324869305
6696,0.9325905292479109,0.45101553166069297
6697,0.9327298050139275,0.4509481857548156
6698,0.9328690807799442,0.4508808599581965
6699,0.933008356545961,0.4509628302731751
6700,0.9331476323119777,0.4508955223880597
6701,0.9332869080779944,0.45082823459185195
6702,0.9334261838440111,0.45076096687555955
6703,0.9335654596100279,0.4506937192301954
6704,0.9337047353760446,0.45062649164677804
6705,0.9338440111420613,0.4507084265473527
6706,0.933983286908078,0.45064121682075753
6707,0.9341225626740947,0.45072312509318624
6708,0.9342618384401115,0.45080500894454384
6709,0.9344011142061281,0.4508868683857505
6710,0.9345403899721448,0.45096870342771983
6711,0.9346796657381615,0.451050514081359
6712,0.9348189415041783,0.4509833134684148
6713,0.934958217270195,0.45106509757187546
6714,0.9350974930362117,0.45114685731307713
6715,0.9352367688022284,0.45107967237527924
6716,0.9353760445682451,0.4511614055985706
6717,0.9355153203342619,0.45109423849933006
6718,0.9356545961002786,0.4511759452217922
6719,0.9357938718662953,0.45110879595177855
6720,0.935933147632312,0.4510416666666667
6721,0.9360724233983287,0.45112334474036603
6722,0.9362116991643454,0.4512049985123475
6723,0.9363509749303621,0.4512866279934553
6724,0.9364902506963788,0.45136823319452707
6725,0.9366295264623955,0.45144981412639407
6726,0.9367688022284123,0.45153137079988104
6727,0.936908077994429,0.45161290322580644
6728,0.9370473537604457,0.4516944114149822
6729,0.9371866295264624,0.451627284886313
6730,0.9373259052924791,0.45156017830609213
6731,0.9374651810584959,0.45164165800029715
6732,0.9376044568245125,0.45172311348781935
6733,0.9377437325905292,0.45180454477944454
6734,0.9378830083565459,0.4517374517374517
6735,0.9380222841225627,0.451818856718634
6736,0.9381615598885794,0.4517517814726841
6737,0.9383008356545961,0.4518331601603087
6738,0.9384401114206128,0.45191451469278715
6739,0.9385793871866295,0.45199584508087254
6740,0.9387186629526463,0.45207715133531157
6741,0.938857938718663,0.4521584334668447
6742,0.9389972144846797,0.45223969148620585
6743,0.9391364902506963,0.45217262346136733
6744,0.9392757660167131,0.4522538552787663
6745,0.9394150417827298,0.45218680504077097
6746,0.9395543175487465,0.4522680106729914
6747,0.9396935933147632,0.4523491922335853
6748,0.9398328690807799,0.4524303497332543
6749,0.9399721448467967,0.45251148318269374
6750,0.9401114206128134,0.4525925925925926
6751,0.9402506963788301,0.45267367797363356
6752,0.9403899721448468,0.45260663507109006
6753,0.9405292479108636,0.4526876943580631
6754,0.9406685236768803,0.45262066923304706
6755,0.9408077994428969,0.4527017024426351
6756,0.9409470752089136,0.4527827116637063
6757,0.9410863509749303,0.45286369690691136
6758,0.9412256267409471,0.4527966854098846
6759,0.9413649025069638,0.4528776446219855
6760,0.9415041782729805,0.45295857988165683
6761,0.9416434540389972,0.4530394911995267
6762,0.9417827298050139,0.4531203785862171
6763,0.9419220055710307,0.45320124205234363
6764,0.9420612813370474,0.4532820816085157
6765,0.942200557103064,0.4533628972653363
6766,0.9423398328690807,0.4534436890334023
6767,0.9424791086350975,0.4535244569233043
6768,0.9426183844011142,0.45360520094562645
6769,0.9427576601671309,0.45368592111094697
6770,0.9428969359331476,0.45361890694239293
6771,0.9430362116991643,0.45369960124058484
6772,0.9431754874651811,0.4536326048434731
6773,0.9433147632311978,0.4537132732910084
6774,0.9434540389972145,0.4537939179214644
6775,0.9435933147632312,0.4537269372693727
6776,0.943732590529248,0.45380755608028334
6777,0.9438718662952646,0.4537405931828243
6778,0.9440111420612813,0.4538211861906167
6779,0.944150417827298,0.45375424103850126
6780,0.9442896935933147,0.45368731563421827
6781,0.9444289693593315,0.4537678808435334
6782,0.9445682451253482,0.45384842229430844
6783,0.9447075208913649,0.4539289399970515
6784,0.9448467966573816,0.4540094339622642
6785,0.9449860724233984,0.45408990420044215
6786,0.9451253481894151,0.45417035072207484
6787,0.9452646239554318,0.4542507735376455
6788,0.9454038997214484,0.4543311726576311
6789,0.9455431754874651,0.45441154809250256
6790,0.9456824512534819,0.4544918998527246
6791,0.9458217270194986,0.4545722279487557
6792,0.9459610027855153,0.4546525323910483
6793,0.946100278551532,0.4547328131900486
6794,0.9462395543175487,0.45481307035619667
6795,0.9463788300835655,0.45489330389992644
6796,0.9465181058495822,0.4549735138316657
6797,0.9466573816155989,0.4550537001618361
6798,0.9467966573816156,0.45513386290085317
6799,0.9469359331476324,0.4552140020591263
6800,0.947075208913649,0.4551470588235294
6801,0.9472144846796657,0.45508013527422436
6802,0.9473537604456824,0.4551602469861805
6803,0.9474930362116991,0.455240335146259
6804,0.9476323119777159,0.45517342739564964
6805,0.9477715877437326,0.45510653930933137
6806,0.9479108635097493,0.45518660005877165
6807,0.948050139275766,0.45526663728514766
6808,0.9481894150417828,0.4551997649823737
6809,0.9483286908077995,0.4552797767660449
6810,0.9484679665738162,0.455359765051395
6811,0.9486072423398328,0.45543972984877407
6812,0.9487465181058495,0.45537287140340577
6813,0.9488857938718663,0.45545281080287686
6814,0.949025069637883,0.4553859700616378
6815,0.9491643454038997,0.455465884079237
6816,0.9493036211699164,0.4555457746478873
6817,0.9494428969359332,0.45562564177790815
6818,0.9495821727019499,0.4557054854796128
6819,0.9497214484679666,0.4557853057633084
6820,0.9498607242339833,0.4558651026392962
6821,0.95,0.45594487611787127
6822,0.9501392757660168,0.45602462620932277
6823,0.9502785515320334,0.45610435292393375
6824,0.9504178272980501,0.45603751465416176
6825,0.9505571030640668,0.4561172161172161
6826,0.9506963788300835,0.45619689422795195
6827,0.9508356545961003,0.456276548996631
6828,0.950974930362117,0.45635618043350906
6829,0.9511142061281337,0.4564357885488359
6830,0.9512534818941504,0.456515373352855
6831,0.9513927576601672,0.45659493485580444
6832,0.9515320334261839,0.4566744730679157
6833,0.9516713091922006,0.4567539879994146
6834,0.9518105849582172,0.4568334796605209
6835,0.9519498607242339,0.45691294806144844
6836,0.9520891364902507,0.4569923932124049
6837,0.9522284122562674,0.45692555214275266
6838,0.9523676880222841,0.4570049722140977
6839,0.9525069637883008,0.45708436905980404
6840,0.9526462395543176,0.4571637426900585
6841,0.9527855153203343,0.4572430931150417
6842,0.952924791086351,0.45732242034492837
6843,0.9530640668523677,0.4572555896536607
6844,0.9532033426183844,0.45718877849210987
6845,0.9533426183844012,0.4572680788897005
6846,0.9534818941504178,0.45734735612036226
6847,0.9536211699164345,0.45742661019424563
6848,0.9537604456824512,0.45750584112149534
6849,0.953899721448468,0.45758504891224994
6850,0.9540389972144847,0.4575182481751825
6851,0.9541782729805014,0.45759743103196615
6852,0.9543175487465181,0.45753064798598947
6853,0.9544568245125348,0.4576098059244127
6854,0.9545961002785516,0.45768894076451705
6855,0.9547353760445683,0.4576221735959154
6856,0.954874651810585,0.45770128354725786
6857,0.9550139275766016,0.45763453405279275
6858,0.9551532033426184,0.45771361913094194
6859,0.9552924791086351,0.4577926811488555
6860,0.9554317548746518,0.4578717201166181
6861,0.9555710306406685,0.4579507360443084
6862,0.9557103064066852,0.4580297289419994
6863,0.955849582172702,0.45810869881975813
6864,0.9559888579387187,0.458041958041958
6865,0.9561281337047354,0.4581209031318281
6866,0.9562674094707521,0.4581998252257501
6867,0.9564066852367687,0.4582787243337702
6868,0.9565459610027855,0.45835760046592894
6869,0.9566852367688022,0.4584364536322609
6870,0.9568245125348189,0.4585152838427948
6871,0.9569637883008356,0.45844855188473294
6872,0.9571030640668524,0.45852735739231665
6873,0.9572423398328691,0.4586061399679907
6874,0.9573816155988858,0.4586848996217632
6875,0.9575208913649025,0.4587636363636364
6876,0.9576601671309192,0.45884235020360675
6877,0.957799442896936,0.45877562890795404
6878,0.9579387186629527,0.4587089270136668
6879,0.9580779944289693,0.4587876144788487
6880,0.958217270194986,0.45886627906976746
6881,0.9583565459610028,0.45894492079639587
6882,0.9584958217270195,0.45887823307178144
6883,0.9586350974930362,0.45895685021066396
6884,0.9587743732590529,0.45889018012783267
6885,0.9589136490250696,0.4589687726942629
6886,0.9590529247910864,0.4590473424339239
6887,0.9591922005571031,0.45898068825323074
6888,0.9593314763231198,0.45905923344947736
6889,0.9594707520891365,0.4591377558426477
6890,0.9596100278551533,0.45921625544267053
6891,0.95974930362117,0.45914961544042954
6892,0.9598885793871866,0.4592280905397562
6893,0.9600278551532033,0.45930654286957784
6894,0.96016713091922,0.45923991876994485
6895,0.9603064066852368,0.45917331399564904
6896,0.9604456824512535,0.45925174013921116
6897,0.9605849582172702,0.4591851529650573
6898,0.9607242339832869,0.4591185850971296
6899,0.9608635097493036,0.45919698507030005
6900,0.9610027855153204,0.4591304347826087
6901,0.9611420612813371,0.45920881031734534
6902,0.9612813370473537,0.4592871631411185
6903,0.9614206128133704,0.45936549326379833
6904,0.9615598885793872,0.4592989571263036
6905,0.9616991643454039,0.45937726285300506
6906,0.9618384401114206,0.4594555459021141
6907,0.9619777158774373,0.4595338062834805
6908,0.962116991643454,0.4594672843080486
6909,0.9622562674094708,0.4595455203357939
6910,0.9623955431754875,0.4596237337192475
6911,0.9625348189415042,0.45970192446823904
6912,0.9626740947075209,0.4597800925925926
6913,0.9628133704735377,0.45985823810212645
6914,0.9629526462395543,0.4599363610066532
6915,0.963091922005571,0.46001446131597973
6916,0.9632311977715877,0.46009253903990743
6917,0.9633704735376044,0.4600260228422727
6918,0.9635097493036212,0.4601040763226366
6919,0.9636490250696379,0.4601821072409308
6920,0.9637883008356546,0.4602601156069364
6921,0.9639275766016713,0.46019361363964745
6922,0.9640668523676881,0.46027159780410287
6923,0.9642061281337048,0.4603495594395493
6924,0.9643454038997215,0.4604274985557481
6925,0.9644846796657381,0.46050541516245486
6926,0.9646239554317548,0.4605833092694196
6927,0.9647632311977716,0.4606611808863866
6928,0.9649025069637883,0.460594688221709
6929,0.965041782729805,0.46067253571944006
6930,0.9651810584958217,0.46075036075036074
6931,0.9653203342618384,0.4608281633241956
6932,0.9654596100278552,0.4609059434506636
6933,0.9655988857938719,0.46098370113947784
6934,0.9657381615598886,0.46106143640034614
6935,0.9658774373259053,0.46113914924297045
6936,0.966016713091922,0.4612168396770473
6937,0.9661559888579387,0.46129450771226754
6938,0.9662952646239554,0.4613721533583165
6939,0.9664345403899721,0.4614497766248739
6940,0.9665738161559888,0.4615273775216138
6941,0.9667130919220056,0.461460884598761
6942,0.9668523676880223,0.46153846153846156
6943,0.966991643454039,0.46161601613135533
6944,0.9671309192200557,0.46169354838709675
6945,0.9672701949860725,0.46177105831533477
6946,0.9674094707520892,0.4618485459257126
6947,0.9675487465181059,0.46192601122786814
6948,0.9676880222841225,0.4620034542314335
6949,0.9678272980501392,0.4620808749460354
6950,0.967966573816156,0.46215827338129495
6951,0.9681058495821727,0.4622356495468278
6952,0.9682451253481894,0.46231300345224396
6953,0.9683844011142061,0.462390335107148
6954,0.9685236768802229,0.4623238423928674
6955,0.9686629526462396,0.46240115025161754
6956,0.9688022284122563,0.4624784358826912
6957,0.968941504178273,0.4625556992956734
6958,0.9690807799442896,0.4626329405001437
6959,0.9692200557103064,0.4627101595056761
6960,0.9693593314763231,0.4627873563218391
6961,0.9694986072423398,0.4628645309581957
6962,0.9696378830083565,0.46279804653835105
6963,0.9697771587743732,0.4628751974723539
6964,0.96991643454039,0.462952326249282
6965,0.9700557103064067,0.4630294328786791
6966,0.9701949860724234,0.46296296296296297
6967,0.9703342618384401,0.4630400459308167
6968,0.9704735376044569,0.4631171067738232
6969,0.9706128133704736,0.46319414550150667
6970,0.9707520891364902,0.4632711621233859
6971,0.9708913649025069,0.46334815664897433
6972,0.9710306406685236,0.46328169822145726
6973,0.9711699164345404,0.46321525885558584
6974,0.9713091922005571,0.4632922282764554
6975,0.9714484679665738,0.4632258064516129
6976,0.9715877437325905,0.463302752293578
6977,0.9717270194986073,0.4633796760785438
6978,0.971866295264624,0.46345657781599314
6979,0.9720055710306407,0.4633901705115346
6980,0.9721448467966574,0.46346704871060174
6981,0.972284122562674,0.463543904884687
6982,0.9724233983286908,0.46362073904325407
6983,0.9725626740947075,0.4635543462695117
6984,0.9727019498607242,0.463631156930126
6985,0.9728412256267409,0.4635647816750179
6986,0.9729805013927577,0.4636415688519897
6987,0.9731197771587744,0.463718334048948
6988,0.9732590529247911,0.46379507727532915
6989,0.9733983286908078,0.46372871655458575
6990,0.9735376044568245,0.4636623748211731
6991,0.9736768802228413,0.4637390931197254
6992,0.973816155988858,0.46367276887871856
6993,0.9739554317548746,0.4636064636064636
6994,0.9740947075208913,0.4636831569917072
6995,0.974233983286908,0.4637598284488921
6996,0.9743732590529248,0.4638364779874214
6997,0.9745125348189415,0.46391310561669286
6998,0.9746518105849582,0.4639897113460989
6999,0.9747910863509749,0.46406629518502646
7000,0.9749303621169917,0.46414285714285713
7001,0.9750696378830084,0.46421939722896727
7002,0.9752089136490251,0.4641530991145387
7003,0.9753481894150418,0.46422961587890904
7004,0.9754874651810584,0.4643061107938321
7005,0.9756267409470752,0.46438258386866527
7006,0.9757660167130919,0.4644590351127605
7007,0.9759052924791086,0.4645354645354645
7008,0.9760445682451253,0.4646118721461187
7009,0.9761838440111421,0.46468825795405905
7010,0.9763231197771588,0.4647646219686163
7011,0.9764623955431755,0.4648409641991157
7012,0.9766016713091922,0.46491728465487736
7013,0.9767409470752089,0.464993583345216
7014,0.9768802228412257,0.46506986027944114
7015,0.9770194986072424,0.46514611546685675
7016,0.977158774373259,0.4652223489167617
7017,0.9772980501392757,0.46515604959384355
7018,0.9774373259052925,0.4652322599031063
7019,0.9775766016713092,0.46530844849693687
7020,0.9777158774373259,0.4653846153846154
7021,0.9778551532033426,0.46546076057541663
7022,0.9779944289693593,0.465394474508687
7023,0.9781337047353761,0.46532820731880964
7024,0.9782729805013928,0.46540432801822323
7025,0.9784122562674095,0.46548042704626336
7026,0.9785515320334262,0.4655565044121833
7027,0.978690807799443,0.46563256012523124
7028,0.9788300835654596,0.46570859419465
7029,0.9789693593314763,0.4656423388817755
7030,0.979108635097493,0.46571834992887623
7031,0.9792479108635097,0.46579433935428816
7032,0.9793871866295265,0.46572810011376564
7033,0.9795264623955432,0.4658040665434381
7034,0.9796657381615599,0.4657378447540517
7035,0.9798050139275766,0.4658137882018479
7036,0.9799442896935933,0.46588971006253554
7037,0.9800835654596101,0.4659656103453176
7038,0.9802228412256268,0.4658994032395567
7039,0.9803621169916434,0.4659752805796278
7040,0.9805013927576601,0.4660511363636364
7041,0.9806406685236769,0.465984945320267
7042,0.9807799442896936,0.46591877307583074
7043,0.9809192200557103,0.4659946045719154
7044,0.981058495821727,0.4660704145371948
7045,0.9811977715877437,0.4661462029808375
7046,0.9813370473537605,0.4662219699120068
7047,0.9814763231197772,0.4661558109833972
7048,0.9816155988857939,0.46623155505107833
7049,0.9817548746518105,0.46630727762803237
7050,0.9818941504178273,0.46638297872340423
7051,0.982033426183844,0.4664586583463339
7052,0.9821727019498607,0.4665343165059558
7053,0.9823119777158774,0.4666099532113994
7054,0.9824512534818941,0.46668556847178905
7055,0.9825905292479109,0.4667611622962438
7056,0.9827298050139276,0.46683673469387754
7057,0.9828690807799443,0.46691228567379905
7058,0.983008356545961,0.46684613204873904
7059,0.9831476323119778,0.4667799971667375
7060,0.9832869080779945,0.4668555240793201
7061,0.9834261838440111,0.4669310295992069
7062,0.9835654596100278,0.4670065137354857
7063,0.9837047353760445,0.46708197649723915
7064,0.9838440111420613,0.4670158550396376
7065,0.983983286908078,0.46709129511677283
7066,0.9841225626740947,0.4671667138409284
7067,0.9842618384401114,0.4672421112211688
7068,0.9844011142061281,0.4673174872665535
7069,0.9845403899721449,0.4673928419861367
7070,0.9846796657381616,0.46746817538896746
7071,0.9848189415041783,0.46754348748408997
7072,0.984958217270195,0.46747737556561086
7073,0.9850974930362117,0.4674112823412979
7074,0.9852367688022284,0.46748657054000564
7075,0.9853760445682451,0.4675618374558304
7076,0.9855153203342618,0.46749576031656304
7077,0.9856545961002785,0.4675710046629928
7078,0.9857938718662953,0.4676462277479514
7079,0.985933147632312,0.4677214295804492
7080,0.9860724233983287,0.46779661016949153
7081,0.9862116991643454,0.4677305465329756
7082,0.9863509749303622,0.4676645015532335
7083,0.9864902506963789,0.46773965833686293
7084,0.9866295264623955,0.4678147939017504
7085,0.9867688022284122,0.46774876499647144
7086,0.9869080779944289,0.4678238780694327
7087,0.9870473537604457,0.46789896994496966
7088,0.9871866295264624,0.46797404063205417
7089,0.9873259052924791,0.46804909013965296
7090,0.9874651810584958,0.4681241184767278
7091,0.9876044568245126,0.4681991256522352
7092,0.9877437325905293,0.4682741116751269
7093,0.987883008356546,0.4683490765543494
7094,0.9880222841225627,0.46828305610374965
7095,0.9881615598885793,0.4683579985905567
7096,0.9883008356545961,0.4682919954904171
7097,0.9884401114206128,0.4682260109905594
7098,0.9885793871866295,0.46830092983939137
7099,0.9887186629526462,0.4683758275813495
7100,0.9888579387186629,0.4684507042253521
7101,0.9889972144846797,0.46852555978031263
7102,0.9891364902506964,0.4686003942551394
7103,0.9892757660167131,0.46867520765873577
7104,0.9894150417827298,0.46875
7105,0.9895543175487466,0.46882477128782546
7106,0.9896935933147633,0.4688995215311005
7107,0.9898328690807799,0.4689742507387083
7108,0.9899721448467966,0.4690489589195273
7109,0.9901114206128133,0.46912364608243073
7110,0.9902506963788301,0.46905766526019693
7111,0.9903899721448468,0.46913233019265926
7112,0.9905292479108635,0.469206974128234
7113,0.9906685236768802,0.46928159707577677
7114,0.990807799442897,0.46935619904413833
7115,0.9909470752089137,0.46943078004216443
7116,0.9910863509749304,0.46936481169196176
7117,0.991225626740947,0.46943937052128704
7118,0.9913649025069637,0.4695139084012363
7119,0.9915041782729805,0.4695884253406377
7120,0.9916434540389972,0.46952247191011237
7121,0.9917827298050139,0.46959696671815754
7122,0.9919220055710306,0.4696714406065712
7123,0.9920612813370474,0.4696055032991717
7124,0.9922005571030641,0.4696799550814149
7125,0.9923398328690808,0.46975438596491226
7126,0.9924791086350975,0.469828795958462
7127,0.9926183844011142,0.46976287357934615
7128,0.992757660167131,0.4696969696969697
7129,0.9928969359331477,0.4696310843035489
7130,0.9930362116991643,0.46956521739130436
7131,0.993175487465181,0.4696396017388865
7132,0.9933147632311977,0.46971396522714526
7133,0.9934540389972145,0.4696481143978691
7134,0.9935933147632312,0.46972245584524813
7135,0.9937325905292479,0.46965662228451294
7136,0.9938718662952646,0.4697309417040359
7137,0.9940111420612814,0.46980524029704357
7138,0.9941504178272981,0.46987951807228917
7139,0.9942896935933148,0.4699537750385208
7140,0.9944289693593314,0.4700280112044818
7141,0.9945682451253481,0.47010222657891054
7142,0.9947075208913649,0.4701764211705405
7143,0.9948467966573816,0.47025059498810023
7144,0.9949860724233983,0.47032474804031354
7145,0.995125348189415,0.470258922323303
7146,0.9952646239554318,0.47019311502938704
7147,0.9954038997214485,0.47026724499790123
7148,0.9955431754874652,0.47034135422495804
7149,0.9956824512534819,0.47041544271926145
7150,0.9958217270194986,0.4704895104895105
7151,0.9959610027855154,0.4705635575443994
7152,0.996100278551532,0.47063758389261745
7153,0.9962395543175487,0.47057178806095346
7154,0.9963788300835654,0.47050601062342745
7155,0.9965181058495822,0.4705800139762404
7156,0.9966573816155989,0.470653996646171
7157,0.9967966573816156,0.47072795864188904
7158,0.9969359331476323,0.47080189997205923
7159,0.997075208913649,0.4708758206453415
7160,0.9972144846796658,0.4708100558659218
7161,0.9973537604456825,0.4707443094539869
7162,0.9974930362116992,0.47067858140184304
7163,0.9976323119777158,0.47075247801200615
7164,0.9977715877437325,0.47082635399218314
7165,0.9979108635097493,0.47090020935101184
7166,0.998050139275766,0.4709740440971253
7167,0.9981894150417827,0.4709083298451235
7168,0.9983286908077994,0.47098214285714285
7169,0.9984679665738162,0.4710559352768866
7170,0.9986072423398329,0.4711297071129707
7171,0.9987465181058496,0.4712034583740064
7172,0.9988857938718663,0.4712771890686001
7173,0.999025069637883,0.4713508992053534
7174,0.9991643454038998,0.47142458879286314
7175,0.9993036211699164,0.47149825783972127
7176,0.9994428969359331,0.47157190635451507
7177,0.9995821727019498,0.47150620036226837
7178,0.9997214484679666,0.47157982724993036
7179,0.9998607242339833,0.47165343362585316
7180,1.0,0.47158774373259055
